threshold,tp,fp,fn,precision,recall,f1
0.9886355400,1,0,838,1.0000000000,0.0011918951,0.0023809524
0.9881924987,2,0,837,1.0000000000,0.0023837902,0.0047562426
0.9878647923,3,0,836,1.0000000000,0.0035756853,0.0071258907
0.9878193140,4,0,835,1.0000000000,0.0047675805,0.0094899170
0.9877656698,5,0,834,1.0000000000,0.0059594756,0.0118483412
0.9876896143,6,0,833,1.0000000000,0.0071513707,0.0142011834
0.9876769781,7,0,832,1.0000000000,0.0083432658,0.0165484634
0.9876341820,8,0,831,1.0000000000,0.0095351609,0.0188902007
0.9876284599,9,0,830,1.0000000000,0.0107270560,0.0212264151
0.9875103235,10,0,829,1.0000000000,0.0119189511,0.0235571260
0.9875062704,11,0,828,1.0000000000,0.0131108462,0.0258823529
0.9874877930,12,0,827,1.0000000000,0.0143027414,0.0282021152
0.9874604940,13,0,826,1.0000000000,0.0154946365,0.0305164319
0.9874487519,14,0,825,1.0000000000,0.0166865316,0.0328253224
0.9874321222,15,0,824,1.0000000000,0.0178784267,0.0351288056
0.9874231815,16,0,823,1.0000000000,0.0190703218,0.0374269006
0.9874137640,17,0,822,1.0000000000,0.0202622169,0.0397196262
0.9874110818,18,0,821,1.0000000000,0.0214541120,0.0420070012
0.9873981476,19,0,820,1.0000000000,0.0226460072,0.0442890443
0.9873275161,20,0,819,1.0000000000,0.0238379023,0.0465657742
0.9873254299,21,0,818,1.0000000000,0.0250297974,0.0488372093
0.9873071909,22,0,817,1.0000000000,0.0262216925,0.0511033682
0.9872997403,23,0,816,1.0000000000,0.0274135876,0.0533642691
0.9872885942,24,0,815,1.0000000000,0.0286054827,0.0556199305
0.9872801900,25,0,814,1.0000000000,0.0297973778,0.0578703704
0.9872773290,26,0,813,1.0000000000,0.0309892729,0.0601156069
0.9872673154,27,0,812,1.0000000000,0.0321811681,0.0623556582
0.9871953726,28,0,811,1.0000000000,0.0333730632,0.0645905421
0.9871894717,29,0,810,1.0000000000,0.0345649583,0.0668202765
0.9871782064,30,0,809,1.0000000000,0.0357568534,0.0690448792
0.9871205688,31,0,808,1.0000000000,0.0369487485,0.0712643678
0.9871076941,32,0,807,1.0000000000,0.0381406436,0.0734787600
0.9870228171,33,0,806,1.0000000000,0.0393325387,0.0756880734
0.9869905114,34,0,805,1.0000000000,0.0405244338,0.0778923253
0.9869820476,35,0,804,1.0000000000,0.0417163290,0.0800915332
0.9869441986,36,0,803,1.0000000000,0.0429082241,0.0822857143
0.9869088531,37,0,802,1.0000000000,0.0441001192,0.0844748858
0.9869055152,38,0,801,1.0000000000,0.0452920143,0.0866590650
0.9868734479,39,0,800,1.0000000000,0.0464839094,0.0888382688
0.9868489504,40,0,799,1.0000000000,0.0476758045,0.0910125142
0.9868363142,41,0,798,1.0000000000,0.0488676996,0.0931818182
0.9867996573,42,0,797,1.0000000000,0.0500595948,0.0953461975
0.9867653847,43,0,796,1.0000000000,0.0512514899,0.0975056689
0.9867179394,44,0,795,1.0000000000,0.0524433850,0.0996602492
0.9867177010,45,0,794,1.0000000000,0.0536352801,0.1018099548
0.9866891503,46,0,793,1.0000000000,0.0548271752,0.1039548023
0.9866688251,47,0,792,1.0000000000,0.0560190703,0.1060948081
0.9865943193,48,0,791,1.0000000000,0.0572109654,0.1082299887
0.9865915179,50,0,789,1.0000000000,0.0595947557,0.1124859393
0.9865844846,51,0,788,1.0000000000,0.0607866508,0.1146067416
0.9865800738,52,0,787,1.0000000000,0.0619785459,0.1167227834
0.9865791202,53,0,786,1.0000000000,0.0631704410,0.1188340807
0.9865766764,54,0,785,1.0000000000,0.0643623361,0.1209406495
0.9865560532,55,0,784,1.0000000000,0.0655542312,0.1230425056
0.9865196943,56,0,783,1.0000000000,0.0667461263,0.1251396648
0.9865093827,57,0,782,1.0000000000,0.0679380215,0.1272321429
0.9865087867,58,0,781,1.0000000000,0.0691299166,0.1293199554
0.9864805937,59,0,780,1.0000000000,0.0703218117,0.1314031180
0.9864700437,59,1,780,0.9833333333,0.0703218117,0.1312569522
0.9864580035,60,1,779,0.9836065574,0.0715137068,0.1333333333
0.9864540696,61,1,778,0.9838709677,0.0727056019,0.1354051054
0.9863731861,62,1,777,0.9841269841,0.0738974970,0.1374722838
0.9863501191,63,1,776,0.9843750000,0.0750893921,0.1395348837
0.9863313437,64,1,775,0.9846153846,0.0762812872,0.1415929204
0.9863286614,65,1,774,0.9848484848,0.0774731824,0.1436464088
0.9863204360,66,1,773,0.9850746269,0.0786650775,0.1456953642
0.9863080382,67,1,772,0.9852941176,0.0798569726,0.1477398015
0.9862921238,68,1,771,0.9855072464,0.0810488677,0.1497797357
0.9862630367,69,1,770,0.9857142857,0.0822407628,0.1518151815
0.9862381220,70,1,769,0.9859154930,0.0834326579,0.1538461538
0.9862295389,71,1,768,0.9861111111,0.0846245530,0.1558726674
0.9861684442,72,1,767,0.9863013699,0.0858164482,0.1578947368
0.9861404896,73,1,766,0.9864864865,0.0870083433,0.1599123768
0.9861053824,74,1,765,0.9866666667,0.0882002384,0.1619256018
0.9860795140,75,1,764,0.9868421053,0.0893921335,0.1639344262
0.9860580564,76,1,763,0.9870129870,0.0905840286,0.1659388646
0.9860456586,77,1,762,0.9871794872,0.0917759237,0.1679389313
0.9860427976,78,1,761,0.9873417722,0.0929678188,0.1699346405
0.9860087037,79,1,760,0.9875000000,0.0941597139,0.1719260065
0.9860062599,80,1,759,0.9876543210,0.0953516091,0.1739130435
0.9859420657,81,1,758,0.9878048780,0.0965435042,0.1758957655
0.9859345555,82,1,757,0.9879518072,0.0977353993,0.1778741866
0.9859336019,83,1,756,0.9880952381,0.0989272944,0.1798483207
0.9859257340,84,1,755,0.9882352941,0.1001191895,0.1818181818
0.9859228134,85,1,754,0.9883720930,0.1013110846,0.1837837838
0.9859078526,86,1,753,0.9885057471,0.1025029797,0.1857451404
0.9858983755,87,1,752,0.9886363636,0.1036948749,0.1877022654
0.9858828187,88,1,751,0.9887640449,0.1048867700,0.1896551724
0.9858642220,89,1,750,0.9888888889,0.1060786651,0.1916038751
0.9858568907,90,1,749,0.9890109890,0.1072705602,0.1935483871
0.9858497977,90,2,749,0.9782608696,0.1072705602,0.1933404941
0.9858410358,91,2,748,0.9784946237,0.1084624553,0.1952789700
0.9857886434,92,2,747,0.9787234043,0.1096543504,0.1972132905
0.9857420921,93,2,746,0.9789473684,0.1108462455,0.1991434690
0.9856467843,94,2,745,0.9791666667,0.1120381406,0.2010695187
0.9856363535,95,2,744,0.9793814433,0.1132300358,0.2029914530
0.9856331944,96,2,743,0.9795918367,0.1144219309,0.2049092850
0.9856255651,97,2,742,0.9797979798,0.1156138260,0.2068230277
0.9856034517,98,2,741,0.9800000000,0.1168057211,0.2087326944
0.9855993986,99,2,740,0.9801980198,0.1179976162,0.2106382979
0.9855739474,100,2,739,0.9803921569,0.1191895113,0.2125398512
0.9855474234,101,2,738,0.9805825243,0.1203814064,0.2144373673
0.9855347872,102,2,737,0.9807692308,0.1215733015,0.2163308590
0.9854835868,103,2,736,0.9809523810,0.1227651967,0.2182203390
0.9854678512,104,2,735,0.9811320755,0.1239570918,0.2201058201
0.9854594469,105,2,734,0.9813084112,0.1251489869,0.2219873150
0.9854491353,106,2,733,0.9814814815,0.1263408820,0.2238648363
0.9854440093,107,2,732,0.9816513761,0.1275327771,0.2257383966
0.9854264259,108,2,731,0.9818181818,0.1287246722,0.2276080084
0.9854257107,109,2,730,0.9819819820,0.1299165673,0.2294736842
0.9853894114,110,2,729,0.9821428571,0.1311084625,0.2313354364
0.9853618145,111,2,728,0.9823008850,0.1323003576,0.2331932773
0.9853435755,112,2,727,0.9824561404,0.1334922527,0.2350472193
0.9853215814,113,2,726,0.9826086957,0.1346841478,0.2368972746
0.9852907658,114,2,725,0.9827586207,0.1358760429,0.2387434555
0.9852780700,115,2,724,0.9829059829,0.1370679380,0.2405857741
0.9852769971,116,2,723,0.9830508475,0.1382598331,0.2424242424
0.9852684140,117,2,722,0.9831932773,0.1394517282,0.2442588727
0.9852504134,118,2,721,0.9833333333,0.1406436234,0.2460896767
0.9852334857,119,2,720,0.9834710744,0.1418355185,0.2479166667
0.9852037430,120,2,719,0.9836065574,0.1430274136,0.2497398543
0.9851898551,121,2,718,0.9837398374,0.1442193087,0.2515592516
0.9851862788,121,3,718,0.9758064516,0.1442193087,0.2512980270
0.9851463437,122,3,717,0.9760000000,0.1454112038,0.2531120332
0.9851460457,123,3,716,0.9761904762,0.1466030989,0.2549222798
0.9851419926,124,3,715,0.9763779528,0.1477949940,0.2567287785
0.9851117730,124,4,715,0.9687500000,0.1477949940,0.2564632885
0.9851095676,125,4,714,0.9689922481,0.1489868892,0.2582644628
0.9851087928,126,4,713,0.9692307692,0.1501787843,0.2600619195
0.9850737453,127,4,712,0.9694656489,0.1513706794,0.2618556701
0.9850660563,128,4,711,0.9696969697,0.1525625745,0.2636457261
0.9850652814,129,4,710,0.9699248120,0.1537544696,0.2654320988
0.9850607514,130,4,709,0.9701492537,0.1549463647,0.2672147996
0.9849979281,131,4,708,0.9703703704,0.1561382598,0.2689938398
0.9849866033,132,4,707,0.9705882353,0.1573301549,0.2707692308
0.9849783182,133,4,706,0.9708029197,0.1585220501,0.2725409836
0.9849261045,134,4,705,0.9710144928,0.1597139452,0.2743091095
0.9849121571,135,4,704,0.9712230216,0.1609058403,0.2760736196
0.9849109650,136,4,703,0.9714285714,0.1620977354,0.2778345250
0.9848895669,137,4,702,0.9716312057,0.1632896305,0.2795918367
0.9848148823,138,4,701,0.9718309859,0.1644815256,0.2813455657
0.9848080873,139,4,700,0.9720279720,0.1656734207,0.2830957230
0.9847831130,140,4,699,0.9722222222,0.1668653159,0.2848423194
0.9847702980,141,4,698,0.9724137931,0.1680572110,0.2865853659
0.9847698212,142,4,697,0.9726027397,0.1692491061,0.2883248731
0.9847543240,143,4,696,0.9727891156,0.1704410012,0.2900608519
0.9847398400,144,4,695,0.9729729730,0.1716328963,0.2917933131
0.9847384691,145,4,694,0.9731543624,0.1728247914,0.2935222672
0.9847361445,146,4,693,0.9733333333,0.1740166865,0.2952477250
0.9847250581,147,4,692,0.9735099338,0.1752085816,0.2969696970
0.9847072959,148,4,691,0.9736842105,0.1764004768,0.2986881937
0.9846673012,149,4,690,0.9738562092,0.1775923719,0.3004032258
0.9845952988,150,4,689,0.9740259740,0.1787842670,0.3021148036
0.9845877886,151,4,688,0.9741935484,0.1799761621,0.3038229376
0.9845766425,152,4,687,0.9743589744,0.1811680572,0.3055276382
0.9845098853,153,4,686,0.9745222930,0.1823599523,0.3072289157
0.9845082760,154,4,685,0.9746835443,0.1835518474,0.3089267803
0.9844750762,155,4,684,0.9748427673,0.1847437426,0.3106212425
0.9844451547,156,4,683,0.9750000000,0.1859356377,0.3123123123
0.9844393134,157,4,682,0.9751552795,0.1871275328,0.3140000000
0.9844353795,158,4,681,0.9753086420,0.1883194279,0.3156843157
0.9844249487,159,4,680,0.9754601227,0.1895113230,0.3173652695
0.9843362570,160,4,679,0.9756097561,0.1907032181,0.3190428714
0.9843348861,161,4,678,0.9757575758,0.1918951132,0.3207171315
0.9843271375,162,4,677,0.9759036145,0.1930870083,0.3223880597
0.9843250513,163,4,676,0.9760479042,0.1942789035,0.3240556660
0.9843125939,164,4,675,0.9761904762,0.1954707986,0.3257199603
0.9843108654,165,4,674,0.9763313609,0.1966626937,0.3273809524
0.9843022823,166,4,673,0.9764705882,0.1978545888,0.3290386521
0.9842993021,167,4,672,0.9766081871,0.1990464839,0.3306930693
0.9842455983,168,4,671,0.9767441860,0.2002383790,0.3323442136
0.9841716886,169,4,670,0.9768786127,0.2014302741,0.3339920949
0.9841172099,170,4,669,0.9770114943,0.2026221692,0.3356367226
0.9840930700,171,4,668,0.9771428571,0.2038140644,0.3372781065
0.9840772152,172,4,667,0.9772727273,0.2050059595,0.3389162562
0.9840713739,173,4,666,0.9774011299,0.2061978546,0.3405511811
0.9840653539,174,4,665,0.9775280899,0.2073897497,0.3421828909
0.9840280414,175,4,664,0.9776536313,0.2085816448,0.3438113949
0.9839725494,176,4,663,0.9777777778,0.2097735399,0.3454367026
0.9839550257,177,4,662,0.9779005525,0.2109654350,0.3470588235
0.9839540720,178,4,661,0.9780219780,0.2121573302,0.3486777669
0.9838864207,179,4,660,0.9781420765,0.2133492253,0.3502935421
0.9838848114,180,4,659,0.9782608696,0.2145411204,0.3519061584
0.9838727117,181,4,658,0.9783783784,0.2157330155,0.3535156250
0.9838428497,182,4,657,0.9784946237,0.2169249106,0.3551219512
0.9838309288,183,4,656,0.9786096257,0.2181168057,0.3567251462
0.9838152528,184,4,655,0.9787234043,0.2193087008,0.3583252191
0.9837704897,185,4,654,0.9788359788,0.2205005959,0.3599221790
0.9837269783,186,4,653,0.9789473684,0.2216924911,0.3615160350
0.9837095737,187,4,652,0.9790575916,0.2228843862,0.3631067961
0.9836620688,187,5,652,0.9739583333,0.2228843862,0.3627546072
0.9836363196,187,6,652,0.9689119171,0.2228843862,0.3624031008
0.9836221337,188,6,651,0.9690721649,0.2240762813,0.3639883833
0.9835832715,189,6,650,0.9692307692,0.2252681764,0.3655705996
0.9835544229,190,6,649,0.9693877551,0.2264600715,0.3671497585
0.9835516810,191,6,648,0.9695431472,0.2276519666,0.3687258687
0.9835485816,192,6,647,0.9696969697,0.2288438617,0.3702989392
0.9835383892,193,6,646,0.9698492462,0.2300357569,0.3718689788
0.9835307002,194,6,645,0.9700000000,0.2312276520,0.3734359962
0.9835088849,194,7,645,0.9651741294,0.2312276520,0.3730769231
0.9834794998,195,7,644,0.9653465347,0.2324195471,0.3746397695
0.9834703803,196,7,643,0.9655172414,0.2336114422,0.3761996161
0.9834595323,197,7,642,0.9656862745,0.2348033373,0.3777564717
0.9833930135,198,7,641,0.9658536585,0.2359952324,0.3793103448
0.9833889008,199,7,640,0.9660194175,0.2371871275,0.3808612440
0.9833557010,200,7,639,0.9661835749,0.2383790226,0.3824091778
0.9833050966,201,7,638,0.9663461538,0.2395709178,0.3839541547
0.9833034277,202,7,637,0.9665071770,0.2407628129,0.3854961832
0.9832828045,203,7,636,0.9666666667,0.2419547080,0.3870352717
0.9832704663,204,7,635,0.9668246445,0.2431466031,0.3885714286
0.9832694530,204,8,635,0.9622641509,0.2431466031,0.3882017127
0.9832596779,205,8,634,0.9624413146,0.2443384982,0.3897338403
0.9832239151,206,8,633,0.9626168224,0.2455303933,0.3912630579
0.9832224250,207,8,632,0.9627906977,0.2467222884,0.3927893738
0.9832054973,208,8,631,0.9629629630,0.2479141836,0.3943127962
0.9831898212,209,8,630,0.9631336406,0.2491060787,0.3958333333
0.9830747247,210,8,629,0.9633027523,0.2502979738,0.3973509934
0.9830558300,211,8,628,0.9634703196,0.2514898689,0.3988657845
0.9830496907,212,8,627,0.9636363636,0.2526817640,0.4003777148
0.9829954505,213,8,626,0.9638009050,0.2538736591,0.4018867925
0.9829781651,214,8,625,0.9639639640,0.2550655542,0.4033930254
0.9829689860,215,8,624,0.9641255605,0.2562574493,0.4048964218
0.9829176068,216,8,623,0.9642857143,0.2574493445,0.4063969897
0.9828647375,217,8,622,0.9644444444,0.2586412396,0.4078947368
0.9828355908,218,8,621,0.9646017699,0.2598331347,0.4093896714
0.9828351140,219,8,620,0.9647577093,0.2610250298,0.4108818011
0.9828335047,220,8,619,0.9649122807,0.2622169249,0.4123711340
0.9827936888,221,8,618,0.9650655022,0.2634088200,0.4138576779
0.9827897549,222,8,617,0.9652173913,0.2646007151,0.4153414406
0.9826824665,223,8,616,0.9653679654,0.2657926103,0.4168224299
0.9826542735,224,8,615,0.9655172414,0.2669845054,0.4183006536
0.9826305509,225,8,614,0.9656652361,0.2681764005,0.4197761194
0.9826161861,226,8,613,0.9658119658,0.2693682956,0.4212488350
0.9825558662,227,8,612,0.9659574468,0.2705601907,0.4227188082
0.9825091362,228,8,611,0.9661016949,0.2717520858,0.4241860465
0.9824233055,229,8,610,0.9662447257,0.2729439809,0.4256505576
0.9824176431,229,9,610,0.9621848739,0.2729439809,0.4252553389
0.9823870659,230,9,609,0.9623430962,0.2741358760,0.4267161410
0.9823783040,230,10,609,0.9583333333,0.2741358760,0.4263206673
0.9823713899,230,11,609,0.9543568465,0.2741358760,0.4259259259
0.9823347330,230,12,609,0.9504132231,0.2741358760,0.4255319149
0.9823299050,231,12,608,0.9506172840,0.2753277712,0.4269870610
0.9823296666,232,12,607,0.9508196721,0.2765196663,0.4284395199
0.9823265672,232,13,607,0.9469387755,0.2765196663,0.4280442804
0.9822920561,233,13,606,0.9471544715,0.2777115614,0.4294930876
0.9822731614,234,13,605,0.9473684211,0.2789034565,0.4309392265
0.9822694659,235,13,604,0.9475806452,0.2800953516,0.4323827047
0.9822409749,236,13,603,0.9477911647,0.2812872467,0.4338235294
0.9822198153,237,13,602,0.9480000000,0.2824791418,0.4352617080
0.9822127819,238,13,601,0.9482071713,0.2836710369,0.4366972477
0.9821672440,239,13,600,0.9484126984,0.2848629321,0.4381301558
0.9820766449,240,13,599,0.9486166008,0.2860548272,0.4395604396
0.9820574522,241,13,598,0.9488188976,0.2872467223,0.4409881061
0.9820480347,241,14,598,0.9450980392,0.2872467223,0.4405850091
0.9820407629,241,15,598,0.9414062500,0.2872467223,0.4401826484
0.9819869995,242,15,597,0.9416342412,0.2884386174,0.4416058394
0.9819836617,243,15,596,0.9418604651,0.2896305125,0.4430264357
0.9819558263,244,15,595,0.9420849421,0.2908224076,0.4444444444
0.9819538593,245,15,594,0.9423076923,0.2920143027,0.4458598726
0.9819288254,246,15,593,0.9425287356,0.2932061979,0.4472727273
0.9819284678,247,15,592,0.9427480916,0.2943980930,0.4486830154
0.9819273353,248,15,591,0.9429657795,0.2955899881,0.4500907441
0.9819213152,249,15,590,0.9431818182,0.2967818832,0.4514959202
0.9818998575,250,15,589,0.9433962264,0.2979737783,0.4528985507
0.9818990231,251,15,588,0.9436090226,0.2991656734,0.4542986425
0.9818965197,251,16,588,0.9400749064,0.2991656734,0.4538878843
0.9818826914,251,17,588,0.9365671642,0.2991656734,0.4534778681
0.9818605185,252,17,587,0.9368029740,0.3003575685,0.4548736462
0.9817777872,253,17,586,0.9370370370,0.3015494636,0.4562669071
0.9817743301,254,17,585,0.9372693727,0.3027413588,0.4576576577
0.9817256331,254,18,585,0.9338235294,0.3027413588,0.4572457246
0.9817248583,254,19,585,0.9304029304,0.3027413588,0.4568345324
0.9816392660,254,20,585,0.9270072993,0.3027413588,0.4564240791
0.9816195965,255,20,584,0.9272727273,0.3039332539,0.4578096948
0.9815995097,256,20,583,0.9275362319,0.3051251490,0.4591928251
0.9815735221,257,20,582,0.9277978339,0.3063170441,0.4605734767
0.9815430045,258,20,581,0.9280575540,0.3075089392,0.4619516562
0.9815187454,259,20,580,0.9283154122,0.3087008343,0.4633273703
0.9814870358,260,20,579,0.9285714286,0.3098927294,0.4647006256
0.9814844131,261,20,578,0.9288256228,0.3110846246,0.4660714286
0.9814487100,262,20,577,0.9290780142,0.3122765197,0.4674397859
0.9814339280,263,20,576,0.9293286219,0.3134684148,0.4688057041
0.9814218283,264,20,575,0.9295774648,0.3146603099,0.4701691897
0.9813632965,264,21,575,0.9263157895,0.3146603099,0.4697508897
0.9813497663,265,21,574,0.9265734266,0.3158522050,0.4711111111
0.9812720418,266,21,573,0.9268292683,0.3170441001,0.4724689165
0.9812244177,267,21,572,0.9270833333,0.3182359952,0.4738243123
0.9812080860,268,21,571,0.9273356401,0.3194278903,0.4751773050
0.9811972976,269,21,570,0.9275862069,0.3206197855,0.4765279008
0.9811619520,270,21,569,0.9278350515,0.3218116806,0.4778761062
0.9811574817,271,21,568,0.9280821918,0.3230035757,0.4792219275
0.9811167717,272,21,567,0.9283276451,0.3241954708,0.4805653710
0.9810757637,273,21,566,0.9285714286,0.3253873659,0.4819064431
0.9810686707,274,21,565,0.9288135593,0.3265792610,0.4832451499
0.9810562730,275,21,564,0.9290540541,0.3277711561,0.4845814978
0.9810447097,276,21,563,0.9292929293,0.3289630513,0.4859154930
0.9810369015,277,21,562,0.9295302013,0.3301549464,0.4872471416
0.9810209274,278,21,561,0.9297658863,0.3313468415,0.4885764499
0.9810153246,279,21,560,0.9300000000,0.3325387366,0.4899034241
0.9810138345,280,21,559,0.9302325581,0.3337306317,0.4912280702
0.9809973240,281,21,558,0.9304635762,0.3349225268,0.4925503944
0.9809939861,282,21,557,0.9306930693,0.3361144219,0.4938704028
0.9809828401,283,21,556,0.9309210526,0.3373063170,0.4951881015
0.9809193015,284,21,555,0.9311475410,0.3384982122,0.4965034965
0.9809162021,285,21,554,0.9313725490,0.3396901073,0.4978165939
0.9808937311,286,21,553,0.9315960912,0.3408820024,0.4991273997
0.9808757305,287,21,552,0.9318181818,0.3420738975,0.5004359198
0.9808294773,288,21,551,0.9320388350,0.3432657926,0.5017421603
0.9808045030,289,21,550,0.9322580645,0.3444576877,0.5030461271
0.9807859063,290,21,549,0.9324758842,0.3456495828,0.5043478261
0.9807784557,291,21,548,0.9326923077,0.3468414779,0.5056472632
0.9807691574,292,21,547,0.9329073482,0.3480333731,0.5069444444
0.9807501435,293,21,546,0.9331210191,0.3492252682,0.5082393755
0.9807382226,294,21,545,0.9333333333,0.3504171633,0.5095320624
0.9807219505,295,21,544,0.9335443038,0.3516090584,0.5108225108
0.9807158709,296,21,543,0.9337539432,0.3528009535,0.5121107266
0.9807155132,297,21,542,0.9339622642,0.3539928486,0.5133967156
0.9807124138,298,21,541,0.9341692790,0.3551847437,0.5146804836
0.9807099104,299,21,540,0.9343750000,0.3563766389,0.5159620362
0.9806969166,300,21,539,0.9345794393,0.3575685340,0.5172413793
0.9806524515,301,21,538,0.9347826087,0.3587604291,0.5185185185
0.9806062579,302,21,537,0.9349845201,0.3599523242,0.5197934596
0.9805549979,303,21,536,0.9351851852,0.3611442193,0.5210662081
0.9805365801,304,21,535,0.9353846154,0.3623361144,0.5223367698
0.9805307388,305,21,534,0.9355828221,0.3635280095,0.5236051502
0.9804952145,306,21,533,0.9357798165,0.3647199046,0.5248713551
0.9804775715,306,22,533,0.9329268293,0.3647199046,0.5244215938
0.9804466963,307,22,532,0.9331306991,0.3659117998,0.5256849315
0.9803596139,308,22,531,0.9333333333,0.3671036949,0.5269461078
0.9803003073,308,23,531,0.9305135952,0.3671036949,0.5264957265
0.9802993536,309,23,530,0.9307228916,0.3682955900,0.5277540564
0.9802885056,310,23,529,0.9309309309,0.3694874851,0.5290102389
0.9802882671,310,24,529,0.9281437126,0.3694874851,0.5285592498
0.9802738428,311,24,528,0.9283582090,0.3706793802,0.5298126065
0.9802626967,311,25,528,0.9255952381,0.3706793802,0.5293617021
0.9802430272,312,25,527,0.9258160237,0.3718712753,0.5306122449
0.9802292585,313,25,526,0.9260355030,0.3730631704,0.5318606627
0.9801912308,313,26,526,0.9233038348,0.3730631704,0.5314091681
0.9801719785,313,27,526,0.9205882353,0.3730631704,0.5309584394
0.9801412225,314,27,525,0.9208211144,0.3742550656,0.5322033898
0.9801272154,315,27,524,0.9210526316,0.3754469607,0.5334462320
0.9800928831,316,27,523,0.9212827988,0.3766388558,0.5346869712
0.9800461531,317,27,522,0.9215116279,0.3778307509,0.5359256128
0.9800248742,318,27,521,0.9217391304,0.3790226460,0.5371621622
0.9800246358,318,28,521,0.9190751445,0.3790226460,0.5367088608
0.9800031185,319,28,520,0.9193083573,0.3802145411,0.5379426644
0.9799867272,320,28,519,0.9195402299,0.3814064362,0.5391743892
0.9799571633,321,28,518,0.9197707736,0.3825983313,0.5404040404
0.9799082875,322,28,517,0.9200000000,0.3837902265,0.5416316232
0.9798975587,323,28,516,0.9202279202,0.3849821216,0.5428571429
0.9798810482,324,28,515,0.9204545455,0.3861740167,0.5440806045
0.9798750281,324,29,515,0.9178470255,0.3861740167,0.5436241611
0.9798205495,325,29,514,0.9180790960,0.3873659118,0.5448449288
0.9798158407,325,30,514,0.9154929577,0.3873659118,0.5443886097
0.9797998071,326,30,513,0.9157303371,0.3885578069,0.5456066946
0.9797940850,327,30,512,0.9159663866,0.3897497020,0.5468227425
0.9797754288,328,30,511,0.9162011173,0.3909415971,0.5480367586
0.9797486663,328,31,511,0.9136490251,0.3909415971,0.5475792988
0.9797404408,329,31,510,0.9138888889,0.3921334923,0.5487906589
0.9797396064,330,31,509,0.9141274238,0.3933253874,0.5500000000
0.9796298742,330,32,509,0.9116022099,0.3933253874,0.5495420483
0.9796216488,331,32,508,0.9118457300,0.3945172825,0.5507487521
0.9795066714,332,32,507,0.9120879121,0.3957091776,0.5519534497
0.9794772863,332,33,507,0.9095890411,0.3957091776,0.5514950166
0.9794568419,333,33,506,0.9098360656,0.3969010727,0.5526970954
0.9794023037,334,33,505,0.9100817439,0.3980929678,0.5538971808
0.9793863893,334,34,505,0.9076086957,0.3980929678,0.5534382767
0.9793493152,335,34,504,0.9078590786,0.3992848629,0.5546357616
0.9793422818,336,34,503,0.9081081081,0.4004767580,0.5558312655
0.9792829156,337,34,502,0.9083557951,0.4016686532,0.5570247934
0.9792739153,338,34,501,0.9086021505,0.4028605483,0.5582163501
0.9792654514,339,34,500,0.9088471850,0.4040524434,0.5594059406
0.9792340994,340,34,499,0.9090909091,0.4052443385,0.5605935697
0.9792302251,341,34,498,0.9093333333,0.4064362336,0.5617792422
0.9792286158,342,34,497,0.9095744681,0.4076281287,0.5629629630
0.9791760445,343,34,496,0.9098143236,0.4088200238,0.5641447368
0.9791029096,344,34,495,0.9100529101,0.4100119190,0.5653245686
0.9791019559,345,34,494,0.9102902375,0.4112038141,0.5665024631
0.9790915847,345,35,494,0.9078947368,0.4112038141,0.5660377358
0.9790279269,346,35,493,0.9081364829,0.4123957092,0.5672131148
0.9790094495,347,35,492,0.9083769634,0.4135876043,0.5683865684
0.9789823294,348,35,491,0.9086161880,0.4147794994,0.5695581015
0.9789749384,349,35,490,0.9088541667,0.4159713945,0.5707277187
0.9789541364,350,35,489,0.9090909091,0.4171632896,0.5718954248
0.9789177775,351,35,488,0.9093264249,0.4183551847,0.5730612245
0.9788960814,352,35,487,0.9095607235,0.4195470799,0.5742251223
0.9788940549,353,35,486,0.9097938144,0.4207389750,0.5753871231
0.9788920879,354,35,485,0.9100257069,0.4219308701,0.5765472313
0.9788813591,354,36,485,0.9076923077,0.4219308701,0.5760781123
0.9788572788,355,36,484,0.9079283887,0.4231227652,0.5772357724
0.9788273573,356,36,483,0.9081632653,0.4243146603,0.5783915516
0.9788178802,357,36,482,0.9083969466,0.4255065554,0.5795454545
0.9787944555,358,36,481,0.9086294416,0.4266984505,0.5806974858
0.9787605405,359,36,480,0.9088607595,0.4278903456,0.5818476499
0.9787375927,360,36,479,0.9090909091,0.4290822408,0.5829959514
0.9787256718,360,37,479,0.9068010076,0.4290822408,0.5825242718
0.9786970615,361,37,478,0.9070351759,0.4302741359,0.5836701698
0.9786745310,362,37,477,0.9072681704,0.4314660310,0.5848142165
0.9786635637,363,37,476,0.9075000000,0.4326579261,0.5859564165
0.9786500931,364,37,475,0.9077306733,0.4338498212,0.5870967742
0.9786212444,365,37,474,0.9079601990,0.4350417163,0.5882352941
0.9785937071,366,37,473,0.9081885856,0.4362336114,0.5893719807
0.9785319567,366,38,473,0.9059405941,0.4362336114,0.5888978278
0.9785069227,366,39,473,0.9037037037,0.4362336114,0.5884244373
0.9784709811,367,39,472,0.9039408867,0.4374255066,0.5895582329
0.9784487486,368,39,471,0.9041769042,0.4386174017,0.5906902087
0.9784254432,369,39,470,0.9044117647,0.4398092968,0.5918203689
0.9783928394,370,39,469,0.9046454768,0.4410011919,0.5929487179
0.9783810973,371,39,468,0.9048780488,0.4421930870,0.5940752602
0.9783682823,372,39,467,0.9051094891,0.4433849821,0.5952000000
0.9783625603,373,39,466,0.9053398058,0.4445768772,0.5963229416
0.9783594012,374,39,465,0.9055690073,0.4457687723,0.5974440895
0.9783450365,375,39,464,0.9057971014,0.4469606675,0.5985634477
0.9783425927,376,39,463,0.9060240964,0.4481525626,0.5996810207
0.9783249497,377,39,462,0.9062500000,0.4493444577,0.6007968127
0.9783145785,378,39,461,0.9064748201,0.4505363528,0.6019108280
0.9782462120,379,39,460,0.9066985646,0.4517282479,0.6030230708
0.9782419801,379,40,460,0.9045346062,0.4517282479,0.6025437202
0.9782011509,380,40,459,0.9047619048,0.4529201430,0.6036536934
0.9781824350,381,40,458,0.9049881235,0.4541120381,0.6047619048
0.9781752825,382,40,457,0.9052132701,0.4553039333,0.6058683584
0.9781205058,383,40,456,0.9054373522,0.4564958284,0.6069730586
0.9780985117,384,40,455,0.9056603774,0.4576877235,0.6080760095
0.9779886007,384,41,455,0.9035294118,0.4576877235,0.6075949367
0.9779857397,385,41,454,0.9037558685,0.4588796186,0.6086956522
0.9779815078,386,41,453,0.9039812646,0.4600715137,0.6097946288
0.9779632688,386,42,453,0.9018691589,0.4600715137,0.6093133386
0.9778736830,387,42,452,0.9020979021,0.4612634088,0.6104100946
0.9778638482,388,42,451,0.9023255814,0.4624553039,0.6115051221
0.9778538346,389,42,450,0.9025522042,0.4636471990,0.6125984252
0.9778138399,390,42,449,0.9027777778,0.4648390942,0.6136900079
0.9778087139,390,43,449,0.9006928406,0.4648390942,0.6132075472
0.9777907729,391,43,448,0.9009216590,0.4660309893,0.6142969364
0.9776892662,391,44,448,0.8988505747,0.4660309893,0.6138147567
0.9776570201,392,44,447,0.8990825688,0.4672228844,0.6149019608
0.9776509404,393,44,446,0.8993135011,0.4684147795,0.6159874608
0.9776330590,394,44,445,0.8995433790,0.4696066746,0.6170712608
0.9776221514,394,45,445,0.8974943052,0.4696066746,0.6165884194
0.9776115417,395,45,444,0.8977272727,0.4707985697,0.6176700547
0.9775850177,395,46,444,0.8956916100,0.4707985697,0.6171875000
0.9775398970,396,46,443,0.8959276018,0.4719904648,0.6182669789
0.9774470329,397,46,442,0.8961625282,0.4731823600,0.6193447738
0.9773904681,398,46,441,0.8963963964,0.4743742551,0.6204208885
0.9773643613,398,47,441,0.8943820225,0.4743742551,0.6199376947
0.9773417115,399,47,440,0.8946188341,0.4755661502,0.6210116732
0.9773394465,400,47,439,0.8948545861,0.4767580453,0.6220839813
0.9773371816,401,47,438,0.8950892857,0.4779499404,0.6231546232
0.9773318172,402,47,437,0.8953229399,0.4791418355,0.6242236025
0.9772575498,402,48,437,0.8933333333,0.4791418355,0.6237393328
0.9771654606,403,48,436,0.8935698448,0.4803337306,0.6248062016
0.9771080017,404,48,435,0.8938053097,0.4815256257,0.6258714175
0.9769536853,405,48,434,0.8940397351,0.4827175209,0.6269349845
0.9769431353,406,48,433,0.8942731278,0.4839094160,0.6279969064
0.9769276381,407,48,432,0.8945054945,0.4851013111,0.6290571870
0.9769133925,408,48,431,0.8947368421,0.4862932062,0.6301158301
0.9768354893,409,48,430,0.8949671772,0.4874851013,0.6311728395
0.9768318534,409,49,430,0.8930131004,0.4874851013,0.6306861989
0.9767528176,410,49,429,0.8932461874,0.4886769964,0.6317411402
0.9766814709,411,49,428,0.8934782609,0.4898688915,0.6327944573
0.9766761661,412,49,427,0.8937093275,0.4910607867,0.6338461538
0.9766368270,413,49,426,0.8939393939,0.4922526818,0.6348962337
0.9765976071,414,49,425,0.8941684665,0.4934445769,0.6359447005
0.9765707254,414,50,425,0.8922413793,0.4934445769,0.6354566385
0.9765455127,415,50,424,0.8924731183,0.4946364720,0.6365030675
0.9765161872,416,50,423,0.8927038627,0.4958283671,0.6375478927
0.9764505029,417,50,422,0.8929336188,0.4970202622,0.6385911179
0.9764215946,418,50,421,0.8931623932,0.4982121573,0.6396327467
0.9764211774,418,51,421,0.8912579957,0.4982121573,0.6391437309
0.9763906002,419,51,420,0.8914893617,0.4994040524,0.6401833461
0.9763430953,419,52,420,0.8895966030,0.4994040524,0.6396946565
0.9762612581,420,52,419,0.8898305085,0.5005959476,0.6407322654
0.9762555957,421,52,418,0.8900634249,0.5017878427,0.6417682927
0.9761941433,422,52,417,0.8902953586,0.5029797378,0.6428027418
0.9760630727,422,53,417,0.8884210526,0.5029797378,0.6423135464
0.9760559201,423,53,416,0.8886554622,0.5041716329,0.6433460076
0.9759632349,423,54,416,0.8867924528,0.5041716329,0.6428571429
0.9759383798,424,54,415,0.8870292887,0.5053635280,0.6438876234
0.9759227037,424,55,415,0.8851774530,0.5053635280,0.6433990895
0.9758694768,424,56,415,0.8833333333,0.5053635280,0.6429112964
0.9758611917,425,56,414,0.8835758836,0.5065554231,0.6439393939
0.9757632017,425,57,414,0.8817427386,0.5065554231,0.6434519304
0.9757585526,425,58,414,0.8799171843,0.5065554231,0.6429652042
0.9757088423,426,58,413,0.8801652893,0.5077473182,0.6439909297
0.9756835103,427,58,412,0.8804123711,0.5089392133,0.6450151057
0.9756485820,428,58,411,0.8806584362,0.5101311085,0.6460377358
0.9755443335,428,59,411,0.8788501027,0.5101311085,0.6455505279
0.9755157232,429,59,410,0.8790983607,0.5113230036,0.6465712133
0.9754795432,430,59,409,0.8793456033,0.5125148987,0.6475903614
0.9754732847,431,59,408,0.8795918367,0.5137067938,0.6486079759
0.9754672647,432,59,407,0.8798370672,0.5148986889,0.6496240602
0.9754358530,432,60,407,0.8780487805,0.5148986889,0.6491359880
0.9753897190,433,60,406,0.8782961460,0.5160905840,0.6501501502
0.9753730297,433,61,406,0.8765182186,0.5160905840,0.6496624156
0.9753549099,434,61,405,0.8767676768,0.5172824791,0.6506746627
0.9753054380,435,61,404,0.8770161290,0.5184743743,0.6516853933
0.9751743674,435,62,404,0.8752515091,0.5184743743,0.6511976048
0.9751093388,436,62,403,0.8755020080,0.5196662694,0.6522064323
0.9751065969,437,62,402,0.8757515030,0.5208581645,0.6532137519
0.9750969410,438,62,401,0.8760000000,0.5220500596,0.6542195668
0.9750409722,439,62,400,0.8762475050,0.5232419547,0.6552238806
0.9749664068,439,63,400,0.8745019920,0.5232419547,0.6547352722
0.9749406576,440,63,399,0.8747514911,0.5244338498,0.6557377049
0.9749327302,441,63,398,0.8750000000,0.5256257449,0.6567386448
0.9749243855,442,63,397,0.8752475248,0.5268176400,0.6577380952
0.9748921990,443,63,396,0.8754940711,0.5280095352,0.6587360595
0.9748638868,443,64,396,0.8737672584,0.5280095352,0.6582466568
0.9747982621,444,64,395,0.8740157480,0.5292014303,0.6592427617
0.9747387171,445,64,394,0.8742632613,0.5303933254,0.6602373887
0.9747297168,446,64,393,0.8745098039,0.5315852205,0.6612305411
0.9746975899,446,65,393,0.8727984344,0.5315852205,0.6607407407
0.9746550918,447,65,392,0.8730468750,0.5327771156,0.6617320503
0.9746491313,448,65,391,0.8732943470,0.5339690107,0.6627218935
0.9745960236,449,65,390,0.8735408560,0.5351609058,0.6637102735
0.9745540023,449,66,390,0.8718446602,0.5351609058,0.6632200886
0.9744068384,450,66,389,0.8720930233,0.5363528010,0.6642066421
0.9743664265,451,66,388,0.8723404255,0.5375446961,0.6651917404
0.9743590951,453,66,386,0.8728323699,0.5399284863,0.6671575847
0.9742772579,454,66,385,0.8730769231,0.5411203814,0.6681383370
0.9742276669,455,66,384,0.8733205374,0.5423122765,0.6691176471
0.9742003083,456,66,383,0.8735632184,0.5435041716,0.6700955180
0.9741787910,457,66,382,0.8738049713,0.5446960667,0.6710719530
0.9741771221,458,66,381,0.8740458015,0.5458879619,0.6720469552
0.9741510749,458,67,381,0.8723809524,0.5458879619,0.6715542522
0.9740310907,459,67,380,0.8726235741,0.5470798570,0.6725274725
0.9740285873,460,67,379,0.8728652751,0.5482717521,0.6734992679
0.9739809036,461,67,378,0.8731060606,0.5494636472,0.6744696416
0.9739519358,462,67,377,0.8733459357,0.5506555423,0.6754385965
0.9739170074,463,67,376,0.8735849057,0.5518474374,0.6764061359
0.9739049077,464,67,375,0.8738229755,0.5530393325,0.6773722628
0.9738643169,464,68,375,0.8721804511,0.5530393325,0.6768781911
0.9738517404,464,69,375,0.8705440901,0.5530393325,0.6763848397
0.9738197327,465,69,374,0.8707865169,0.5542312277,0.6773488711
0.9738145471,466,69,373,0.8710280374,0.5554231228,0.6783114993
0.9737942219,467,69,372,0.8712686567,0.5566150179,0.6792727273
0.9737564325,468,69,371,0.8715083799,0.5578069130,0.6802325581
0.9737513661,468,70,371,0.8698884758,0.5578069130,0.6797385621
0.9737130404,469,70,370,0.8701298701,0.5589988081,0.6806966618
0.9737009406,470,70,369,0.8703703704,0.5601907032,0.6816533720
0.9736792445,471,70,368,0.8706099815,0.5613825983,0.6826086957
0.9736636281,472,70,367,0.8708487085,0.5625744934,0.6835626358
0.9736498594,473,70,366,0.8710865562,0.5637663886,0.6845151954
0.9736284018,473,71,366,0.8694852941,0.5637663886,0.6840202458
0.9736099839,474,71,365,0.8697247706,0.5649582837,0.6849710983
0.9735931158,475,71,364,0.8699633700,0.5661501788,0.6859205776
0.9735061526,476,71,363,0.8702010969,0.5673420739,0.6868686869
0.9733127952,477,71,362,0.8704379562,0.5685339690,0.6878154290
0.9731366038,477,72,362,0.8688524590,0.5685339690,0.6873198847
0.9730639458,477,73,362,0.8672727273,0.5685339690,0.6868250540
0.9730543494,477,74,362,0.8656987296,0.5685339690,0.6863309353
0.9729884267,478,74,361,0.8659420290,0.5697258641,0.6872753415
0.9729813337,479,74,360,0.8661844485,0.5709177592,0.6882183908
0.9729735255,480,74,359,0.8664259928,0.5721096544,0.6891600861
0.9729326963,481,74,358,0.8666666667,0.5733015495,0.6901004304
0.9729152918,482,74,357,0.8669064748,0.5744934446,0.6910394265
0.9728094935,483,74,356,0.8671454219,0.5756853397,0.6919770774
0.9727405310,484,74,355,0.8673835125,0.5768772348,0.6929133858
0.9726644158,485,74,354,0.8676207513,0.5780691299,0.6938483548
0.9726343155,486,74,353,0.8678571429,0.5792610250,0.6947819871
0.9726091623,487,74,352,0.8680926916,0.5804529201,0.6957142857
0.9726006985,488,74,351,0.8683274021,0.5816448153,0.6966452534
0.9725601077,488,75,351,0.8667850799,0.5816448153,0.6961483595
0.9724103808,489,75,350,0.8670212766,0.5828367104,0.6970776907
0.9723385572,494,75,345,0.8681898067,0.5887961859,0.7017045455
0.9723061323,494,76,345,0.8666666667,0.5887961859,0.7012065295
0.9722928405,495,76,344,0.8669001751,0.5899880810,0.7021276596
0.9722431302,495,77,344,0.8653846154,0.5899880810,0.7016300496
0.9721772075,496,77,343,0.8656195462,0.5911799762,0.7025495751
0.9721646905,497,77,342,0.8658536585,0.5923718713,0.7034677990
0.9721363187,498,77,341,0.8660869565,0.5935637664,0.7043847242
0.9720379710,499,77,340,0.8663194444,0.5947556615,0.7053003534
0.9720308781,500,77,339,0.8665511265,0.5959475566,0.7062146893
0.9719772935,500,78,339,0.8650519031,0.5959475566,0.7057163020
0.9719347954,500,79,339,0.8635578584,0.5959475566,0.7052186178
0.9719151258,501,79,338,0.8637931034,0.5971394517,0.7061310782
0.9718827009,502,79,337,0.8640275387,0.5983313468,0.7070422535
0.9717007279,503,79,336,0.8642611684,0.5995232420,0.7079521464
0.9716964960,503,80,336,0.8627787307,0.5995232420,0.7074542897
0.9716941118,504,80,335,0.8630136986,0.6007151371,0.7083626142
0.9716548324,504,81,335,0.8615384615,0.6007151371,0.7078651685
0.9715486169,505,81,334,0.8617747440,0.6019070322,0.7087719298
0.9714857936,506,81,333,0.8620102215,0.6030989273,0.7096774194
0.9714828730,507,81,332,0.8622448980,0.6042908224,0.7105816398
0.9713199139,508,81,331,0.8624787776,0.6054827175,0.7114845938
0.9713080525,509,81,330,0.8627118644,0.6066746126,0.7123862841
0.9713013172,510,81,329,0.8629441624,0.6078665077,0.7132867133
0.9712846875,511,81,328,0.8631756757,0.6090584029,0.7141858840
0.9711394906,512,81,327,0.8634064081,0.6102502980,0.7150837989
0.9711252451,513,81,326,0.8636363636,0.6114421931,0.7159804606
0.9711069465,514,81,325,0.8638655462,0.6126340882,0.7168758717
0.9708012342,515,81,324,0.8640939597,0.6138259833,0.7177700348
0.9706103802,516,81,323,0.8643216080,0.6150178784,0.7186629526
0.9705603123,517,81,322,0.8645484950,0.6162097735,0.7195546277
0.9705361724,518,81,321,0.8647746244,0.6174016687,0.7204450626
0.9705296159,519,81,320,0.8650000000,0.6185935638,0.7213342599
0.9705148339,519,82,320,0.8635607321,0.6185935638,0.7208333333
0.9704978466,519,83,320,0.8621262458,0.6185935638,0.7203331020
0.9703882933,519,84,320,0.8606965174,0.6185935638,0.7198335645
0.9703500271,520,84,319,0.8609271523,0.6197854589,0.7207207207
0.9703325033,521,84,318,0.8611570248,0.6209773540,0.7216066482
0.9702476859,521,85,318,0.8597359736,0.6209773540,0.7211072664
0.9699576497,522,85,317,0.8599670511,0.6221692491,0.7219917012
0.9697464108,523,85,316,0.8601973684,0.6233611442,0.7228749136
0.9696953893,523,86,316,0.8587848933,0.6233611442,0.7223756906
0.9696700573,524,86,315,0.8590163934,0.6245530393,0.7232574189
0.9696043730,525,86,314,0.8592471358,0.6257449344,0.7241379310
0.9695724249,526,86,313,0.8594771242,0.6269368296,0.7250172295
0.9695391655,527,86,312,0.8597063622,0.6281287247,0.7258953168
0.9694105387,527,87,312,0.8583061889,0.6281287247,0.7253957330
0.9693757892,528,87,311,0.8585365854,0.6293206198,0.7262723521
0.9693695307,529,87,310,0.8587662338,0.6305125149,0.7271477663
0.9692091346,529,88,310,0.8573743922,0.6305125149,0.7266483516
0.9691693783,530,88,309,0.8576051780,0.6317044100,0.7275223061
0.9691169858,530,89,309,0.8562197092,0.6317044100,0.7270233196
0.9690579176,531,89,308,0.8564516129,0.6328963051,0.7278958191
0.9690341353,532,89,307,0.8566827697,0.6340882002,0.7287671233
0.9690277576,533,89,306,0.8569131833,0.6352800954,0.7296372348
0.9690262079,534,89,305,0.8571428571,0.6364719905,0.7305061560
0.9690031409,535,89,304,0.8573717949,0.6376638856,0.7313738893
0.9688996077,536,89,303,0.8576000000,0.6388557807,0.7322404372
0.9688039422,537,89,302,0.8578274760,0.6400476758,0.7331058020
0.9686954618,538,89,301,0.8580542265,0.6412395709,0.7339699864
0.9686274529,539,89,300,0.8582802548,0.6424314660,0.7348329925
0.9685968757,540,89,299,0.8585055644,0.6436233611,0.7356948229
0.9685156941,541,89,298,0.8587301587,0.6448152563,0.7365554799
0.9684638381,541,90,298,0.8573692552,0.6448152563,0.7360544218
0.9684317112,541,91,298,0.8560126582,0.6448152563,0.7355540449
0.9683903456,542,91,297,0.8562401264,0.6460071514,0.7364130435
0.9682433009,542,92,297,0.8548895899,0.6460071514,0.7359131025
0.9681305289,543,92,296,0.8551181102,0.6471990465,0.7367706920
0.9680647254,544,92,295,0.8553459119,0.6483909416,0.7376271186
0.9680574536,545,92,294,0.8555729984,0.6495828367,0.7384823848
0.9679321051,545,93,294,0.8542319749,0.6495828367,0.7379823968
0.9679090381,545,94,294,0.8528951487,0.6495828367,0.7374830853
0.9678354263,546,94,293,0.8531250000,0.6507747318,0.7383367140
0.9678229094,546,95,293,0.8517940718,0.6507747318,0.7378378378
0.9677887559,547,95,292,0.8520249221,0.6519666269,0.7386900743
0.9677761197,548,95,291,0.8522550544,0.6531585221,0.7395411606
0.9676769972,548,96,291,0.8509316770,0.6531585221,0.7390424815
0.9676238894,548,97,291,0.8496124031,0.6531585221,0.7385444744
0.9674267769,548,98,291,0.8482972136,0.6531585221,0.7380471380
0.9673674107,549,98,290,0.8485316847,0.6543504172,0.7388963661
0.9670275450,549,99,290,0.8472222222,0.6543504172,0.7383994620
0.9669688940,550,99,289,0.8474576271,0.6555423123,0.7392473118
0.9668118954,551,99,288,0.8476923077,0.6567342074,0.7400940228
0.9667571783,552,99,287,0.8479262673,0.6579261025,0.7409395973
0.9667502642,553,99,286,0.8481595092,0.6591179976,0.7417840376
0.9667188525,554,99,285,0.8483920368,0.6603098927,0.7426273458
0.9666852951,554,100,285,0.8470948012,0.6603098927,0.7421299397
0.9666782618,555,100,284,0.8473282443,0.6615017878,0.7429718876
0.9666441083,556,100,283,0.8475609756,0.6626936830,0.7438127090
0.9666242599,557,100,282,0.8477929985,0.6638855781,0.7446524064
0.9666170478,557,101,282,0.8465045593,0.6638855781,0.7441549766
0.9665915370,557,102,282,0.8452200303,0.6638855781,0.7436582109
0.9665896297,557,103,282,0.8439393939,0.6638855781,0.7431621081
0.9665026665,557,104,282,0.8426626324,0.6638855781,0.7426666667
0.9664872885,558,104,281,0.8429003021,0.6650774732,0.7435043304
0.9663735032,559,104,280,0.8431372549,0.6662693683,0.7443408788
0.9663556814,559,105,280,0.8418674699,0.6662693683,0.7438456420
0.9663200378,560,105,279,0.8421052632,0.6674612634,0.7446808511
0.9662646055,560,106,279,0.8408408408,0.6674612634,0.7441860465
0.9660626650,561,106,278,0.8410794603,0.6686531585,0.7450199203
0.9660485387,561,107,278,0.8398203593,0.6686531585,0.7445255474
0.9660113454,561,108,278,0.8385650224,0.6686531585,0.7440318302
0.9658927917,562,108,277,0.8388059701,0.6698450536,0.7448641484
0.9656698704,562,109,277,0.8375558867,0.6698450536,0.7443708609
0.9656465054,562,110,277,0.8363095238,0.6698450536,0.7438782263
0.9655832648,563,110,276,0.8365527489,0.6710369487,0.7447089947
0.9655621648,564,110,275,0.8367952522,0.6722288439,0.7455386649
0.9655594826,565,110,274,0.8370370370,0.6734207390,0.7463672391
0.9654654860,565,111,274,0.8357988166,0.6734207390,0.7458745875
0.9654458165,566,111,273,0.8360413589,0.6746126341,0.7467018470
0.9654240012,567,111,272,0.8362831858,0.6758045292,0.7475280158
0.9652838111,570,111,269,0.8370044053,0.6793802145,0.7500000000
0.9652392864,571,111,268,0.8372434018,0.6805721097,0.7508218277
0.9650586247,572,111,267,0.8374816984,0.6817640048,0.7516425756
0.9650479555,573,111,266,0.8377192982,0.6829558999,0.7524622456
0.9650458694,574,111,265,0.8379562044,0.6841477950,0.7532808399
0.9650193453,575,111,264,0.8381924198,0.6853396901,0.7540983607
0.9648848772,575,112,264,0.8369723435,0.6853396901,0.7536041940
0.9647383094,576,112,263,0.8372093023,0.6865315852,0.7544204322
0.9647374153,576,113,263,0.8359941945,0.6865315852,0.7539267016
0.9647336602,577,113,262,0.8362318841,0.6877234803,0.7547416612
0.9646701813,578,113,261,0.8364688857,0.6889153754,0.7555555556
0.9646158218,578,114,261,0.8352601156,0.6889153754,0.7550620509
0.9645152688,579,114,260,0.8354978355,0.6901072706,0.7558746736
0.9644935131,579,115,260,0.8342939481,0.6901072706,0.7553816047
0.9643880725,580,115,259,0.8345323741,0.6912991657,0.7561929596
0.9643705487,580,116,259,0.8333333333,0.6912991657,0.7557003257
0.9643403888,580,117,259,0.8321377331,0.6912991657,0.7552083333
0.9642933607,581,117,258,0.8323782235,0.6924910608,0.7560182173
0.9642379880,581,118,258,0.8311874106,0.6924910608,0.7555266580
0.9641325474,582,118,257,0.8314285714,0.6936829559,0.7563352827
0.9640545845,583,118,256,0.8316690442,0.6948748510,0.7571428571
0.9640520215,584,118,255,0.8319088319,0.6960667461,0.7579493835
0.9639388919,585,118,254,0.8321479374,0.6972586412,0.7587548638
0.9639228582,586,118,253,0.8323863636,0.6984505364,0.7595593001
0.9639024734,586,119,253,0.8312056738,0.6984505364,0.7590673575
0.9638828635,587,119,252,0.8314447592,0.6996424315,0.7598705502
0.9638140798,587,120,252,0.8302687412,0.6996424315,0.7593790427
0.9637014866,588,120,251,0.8305084746,0.7008343266,0.7601809955
0.9636852145,589,120,250,0.8307475317,0.7020262217,0.7609819121
0.9636442661,590,120,249,0.8309859155,0.7032181168,0.7617817947
0.9636424780,590,121,249,0.8298171589,0.7032181168,0.7612903226
0.9636363983,590,122,249,0.8286516854,0.7032181168,0.7607994842
0.9636195898,590,123,249,0.8274894811,0.7032181168,0.7603092784
0.9635841250,591,123,248,0.8277310924,0.7044100119,0.7611075338
0.9635075331,592,123,247,0.8279720280,0.7056019070,0.7619047619
0.9634196758,593,123,246,0.8282122905,0.7067938021,0.7627009646
0.9633181095,594,123,245,0.8284518828,0.7079856973,0.7634961440
0.9632999897,595,123,244,0.8286908078,0.7091775924,0.7642903019
0.9632740021,596,123,243,0.8289290682,0.7103694875,0.7650834403
0.9632123709,596,124,243,0.8277777778,0.7103694875,0.7645926876
0.9631876349,596,125,243,0.8266296810,0.7103694875,0.7641025641
0.9630892873,597,125,242,0.8268698061,0.7115613826,0.7648942985
0.9630607963,597,126,242,0.8257261411,0.7115613826,0.7644046095
0.9629644752,598,126,241,0.8259668508,0.7127532777,0.7651951376
0.9629172683,599,126,240,0.8262068966,0.7139451728,0.7659846547
0.9628495574,600,126,239,0.8264462810,0.7151370679,0.7667731629
0.9628316164,600,127,239,0.8253094911,0.7151370679,0.7662835249
0.9628276229,601,127,238,0.8255494505,0.7163289631,0.7670708360
0.9626870751,602,127,237,0.8257887517,0.7175208582,0.7678571429
0.9626440406,603,127,236,0.8260273973,0.7187127533,0.7686424474
0.9626153111,603,128,236,0.8248974008,0.7187127533,0.7681528662
0.9625341296,603,129,236,0.8237704918,0.7187127533,0.7676639083
0.9624794722,603,130,236,0.8226466576,0.7187127533,0.7671755725
0.9624226689,604,130,235,0.8228882834,0.7199046484,0.7679593134
0.9624167085,605,130,234,0.8231292517,0.7210965435,0.7687420584
0.9623193741,605,131,234,0.8220108696,0.7210965435,0.7682539683
0.9623097181,606,131,233,0.8222523745,0.7222884386,0.7690355330
0.9621350169,606,132,233,0.8211382114,0.7222884386,0.7685478757
0.9621294141,607,132,232,0.8213802436,0.7234803337,0.7693282636
0.9620180726,608,132,231,0.8216216216,0.7246722288,0.7701076631
0.9619931579,609,132,230,0.8218623482,0.7258641240,0.7708860759
0.9619111419,610,132,229,0.8221024259,0.7270560191,0.7716635041
0.9618912339,611,132,228,0.8223418573,0.7282479142,0.7724399494
0.9618564844,612,132,227,0.8225806452,0.7294398093,0.7732154138
0.9616649151,612,133,227,0.8214765101,0.7294398093,0.7727272727
0.9616367221,612,134,227,0.8203753351,0.7294398093,0.7722397476
0.9615057707,612,135,227,0.8192771084,0.7294398093,0.7717528373
0.9614290595,613,135,226,0.8195187166,0.7306317044,0.7725267801
0.9612985253,614,135,225,0.8197596796,0.7318235995,0.7732997481
0.9611862898,615,135,224,0.8200000000,0.7330154946,0.7740717432
0.9611690640,615,136,224,0.8189081225,0.7330154946,0.7735849057
0.9610648155,616,136,223,0.8191489362,0.7342073897,0.7743557511
0.9609447718,617,136,222,0.8193891102,0.7353992849,0.7751256281
0.9609335661,618,136,221,0.8196286472,0.7365911800,0.7758945386
0.9608410001,618,137,221,0.8185430464,0.7365911800,0.7754077792
0.9607378840,619,137,220,0.8187830688,0.7377830751,0.7761755486
0.9605560303,620,137,219,0.8190224571,0.7389749702,0.7769423559
0.9604104161,621,137,218,0.8192612137,0.7401668653,0.7777082029
0.9603806734,622,137,217,0.8194993412,0.7413587604,0.7784730914
0.9600869417,623,137,216,0.8197368421,0.7425506555,0.7792370231
0.9600203633,623,138,216,0.8186596583,0.7425506555,0.7787500000
0.9599758387,623,139,216,0.8175853018,0.7425506555,0.7782635853
0.9599541426,623,140,216,0.8165137615,0.7425506555,0.7777777778
0.9598155022,623,141,216,0.8154450262,0.7425506555,0.7772925764
0.9597960711,623,142,216,0.8143790850,0.7425506555,0.7768079800
0.9596725106,624,142,215,0.8146214099,0.7437425507,0.7775700935
0.9596163034,624,143,215,0.8135593220,0.7437425507,0.7770859278
0.9595332146,625,143,214,0.8138020833,0.7449344458,0.7778469197
0.9595227838,626,143,213,0.8140442133,0.7461263409,0.7786069652
0.9595097303,627,143,212,0.8142857143,0.7473182360,0.7793660659
0.9594466686,627,144,212,0.8132295720,0.7473182360,0.7788819876
0.9593883753,627,145,212,0.8121761658,0.7473182360,0.7783985102
0.9592871070,628,145,211,0.8124191462,0.7485101311,0.7791563275
0.9591194987,629,145,210,0.8126614987,0.7497020262,0.7799132052
0.9587724805,629,146,210,0.8116129032,0.7497020262,0.7794299876
0.9587602019,629,147,210,0.8105670103,0.7497020262,0.7789473684
0.9587359428,629,148,210,0.8095238095,0.7497020262,0.7784653465
0.9587157965,630,148,209,0.8097686375,0.7508939213,0.7792207792
0.9583473802,630,149,209,0.8087291399,0.7508939213,0.7787391842
0.9582287073,631,149,208,0.8089743590,0.7520858164,0.7794935145
0.9581747055,632,149,207,0.8092189501,0.7532777116,0.7802469136
0.9581528306,633,149,206,0.8094629156,0.7544696067,0.7809993831
0.9581077695,633,150,206,0.8084291188,0.7544696067,0.7805178792
0.9581052661,633,151,206,0.8073979592,0.7544696067,0.7800369686
0.9578891397,633,152,206,0.8063694268,0.7544696067,0.7795566502
0.9578751326,634,152,205,0.8066157761,0.7556615018,0.7803076923
0.9577562809,634,153,205,0.8055908513,0.7556615018,0.7798277983
0.9574593902,634,154,205,0.8045685279,0.7556615018,0.7793484942
0.9568750858,634,155,205,0.8035487959,0.7556615018,0.7788697789
0.9567708373,635,155,204,0.8037974684,0.7568533969,0.7796193984
0.9567684531,635,156,204,0.8027812895,0.7568533969,0.7791411043
0.9567674398,636,156,203,0.8030303030,0.7580452920,0.7798896383
0.9567386508,636,157,203,0.8020176545,0.7580452920,0.7794117647
0.9566712379,637,157,202,0.8022670025,0.7592371871,0.7801592162
0.9565699697,637,158,202,0.8012578616,0.7592371871,0.7796817625
0.9565185308,637,159,202,0.8002512563,0.7592371871,0.7792048930
0.9564031363,638,159,201,0.8005018821,0.7604290822,0.7799511002
0.9563830495,639,159,200,0.8007518797,0.7616209774,0.7806963958
0.9563663602,639,160,200,0.7997496871,0.7616209774,0.7802197802
0.9563565850,640,160,199,0.8000000000,0.7628128725,0.7809640024
0.9562931061,641,160,198,0.8002496879,0.7640047676,0.7817073171
0.9562544227,642,160,197,0.8004987531,0.7651966627,0.7824497258
0.9559377432,642,161,197,0.7995018680,0.7651966627,0.7819732034
0.9558976889,643,161,196,0.7997512438,0.7663885578,0.7827145466
0.9558878541,643,162,196,0.7987577640,0.7663885578,0.7822384428
0.9558802247,644,162,195,0.7990074442,0.7675804529,0.7829787234
0.9557947516,644,163,195,0.7980173482,0.7675804529,0.7825030377
0.9557032585,645,163,194,0.7982673267,0.7687723480,0.7832422587
0.9556383491,645,164,194,0.7972805933,0.7687723480,0.7827669903
0.9553382397,646,164,193,0.7975308642,0.7699642431,0.7835051546
0.9552586079,647,164,192,0.7977805179,0.7711561383,0.7842424242
0.9551818967,648,164,191,0.7980295567,0.7723480334,0.7849788007
0.9550960064,648,165,191,0.7970479705,0.7723480334,0.7845036320
0.9548879862,649,165,190,0.7972972973,0.7735399285,0.7852389595
0.9548120499,649,166,190,0.7963190184,0.7735399285,0.7847642080
0.9545362592,650,166,189,0.7965686275,0.7747318236,0.7854984894
0.9544792771,651,166,188,0.7968176255,0.7759237187,0.7862318841
0.9544009566,651,167,188,0.7958435208,0.7759237187,0.7857573929
0.9542107582,651,168,188,0.7948717949,0.7759237187,0.7852834741
0.9541782141,652,168,187,0.7951219512,0.7771156138,0.7860156721
0.9541481137,652,169,187,0.7941534714,0.7771156138,0.7855421687
0.9541230798,653,169,186,0.7944038929,0.7783075089,0.7862733293
0.9540174007,654,169,185,0.7946537060,0.7794994041,0.7870036101
0.9538900256,654,170,185,0.7936893204,0.7794994041,0.7865303668
0.9538525939,654,171,185,0.7927272727,0.7794994041,0.7860576923
0.9538446665,654,172,185,0.7917675545,0.7794994041,0.7855855856
0.9537109733,654,173,185,0.7908101572,0.7794994041,0.7851140456
0.9536165595,654,174,185,0.7898550725,0.7794994041,0.7846430714
0.9535172582,654,175,185,0.7889022919,0.7794994041,0.7841726619
0.9534877539,655,175,184,0.7891566265,0.7806912992,0.7849011384
0.9533110261,655,176,184,0.7882069795,0.7806912992,0.7844311377
0.9532660842,656,176,183,0.7884615385,0.7818831943,0.7851585877
0.9532420039,657,176,182,0.7887154862,0.7830750894,0.7858851675
0.9530918002,658,176,181,0.7889688249,0.7842669845,0.7866108787
0.9530364871,659,176,180,0.7892215569,0.7854588796,0.7873357228
0.9529215097,659,177,180,0.7882775120,0.7854588796,0.7868656716
0.9529195428,660,177,179,0.7885304659,0.7866507747,0.7875894988
0.9528558254,661,177,178,0.7887828162,0.7878426698,0.7883124627
0.9528158903,662,177,177,0.7890345650,0.7890345650,0.7890345650
0.9526448846,662,178,177,0.7880952381,0.7890345650,0.7885646218
0.9525725245,662,179,177,0.7871581451,0.7890345650,0.7880952381
0.9525316358,663,179,176,0.7874109264,0.7902264601,0.7888161808
0.9525275230,664,179,175,0.7876631079,0.7914183552,0.7895362663
0.9524635077,665,179,174,0.7879146919,0.7926102503,0.7902554961
0.9523540735,665,180,174,0.7869822485,0.7926102503,0.7897862233
0.9522484541,666,180,173,0.7872340426,0.7938021454,0.7905044510
0.9520608187,666,181,173,0.7863046045,0.7938021454,0.7900355872
0.9519649744,667,181,172,0.7865566038,0.7949940405,0.7907528156
0.9517884851,667,182,172,0.7856301531,0.7949940405,0.7902843602
0.9517635703,668,182,171,0.7858823529,0.7961859356,0.7910005921
0.9515067339,668,183,171,0.7849588719,0.7961859356,0.7905325444
0.9510734677,668,184,171,0.7840375587,0.7961859356,0.7900650503
0.9510570168,668,185,171,0.7831184056,0.7961859356,0.7895981087
0.9510251880,668,186,171,0.7822014052,0.7961859356,0.7891317188
0.9509187937,668,187,171,0.7812865497,0.7961859356,0.7886658796
0.9508486986,669,187,170,0.7815420561,0.7973778308,0.7893805310
0.9508203864,669,188,170,0.7806301050,0.7973778308,0.7889150943
0.9507743716,669,189,170,0.7797202797,0.7973778308,0.7884502062
0.9507658482,669,190,170,0.7788125728,0.7973778308,0.7879858657
0.9507622719,669,191,170,0.7779069767,0.7973778308,0.7875220718
0.9506638050,669,192,170,0.7770034843,0.7973778308,0.7870588235
0.9506350160,669,193,170,0.7761020882,0.7973778308,0.7865961199
0.9506043196,670,193,169,0.7763615295,0.7985697259,0.7873090482
0.9502983689,670,194,169,0.7754629630,0.7985697259,0.7868467410
0.9501572847,670,195,169,0.7745664740,0.7985697259,0.7863849765
0.9500567913,670,196,169,0.7736720554,0.7985697259,0.7859237537
0.9490029216,671,196,168,0.7739331027,0.7997616210,0.7866354045
0.9489499927,671,197,168,0.7730414747,0.7997616210,0.7861745753
0.9488774538,671,198,168,0.7721518987,0.7997616210,0.7857142857
0.9488559961,671,199,168,0.7712643678,0.7997616210,0.7852545348
0.9487944841,672,199,167,0.7715269805,0.8009535161,0.7859649123
0.9487845302,672,200,167,0.7706422018,0.8009535161,0.7855055523
0.9485017061,672,201,167,0.7697594502,0.8009535161,0.7850467290
0.9483731389,672,202,167,0.7688787185,0.8009535161,0.7845884413
0.9480801225,673,202,166,0.7691428571,0.8021454112,0.7852975496
0.9478338361,674,202,165,0.7694063927,0.8033373063,0.7860058309
0.9473796487,675,202,164,0.7696693273,0.8045292014,0.7867132867
0.9471465349,676,202,163,0.7699316629,0.8057210965,0.7874199185
0.9456950426,677,202,162,0.7701934016,0.8069129917,0.7881257276
0.9454724789,678,202,161,0.7704545455,0.8081048868,0.7888307155
0.9454317689,678,203,161,0.7695800227,0.8081048868,0.7883720930
0.9453721046,678,204,161,0.7687074830,0.8081048868,0.7879140035
0.9449868798,678,205,161,0.7678369196,0.8081048868,0.7874564460
0.9447713494,679,205,160,0.7680995475,0.8092967819,0.7881601857
0.9447554350,680,205,159,0.7683615819,0.8104886770,0.7888631090
0.9444957376,680,206,159,0.7674943567,0.8104886770,0.7884057971
0.9441406131,681,206,158,0.7677564825,0.8116805721,0.7891077636
0.9440632463,681,207,158,0.7668918919,0.8116805721,0.7886508396
0.9439553022,681,208,158,0.7660292463,0.8116805721,0.7881944444
0.9438573718,681,209,158,0.7651685393,0.8116805721,0.7877385772
0.9435688257,681,210,158,0.7643097643,0.8116805721,0.7872832370
0.9430065155,681,211,158,0.7634529148,0.8116805721,0.7868284229
0.9428780675,681,212,158,0.7625979843,0.8116805721,0.7863741339
0.9427228570,681,213,158,0.7617449664,0.8116805721,0.7859203693
0.9424842000,681,214,158,0.7608938547,0.8116805721,0.7854671280
0.9424555302,681,215,158,0.7600446429,0.8116805721,0.7850144092
0.9423340559,681,216,158,0.7591973244,0.8116805721,0.7845622120
0.9419736862,682,216,157,0.7594654788,0.8128724672,0.7852619459
0.9416246414,682,217,157,0.7586206897,0.8128724672,0.7848101266
0.9412249327,682,218,157,0.7577777778,0.8128724672,0.7843588269
0.9412027597,682,219,157,0.7569367370,0.8128724672,0.7839080460
0.9410720468,682,220,157,0.7560975610,0.8128724672,0.7834577829
0.9407327771,683,220,156,0.7563676633,0.8140643623,0.7841561424
0.9403538704,684,220,155,0.7566371681,0.8152562574,0.7848537005
0.9402636290,685,220,154,0.7569060773,0.8164481526,0.7855504587
0.9402282238,686,220,153,0.7571743929,0.8176400477,0.7862464183
0.9401493073,686,221,153,0.7563395810,0.8176400477,0.7857961054
0.9399317503,687,221,152,0.7566079295,0.8188319428,0.7864911276
0.9398601651,687,222,152,0.7557755776,0.8188319428,0.7860411899
0.9397726655,687,223,152,0.7549450549,0.8188319428,0.7855917667
0.9394468069,687,224,152,0.7541163557,0.8188319428,0.7851428571
0.9393081665,687,225,152,0.7532894737,0.8188319428,0.7846944603
0.9392241240,688,225,151,0.7535596933,0.8200238379,0.7853881279
0.9390750527,689,225,150,0.7538293217,0.8212157330,0.7860810040
0.9385617971,690,225,149,0.7540983607,0.8224076281,0.7867730901
0.9385273457,690,226,149,0.7532751092,0.8224076281,0.7863247863
0.9380911589,691,226,148,0.7535441658,0.8235995232,0.7870159453
0.9376909733,691,227,148,0.7527233115,0.8235995232,0.7865680137
0.9376559854,691,228,148,0.7519042437,0.8235995232,0.7861205916
0.9373764396,691,229,148,0.7510869565,0.8235995232,0.7856736782
0.9370480776,691,230,148,0.7502714441,0.8235995232,0.7852272727
0.9366945028,692,230,147,0.7505422993,0.8247914184,0.7859170926
0.9365991354,693,230,146,0.7508125677,0.8259833135,0.7866061294
0.9363253117,694,230,145,0.7510822511,0.8271752086,0.7872943846
0.9360411763,694,231,145,0.7502702703,0.8271752086,0.7868480726
0.9357874990,694,232,145,0.7494600432,0.8271752086,0.7864022663
0.9357169271,694,233,145,0.7486515642,0.8271752086,0.7859569649
0.9354892373,694,234,145,0.7478448276,0.8271752086,0.7855121675
0.9351772070,695,234,144,0.7481162540,0.8283671037,0.7861990950
0.9349119663,695,235,144,0.7473118280,0.8283671037,0.7857546637
0.9344906807,695,236,144,0.7465091300,0.8283671037,0.7853107345
0.9338830113,696,236,143,0.7467811159,0.8295589988,0.7859966121
0.9335170984,697,236,142,0.7470525188,0.8307508939,0.7866817156
0.9332210422,697,237,142,0.7462526767,0.8307508939,0.7862380147
0.9330512285,698,237,141,0.7465240642,0.8319427890,0.7869222097
0.9329016805,698,238,141,0.7457264957,0.8319427890,0.7864788732
0.9324233532,698,239,141,0.7449306297,0.8319427890,0.7860360360
0.9324197173,699,239,140,0.7452025586,0.8331346841,0.7867191896
0.9322980642,699,240,140,0.7444089457,0.8331346841,0.7862767154
0.9322071671,699,241,140,0.7436170213,0.8331346841,0.7858347386
0.9320697188,700,241,139,0.7438894793,0.8343265793,0.7865168539
0.9319708347,700,242,139,0.7430997877,0.8343265793,0.7860752386
0.9319139719,700,243,139,0.7423117709,0.8343265793,0.7856341190
0.9318290949,701,243,138,0.7425847458,0.8355184744,0.7863151991
0.9316548109,701,244,138,0.7417989418,0.8355184744,0.7858744395
0.9316339493,701,245,138,0.7410147992,0.8355184744,0.7854341737
0.9308941364,701,246,138,0.7402323126,0.8355184744,0.7849944009
0.9306012392,701,247,138,0.7394514768,0.8355184744,0.7845551203
0.9305573702,701,248,138,0.7386722866,0.8355184744,0.7841163311
0.9300311208,701,249,138,0.7378947368,0.8355184744,0.7836780324
0.9297637939,701,250,138,0.7371188223,0.8355184744,0.7832402235
0.9294574261,701,251,138,0.7363445378,0.8355184744,0.7828029034
0.9270989299,701,252,138,0.7355718783,0.8355184744,0.7823660714
0.9269920588,702,252,137,0.7358490566,0.8367103695,0.7830451757
0.9267485142,702,253,137,0.7350785340,0.8367103695,0.7826086957
0.9266427755,703,253,136,0.7353556485,0.8379022646,0.7832869081
0.9263373613,703,254,136,0.7345872518,0.8379022646,0.7828507795
0.9258844256,703,255,136,0.7338204593,0.8379022646,0.7824151363
0.9258196950,704,255,135,0.7340980188,0.8390941597,0.7830923248
0.9254149795,704,256,135,0.7333333333,0.8390941597,0.7826570317
0.9249103069,704,257,135,0.7325702393,0.8390941597,0.7822222222
0.9246988297,704,258,135,0.7318087318,0.8390941597,0.7817878956
0.9236658812,704,259,135,0.7310488058,0.8390941597,0.7813540511
0.9231094122,704,260,135,0.7302904564,0.8390941597,0.7809206877
0.9230785966,704,261,135,0.7295336788,0.8390941597,0.7804878049
0.9228338599,704,262,135,0.7287784679,0.8390941597,0.7800554017
0.9225445390,704,263,135,0.7280248190,0.8390941597,0.7796234773
0.9214169979,704,264,135,0.7272727273,0.8390941597,0.7791920310
0.9213787317,704,265,135,0.7265221878,0.8390941597,0.7787610619
0.9209368825,704,266,135,0.7257731959,0.8390941597,0.7783305694
0.9207911491,704,267,135,0.7250257467,0.8390941597,0.7779005525
0.9205445647,705,267,134,0.7253086420,0.8402860548,0.7785753727
0.9202083349,706,267,133,0.7255909558,0.8414779499,0.7792494481
0.9195554852,706,268,133,0.7248459959,0.8414779499,0.7788196360
0.9190772176,706,269,133,0.7241025641,0.8414779499,0.7783902977
0.9186880589,706,270,133,0.7233606557,0.8414779499,0.7779614325
0.9184311032,707,270,132,0.7236438076,0.8426698451,0.7786343612
0.9178490639,707,271,132,0.7229038855,0.8426698451,0.7782058338
0.9178349972,707,272,132,0.7221654750,0.8426698451,0.7777777778
0.9175835252,707,273,132,0.7214285714,0.8426698451,0.7773501924
0.9174392819,708,273,131,0.7217125382,0.8438617402,0.7780219780
0.9174277782,708,274,131,0.7209775967,0.8438617402,0.7775947282
0.9173954725,708,275,131,0.7202441506,0.8438617402,0.7771679473
0.9165467620,708,276,131,0.7195121951,0.8438617402,0.7767416347
0.9163312912,708,277,131,0.7187817259,0.8438617402,0.7763157895
0.9160450101,708,278,131,0.7180527383,0.8438617402,0.7758904110
0.9159331918,708,279,131,0.7173252280,0.8438617402,0.7754654984
0.9152553082,709,279,130,0.7176113360,0.8450536353,0.7761357417
0.9149323106,709,280,130,0.7168857432,0.8450536353,0.7757111597
0.9148358107,710,280,129,0.7171717172,0.8462455304,0.7763805358
0.9145339131,710,281,129,0.7164480323,0.8462455304,0.7759562842
0.9143216014,711,281,128,0.7167338710,0.8474374255,0.7766247952
0.9140020013,711,282,128,0.7160120846,0.8474374255,0.7762008734
0.9139041305,711,283,128,0.7152917505,0.8474374255,0.7757774141
0.9131959677,711,284,128,0.7145728643,0.8474374255,0.7753544166
0.9130327702,712,284,127,0.7148594378,0.8486293206,0.7760217984
0.9123663306,712,285,127,0.7141424273,0.8486293206,0.7755991285
0.9122576714,712,286,127,0.7134268537,0.8486293206,0.7751769189
0.9120352864,712,287,127,0.7127127127,0.8486293206,0.7747551687
0.9112674594,713,287,126,0.7130000000,0.8498212157,0.7754214247
0.9111865163,713,288,126,0.7122877123,0.8498212157,0.7750000000
0.9109759331,714,288,125,0.7125748503,0.8510131108,0.7756653992
0.9103424549,714,289,125,0.7118644068,0.8510131108,0.7752442997
0.9103208780,714,290,125,0.7111553785,0.8510131108,0.7748236571
0.9102631211,714,291,125,0.7104477612,0.8510131108,0.7744034707
0.9095116854,714,292,125,0.7097415507,0.8510131108,0.7739837398
0.9092373252,714,293,125,0.7090367428,0.8510131108,0.7735644637
0.9088695645,714,294,125,0.7083333333,0.8510131108,0.7731456416
0.9080439210,714,295,125,0.7076313181,0.8510131108,0.7727272727
0.9075987935,714,296,125,0.7069306931,0.8510131108,0.7723093564
0.9074628949,714,297,125,0.7062314540,0.8510131108,0.7718918919
0.9072010517,714,298,125,0.7055335968,0.8510131108,0.7714748784
0.9071376920,714,299,125,0.7048371175,0.8510131108,0.7710583153
0.9069771171,714,300,125,0.7041420118,0.8510131108,0.7706422018
0.9063270688,714,301,125,0.7034482759,0.8510131108,0.7702265372
0.9061881304,714,302,125,0.7027559055,0.8510131108,0.7698113208
0.9056806564,714,303,125,0.7020648968,0.8510131108,0.7693965517
0.9052686691,714,304,125,0.7013752456,0.8510131108,0.7689822294
0.9050482512,714,305,125,0.7006869480,0.8510131108,0.7685683531
0.9040398002,714,306,125,0.7000000000,0.8510131108,0.7681549220
0.9034138918,715,306,124,0.7002938296,0.8522050060,0.7688172043
0.9029084444,715,307,124,0.6996086106,0.8522050060,0.7684040838
0.9011099935,715,308,124,0.6989247312,0.8522050060,0.7679914071
0.9006431103,715,309,124,0.6982421875,0.8522050060,0.7675791734
0.9001265764,715,310,124,0.6975609756,0.8522050060,0.7671673820
0.8999863267,715,311,124,0.6968810916,0.8522050060,0.7667560322
0.8999545574,715,312,124,0.6962025316,0.8522050060,0.7663451233
0.8996850848,715,313,124,0.6955252918,0.8522050060,0.7659346545
0.8995475173,715,314,124,0.6948493683,0.8522050060,0.7655246253
0.8989009261,715,315,124,0.6941747573,0.8522050060,0.7651150348
0.8987231255,715,316,124,0.6935014549,0.8522050060,0.7647058824
0.8985758424,715,317,124,0.6928294574,0.8522050060,0.7642971673
0.8984279037,715,318,124,0.6921587609,0.8522050060,0.7638888889
0.8980630040,715,319,124,0.6914893617,0.8522050060,0.7634810464
0.8980368376,715,320,124,0.6908212560,0.8522050060,0.7630736393
0.8971712589,715,321,124,0.6901544402,0.8522050060,0.7626666667
0.8965477347,715,322,124,0.6894889103,0.8522050060,0.7622601279
0.8964681029,716,322,123,0.6897880539,0.8533969011,0.7629195525
0.8956727982,716,323,123,0.6891241578,0.8533969011,0.7625133120
0.8939678669,716,324,123,0.6884615385,0.8533969011,0.7621075040
0.8939290643,716,325,123,0.6878001921,0.8533969011,0.7617021277
0.8927823305,717,325,122,0.6880998081,0.8545887962,0.7623604466
0.8921279907,717,326,122,0.6874400767,0.8545887962,0.7619553666
0.8919144869,718,326,121,0.6877394636,0.8557806913,0.7626128518
0.8911076188,718,327,121,0.6870813397,0.8557806913,0.7622080679
0.8910355568,718,328,121,0.6864244742,0.8557806913,0.7618037135
0.8906673789,718,329,121,0.6857688634,0.8557806913,0.7613997879
0.8898176551,718,330,121,0.6851145038,0.8557806913,0.7609962904
0.8897761703,718,331,121,0.6844613918,0.8557806913,0.7605932203
0.8892144561,718,332,121,0.6838095238,0.8557806913,0.7601905770
0.8892086744,718,333,121,0.6831588963,0.8557806913,0.7597883598
0.8885674477,718,334,121,0.6825095057,0.8557806913,0.7593865680
0.8882324100,719,334,120,0.6828110161,0.8569725864,0.7600422833
0.8877307177,719,335,120,0.6821631879,0.8569725864,0.7596407818
0.8873692155,719,336,120,0.6815165877,0.8569725864,0.7592397043
0.8867118359,719,337,120,0.6808712121,0.8569725864,0.7588390501
0.8865827322,719,338,120,0.6802270577,0.8569725864,0.7584388186
0.8865811825,719,339,120,0.6795841210,0.8569725864,0.7580390090
0.8859513402,719,340,120,0.6789423985,0.8569725864,0.7576396207
0.8859201670,719,341,120,0.6783018868,0.8569725864,0.7572406530
0.8846521378,719,342,120,0.6776625825,0.8569725864,0.7568421053
0.8846081495,719,343,120,0.6770244821,0.8569725864,0.7564439769
0.8845756650,719,344,120,0.6763875823,0.8569725864,0.7560462671
0.8845068216,719,345,120,0.6757518797,0.8569725864,0.7556489753
0.8834507465,719,346,120,0.6751173709,0.8569725864,0.7552521008
0.8833770156,719,347,120,0.6744840525,0.8569725864,0.7548556430
0.8829644322,719,348,120,0.6738519213,0.8569725864,0.7544596013
0.8817566633,719,349,120,0.6732209738,0.8569725864,0.7540639748
0.8802230358,720,349,119,0.6735266604,0.8581644815,0.7547169811
0.8801786900,720,350,119,0.6728971963,0.8581644815,0.7543216344
0.8790007830,720,351,119,0.6722689076,0.8581644815,0.7539267016
0.8780490756,720,352,119,0.6716417910,0.8581644815,0.7535321821
0.8743437529,720,353,119,0.6710158434,0.8581644815,0.7531380753
0.8739837408,721,353,118,0.6713221601,0.8593563766,0.7537898589
0.8739612699,723,354,116,0.6713091922,0.8617401669,0.7546972860
0.8734359145,724,354,115,0.6716141002,0.8629320620,0.7553468962
0.8729767203,724,355,115,0.6709916589,0.8629320620,0.7549530761
0.8729652762,724,356,115,0.6703703704,0.8629320620,0.7545596665
0.8726438880,724,357,115,0.6697502313,0.8629320620,0.7541666667
0.8725503087,724,358,115,0.6691312384,0.8629320620,0.7537740760
0.8724915981,724,359,115,0.6685133887,0.8629320620,0.7533818939
0.8719477057,725,359,114,0.6688191882,0.8641239571,0.7540301612
0.8713467717,725,360,114,0.6682027650,0.8641239571,0.7536382536
0.8710801601,725,361,114,0.6675874770,0.8641239571,0.7532467532
0.8708471656,725,362,114,0.6669733211,0.8641239571,0.7528556594
0.8705684543,725,363,114,0.6663602941,0.8641239571,0.7524649715
0.8702245355,725,364,114,0.6657483930,0.8641239571,0.7520746888
0.8699741364,725,365,114,0.6651376147,0.8641239571,0.7516848108
0.8696058989,725,366,114,0.6645279560,0.8641239571,0.7512953368
0.8691244721,725,367,114,0.6639194139,0.8641239571,0.7509062662
0.8675093651,725,368,114,0.6633119854,0.8641239571,0.7505175983
0.8673276901,725,369,114,0.6627056673,0.8641239571,0.7501293326
0.8671990633,725,370,114,0.6621004566,0.8641239571,0.7497414685
0.8661789298,725,371,114,0.6614963504,0.8641239571,0.7493540052
0.8661777973,725,372,114,0.6608933455,0.8641239571,0.7489669421
0.8656448126,725,373,114,0.6602914390,0.8641239571,0.7485802788
0.8654065132,725,374,114,0.6596906278,0.8641239571,0.7481940144
0.8651431799,725,375,114,0.6590909091,0.8641239571,0.7478081485
0.8630292416,725,376,114,0.6584922797,0.8641239571,0.7474226804
0.8625885248,725,377,114,0.6578947368,0.8641239571,0.7470376095
0.8620643616,725,378,114,0.6572982774,0.8641239571,0.7466529351
0.8616933227,725,379,114,0.6567028986,0.8641239571,0.7462686567
0.8616601825,725,380,114,0.6561085973,0.8641239571,0.7458847737
0.8608049750,725,381,114,0.6555153707,0.8641239571,0.7455012853
0.8606720567,725,382,114,0.6549232159,0.8641239571,0.7451181912
0.8604526520,725,383,114,0.6543321300,0.8641239571,0.7447354905
0.8603259921,725,384,114,0.6537421100,0.8641239571,0.7443531828
0.8595253229,725,385,114,0.6531531532,0.8641239571,0.7439712673
0.8585348725,725,386,114,0.6525652565,0.8641239571,0.7435897436
0.8585340381,725,387,114,0.6519784173,0.8641239571,0.7432086110
0.8584552407,725,388,114,0.6513926325,0.8641239571,0.7428278689
0.8575156927,725,389,114,0.6508078995,0.8641239571,0.7424475166
0.8573921323,726,389,113,0.6511210762,0.8653158522,0.7430910952
0.8562352061,726,390,113,0.6505376344,0.8653158522,0.7427109974
0.8557525277,726,391,113,0.6499552372,0.8653158522,0.7423312883
0.8556957841,726,392,113,0.6493738819,0.8653158522,0.7419519673
0.8550016284,727,392,112,0.6496872207,0.8665077473,0.7425944842
0.8538448215,727,393,112,0.6491071429,0.8665077473,0.7422154160
0.8536040783,727,394,112,0.6485280999,0.8665077473,0.7418367347
0.8520759940,727,395,112,0.6479500891,0.8665077473,0.7414584396
0.8504790068,727,396,112,0.6473731077,0.8665077473,0.7410805301
0.8500430584,727,397,112,0.6467971530,0.8665077473,0.7407030056
0.8489758968,728,397,111,0.6471111111,0.8676996424,0.7413441955
0.8487552404,728,398,111,0.6465364121,0.8676996424,0.7409669211
0.8480385542,728,399,111,0.6459627329,0.8676996424,0.7405900305
0.8475267887,728,400,111,0.6453900709,0.8676996424,0.7402135231
0.8446589708,729,400,110,0.6457041630,0.8688915375,0.7408536585
0.8443018794,729,401,110,0.6451327434,0.8688915375,0.7404773997
0.8438330889,729,402,110,0.6445623342,0.8688915375,0.7401015228
0.8435851336,729,403,110,0.6439929329,0.8688915375,0.7397260274
0.8415863514,729,404,110,0.6434245366,0.8688915375,0.7393509128
0.8405531645,729,405,110,0.6428571429,0.8688915375,0.7389761784
0.8393756151,729,406,110,0.6422907489,0.8688915375,0.7386018237
0.8368887305,729,407,110,0.6417253521,0.8688915375,0.7382278481
0.8354685307,729,408,110,0.6411609499,0.8688915375,0.7378542510
0.8351976275,729,409,110,0.6405975395,0.8688915375,0.7374810319
0.8349927664,729,410,110,0.6400351185,0.8688915375,0.7371081901
0.8338596225,729,411,110,0.6394736842,0.8688915375,0.7367357251
0.8303142786,729,412,110,0.6389132340,0.8688915375,0.7363636364
0.8281138539,729,413,110,0.6383537653,0.8688915375,0.7359919233
0.8269622326,729,414,110,0.6377952756,0.8688915375,0.7356205853
0.8268746138,729,415,110,0.6372377622,0.8688915375,0.7352496218
0.8262937069,729,416,110,0.6366812227,0.8688915375,0.7348790323
0.8249610066,729,417,110,0.6361256545,0.8688915375,0.7345088161
0.8247046471,729,418,110,0.6355710549,0.8688915375,0.7341389728
0.8224365711,729,419,110,0.6350174216,0.8688915375,0.7337695018
0.8223477006,729,420,110,0.6344647520,0.8688915375,0.7334004024
0.8194217682,729,421,110,0.6339130435,0.8688915375,0.7330316742
0.8194095492,729,422,110,0.6333622937,0.8688915375,0.7326633166
0.8185858727,729,423,110,0.6328125000,0.8688915375,0.7322953290
0.8181579709,729,424,110,0.6322636600,0.8688915375,0.7319277108
0.8158714175,729,425,110,0.6317157712,0.8688915375,0.7315604616
0.8152241111,729,426,110,0.6311688312,0.8688915375,0.7311935807
0.8151776195,729,427,110,0.6306228374,0.8688915375,0.7308270677
0.8151540756,729,428,110,0.6300777874,0.8688915375,0.7304609218
0.8148347735,729,429,110,0.6295336788,0.8688915375,0.7300951427
0.8136597872,729,430,110,0.6289905091,0.8688915375,0.7297297297
0.8134020567,729,431,110,0.6284482759,0.8688915375,0.7293646823
0.8116810918,729,432,110,0.6279069767,0.8688915375,0.7290000000
0.8096078038,729,433,110,0.6273666093,0.8688915375,0.7286356822
0.8092854619,729,434,110,0.6268271711,0.8688915375,0.7282717283
0.8091192245,729,435,110,0.6262886598,0.8688915375,0.7279081378
0.8084811568,729,436,110,0.6257510730,0.8688915375,0.7275449102
0.8076596260,729,437,110,0.6252144082,0.8688915375,0.7271820449
0.8072707653,729,438,110,0.6246786632,0.8688915375,0.7268195414
0.8059577942,729,439,110,0.6241438356,0.8688915375,0.7264573991
0.8039110303,729,440,110,0.6236099230,0.8688915375,0.7260956175
0.8015096784,729,441,110,0.6230769231,0.8688915375,0.7257341961
0.8000929356,729,442,110,0.6225448335,0.8688915375,0.7253731343
0.7977206707,729,443,110,0.6220136519,0.8688915375,0.7250124316
0.7972648144,729,444,110,0.6214833760,0.8688915375,0.7246520875
0.7965925336,729,445,110,0.6209540034,0.8688915375,0.7242921013
0.7963800430,729,446,110,0.6204255319,0.8688915375,0.7239324727
0.7953057289,729,447,110,0.6198979592,0.8688915375,0.7235732010
0.7951808572,729,448,110,0.6193712829,0.8688915375,0.7232142857
0.7942376137,729,449,110,0.6188455008,0.8688915375,0.7228557263
0.7932657599,729,450,110,0.6183206107,0.8688915375,0.7224975223
0.7932237983,729,451,110,0.6177966102,0.8688915375,0.7221396731
0.7926536798,730,451,109,0.6181202371,0.8700834327,0.7227722772
0.7893150449,732,452,107,0.6182432432,0.8724672229,0.7236777064
0.7876808643,732,453,107,0.6177215190,0.8724672229,0.7233201581
0.7862855792,733,453,106,0.6180438449,0.8736591180,0.7239506173
0.7860428095,733,454,106,0.6175231676,0.8736591180,0.7235932873
0.7821878195,733,455,106,0.6170033670,0.8736591180,0.7232363098
0.7819188237,733,456,106,0.6164844407,0.8736591180,0.7228796844
0.7807447314,733,457,106,0.6159663866,0.8736591180,0.7225234105
0.7805846334,733,458,106,0.6154492024,0.8736591180,0.7221674877
0.7760848403,733,459,106,0.6149328859,0.8736591180,0.7218119153
0.7749699950,733,460,106,0.6144174350,0.8736591180,0.7214566929
0.7745189667,733,461,106,0.6139028476,0.8736591180,0.7211018200
0.7745164037,733,462,106,0.6133891213,0.8736591180,0.7207472960
0.7734597325,733,463,106,0.6128762542,0.8736591180,0.7203931204
0.7698615193,746,470,93,0.6134868421,0.8891537545,0.7260340633
0.7696168423,746,471,93,0.6129827445,0.8891537545,0.7256809339
0.7676403522,746,472,93,0.6124794745,0.8891537545,0.7253281478
0.7663542032,746,473,93,0.6119770304,0.8891537545,0.7249757046
0.7630696893,746,474,93,0.6114754098,0.8891537545,0.7246236037
0.7585102916,746,475,93,0.6109746110,0.8891537545,0.7242718447
0.7565697432,746,476,93,0.6104746318,0.8891537545,0.7239204270
0.7558204532,746,477,93,0.6099754702,0.8891537545,0.7235693501
0.7544349432,746,478,93,0.6094771242,0.8891537545,0.7232186137
0.7542184591,746,479,93,0.6089795918,0.8891537545,0.7228682171
0.7539703846,746,480,93,0.6084828711,0.8891537545,0.7225181598
0.7538142800,746,481,93,0.6079869601,0.8891537545,0.7221684414
0.7518889904,746,482,93,0.6074918567,0.8891537545,0.7218190614
0.7514539957,746,483,93,0.6069975590,0.8891537545,0.7214700193
0.7491849661,746,484,93,0.6065040650,0.8891537545,0.7211213146
0.7464072704,746,485,93,0.6060113729,0.8891537545,0.7207729469
0.7461519241,746,486,93,0.6055194805,0.8891537545,0.7204249155
0.7454347610,746,487,93,0.6050283861,0.8891537545,0.7200772201
0.7450830340,746,488,93,0.6045380875,0.8891537545,0.7197298601
0.7445609570,746,489,93,0.6040485830,0.8891537545,0.7193828351
0.7434544563,746,490,93,0.6035598706,0.8891537545,0.7190361446
0.7433875203,746,491,93,0.6030719483,0.8891537545,0.7186897881
0.7416362762,746,492,93,0.6025848142,0.8891537545,0.7183437650
0.7412347198,746,493,93,0.6020984665,0.8891537545,0.7179980751
0.7371699214,746,494,93,0.6016129032,0.8891537545,0.7176527177
0.7371582985,747,494,92,0.6019339243,0.8903456496,0.7182692308
0.7327158451,747,495,92,0.6014492754,0.8903456496,0.7179240750
0.7313817739,747,496,92,0.6009654063,0.8903456496,0.7175792507
0.7282489538,747,497,92,0.6004823151,0.8903456496,0.7172347576
0.7262351513,747,498,92,0.6000000000,0.8903456496,0.7168905950
0.7251902819,747,499,92,0.5995184591,0.8903456496,0.7165467626
0.7251626849,747,500,92,0.5990376905,0.8903456496,0.7162032598
0.7244507670,747,501,92,0.5985576923,0.8903456496,0.7158600862
0.7191230655,748,501,91,0.5988791033,0.8915375447,0.7164750958
0.7186028957,748,502,91,0.5984000000,0.8915375447,0.7161321206
0.7176319957,748,503,91,0.5979216627,0.8915375447,0.7157894737
0.7154781818,748,504,91,0.5974440895,0.8915375447,0.7154471545
0.7126606107,748,505,91,0.5969672785,0.8915375447,0.7151051625
0.7093810439,748,506,91,0.5964912281,0.8915375447,0.7147634974
0.7089917660,748,507,91,0.5960159363,0.8915375447,0.7144221585
0.7065508962,748,508,91,0.5955414013,0.8915375447,0.7140811456
0.7046178579,748,509,91,0.5950676213,0.8915375447,0.7137404580
0.7024487257,748,510,91,0.5945945946,0.8915375447,0.7134000954
0.7008140087,748,511,91,0.5941223193,0.8915375447,0.7130600572
0.6973369122,748,512,91,0.5936507937,0.8915375447,0.7127203430
0.6916873455,748,513,91,0.5931800159,0.8915375447,0.7123809524
0.6913207173,749,513,90,0.5935023772,0.8927294398,0.7129938125
0.6907907724,749,514,90,0.5930324624,0.8927294398,0.7126546147
0.6900560260,749,515,90,0.5925632911,0.8927294398,0.7123157394
0.6889716387,749,516,90,0.5920948617,0.8927294398,0.7119771863
0.6885824203,749,517,90,0.5916271722,0.8927294398,0.7116389549
0.6872293353,749,518,90,0.5911602210,0.8927294398,0.7113010446
0.6866338849,749,519,90,0.5906940063,0.8927294398,0.7109634551
0.6855503321,749,520,90,0.5902285264,0.8927294398,0.7106261860
0.6833241582,749,521,90,0.5897637795,0.8927294398,0.7102892366
0.6820888519,749,522,90,0.5892997640,0.8927294398,0.7099526066
0.6776779294,749,523,90,0.5888364780,0.8927294398,0.7096162956
0.6776105762,749,524,90,0.5883739199,0.8927294398,0.7092803030
0.6764002442,749,525,90,0.5879120879,0.8927294398,0.7089446285
0.6762018204,749,526,90,0.5874509804,0.8927294398,0.7086092715
0.6761000156,749,527,90,0.5869905956,0.8927294398,0.7082742317
0.6738214493,749,528,90,0.5865309319,0.8927294398,0.7079395085
0.6722640991,749,529,90,0.5860719875,0.8927294398,0.7076051016
0.6715530157,749,530,90,0.5856137608,0.8927294398,0.7072710104
0.6706629395,749,531,90,0.5851562500,0.8927294398,0.7069372345
0.6693024039,749,532,90,0.5846994536,0.8927294398,0.7066037736
0.6689058542,749,533,90,0.5842433697,0.8927294398,0.7062706271
0.6683009863,749,534,90,0.5837879969,0.8927294398,0.7059377945
0.6675052643,749,535,90,0.5833333333,0.8927294398,0.7056052756
0.6672768593,749,536,90,0.5828793774,0.8927294398,0.7052730697
0.6666258574,749,537,90,0.5824261275,0.8927294398,0.7049411765
0.6663664579,750,537,89,0.5827505828,0.8939213349,0.7055503293
0.6646045446,755,543,84,0.5816640986,0.8998808105,0.7065980346
0.6622761488,755,544,84,0.5812163202,0.8998808105,0.7062675398
0.6594681144,755,548,84,0.5794320798,0.8998808105,0.7049486461
0.6576986313,755,549,84,0.5789877301,0.8998808105,0.7046196920
0.6553592086,755,550,84,0.5785440613,0.8998808105,0.7042910448
0.6541153193,755,551,84,0.5781010720,0.8998808105,0.7039627040
0.6528394222,755,552,84,0.5776587605,0.8998808105,0.7036346692
0.6517224908,755,553,84,0.5772171254,0.8998808105,0.7033069399
0.6497659087,755,554,84,0.5767761650,0.8998808105,0.7029795158
0.6457434297,755,555,84,0.5763358779,0.8998808105,0.7026523965
0.6455569267,755,556,84,0.5758962624,0.8998808105,0.7023255814
0.6442868114,755,557,84,0.5754573171,0.8998808105,0.7019990702
0.6423622370,755,558,84,0.5750190404,0.8998808105,0.7016728625
0.6407175064,755,559,84,0.5745814307,0.8998808105,0.7013469577
0.6397745013,755,560,84,0.5741444867,0.8998808105,0.7010213556
0.6396874785,755,561,84,0.5737082067,0.8998808105,0.7006960557
0.6347324252,755,562,84,0.5732725892,0.8998808105,0.7003710575
0.6331553459,755,563,84,0.5728376328,0.8998808105,0.7000463607
0.6282274723,755,564,84,0.5724033359,0.8998808105,0.6997219648
0.6270670295,755,565,84,0.5719696970,0.8998808105,0.6993978694
0.6265110970,755,566,84,0.5715367146,0.8998808105,0.6990740741
0.6261202097,755,567,84,0.5711043873,0.8998808105,0.6987505784
0.6254092455,755,568,84,0.5706727135,0.8998808105,0.6984273821
0.6246477365,755,569,84,0.5702416918,0.8998808105,0.6981044845
0.6189335585,755,570,84,0.5698113208,0.8998808105,0.6977818854
0.6182625294,755,571,84,0.5693815988,0.8998808105,0.6974595843
0.6159086227,755,572,84,0.5689525245,0.8998808105,0.6971375808
0.6146117449,755,573,84,0.5685240964,0.8998808105,0.6968158745
0.6143653989,755,574,84,0.5680963130,0.8998808105,0.6964944649
0.6096500754,755,575,84,0.5676691729,0.8998808105,0.6961733518
0.6094586253,755,576,84,0.5672426747,0.8998808105,0.6958525346
0.6090079546,755,577,84,0.5668168168,0.8998808105,0.6955320129
0.6085399389,755,578,84,0.5663915979,0.8998808105,0.6952117864
0.6047731042,755,579,84,0.5659670165,0.8998808105,0.6948918546
0.6010244489,755,580,84,0.5655430712,0.8998808105,0.6945722171
0.6003155708,755,581,84,0.5651197605,0.8998808105,0.6942528736
0.5976091027,755,582,84,0.5646970830,0.8998808105,0.6939338235
0.5949410200,755,583,84,0.5642750374,0.8998808105,0.6936150666
0.5931997299,755,584,84,0.5638536221,0.8998808105,0.6932966024
0.5910207033,755,585,84,0.5634328358,0.8998808105,0.6929784305
0.5908986926,755,586,84,0.5630126771,0.8998808105,0.6926605505
0.5908850431,755,587,84,0.5625931446,0.8998808105,0.6923429619
0.5867938995,755,588,84,0.5621742368,0.8998808105,0.6920256645
0.5849474669,755,589,84,0.5617559524,0.8998808105,0.6917086578
0.5845431089,755,590,84,0.5613382900,0.8998808105,0.6913919414
0.5831564069,756,590,83,0.5616641902,0.9010727056,0.6919908467
0.5800083876,756,591,83,0.5612472160,0.9010727056,0.6916742909
0.5763565302,756,592,83,0.5608308605,0.9010727056,0.6913580247
0.5740803480,756,593,83,0.5604151223,0.9010727056,0.6910420475
0.5724418163,756,594,83,0.5600000000,0.9010727056,0.6907263591
0.5716484189,756,595,83,0.5595854922,0.9010727056,0.6904109589
0.5713590384,756,596,83,0.5591715976,0.9010727056,0.6900958466
0.5698797703,756,597,83,0.5587583149,0.9010727056,0.6897810219
0.5685869455,756,598,83,0.5583456425,0.9010727056,0.6894664843
0.5670720339,756,599,83,0.5579335793,0.9010727056,0.6891522334
0.5664380789,756,600,83,0.5575221239,0.9010727056,0.6888382688
0.5662514567,756,601,83,0.5571112749,0.9010727056,0.6885245902
0.5648077726,757,601,82,0.5574374080,0.9022646007,0.6891215294
0.5638667941,757,602,82,0.5570272259,0.9022646007,0.6888080073
0.5615683198,757,603,82,0.5566176471,0.9022646007,0.6884947704
0.5614363551,757,604,82,0.5562086701,0.9022646007,0.6881818182
0.5604613423,757,605,82,0.5558002937,0.9022646007,0.6878691504
0.5586603880,757,606,82,0.5553925165,0.9022646007,0.6875567666
0.5584390759,757,607,82,0.5549853372,0.9022646007,0.6872446664
0.5576493144,757,608,82,0.5545787546,0.9022646007,0.6869328494
0.5576235652,757,609,82,0.5541727672,0.9022646007,0.6866213152
0.5569095612,757,610,82,0.5537673738,0.9022646007,0.6863100635
0.5561278462,757,611,82,0.5533625731,0.9022646007,0.6859990938
0.5537929535,762,632,77,0.5466284075,0.9082240763,0.6824899239
0.5534766912,762,633,77,0.5462365591,0.9082240763,0.6821844226
0.5502069592,762,634,77,0.5458452722,0.9082240763,0.6818791946
0.5497907996,762,635,77,0.5454545455,0.9082240763,0.6815742397
0.5491176248,762,636,77,0.5450643777,0.9082240763,0.6812695574
0.5446525812,762,637,77,0.5446747677,0.9082240763,0.6809651475
0.5427812934,762,638,77,0.5442857143,0.9082240763,0.6806610094
0.5399318337,762,639,77,0.5438972163,0.9082240763,0.6803571429
0.5338953733,762,640,77,0.5435092725,0.9082240763,0.6800535475
0.5254598856,762,641,77,0.5431218817,0.9082240763,0.6797502230
0.5252621174,762,642,77,0.5427350427,0.9082240763,0.6794471690
0.5224719644,762,643,77,0.5423487544,0.9082240763,0.6791443850
0.5220236778,762,644,77,0.5419630156,0.9082240763,0.6788418708
0.5185486674,762,645,77,0.5415778252,0.9082240763,0.6785396260
0.5169473290,762,646,77,0.5411931818,0.9082240763,0.6782376502
0.5141648054,762,647,77,0.5408090845,0.9082240763,0.6779359431
0.5121143460,762,648,77,0.5404255319,0.9082240763,0.6776345042
0.5087069273,762,649,77,0.5400425230,0.9082240763,0.6773333333
0.5080988407,763,649,76,0.5403682720,0.9094159714,0.6779209240
0.5074934363,763,650,76,0.5399858457,0.9094159714,0.6776198934
0.5059565902,763,651,76,0.5396039604,0.9094159714,0.6773191300
0.5034121275,763,652,76,0.5392226148,0.9094159714,0.6770186335
0.5009936094,771,662,68,0.5380321005,0.9189511323,0.6786971831
0.4982556999,771,663,68,0.5376569038,0.9189511323,0.6783985922
0.4956242740,771,664,68,0.5372822300,0.9189511323,0.6781002639
0.4955024421,771,665,68,0.5369080780,0.9189511323,0.6778021978
0.4913845956,771,666,68,0.5365344468,0.9189511323,0.6775043937
0.4908459187,771,667,68,0.5361613352,0.9189511323,0.6772068511
0.4878709316,771,668,68,0.5357887422,0.9189511323,0.6769095698
0.4875004292,771,669,68,0.5354166667,0.9189511323,0.6766125494
0.4848353863,771,670,68,0.5350451076,0.9189511323,0.6763157895
0.4842323959,772,670,67,0.5353675451,0.9201430274,0.6768960982
0.4807186723,772,671,67,0.5349965350,0.9201430274,0.6765994741
0.4795309007,772,672,67,0.5346260388,0.9201430274,0.6763031099
0.4795024991,772,673,67,0.5342560554,0.9201430274,0.6760070053
0.4788974524,772,674,67,0.5338865837,0.9201430274,0.6757111597
0.4785580039,772,675,67,0.5335176227,0.9201430274,0.6754155731
0.4773797095,773,675,66,0.5338397790,0.9213349225,0.6759947530
0.4771988690,782,688,57,0.5319727891,0.9320619785,0.6773495019
0.4771537185,782,689,57,0.5316111489,0.9320619785,0.6770562771
0.4761675000,782,690,57,0.5312500000,0.9320619785,0.6767633059
0.4744269252,782,691,57,0.5308893415,0.9320619785,0.6764705882
0.4728139937,782,692,57,0.5305291723,0.9320619785,0.6761781236
0.4711195529,782,693,57,0.5301694915,0.9320619785,0.6758859118
0.4640540779,782,694,57,0.5298102981,0.9320619785,0.6755939525
0.4613505006,782,695,57,0.5294515911,0.9320619785,0.6753022453
0.4588616788,782,696,57,0.5290933694,0.9320619785,0.6750107898
0.4567334950,782,697,57,0.5287356322,0.9320619785,0.6747195858
0.4522759020,782,698,57,0.5283783784,0.9320619785,0.6744286330
0.4453466237,782,699,57,0.5280216070,0.9320619785,0.6741379310
0.4383352101,782,700,57,0.5276653171,0.9320619785,0.6738474795
0.4374875426,782,701,57,0.5273095078,0.9320619785,0.6735572782
0.4366411269,782,702,57,0.5269541779,0.9320619785,0.6732673267
0.4358253181,782,703,57,0.5265993266,0.9320619785,0.6729776248
0.4356100261,782,704,57,0.5262449529,0.9320619785,0.6726881720
0.4349207282,786,714,53,0.5240000000,0.9368295590,0.6720820864
0.4338813126,786,715,53,0.5236508994,0.9368295590,0.6717948718
0.4263244569,786,716,53,0.5233022636,0.9368295590,0.6715079026
0.4255846739,786,717,53,0.5229540918,0.9368295590,0.6712211785
0.4242831767,786,718,53,0.5226063830,0.9368295590,0.6709346991
0.4231380820,786,719,53,0.5222591362,0.9368295590,0.6706484642
0.4195701778,786,720,53,0.5219123506,0.9368295590,0.6703624733
0.4165118337,786,721,53,0.5215660252,0.9368295590,0.6700767263
0.4156630635,786,722,53,0.5212201592,0.9368295590,0.6697912228
0.4089147151,786,723,53,0.5208747515,0.9368295590,0.6695059625
0.4080826640,786,724,53,0.5205298013,0.9368295590,0.6692209451
0.4042299986,786,725,53,0.5201853077,0.9368295590,0.6689361702
0.4022151828,786,726,53,0.5198412698,0.9368295590,0.6686516376
0.3998901844,786,727,53,0.5194976867,0.9368295590,0.6683673469
0.3998004496,786,728,53,0.5191545575,0.9368295590,0.6680832979
0.3989852667,786,729,53,0.5188118812,0.9368295590,0.6677994902
0.3988318443,786,730,53,0.5184696570,0.9368295590,0.6675159236
0.3986587226,786,731,53,0.5181278840,0.9368295590,0.6672325976
0.3945761323,786,732,53,0.5177865613,0.9368295590,0.6669495121
0.3900745511,786,733,53,0.5174456880,0.9368295590,0.6666666667
0.3834308684,786,734,53,0.5171052632,0.9368295590,0.6663840610
0.3707726598,786,735,53,0.5167652860,0.9368295590,0.6661016949
0.3658528626,786,736,53,0.5164257556,0.9368295590,0.6658195680
0.3652590215,786,737,53,0.5160866710,0.9368295590,0.6655376799
0.3571150303,786,738,53,0.5157480315,0.9368295590,0.6652560305
0.3542835712,786,739,53,0.5154098361,0.9368295590,0.6649746193
0.3533883989,786,740,53,0.5150720839,0.9368295590,0.6646934461
0.3508178294,786,741,53,0.5147347741,0.9368295590,0.6644125106
0.3469031453,786,742,53,0.5143979058,0.9368295590,0.6641318124
0.3447634280,786,743,53,0.5140614781,0.9368295590,0.6638513514
0.3428937495,786,744,53,0.5137254902,0.9368295590,0.6635711271
0.3399314284,786,745,53,0.5133899412,0.9368295590,0.6632911392
0.3392695487,786,746,53,0.5130548303,0.9368295590,0.6630113876
0.3363637328,786,747,53,0.5127201566,0.9368295590,0.6627318718
0.3341902196,786,748,53,0.5123859192,0.9368295590,0.6624525917
0.3306168318,786,749,53,0.5120521173,0.9368295590,0.6621735468
0.3304589689,786,750,53,0.5117187500,0.9368295590,0.6618947368
0.3269284964,786,751,53,0.5113858165,0.9368295590,0.6616161616
0.3247952163,786,752,53,0.5110533160,0.9368295590,0.6613378208
0.3211448491,786,753,53,0.5107212476,0.9368295590,0.6610597140
0.3200727701,786,754,53,0.5103896104,0.9368295590,0.6607818411
0.3184941113,786,755,53,0.5100584036,0.9368295590,0.6605042017
0.3149309754,788,775,51,0.5041586692,0.9392133492,0.6561199001
0.3127536476,788,776,51,0.5038363171,0.9392133492,0.6558468581
0.3085061610,788,777,51,0.5035143770,0.9392133492,0.6555740433
0.3073152304,788,778,51,0.5031928480,0.9392133492,0.6553014553
0.3068251312,788,779,51,0.5028717294,0.9392133492,0.6550290939
0.3044257462,788,780,51,0.5025510204,0.9392133492,0.6547569589
0.3038747609,788,781,51,0.5022307202,0.9392133492,0.6544850498
0.3024678230,789,781,50,0.5025477707,0.9404052443,0.6550435866
0.3009537756,801,792,38,0.5028248588,0.9547079857,0.6587171053
0.3002239466,801,793,38,0.5025094103,0.9547079857,0.6584463625
0.2981552780,812,796,27,0.5049751244,0.9678188319,0.6636697998
0.2970050275,812,797,27,0.5046612803,0.9678188319,0.6633986928
0.2966825962,812,798,27,0.5043478261,0.9678188319,0.6631278073
0.2961680293,812,799,27,0.5040347610,0.9678188319,0.6628571429
0.2955883741,812,800,27,0.5037220844,0.9678188319,0.6625866993
0.2950763106,812,801,27,0.5034097954,0.9678188319,0.6623164763
0.2940587103,812,802,27,0.5030978934,0.9678188319,0.6620464737
0.2923987806,812,803,27,0.5027863777,0.9678188319,0.6617766911
0.2887709141,812,804,27,0.5024752475,0.9678188319,0.6615071283
0.2870105207,812,805,27,0.5021645022,0.9678188319,0.6612377850
0.2854769826,812,806,27,0.5018541409,0.9678188319,0.6609686610
0.2836953104,812,807,27,0.5015441631,0.9678188319,0.6606997559
0.2814116478,812,808,27,0.5012345679,0.9678188319,0.6604310695
0.2765162885,812,809,27,0.5009253547,0.9678188319,0.6601626016
0.2765120864,812,810,27,0.5006165228,0.9678188319,0.6598943519
0.2754880488,812,811,27,0.5003080715,0.9678188319,0.6596263201
0.2734684646,812,812,27,0.5000000000,0.9678188319,0.6593585059
0.2649705410,812,813,27,0.4996923077,0.9678188319,0.6590909091
0.2629303932,813,813,26,0.5000000000,0.9690107271,0.6596348884
0.2591138482,819,814,20,0.5015309247,0.9761620977,0.6626213592
0.2544522285,819,815,20,0.5012239902,0.9761620977,0.6623534169
0.2533869445,819,816,20,0.5009174312,0.9761620977,0.6620856912
0.2522295117,819,817,20,0.5006112469,0.9761620977,0.6618181818
0.2520519495,819,818,20,0.5003054368,0.9761620977,0.6615508885
0.2497650832,819,819,20,0.5000000000,0.9761620977,0.6612838111
0.2496008575,820,822,19,0.4993909866,0.9773539928,0.6610237807
0.2473525107,820,823,19,0.4990870359,0.9773539928,0.6607574537
0.2456084192,821,823,18,0.4993917275,0.9785458880,0.6612968184
0.2429931164,827,837,12,0.4969951923,0.9856972586,0.6608070316
0.2415455878,827,838,12,0.4966966967,0.9856972586,0.6605431310
0.2407377958,827,839,12,0.4963985594,0.9856972586,0.6602794411
0.2399726510,827,840,12,0.4961007798,0.9856972586,0.6600159617
0.2390134186,827,841,12,0.4958033573,0.9856972586,0.6597526925
0.2327686548,827,842,12,0.4955062912,0.9856972586,0.6594896332
0.2310648263,827,843,12,0.4952095808,0.9856972586,0.6592267836
0.2307079434,827,844,12,0.4949132256,0.9856972586,0.6589641434
0.2269088030,827,845,12,0.4946172249,0.9856972586,0.6587017125
0.2178434134,827,846,12,0.4943215780,0.9856972586,0.6584394904
0.2127631456,839,868,0,0.4915055653,1.0000000000,0.6590730558
0.2120207548,839,869,0,0.4912177986,1.0000000000,0.6588142913
0.2099507302,839,870,0,0.4909303686,1.0000000000,0.6585557300
0.2094988972,839,871,0,0.4906432749,1.0000000000,0.6582973715
0.2051946074,839,872,0,0.4903565167,1.0000000000,0.6580392157
0.2034782916,839,873,0,0.4900700935,1.0000000000,0.6577812623
0.2031662315,839,874,0,0.4897840047,1.0000000000,0.6575235110
0.2022325695,839,875,0,0.4894982497,1.0000000000,0.6572659616
0.1959717125,839,876,0,0.4892128280,1.0000000000,0.6570086139
0.1937182844,839,877,0,0.4889277389,1.0000000000,0.6567514677
0.1901005507,839,878,0,0.4886429819,1.0000000000,0.6564945227
0.1843093634,839,879,0,0.4883585565,1.0000000000,0.6562377786
0.1835709512,839,880,0,0.4880744619,1.0000000000,0.6559812353
0.1771018356,839,881,0,0.4877906977,1.0000000000,0.6557248925
0.1739546955,839,882,0,0.4875072632,1.0000000000,0.6554687500
0.1734305471,839,883,0,0.4872241580,1.0000000000,0.6552128075
0.1712129712,839,884,0,0.4869413813,1.0000000000,0.6549570648
0.1709123254,839,885,0,0.4866589327,1.0000000000,0.6547015217
0.1703712642,839,886,0,0.4863768116,1.0000000000,0.6544461778
0.1665295810,839,887,0,0.4860950174,1.0000000000,0.6541910331
0.1652144045,839,888,0,0.4858135495,1.0000000000,0.6539360873
0.1628835648,839,889,0,0.4855324074,1.0000000000,0.6536813401
0.1624932289,839,890,0,0.4852515905,1.0000000000,0.6534267913
0.1583924145,839,891,0,0.4849710983,1.0000000000,0.6531724406
0.1569713652,839,892,0,0.4846909301,1.0000000000,0.6529182879
0.1568504125,839,893,0,0.4844110855,1.0000000000,0.6526643329
0.1558342874,839,894,0,0.4841315638,1.0000000000,0.6524105754
0.1554988027,839,895,0,0.4838523645,1.0000000000,0.6521570152
0.1552640796,839,896,0,0.4835734870,1.0000000000,0.6519036519
0.1535660475,839,897,0,0.4832949309,1.0000000000,0.6516504854
0.1510970742,839,898,0,0.4830166955,1.0000000000,0.6513975155
0.1487685740,839,899,0,0.4827387802,1.0000000000,0.6511447419
0.1483710259,839,900,0,0.4824611846,1.0000000000,0.6508921645
0.1479169726,839,901,0,0.4821839080,1.0000000000,0.6506397829
0.1434346735,839,902,0,0.4819069500,1.0000000000,0.6503875969
0.1431335658,839,903,0,0.4816303100,1.0000000000,0.6501356064
0.1430521756,839,904,0,0.4813539874,1.0000000000,0.6498838110
0.1397868693,839,905,0,0.4810779817,1.0000000000,0.6496322106
0.1379928738,839,906,0,0.4808022923,1.0000000000,0.6493808050
0.1348221898,839,907,0,0.4805269187,1.0000000000,0.6491295938
0.1347786933,839,908,0,0.4802518603,1.0000000000,0.6488785770
0.1346205771,839,909,0,0.4799771167,1.0000000000,0.6486277542
0.1338725239,839,910,0,0.4797026872,1.0000000000,0.6483771252
0.1336728781,839,911,0,0.4794285714,1.0000000000,0.6481266898
0.1319008023,839,912,0,0.4791547687,1.0000000000,0.6478764479
0.1273633242,839,913,0,0.4788812785,1.0000000000,0.6476263991
0.1252047867,839,914,0,0.4786081004,1.0000000000,0.6473765432
0.1248543486,839,915,0,0.4783352338,1.0000000000,0.6471268801
0.1239904910,839,916,0,0.4780626781,1.0000000000,0.6468774094
0.1222776249,839,917,0,0.4777904328,1.0000000000,0.6466281310
0.1220387593,839,918,0,0.4775184974,1.0000000000,0.6463790447
0.1210049242,839,919,0,0.4772468714,1.0000000000,0.6461301502
0.1189708933,839,920,0,0.4769755543,1.0000000000,0.6458814473
0.1186773777,839,921,0,0.4767045455,1.0000000000,0.6456329357
0.1184475645,839,922,0,0.4764338444,1.0000000000,0.6453846154
0.1173055097,839,923,0,0.4761634506,1.0000000000,0.6451364860
0.1159910336,839,924,0,0.4758933636,1.0000000000,0.6448885473
0.1151155904,839,925,0,0.4756235828,1.0000000000,0.6446407991
0.1145355254,839,926,0,0.4753541076,1.0000000000,0.6443932412
0.1143063754,839,927,0,0.4750849377,1.0000000000,0.6441458733
0.1134011447,839,928,0,0.4748160724,1.0000000000,0.6438986953
0.1130423769,839,929,0,0.4745475113,1.0000000000,0.6436517069
0.1127824485,839,931,0,0.4740112994,1.0000000000,0.6431582982
0.1121720225,839,932,0,0.4737436477,1.0000000000,0.6429118774
0.1117417738,839,933,0,0.4734762980,1.0000000000,0.6426656453
0.1106742099,839,934,0,0.4732092499,1.0000000000,0.6424196018
0.1100032553,839,935,0,0.4729425028,1.0000000000,0.6421737467
0.1032223031,839,936,0,0.4726760563,1.0000000000,0.6419280796
0.1030508056,839,937,0,0.4724099099,1.0000000000,0.6416826004
0.1004413888,839,938,0,0.4721440630,1.0000000000,0.6414373089
0.0995894894,839,939,0,0.4718785152,1.0000000000,0.6411922048
0.0990800783,839,940,0,0.4716132659,1.0000000000,0.6409472880
0.0968147293,839,941,0,0.4713483146,1.0000000000,0.6407025582
0.0947682336,839,942,0,0.4710836609,1.0000000000,0.6404580153
0.0939474329,839,943,0,0.4708193042,1.0000000000,0.6402136589
0.0933907107,839,944,0,0.4705552440,1.0000000000,0.6399694889
0.0932897553,839,945,0,0.4702914798,1.0000000000,0.6397255051
0.0932851508,839,946,0,0.4700280112,1.0000000000,0.6394817073
0.0924383327,839,947,0,0.4697648376,1.0000000000,0.6392380952
0.0919045135,839,948,0,0.4695019586,1.0000000000,0.6389946687
0.0889555663,839,949,0,0.4692393736,1.0000000000,0.6387514275
0.0887046233,839,950,0,0.4689770822,1.0000000000,0.6385083714
0.0871841833,839,951,0,0.4687150838,1.0000000000,0.6382655002
0.0863706470,839,952,0,0.4684533780,1.0000000000,0.6380228137
0.0843668059,839,953,0,0.4681919643,1.0000000000,0.6377803117
0.0840525478,839,954,0,0.4679308422,1.0000000000,0.6375379939
0.0835266560,839,955,0,0.4676700111,1.0000000000,0.6372958602
0.0834833756,839,956,0,0.4674094708,1.0000000000,0.6370539104
0.0826589763,839,957,0,0.4671492205,1.0000000000,0.6368121442
0.0825439617,839,958,0,0.4668892599,1.0000000000,0.6365705615
0.0815784335,839,959,0,0.4666295884,1.0000000000,0.6363291619
0.0812548399,839,960,0,0.4663702057,1.0000000000,0.6360879454
0.0785913318,839,961,0,0.4661111111,1.0000000000,0.6358469117
0.0780994147,839,962,0,0.4658523043,1.0000000000,0.6356060606
0.0778350234,839,963,0,0.4655937847,1.0000000000,0.6353653919
0.0758719146,839,964,0,0.4653355519,1.0000000000,0.6351249054
0.0756282881,839,965,0,0.4650776053,1.0000000000,0.6348846008
0.0754564479,839,966,0,0.4648199446,1.0000000000,0.6346444781
0.0735992566,839,967,0,0.4645625692,1.0000000000,0.6344045369
0.0733522475,839,968,0,0.4643054787,1.0000000000,0.6341647770
0.0731127486,839,969,0,0.4640486726,1.0000000000,0.6339251983
0.0731058568,839,970,0,0.4637921504,1.0000000000,0.6336858006
0.0727271438,839,971,0,0.4635359116,1.0000000000,0.6334465836
0.0715563372,839,972,0,0.4632799558,1.0000000000,0.6332075472
0.0714124590,839,973,0,0.4630242826,1.0000000000,0.6329686911
0.0711087137,839,974,0,0.4627688913,1.0000000000,0.6327300151
0.0709927902,839,975,0,0.4625137817,1.0000000000,0.6324915190
0.0698405579,839,976,0,0.4622589532,1.0000000000,0.6322532027
0.0696697757,839,977,0,0.4620044053,1.0000000000,0.6320150659
0.0691432729,839,978,0,0.4617501376,1.0000000000,0.6317771084
0.0691334754,839,979,0,0.4614961496,1.0000000000,0.6315393301
0.0685437992,839,980,0,0.4612424409,1.0000000000,0.6313017306
0.0685000345,839,981,0,0.4609890110,1.0000000000,0.6310643099
0.0676458031,839,982,0,0.4607358594,1.0000000000,0.6308270677
0.0663756877,839,983,0,0.4604829857,1.0000000000,0.6305900038
0.0653981864,839,984,0,0.4602303895,1.0000000000,0.6303531180
0.0648416579,839,985,0,0.4599780702,1.0000000000,0.6301164101
0.0643747374,839,986,0,0.4597260274,1.0000000000,0.6298798799
0.0642351136,839,987,0,0.4594742607,1.0000000000,0.6296435272
0.0636714846,839,988,0,0.4592227696,1.0000000000,0.6294073518
0.0631688163,839,989,0,0.4589715536,1.0000000000,0.6291713536
0.0631378889,839,990,0,0.4587206124,1.0000000000,0.6289355322
0.0629021898,839,991,0,0.4584699454,1.0000000000,0.6286998876
0.0604351535,839,992,0,0.4582195522,1.0000000000,0.6284644195
0.0591324754,839,993,0,0.4579694323,1.0000000000,0.6282291277
0.0575639494,839,994,0,0.4577195854,1.0000000000,0.6279940120
0.0574520268,839,995,0,0.4574700109,1.0000000000,0.6277590722
0.0572455265,839,996,0,0.4572207084,1.0000000000,0.6275243082
0.0572017543,839,997,0,0.4569716776,1.0000000000,0.6272897196
0.0568483807,839,998,0,0.4567229178,1.0000000000,0.6270553064
0.0566057302,839,999,0,0.4564744287,1.0000000000,0.6268210684
0.0553362109,839,1000,0,0.4562262099,1.0000000000,0.6265870052
0.0545554571,839,1001,0,0.4559782609,1.0000000000,0.6263531168
0.0531997494,839,1002,0,0.4557305812,1.0000000000,0.6261194030
0.0525052287,839,1003,0,0.4554831705,1.0000000000,0.6258858635
0.0524499305,839,1004,0,0.4552360282,1.0000000000,0.6256524981
0.0512473956,839,1005,0,0.4549891540,1.0000000000,0.6254193067
0.0512015335,839,1006,0,0.4547425474,1.0000000000,0.6251862891
0.0508153066,839,1007,0,0.4544962080,1.0000000000,0.6249534451
0.0504373796,839,1008,0,0.4542501354,1.0000000000,0.6247207744
0.0501101725,839,1009,0,0.4540043290,1.0000000000,0.6244882769
0.0500393137,839,1010,0,0.4537587885,1.0000000000,0.6242559524
0.0498807319,839,1011,0,0.4535135135,1.0000000000,0.6240238007
0.0495823026,839,1012,0,0.4532685035,1.0000000000,0.6237918216
0.0481314026,839,1013,0,0.4530237581,1.0000000000,0.6235600149
0.0480806716,839,1014,0,0.4527792768,1.0000000000,0.6233283804
0.0472367704,839,1015,0,0.4525350593,1.0000000000,0.6230969179
0.0466305315,839,1016,0,0.4522911051,1.0000000000,0.6228656273
0.0464814007,839,1017,0,0.4520474138,1.0000000000,0.6226345083
0.0463176109,839,1018,0,0.4518039849,1.0000000000,0.6224035608
0.0460643582,839,1019,0,0.4515608181,1.0000000000,0.6221727846
0.0456410535,839,1020,0,0.4513179129,1.0000000000,0.6219421794
0.0451419502,839,1021,0,0.4510752688,1.0000000000,0.6217117451
0.0440651849,839,1022,0,0.4508328855,1.0000000000,0.6214814815
0.0437437370,839,1023,0,0.4505907626,1.0000000000,0.6212513884
0.0432520024,839,1024,0,0.4503488996,1.0000000000,0.6210214656
0.0430612378,839,1025,0,0.4501072961,1.0000000000,0.6207917129
0.0421239622,839,1026,0,0.4498659517,1.0000000000,0.6205621302
0.0402688831,839,1027,0,0.4496248660,1.0000000000,0.6203327172
0.0393171459,839,1028,0,0.4493840386,1.0000000000,0.6201034738
0.0390121676,839,1029,0,0.4491434690,1.0000000000,0.6198743997
0.0382004827,839,1030,0,0.4489031568,1.0000000000,0.6196454948
0.0381133333,839,1031,0,0.4486631016,1.0000000000,0.6194167590
0.0368496515,839,1032,0,0.4484233030,1.0000000000,0.6191881919
0.0368398204,839,1033,0,0.4481837607,1.0000000000,0.6189597934
0.0367882773,839,1034,0,0.4479444741,1.0000000000,0.6187315634
0.0362895131,839,1035,0,0.4477054429,1.0000000000,0.6185035017
0.0361994542,839,1036,0,0.4474666667,1.0000000000,0.6182756080
0.0355411731,839,1037,0,0.4472281450,1.0000000000,0.6180478821
0.0354180224,839,1038,0,0.4469898775,1.0000000000,0.6178203240
0.0353242122,839,1039,0,0.4467518637,1.0000000000,0.6175929334
0.0345840864,839,1040,0,0.4465141032,1.0000000000,0.6173657101
0.0343404524,839,1041,0,0.4462765957,1.0000000000,0.6171386539
0.0338744707,839,1042,0,0.4460393408,1.0000000000,0.6169117647
0.0337931663,839,1043,0,0.4458023379,1.0000000000,0.6166850423
0.0335343219,839,1044,0,0.4455655868,1.0000000000,0.6164584864
0.0333410650,839,1045,0,0.4453290870,1.0000000000,0.6162320970
0.0326313712,839,1046,0,0.4450928382,1.0000000000,0.6160058737
0.0318418071,839,1047,0,0.4448568399,1.0000000000,0.6157798165
0.0313284099,839,1048,0,0.4446210917,1.0000000000,0.6155539252
0.0304237939,839,1049,0,0.4443855932,1.0000000000,0.6153281995
0.0300463997,839,1050,0,0.4441503441,1.0000000000,0.6151026393
0.0287142694,839,1051,0,0.4439153439,1.0000000000,0.6148772444
0.0285247602,839,1052,0,0.4436805923,1.0000000000,0.6146520147
0.0284178071,839,1053,0,0.4434460888,1.0000000000,0.6144269498
0.0281914864,839,1054,0,0.4432118331,1.0000000000,0.6142020498
0.0274855215,839,1055,0,0.4429778247,1.0000000000,0.6139773143
0.0273948312,839,1056,0,0.4427440633,1.0000000000,0.6137527432
0.0271718781,839,1057,0,0.4425105485,1.0000000000,0.6135283364
0.0269602612,839,1058,0,0.4422772799,1.0000000000,0.6133040936
0.0266531054,839,1059,0,0.4420442571,1.0000000000,0.6130800146
0.0266325623,839,1060,0,0.4418114797,1.0000000000,0.6128560993
0.0266185049,839,1061,0,0.4415789474,1.0000000000,0.6126323476
0.0264564268,839,1062,0,0.4413466597,1.0000000000,0.6124087591
0.0263505578,839,1063,0,0.4411146162,1.0000000000,0.6121853338
0.0260247625,839,1064,0,0.4408828166,1.0000000000,0.6119620715
0.0259170830,839,1065,0,0.4406512605,1.0000000000,0.6117389719
0.0254492536,839,1066,0,0.4404199475,1.0000000000,0.6115160350
0.0252331253,839,1067,0,0.4401888772,1.0000000000,0.6112932605
0.0251846369,839,1068,0,0.4399580493,1.0000000000,0.6110706482
0.0250303634,839,1069,0,0.4397274633,1.0000000000,0.6108481980
0.0249622017,839,1070,0,0.4394971189,1.0000000000,0.6106259098
0.0247438941,839,1071,0,0.4392670157,1.0000000000,0.6104037832
0.0244336370,839,1072,0,0.4390371533,1.0000000000,0.6101818182
0.0244146120,839,1073,0,0.4388075314,1.0000000000,0.6099600145
0.0240997151,839,1074,0,0.4385781495,1.0000000000,0.6097383721
0.0240765810,839,1075,0,0.4383490073,1.0000000000,0.6095168907
0.0239326805,839,1076,0,0.4381201044,1.0000000000,0.6092955701
0.0236245580,839,1077,0,0.4378914405,1.0000000000,0.6090744102
0.0230257083,839,1078,0,0.4376630151,1.0000000000,0.6088534107
0.0225817971,839,1079,0,0.4374348279,1.0000000000,0.6086325716
0.0225382820,839,1080,0,0.4372068786,1.0000000000,0.6084118927
0.0225311574,839,1081,0,0.4369791667,1.0000000000,0.6081913737
0.0223737434,839,1082,0,0.4367516918,1.0000000000,0.6079710145
0.0222052354,839,1083,0,0.4365244537,1.0000000000,0.6077508149
0.0221596994,839,1084,0,0.4362974519,1.0000000000,0.6075307748
0.0220531113,839,1085,0,0.4360706861,1.0000000000,0.6073108940
0.0218004640,839,1086,0,0.4358441558,1.0000000000,0.6070911722
0.0217425860,839,1087,0,0.4356178609,1.0000000000,0.6068716094
0.0214773007,839,1088,0,0.4353918007,1.0000000000,0.6066522054
0.0213907268,839,1089,0,0.4351659751,1.0000000000,0.6064329599
0.0213758834,839,1090,0,0.4349403836,1.0000000000,0.6062138728
0.0213299021,839,1091,0,0.4347150259,1.0000000000,0.6059949440
0.0211348869,839,1092,0,0.4344899016,1.0000000000,0.6057761733
0.0210562944,839,1093,0,0.4342650104,1.0000000000,0.6055575604
0.0208650660,839,1094,0,0.4340403518,1.0000000000,0.6053391053
0.0208208598,839,1095,0,0.4338159255,1.0000000000,0.6051208078
0.0206119623,839,1096,0,0.4335917313,1.0000000000,0.6049026676
0.0206051655,839,1097,0,0.4333677686,1.0000000000,0.6046846847
0.0204209872,839,1098,0,0.4331440372,1.0000000000,0.6044668588
0.0203709565,839,1099,0,0.4329205366,1.0000000000,0.6042491898
0.0201476887,839,1100,0,0.4326972666,1.0000000000,0.6040316775
0.0201421082,839,1101,0,0.4324742268,1.0000000000,0.6038143217
0.0200714115,839,1102,0,0.4322514168,1.0000000000,0.6035971223
0.0200193059,839,1103,0,0.4320288363,1.0000000000,0.6033800791
0.0198623016,839,1104,0,0.4318064848,1.0000000000,0.6031631919
0.0190308783,839,1105,0,0.4315843621,1.0000000000,0.6029464607
0.0189133305,839,1106,0,0.4313624679,1.0000000000,0.6027298851
0.0186821595,839,1107,0,0.4311408016,1.0000000000,0.6025134650
0.0186053161,839,1108,0,0.4309193631,1.0000000000,0.6022972003
0.0182709098,839,1109,0,0.4306981520,1.0000000000,0.6020810908
0.0182162020,839,1110,0,0.4304771678,1.0000000000,0.6018651363
0.0182013288,839,1111,0,0.4302564103,1.0000000000,0.6016493367
0.0181890838,839,1112,0,0.4300358790,1.0000000000,0.6014336918
0.0169707146,839,1113,0,0.4298155738,1.0000000000,0.6012182014
0.0169576742,839,1114,0,0.4295954941,1.0000000000,0.6010028653
0.0168950539,839,1115,0,0.4293756397,1.0000000000,0.6007876835
0.0167679358,839,1116,0,0.4291560102,1.0000000000,0.6005726557
0.0165626109,839,1117,0,0.4289366053,1.0000000000,0.6003577818
0.0165149346,839,1118,0,0.4287174246,1.0000000000,0.6001430615
0.0162779111,839,1119,0,0.4284984678,1.0000000000,0.5999284948
0.0162240844,839,1120,0,0.4282797346,1.0000000000,0.5997140815
0.0161937457,839,1121,0,0.4280612245,1.0000000000,0.5994998214
0.0161608681,839,1122,0,0.4278429373,1.0000000000,0.5992857143
0.0160331037,839,1123,0,0.4276248726,1.0000000000,0.5990717601
0.0160014872,839,1124,0,0.4274070301,1.0000000000,0.5988579586
0.0156903937,839,1125,0,0.4271894094,1.0000000000,0.5986443097
0.0155204041,839,1126,0,0.4269720102,1.0000000000,0.5984308131
0.0153785357,839,1127,0,0.4267548321,1.0000000000,0.5982174688
0.0152928643,839,1128,0,0.4265378749,1.0000000000,0.5980042766
0.0152717177,839,1129,0,0.4263211382,1.0000000000,0.5977912362
0.0151960123,839,1130,0,0.4261046216,1.0000000000,0.5975783476
0.0150923776,839,1131,0,0.4258883249,1.0000000000,0.5973656105
0.0150150526,839,1132,0,0.4256722476,1.0000000000,0.5971530249
0.0149748353,839,1133,0,0.4254563895,1.0000000000,0.5969405905
0.0149473744,839,1134,0,0.4252407501,1.0000000000,0.5967283073
0.0148398941,839,1135,0,0.4250253293,1.0000000000,0.5965161749
0.0146361561,839,1136,0,0.4248101266,1.0000000000,0.5963041933
0.0145366592,839,1137,0,0.4245951417,1.0000000000,0.5960923623
0.0144994780,839,1138,0,0.4243803743,1.0000000000,0.5958806818
0.0142678842,839,1139,0,0.4241658241,1.0000000000,0.5956691516
0.0142292138,839,1140,0,0.4239514907,1.0000000000,0.5954577715
0.0138747608,839,1141,0,0.4237373737,1.0000000000,0.5952465413
0.0138658080,839,1142,0,0.4235234730,1.0000000000,0.5950354610
0.0137505960,839,1143,0,0.4233097881,1.0000000000,0.5948245303
0.0137130227,839,1144,0,0.4230963187,1.0000000000,0.5946137491
0.0135727040,839,1145,0,0.4228830645,1.0000000000,0.5944031173
0.0135692321,839,1146,0,0.4226700252,1.0000000000,0.5941926346
0.0133377928,839,1147,0,0.4224572004,1.0000000000,0.5939823009
0.0132582206,839,1148,0,0.4222445898,1.0000000000,0.5937721161
0.0132068535,839,1149,0,0.4220321932,1.0000000000,0.5935620799
0.0131256627,839,1150,0,0.4218200101,1.0000000000,0.5933521924
0.0130540393,839,1151,0,0.4216080402,1.0000000000,0.5931424532
0.0129606714,839,1152,0,0.4213962833,1.0000000000,0.5929328622
0.0129542081,839,1153,0,0.4211847390,1.0000000000,0.5927234193
0.0129132140,839,1154,0,0.4209734069,1.0000000000,0.5925141243
0.0128448578,839,1155,0,0.4207622869,1.0000000000,0.5923049771
0.0127747795,839,1156,0,0.4205513784,1.0000000000,0.5920959774
0.0127407322,839,1157,0,0.4203406814,1.0000000000,0.5918871252
0.0126095871,839,1158,0,0.4201301953,1.0000000000,0.5916784203
0.0125278849,839,1159,0,0.4199199199,1.0000000000,0.5914698625
0.0122815911,839,1160,0,0.4197098549,1.0000000000,0.5912614517
0.0120221358,839,1161,0,0.4195000000,1.0000000000,0.5910531877
0.0119274128,839,1162,0,0.4192903548,1.0000000000,0.5908450704
0.0118962852,839,1163,0,0.4190809191,1.0000000000,0.5906370996
0.0118844993,839,1164,0,0.4188716925,1.0000000000,0.5904292752
0.0118433461,839,1165,0,0.4186626747,1.0000000000,0.5902215969
0.0117495991,839,1166,0,0.4184538653,1.0000000000,0.5900140647
0.0117337471,839,1167,0,0.4182452642,1.0000000000,0.5898066784
0.0117140617,839,1168,0,0.4180368710,1.0000000000,0.5895994378
0.0115791364,839,1169,0,0.4178286853,1.0000000000,0.5893923428
0.0115776015,839,1170,0,0.4176207068,1.0000000000,0.5891853933
0.0115638170,839,1171,0,0.4174129353,1.0000000000,0.5889785890
0.0113997785,839,1172,0,0.4172053705,1.0000000000,0.5887719298
0.0111886933,839,1173,0,0.4169980119,1.0000000000,0.5885654156
0.0111694960,839,1174,0,0.4167908594,1.0000000000,0.5883590463
0.0110024624,839,1175,0,0.4165839126,1.0000000000,0.5881528216
0.0108790593,839,1176,0,0.4163771712,1.0000000000,0.5879467414
0.0107712466,839,1177,0,0.4161706349,1.0000000000,0.5877408056
0.0107101444,839,1178,0,0.4159643034,1.0000000000,0.5875350140
0.0106762322,839,1179,0,0.4157581764,1.0000000000,0.5873293665
0.0106338123,839,1180,0,0.4155522536,1.0000000000,0.5871238628
0.0105003016,839,1181,0,0.4153465347,1.0000000000,0.5869185030
0.0104633523,839,1182,0,0.4151410193,1.0000000000,0.5867132867
0.0104357554,839,1183,0,0.4149357072,1.0000000000,0.5865082139
0.0103480536,839,1184,0,0.4147305981,1.0000000000,0.5863032844
0.0102892770,839,1185,0,0.4145256917,1.0000000000,0.5860984981
0.0102769025,839,1186,0,0.4143209877,1.0000000000,0.5858938547
0.0101933386,839,1187,0,0.4141164857,1.0000000000,0.5856893543
0.0101691308,839,1188,0,0.4139121855,1.0000000000,0.5854849965
0.0101150172,839,1189,0,0.4137080868,1.0000000000,0.5852807813
0.0100861723,839,1190,0,0.4135041893,1.0000000000,0.5850767085
0.0100320745,839,1191,0,0.4133004926,1.0000000000,0.5848727780
0.0100288885,839,1192,0,0.4130969966,1.0000000000,0.5846689895
0.0098256106,839,1193,0,0.4128937008,1.0000000000,0.5844653431
0.0098212641,839,1194,0,0.4126906050,1.0000000000,0.5842618384
0.0097896894,839,1195,0,0.4124877089,1.0000000000,0.5840584755
0.0096941283,839,1196,0,0.4122850123,1.0000000000,0.5838552540
0.0096889660,839,1197,0,0.4120825147,1.0000000000,0.5836521739
0.0096703805,839,1198,0,0.4118802160,1.0000000000,0.5834492350
0.0095862811,839,1199,0,0.4116781158,1.0000000000,0.5832464373
0.0095651485,839,1200,0,0.4114762138,1.0000000000,0.5830437804
0.0095430696,839,1201,0,0.4112745098,1.0000000000,0.5828412643
0.0094223926,839,1202,0,0.4110730034,1.0000000000,0.5826388889
0.0093035065,839,1203,0,0.4108716944,1.0000000000,0.5824366539
0.0092935134,839,1204,0,0.4106705825,1.0000000000,0.5822345593
0.0091921138,839,1205,0,0.4104696673,1.0000000000,0.5820326049
0.0091180736,839,1206,0,0.4102689487,1.0000000000,0.5818307906
0.0091034407,839,1207,0,0.4100684262,1.0000000000,0.5816291161
0.0089773899,839,1208,0,0.4098680997,1.0000000000,0.5814275814
0.0089755915,839,1209,0,0.4096679688,1.0000000000,0.5812261864
0.0088591464,839,1210,0,0.4094680332,1.0000000000,0.5810249307
0.0086231353,839,1211,0,0.4092682927,1.0000000000,0.5808238145
0.0086111706,839,1212,0,0.4090687470,1.0000000000,0.5806228374
0.0085731549,839,1213,0,0.4088693957,1.0000000000,0.5804219993
0.0084890630,839,1216,0,0.4082725061,1.0000000000,0.5798203179
0.0084289908,839,1217,0,0.4080739300,1.0000000000,0.5796200345
0.0084118918,839,1218,0,0.4078755469,1.0000000000,0.5794198895
0.0083989473,839,1219,0,0.4076773567,1.0000000000,0.5792198826
0.0083639966,839,1220,0,0.4074793589,1.0000000000,0.5790200138
0.0083359992,839,1221,0,0.4072815534,1.0000000000,0.5788202829
0.0083226943,839,1222,0,0.4070839398,1.0000000000,0.5786206897
0.0082770949,839,1223,0,0.4068865179,1.0000000000,0.5784212341
0.0082763163,839,1224,0,0.4066892874,1.0000000000,0.5782219159
0.0082068359,839,1225,0,0.4064922481,1.0000000000,0.5780227351
0.0081203487,839,1226,0,0.4062953995,1.0000000000,0.5778236915
0.0080880439,839,1227,0,0.4060987415,1.0000000000,0.5776247849
0.0080781067,839,1228,0,0.4059022738,1.0000000000,0.5774260151
0.0079726689,839,1229,0,0.4057059961,1.0000000000,0.5772273822
0.0079668481,839,1230,0,0.4055099082,1.0000000000,0.5770288858
0.0079386244,839,1231,0,0.4053140097,1.0000000000,0.5768305260
0.0079105534,839,1232,0,0.4051183003,1.0000000000,0.5766323024
0.0078659151,839,1233,0,0.4049227799,1.0000000000,0.5764342150
0.0077857249,839,1234,0,0.4047274481,1.0000000000,0.5762362637
0.0077014826,839,1235,0,0.4045323047,1.0000000000,0.5760384483
0.0076948246,839,1236,0,0.4043373494,1.0000000000,0.5758407687
0.0076513207,839,1237,0,0.4041425819,1.0000000000,0.5756432247
0.0076183104,839,1238,0,0.4039480019,1.0000000000,0.5754458162
0.0075136023,839,1239,0,0.4037536092,1.0000000000,0.5752485430
0.0074587017,839,1240,0,0.4035594036,1.0000000000,0.5750514051
0.0073079648,839,1241,0,0.4033653846,1.0000000000,0.5748544022
0.0072739152,839,1242,0,0.4031715521,1.0000000000,0.5746575342
0.0072493581,839,1243,0,0.4029779059,1.0000000000,0.5744608011
0.0072223074,839,1244,0,0.4027844455,1.0000000000,0.5742642026
0.0071873004,839,1245,0,0.4025911708,1.0000000000,0.5740677386
0.0071716113,839,1246,0,0.4023980815,1.0000000000,0.5738714090
0.0071664522,839,1247,0,0.4022051774,1.0000000000,0.5736752137
0.0071125696,839,1248,0,0.4020124581,1.0000000000,0.5734791524
0.0071014366,839,1249,0,0.4018199234,1.0000000000,0.5732832251
0.0070703034,839,1250,0,0.4016275730,1.0000000000,0.5730874317
0.0069733942,839,1251,0,0.4014354067,1.0000000000,0.5728917719
0.0069562318,839,1252,0,0.4012434242,1.0000000000,0.5726962457
0.0069091651,839,1253,0,0.4010516252,1.0000000000,0.5725008530
0.0068580722,839,1254,0,0.4008600096,1.0000000000,0.5723055935
0.0067751422,839,1255,0,0.4006685769,1.0000000000,0.5721104671
0.0066855131,839,1256,0,0.4004773270,1.0000000000,0.5719154738
0.0066827964,839,1257,0,0.4002862595,1.0000000000,0.5717206133
0.0066514700,839,1258,0,0.4000953743,1.0000000000,0.5715258856
0.0064428011,839,1259,0,0.3999046711,1.0000000000,0.5713312904
0.0063725109,839,1260,0,0.3997141496,1.0000000000,0.5711368278
0.0063547934,839,1261,0,0.3995238095,1.0000000000,0.5709424974
0.0063306857,839,1262,0,0.3993336506,1.0000000000,0.5707482993
0.0062944554,839,1263,0,0.3991436727,1.0000000000,0.5705542333
0.0061992621,839,1264,0,0.3989538754,1.0000000000,0.5703602991
0.0061899447,839,1265,0,0.3987642586,1.0000000000,0.5701664968
0.0061407452,839,1266,0,0.3985748219,1.0000000000,0.5699728261
0.0061318912,839,1267,0,0.3983855651,1.0000000000,0.5697792869
0.0061189639,839,1268,0,0.3981964879,1.0000000000,0.5695858792
0.0061080726,839,1269,0,0.3980075901,1.0000000000,0.5693926026
0.0060528009,839,1270,0,0.3978188715,1.0000000000,0.5691994573
0.0060274461,839,1271,0,0.3976303318,1.0000000000,0.5690064429
0.0059897765,839,1272,0,0.3974419706,1.0000000000,0.5688135593
0.0059188157,839,1273,0,0.3972537879,1.0000000000,0.5686208065
0.0058871713,839,1274,0,0.3970657832,1.0000000000,0.5684281843
0.0058836392,839,1275,0,0.3968779565,1.0000000000,0.5682356925
0.0058365678,839,1276,0,0.3966903073,1.0000000000,0.5680433311
0.0058142841,839,1277,0,0.3965028355,1.0000000000,0.5678510998
0.0057649724,839,1278,0,0.3963155409,1.0000000000,0.5676589986
0.0057566096,839,1279,0,0.3961284230,1.0000000000,0.5674670274
0.0057181702,839,1280,0,0.3959414818,1.0000000000,0.5672751859
0.0056573055,839,1281,0,0.3957547170,1.0000000000,0.5670834741
0.0056525865,839,1282,0,0.3955681282,1.0000000000,0.5668918919
0.0056355400,839,1283,0,0.3953817154,1.0000000000,0.5667004390
0.0055847061,839,1284,0,0.3951954781,1.0000000000,0.5665091155
0.0055842530,839,1285,0,0.3950094162,1.0000000000,0.5663179210
0.0055341492,839,1286,0,0.3948235294,1.0000000000,0.5661268556
0.0054622707,839,1287,0,0.3946378175,1.0000000000,0.5659359191
0.0054527828,839,1288,0,0.3944522802,1.0000000000,0.5657451113
0.0054460480,839,1289,0,0.3942669173,1.0000000000,0.5655544321
0.0053956541,839,1290,0,0.3940817285,1.0000000000,0.5653638814
0.0053865477,839,1291,0,0.3938967136,1.0000000000,0.5651734591
0.0053756805,839,1292,0,0.3937118724,1.0000000000,0.5649831650
0.0053655095,839,1293,0,0.3935272045,1.0000000000,0.5647929990
0.0053647743,839,1294,0,0.3933427098,1.0000000000,0.5646029610
0.0053497376,839,1295,0,0.3931583880,1.0000000000,0.5644130508
0.0053164656,839,1296,0,0.3929742389,1.0000000000,0.5642232683
0.0053107897,839,1297,0,0.3927902622,1.0000000000,0.5640336134
0.0052893539,839,1298,0,0.3926064577,1.0000000000,0.5638440860
0.0052767373,839,1299,0,0.3924228251,1.0000000000,0.5636546859
0.0052263029,839,1300,0,0.3922393642,1.0000000000,0.5634654130
0.0051996331,839,1301,0,0.3920560748,1.0000000000,0.5632762672
0.0051572523,839,1302,0,0.3918729566,1.0000000000,0.5630872483
0.0050971238,839,1303,0,0.3916900093,1.0000000000,0.5628983563
0.0050899568,839,1304,0,0.3915072329,1.0000000000,0.5627095909
0.0050875521,839,1305,0,0.3913246269,1.0000000000,0.5625209521
0.0050684051,839,1306,0,0.3911421911,1.0000000000,0.5623324397
0.0050650132,839,1307,0,0.3909599254,1.0000000000,0.5621440536
0.0050316816,839,1308,0,0.3907778295,1.0000000000,0.5619557937
0.0049904482,839,1309,0,0.3905959032,1.0000000000,0.5617676599
0.0049850126,839,1310,0,0.3904141461,1.0000000000,0.5615796519
0.0049522230,839,1311,0,0.3902325581,1.0000000000,0.5613917698
0.0049438179,839,1312,0,0.3900511390,1.0000000000,0.5612040134
0.0049255388,839,1313,0,0.3898698885,1.0000000000,0.5610163825
0.0049234265,839,1314,0,0.3896888063,1.0000000000,0.5608288770
0.0048695318,839,1315,0,0.3895078923,1.0000000000,0.5606414968
0.0048470241,839,1316,0,0.3893271462,1.0000000000,0.5604542418
0.0048014908,839,1317,0,0.3891465677,1.0000000000,0.5602671119
0.0047117546,839,1318,0,0.3889661567,1.0000000000,0.5600801068
0.0047043609,839,1319,0,0.3887859129,1.0000000000,0.5598932266
0.0047029280,839,1320,0,0.3886058360,1.0000000000,0.5597064710
0.0046608541,839,1321,0,0.3884259259,1.0000000000,0.5595198399
0.0046578306,839,1322,0,0.3882461823,1.0000000000,0.5593333333
0.0046545141,839,1323,0,0.3880666050,1.0000000000,0.5591469510
0.0046352898,839,1324,0,0.3878871937,1.0000000000,0.5589606929
0.0046220776,839,1325,0,0.3877079482,1.0000000000,0.5587745588
0.0045976504,839,1326,0,0.3875288684,1.0000000000,0.5585885486
0.0045493776,839,1327,0,0.3873499538,1.0000000000,0.5584026622
0.0045410912,839,1328,0,0.3871712044,1.0000000000,0.5582168995
0.0045398967,839,1329,0,0.3869926199,1.0000000000,0.5580312604
0.0045387158,839,1330,0,0.3868142001,1.0000000000,0.5578457447
0.0045326599,839,1331,0,0.3866359447,1.0000000000,0.5576603523
0.0044473917,839,1332,0,0.3864578535,1.0000000000,0.5574750831
0.0044321995,839,1333,0,0.3862799263,1.0000000000,0.5572899369
0.0044290149,839,1334,0,0.3861021629,1.0000000000,0.5571049137
0.0044253352,839,1335,0,0.3859245630,1.0000000000,0.5569200133
0.0044088238,839,1336,0,0.3857471264,1.0000000000,0.5567352356
0.0043427860,839,1337,0,0.3855698529,1.0000000000,0.5565505804
0.0043314570,839,1338,0,0.3853927423,1.0000000000,0.5563660477
0.0043235384,839,1339,0,0.3852157943,1.0000000000,0.5561816374
0.0043222331,839,1340,0,0.3850390087,1.0000000000,0.5559973492
0.0043162000,839,1341,0,0.3848623853,1.0000000000,0.5558131832
0.0042652828,839,1342,0,0.3846859239,1.0000000000,0.5556291391
0.0042616832,839,1343,0,0.3845096242,1.0000000000,0.5554452168
0.0042543705,839,1344,0,0.3843334860,1.0000000000,0.5552614163
0.0042482018,839,1345,0,0.3841575092,1.0000000000,0.5550777373
0.0042229691,839,1346,0,0.3839816934,1.0000000000,0.5548941799
0.0042106570,839,1347,0,0.3838060384,1.0000000000,0.5547107438
0.0041916235,839,1348,0,0.3836305441,1.0000000000,0.5545274289
0.0041732416,839,1349,0,0.3834552102,1.0000000000,0.5543442352
0.0041390122,839,1350,0,0.3832800365,1.0000000000,0.5541611625
0.0041109230,839,1351,0,0.3831050228,1.0000000000,0.5539782106
0.0041103493,839,1352,0,0.3829301689,1.0000000000,0.5537953795
0.0041080657,839,1353,0,0.3827554745,1.0000000000,0.5536126691
0.0040986058,839,1354,0,0.3825809394,1.0000000000,0.5534300792
0.0040937290,839,1355,0,0.3824065634,1.0000000000,0.5532476096
0.0040935907,839,1356,0,0.3822323462,1.0000000000,0.5530652604
0.0040777102,839,1357,0,0.3820582878,1.0000000000,0.5528830313
0.0040728603,839,1358,0,0.3818843878,1.0000000000,0.5527009223
0.0040580789,839,1359,0,0.3817106460,1.0000000000,0.5525189332
0.0040392126,839,1360,0,0.3815370623,1.0000000000,0.5523370639
0.0039870557,839,1361,0,0.3813636364,1.0000000000,0.5521553142
0.0039836871,839,1362,0,0.3811903680,1.0000000000,0.5519736842
0.0039746724,839,1363,0,0.3810172570,1.0000000000,0.5517921736
0.0039248629,839,1364,0,0.3808443032,1.0000000000,0.5516107824
0.0039242958,839,1365,0,0.3806715064,1.0000000000,0.5514295104
0.0039121285,839,1366,0,0.3804988662,1.0000000000,0.5512483574
0.0038773904,839,1367,0,0.3803263826,1.0000000000,0.5510673235
0.0038760724,839,1368,0,0.3801540553,1.0000000000,0.5508864084
0.0038681505,839,1369,0,0.3799818841,1.0000000000,0.5507056121
0.0038629307,839,1370,0,0.3798098687,1.0000000000,0.5505249344
0.0038614408,839,1371,0,0.3796380090,1.0000000000,0.5503443752
0.0038541551,839,1372,0,0.3794663048,1.0000000000,0.5501639344
0.0038410071,839,1373,0,0.3792947559,1.0000000000,0.5499836119
0.0038390663,839,1374,0,0.3791233620,1.0000000000,0.5498034076
0.0037928952,839,1375,0,0.3789521229,1.0000000000,0.5496233213
0.0037640245,839,1376,0,0.3787810384,1.0000000000,0.5494433530
0.0037494386,839,1377,0,0.3786101083,1.0000000000,0.5492635025
0.0037194905,839,1378,0,0.3784393324,1.0000000000,0.5490837696
0.0037175526,839,1379,0,0.3782687106,1.0000000000,0.5489041544
0.0036944074,839,1380,0,0.3780982425,1.0000000000,0.5487246566
0.0036689970,839,1381,0,0.3779279279,1.0000000000,0.5485452762
0.0036402266,839,1382,0,0.3777577668,1.0000000000,0.5483660131
0.0036336605,839,1383,0,0.3775877588,1.0000000000,0.5481868670
0.0036057078,839,1384,0,0.3774179037,1.0000000000,0.5480078380
0.0036021464,839,1385,0,0.3772482014,1.0000000000,0.5478289259
0.0035320660,839,1386,0,0.3770786517,1.0000000000,0.5476501305
0.0035300038,839,1387,0,0.3769092543,1.0000000000,0.5474714519
0.0035083478,839,1388,0,0.3767400090,1.0000000000,0.5472928898
0.0035034486,839,1389,0,0.3765709156,1.0000000000,0.5471144441
0.0034981535,839,1390,0,0.3764019740,1.0000000000,0.5469361147
0.0034890331,839,1391,0,0.3762331839,1.0000000000,0.5467579016
0.0034875614,839,1392,0,0.3760645450,1.0000000000,0.5465798046
0.0034534181,839,1393,0,0.3758960573,1.0000000000,0.5464018235
0.0034470472,839,1394,0,0.3757277206,1.0000000000,0.5462239583
0.0034380236,839,1395,0,0.3755595345,1.0000000000,0.5460462089
0.0034366648,839,1396,0,0.3753914989,1.0000000000,0.5458685751
0.0034203073,839,1397,0,0.3752236136,1.0000000000,0.5456910569
0.0033807678,839,1398,0,0.3750558784,1.0000000000,0.5455136541
0.0033740974,839,1399,0,0.3748882931,1.0000000000,0.5453363666
0.0033699593,839,1400,0,0.3747208575,1.0000000000,0.5451591943
0.0033552865,839,1401,0,0.3745535714,1.0000000000,0.5449821371
0.0033381188,839,1402,0,0.3743864346,1.0000000000,0.5448051948
0.0033370976,839,1403,0,0.3742194469,1.0000000000,0.5446283674
0.0033269248,839,1404,0,0.3740526081,1.0000000000,0.5444516548
0.0033054024,839,1405,0,0.3738859180,1.0000000000,0.5442750568
0.0033016845,839,1406,0,0.3737193764,1.0000000000,0.5440985733
0.0032961594,839,1407,0,0.3735529831,1.0000000000,0.5439222042
0.0032937292,839,1408,0,0.3733867379,1.0000000000,0.5437459494
0.0032809800,839,1409,0,0.3732206406,1.0000000000,0.5435698089
0.0032431136,839,1410,0,0.3730546910,1.0000000000,0.5433937824
0.0032138177,839,1411,0,0.3728888889,1.0000000000,0.5432178699
0.0031643559,839,1412,0,0.3727232341,1.0000000000,0.5430420712
0.0031603724,839,1413,0,0.3725577265,1.0000000000,0.5428663863
0.0031436353,839,1414,0,0.3723923657,1.0000000000,0.5426908150
0.0031401454,839,1415,0,0.3722271517,1.0000000000,0.5425153573
0.0031009100,839,1416,0,0.3720620843,1.0000000000,0.5423400129
0.0030984711,839,1417,0,0.3718971631,1.0000000000,0.5421647819
0.0030771422,839,1418,0,0.3717323881,1.0000000000,0.5419896641
0.0030733587,839,1419,0,0.3715677591,1.0000000000,0.5418146593
0.0030717568,839,1420,0,0.3714032758,1.0000000000,0.5416397676
0.0030707186,839,1421,0,0.3712389381,1.0000000000,0.5414649887
0.0030556906,839,1422,0,0.3710747457,1.0000000000,0.5412903226
0.0030486481,839,1423,0,0.3709106985,1.0000000000,0.5411157691
0.0030386127,839,1424,0,0.3707467963,1.0000000000,0.5409413282
0.0030146127,839,1425,0,0.3705830389,1.0000000000,0.5407669997
0.0030142730,839,1426,0,0.3704194260,1.0000000000,0.5405927835
0.0030043402,839,1427,0,0.3702559576,1.0000000000,0.5404186795
0.0030006033,839,1428,0,0.3700926334,1.0000000000,0.5402446877
0.0029832188,839,1429,0,0.3699294533,1.0000000000,0.5400708079
0.0029646212,839,1430,0,0.3697664169,1.0000000000,0.5398970399
0.0029593261,839,1431,0,0.3696035242,1.0000000000,0.5397233837
0.0029558393,839,1432,0,0.3694407750,1.0000000000,0.5395498392
0.0029504211,839,1433,0,0.3692781690,1.0000000000,0.5393764063
0.0029481482,839,1434,0,0.3691157061,1.0000000000,0.5392030848
0.0029211475,839,1435,0,0.3689533861,1.0000000000,0.5390298747
0.0029152953,839,1436,0,0.3687912088,1.0000000000,0.5388567759
0.0029144802,839,1437,0,0.3686291740,1.0000000000,0.5386837881
0.0029064876,839,1438,0,0.3684672815,1.0000000000,0.5385109114
0.0028999476,839,1439,0,0.3683055312,1.0000000000,0.5383381457
0.0028913247,839,1440,0,0.3681439228,1.0000000000,0.5381654907
0.0028815535,839,1441,0,0.3679824561,1.0000000000,0.5379929465
0.0028770564,839,1442,0,0.3678211311,1.0000000000,0.5378205128
0.0028660740,839,1443,0,0.3676599474,1.0000000000,0.5376481897
0.0028530564,839,1444,0,0.3674989049,1.0000000000,0.5374759769
0.0028386700,839,1445,0,0.3673380035,1.0000000000,0.5373038745
0.0028110649,839,1446,0,0.3671772429,1.0000000000,0.5371318822
0.0027863360,839,1447,0,0.3670166229,1.0000000000,0.5369600000
0.0027723429,839,1448,0,0.3668561434,1.0000000000,0.5367882278
0.0027656634,839,1449,0,0.3666958042,1.0000000000,0.5366165654
0.0027463445,839,1450,0,0.3665356051,1.0000000000,0.5364450128
0.0027378963,839,1451,0,0.3663755459,1.0000000000,0.5362735698
0.0027374651,839,1452,0,0.3662156264,1.0000000000,0.5361022364
0.0027160677,839,1453,0,0.3660558464,1.0000000000,0.5359310125
0.0026953290,839,1454,0,0.3658962058,1.0000000000,0.5357598978
0.0026936003,839,1455,0,0.3657367044,1.0000000000,0.5355888924
0.0026889252,839,1456,0,0.3655773420,1.0000000000,0.5354179962
0.0026519268,839,1457,0,0.3654181185,1.0000000000,0.5352472089
0.0026436709,839,1458,0,0.3652590335,1.0000000000,0.5350765306
0.0026342410,839,1459,0,0.3651000870,1.0000000000,0.5349059611
0.0026083428,839,1460,0,0.3649412788,1.0000000000,0.5347355003
0.0026041216,839,1461,0,0.3647826087,1.0000000000,0.5345651481
0.0025988915,839,1462,0,0.3646240765,1.0000000000,0.5343949045
0.0025722538,839,1463,0,0.3644656820,1.0000000000,0.5342247692
0.0025715381,839,1464,0,0.3643074251,1.0000000000,0.5340547422
0.0025495710,839,1465,0,0.3641493056,1.0000000000,0.5338848234
0.0025059825,839,1466,0,0.3639913232,1.0000000000,0.5337150127
0.0025023918,839,1467,0,0.3638334779,1.0000000000,0.5335453100
0.0024990852,839,1468,0,0.3636757694,1.0000000000,0.5333757152
0.0024965927,839,1469,0,0.3635181976,1.0000000000,0.5332062282
0.0024889377,839,1470,0,0.3633607622,1.0000000000,0.5330368488
0.0024767381,839,1471,0,0.3632034632,1.0000000000,0.5328675770
0.0024645936,839,1472,0,0.3630463003,1.0000000000,0.5326984127
0.0024632143,839,1473,0,0.3628892734,1.0000000000,0.5325293558
0.0024577358,839,1474,0,0.3627323822,1.0000000000,0.5323604061
0.0024499332,839,1475,0,0.3625756266,1.0000000000,0.5321915636
0.0024475022,839,1476,0,0.3624190065,1.0000000000,0.5320228282
0.0024417138,839,1477,0,0.3622625216,1.0000000000,0.5318541997
0.0024409427,839,1478,0,0.3621061718,1.0000000000,0.5316856781
0.0024407464,839,1479,0,0.3619499569,1.0000000000,0.5315172632
0.0024305128,839,1480,0,0.3617938767,1.0000000000,0.5313489550
0.0024169085,839,1481,0,0.3616379310,1.0000000000,0.5311807534
0.0024121362,839,1482,0,0.3614821198,1.0000000000,0.5310126582
0.0023954841,839,1483,0,0.3613264427,1.0000000000,0.5308446694
0.0023945065,839,1484,0,0.3611708997,1.0000000000,0.5306767868
0.0023888007,839,1485,0,0.3610154905,1.0000000000,0.5305090104
0.0023749401,839,1486,0,0.3608602151,1.0000000000,0.5303413401
0.0023743538,839,1487,0,0.3607050731,1.0000000000,0.5301737757
0.0023676045,839,1488,0,0.3605500645,1.0000000000,0.5300063171
0.0023610550,839,1489,0,0.3603951890,1.0000000000,0.5298389643
0.0023498132,839,1490,0,0.3602404465,1.0000000000,0.5296717172
0.0023486398,839,1491,0,0.3600858369,1.0000000000,0.5295045756
0.0023481895,839,1492,0,0.3599313599,1.0000000000,0.5293375394
0.0023312510,839,1493,0,0.3597770154,1.0000000000,0.5291706086
0.0023146691,839,1494,0,0.3596228033,1.0000000000,0.5290037831
0.0023101973,839,1495,0,0.3594687232,1.0000000000,0.5288370627
0.0023008459,839,1496,0,0.3593147752,1.0000000000,0.5286704474
0.0022452511,839,1497,0,0.3591609589,1.0000000000,0.5285039370
0.0022188819,839,1498,0,0.3590072743,1.0000000000,0.5283375315
0.0022050710,839,1499,0,0.3588537211,1.0000000000,0.5281712307
0.0021852818,839,1500,0,0.3587002993,1.0000000000,0.5280050346
0.0021835081,839,1501,0,0.3585470085,1.0000000000,0.5278389431
0.0021748594,839,1502,0,0.3583938488,1.0000000000,0.5276729560
0.0021441858,839,1503,0,0.3582408198,1.0000000000,0.5275070732
0.0021372186,839,1504,0,0.3580879215,1.0000000000,0.5273412948
0.0021295901,839,1505,0,0.3579351536,1.0000000000,0.5271756205
0.0021228190,839,1506,0,0.3577825160,1.0000000000,0.5270100503
0.0021157295,839,1507,0,0.3576300085,1.0000000000,0.5268445840
0.0021011361,839,1508,0,0.3574776310,1.0000000000,0.5266792216
0.0020962430,839,1509,0,0.3573253833,1.0000000000,0.5265139630
0.0020931929,839,1510,0,0.3571732652,1.0000000000,0.5263488080
0.0020880101,839,1511,0,0.3570212766,1.0000000000,0.5261837567
0.0020875828,839,1512,0,0.3568694173,1.0000000000,0.5260188088
0.0020717850,839,1513,0,0.3567176871,1.0000000000,0.5258539643
0.0020552631,839,1514,0,0.3565660858,1.0000000000,0.5256892231
0.0020475276,839,1515,0,0.3564146134,1.0000000000,0.5255245850
0.0020429031,839,1516,0,0.3562632696,1.0000000000,0.5253600501
0.0020124260,839,1517,0,0.3561120543,1.0000000000,0.5251956182
0.0019629220,839,1518,0,0.3559609673,1.0000000000,0.5250312891
0.0019353587,839,1519,0,0.3558100085,1.0000000000,0.5248670629
0.0019147085,839,1520,0,0.3556591776,1.0000000000,0.5247029393
0.0018880132,839,1521,0,0.3555084746,1.0000000000,0.5245389184
0.0018755117,839,1522,0,0.3553578992,1.0000000000,0.5243750000
0.0018511484,839,1523,0,0.3552074513,1.0000000000,0.5242111840
0.0018324099,839,1524,0,0.3550571308,1.0000000000,0.5240474703
0.0018235146,839,1525,0,0.3549069374,1.0000000000,0.5238838589
0.0018150649,839,1526,0,0.3547568710,1.0000000000,0.5237203496
0.0018064101,839,1527,0,0.3546069315,1.0000000000,0.5235569423
0.0017348357,839,1528,0,0.3544571187,1.0000000000,0.5233936369
0.0016376912,839,1529,0,0.3543074324,1.0000000000,0.5232304334
