threshold,tp,fp,fn,precision,recall,f1
0.9889304042,1,0,900,1.0000000000,0.0011098779,0.0022172949
0.9888460040,2,0,899,1.0000000000,0.0022197558,0.0044296788
0.9888390899,3,0,898,1.0000000000,0.0033296337,0.0066371681
0.9888352752,4,0,897,1.0000000000,0.0044395117,0.0088397790
0.9887517095,5,0,896,1.0000000000,0.0055493896,0.0110375276
0.9887351394,6,0,895,1.0000000000,0.0066592675,0.0132304300
0.9886648655,7,0,894,1.0000000000,0.0077691454,0.0154185022
0.9886381030,8,0,893,1.0000000000,0.0088790233,0.0176017602
0.9886217713,9,0,892,1.0000000000,0.0099889012,0.0197802198
0.9886050224,10,0,891,1.0000000000,0.0110987791,0.0219538968
0.9885677099,11,0,890,1.0000000000,0.0122086570,0.0241228070
0.9885667562,12,0,889,1.0000000000,0.0133185350,0.0262869660
0.9885636568,13,0,888,1.0000000000,0.0144284129,0.0284463895
0.9885574579,14,0,887,1.0000000000,0.0155382908,0.0306010929
0.9885572195,15,0,886,1.0000000000,0.0166481687,0.0327510917
0.9885123968,16,0,885,1.0000000000,0.0177580466,0.0348964013
0.9885061979,17,0,884,1.0000000000,0.0188679245,0.0370370370
0.9884883761,18,0,883,1.0000000000,0.0199778024,0.0391730141
0.9884457588,19,0,882,1.0000000000,0.0210876804,0.0413043478
0.9884303808,20,0,881,1.0000000000,0.0221975583,0.0434310532
0.9884145260,21,0,880,1.0000000000,0.0233074362,0.0455531453
0.9883771539,22,0,879,1.0000000000,0.0244173141,0.0476706392
0.9883511662,23,0,878,1.0000000000,0.0255271920,0.0497835498
0.9883457422,24,0,877,1.0000000000,0.0266370699,0.0518918919
0.9882810712,25,0,876,1.0000000000,0.0277469478,0.0539956803
0.9882166982,26,0,875,1.0000000000,0.0288568257,0.0560949299
0.9882164598,27,0,874,1.0000000000,0.0299667037,0.0581896552
0.9882161021,28,0,873,1.0000000000,0.0310765816,0.0602798708
0.9882116914,29,0,872,1.0000000000,0.0321864595,0.0623655914
0.9882035851,30,0,871,1.0000000000,0.0332963374,0.0644468314
0.9882004261,31,0,870,1.0000000000,0.0344062153,0.0665236052
0.9881518483,32,0,869,1.0000000000,0.0355160932,0.0685959271
0.9881476760,33,0,868,1.0000000000,0.0366259711,0.0706638116
0.9881457090,34,0,867,1.0000000000,0.0377358491,0.0727272727
0.9881190658,35,0,866,1.0000000000,0.0388457270,0.0747863248
0.9881165028,36,0,865,1.0000000000,0.0399556049,0.0768409819
0.9880556464,37,0,864,1.0000000000,0.0410654828,0.0788912580
0.9880379438,38,0,863,1.0000000000,0.0421753607,0.0809371672
0.9880229235,39,0,862,1.0000000000,0.0432852386,0.0829787234
0.9879671931,40,0,861,1.0000000000,0.0443951165,0.0850159405
0.9878873825,41,0,860,1.0000000000,0.0455049945,0.0870488323
0.9878484011,42,0,859,1.0000000000,0.0466148724,0.0890774125
0.9878367782,43,0,858,1.0000000000,0.0477247503,0.0911016949
0.9878157973,44,0,857,1.0000000000,0.0488346282,0.0931216931
0.9877983928,45,0,856,1.0000000000,0.0499445061,0.0951374207
0.9877979159,46,0,855,1.0000000000,0.0510543840,0.0971488912
0.9877940416,47,0,854,1.0000000000,0.0521642619,0.0991561181
0.9877895117,48,0,853,1.0000000000,0.0532741398,0.1011591149
0.9877524376,49,0,852,1.0000000000,0.0543840178,0.1031578947
0.9876749516,50,0,851,1.0000000000,0.0554938957,0.1051524711
0.9876738191,51,0,850,1.0000000000,0.0566037736,0.1071428571
0.9876383543,52,0,849,1.0000000000,0.0577136515,0.1091290661
0.9876267314,53,0,848,1.0000000000,0.0588235294,0.1111111111
0.9876263738,54,0,847,1.0000000000,0.0599334073,0.1130890052
0.9875963926,55,0,846,1.0000000000,0.0610432852,0.1150627615
0.9875818491,57,0,844,1.0000000000,0.0632630411,0.1189979123
0.9875729084,58,0,843,1.0000000000,0.0643729190,0.1209593326
0.9875655770,59,0,842,1.0000000000,0.0654827969,0.1229166667
0.9875466228,60,0,841,1.0000000000,0.0665926748,0.1248699272
0.9875270724,61,0,840,1.0000000000,0.0677025527,0.1268191268
0.9874905944,62,0,839,1.0000000000,0.0688124306,0.1287642783
0.9874759316,63,0,838,1.0000000000,0.0699223085,0.1307053942
0.9874643087,64,0,837,1.0000000000,0.0710321865,0.1326424870
0.9874621034,65,0,836,1.0000000000,0.0721420644,0.1345755694
0.9874595404,66,0,835,1.0000000000,0.0732519423,0.1365046536
0.9874587059,67,0,834,1.0000000000,0.0743618202,0.1384297521
0.9874365330,68,0,833,1.0000000000,0.0754716981,0.1403508772
0.9874318838,69,0,832,1.0000000000,0.0765815760,0.1422680412
0.9874167442,70,0,831,1.0000000000,0.0776914539,0.1441812564
0.9874047041,71,0,830,1.0000000000,0.0788013319,0.1460905350
0.9873977304,72,0,829,1.0000000000,0.0799112098,0.1479958890
0.9873257875,73,0,828,1.0000000000,0.0810210877,0.1498973306
0.9873183370,74,0,827,1.0000000000,0.0821309656,0.1517948718
0.9872831106,75,0,826,1.0000000000,0.0832408435,0.1536885246
0.9872461557,76,0,825,1.0000000000,0.0843507214,0.1555783009
0.9872037768,77,0,824,1.0000000000,0.0854605993,0.1574642127
0.9871928692,78,0,823,1.0000000000,0.0865704772,0.1593462717
0.9871908426,79,0,822,1.0000000000,0.0876803552,0.1612244898
0.9871754050,80,0,821,1.0000000000,0.0887902331,0.1630988787
0.9871240854,81,0,820,1.0000000000,0.0899001110,0.1649694501
0.9871195555,82,0,819,1.0000000000,0.0910099889,0.1668362157
0.9871146679,83,0,818,1.0000000000,0.0921198668,0.1686991870
0.9870981574,84,0,817,1.0000000000,0.0932297447,0.1705583756
0.9870787859,85,0,816,1.0000000000,0.0943396226,0.1724137931
0.9870620370,86,0,815,1.0000000000,0.0954495006,0.1742654509
0.9870519638,87,0,814,1.0000000000,0.0965593785,0.1761133603
0.9869881868,88,0,813,1.0000000000,0.0976692564,0.1779575329
0.9869677424,89,0,812,1.0000000000,0.0987791343,0.1797979798
0.9869585633,90,0,811,1.0000000000,0.0998890122,0.1816347124
0.9869582057,91,0,810,1.0000000000,0.1009988901,0.1834677419
0.9869390726,92,0,809,1.0000000000,0.1021087680,0.1852970796
0.9869306087,93,0,808,1.0000000000,0.1032186459,0.1871227364
0.9869204760,94,0,807,1.0000000000,0.1043285239,0.1889447236
0.9869197607,95,0,806,1.0000000000,0.1054384018,0.1907630522
0.9869009852,96,0,805,1.0000000000,0.1065482797,0.1925777332
0.9868971705,97,0,804,1.0000000000,0.1076581576,0.1943887776
0.9868790507,98,0,803,1.0000000000,0.1087680355,0.1961961962
0.9868577719,99,0,802,1.0000000000,0.1098779134,0.1980000000
0.9868511558,100,0,801,1.0000000000,0.1109877913,0.1998001998
0.9868270159,101,0,800,1.0000000000,0.1120976693,0.2015968064
0.9868171811,102,0,799,1.0000000000,0.1132075472,0.2033898305
0.9867686629,103,0,798,1.0000000000,0.1143174251,0.2051792829
0.9867542386,104,0,797,1.0000000000,0.1154273030,0.2069651741
0.9867357016,105,0,796,1.0000000000,0.1165371809,0.2087475149
0.9867240787,106,0,795,1.0000000000,0.1176470588,0.2105263158
0.9866950512,107,0,794,1.0000000000,0.1187569367,0.2123015873
0.9866804481,108,0,793,1.0000000000,0.1198668147,0.2140733399
0.9866635799,109,0,792,1.0000000000,0.1209766926,0.2158415842
0.9866567254,110,0,791,1.0000000000,0.1220865705,0.2176063304
0.9866551161,111,0,790,1.0000000000,0.1231964484,0.2193675889
0.9866466522,112,0,789,1.0000000000,0.1243063263,0.2211253702
0.9866346121,113,0,788,1.0000000000,0.1254162042,0.2228796844
0.9866296053,114,0,787,1.0000000000,0.1265260821,0.2246305419
0.9866108894,115,0,786,1.0000000000,0.1276359600,0.2263779528
0.9866058230,116,0,785,1.0000000000,0.1287458380,0.2281219272
0.9866047502,117,0,784,1.0000000000,0.1298557159,0.2298624754
0.9865989685,118,0,783,1.0000000000,0.1309655938,0.2315996075
0.9865927100,119,0,782,1.0000000000,0.1320754717,0.2333333333
0.9865736961,120,0,781,1.0000000000,0.1331853496,0.2350636631
0.9865556955,121,0,780,1.0000000000,0.1342952275,0.2367906067
0.9865508080,122,0,779,1.0000000000,0.1354051054,0.2385141740
0.9865368009,122,1,779,0.9918699187,0.1354051054,0.2382812500
0.9865324497,123,1,778,0.9919354839,0.1365149834,0.2400000000
0.9865145087,124,1,777,0.9920000000,0.1376248613,0.2417153996
0.9864971042,125,1,776,0.9920634921,0.1387347392,0.2434274586
0.9864740968,126,1,775,0.9921259843,0.1398446171,0.2451361868
0.9864563942,127,1,774,0.9921875000,0.1409544950,0.2468415938
0.9864300489,128,1,773,0.9922480620,0.1420643729,0.2485436893
0.9864280820,129,1,772,0.9923076923,0.1431742508,0.2502424830
0.9864055514,130,1,771,0.9923664122,0.1442841287,0.2519379845
0.9863830805,131,1,770,0.9924242424,0.1453940067,0.2536302033
0.9863785505,132,1,769,0.9924812030,0.1465038846,0.2553191489
0.9863751531,133,1,768,0.9925373134,0.1476137625,0.2570048309
0.9863706827,134,1,767,0.9925925926,0.1487236404,0.2586872587
0.9863654375,135,1,766,0.9926470588,0.1498335183,0.2603664417
0.9863622785,136,1,765,0.9927007299,0.1509433962,0.2620423892
0.9863479137,137,1,764,0.9927536232,0.1520532741,0.2637151107
0.9863120914,138,1,763,0.9928057554,0.1531631521,0.2653846154
0.9863101244,139,1,762,0.9928571429,0.1542730300,0.2670509126
0.9862900376,140,1,761,0.9929078014,0.1553829079,0.2687140115
0.9862748384,141,1,760,0.9929577465,0.1564927858,0.2703739214
0.9862598777,142,1,759,0.9930069930,0.1576026637,0.2720306513
0.9862577915,143,1,758,0.9930555556,0.1587125416,0.2736842105
0.9862489104,144,1,757,0.9931034483,0.1598224195,0.2753346080
0.9862416983,145,1,756,0.9931506849,0.1609322974,0.2769818529
0.9862027168,146,1,755,0.9931972789,0.1620421754,0.2786259542
0.9862011075,147,1,754,0.9932432432,0.1631520533,0.2802669209
0.9861904383,148,1,753,0.9932885906,0.1642619312,0.2819047619
0.9861852527,149,1,752,0.9933333333,0.1653718091,0.2835394862
0.9861830473,150,1,751,0.9933774834,0.1664816870,0.2851711027
0.9861750603,151,1,750,0.9934210526,0.1675915649,0.2867996201
0.9861496687,152,1,749,0.9934640523,0.1687014428,0.2884250474
0.9861477613,153,1,748,0.9935064935,0.1698113208,0.2900473934
0.9861438274,154,1,747,0.9935483871,0.1709211987,0.2916666667
0.9861360788,155,1,746,0.9935897436,0.1720310766,0.2932828761
0.9860965610,156,1,745,0.9936305732,0.1731409545,0.2948960302
0.9860894680,157,1,744,0.9936708861,0.1742508324,0.2965061379
0.9860795140,158,1,743,0.9937106918,0.1753607103,0.2981132075
0.9860710502,159,1,742,0.9937500000,0.1764705882,0.2997172479
0.9860683680,160,1,741,0.9937888199,0.1775804661,0.3013182674
0.9860600233,161,1,740,0.9938271605,0.1786903441,0.3029162747
0.9860284925,162,1,739,0.9938650307,0.1798002220,0.3045112782
0.9860203862,163,1,738,0.9939024390,0.1809100999,0.3061032864
0.9860077500,164,1,737,0.9939393939,0.1820199778,0.3076923077
0.9859982729,165,1,736,0.9939759036,0.1831298557,0.3092783505
0.9859846830,166,1,735,0.9940119760,0.1842397336,0.3108614232
0.9859836698,167,1,734,0.9940476190,0.1853496115,0.3124415341
0.9859781265,168,1,733,0.9940828402,0.1864594895,0.3140186916
0.9859640598,169,1,732,0.9941176471,0.1875693674,0.3155929038
0.9859480858,170,1,731,0.9941520468,0.1886792453,0.3171641791
0.9859365225,171,1,730,0.9941860465,0.1897891232,0.3187325256
0.9859148264,172,1,729,0.9942196532,0.1908990011,0.3202979516
0.9859139919,173,1,728,0.9942528736,0.1920088790,0.3218604651
0.9858961701,174,1,727,0.9942857143,0.1931187569,0.3234200743
0.9858895540,175,1,726,0.9943181818,0.1942286349,0.3249767874
0.9858704209,176,1,725,0.9943502825,0.1953385128,0.3265306122
0.9858555198,177,1,724,0.9943820225,0.1964483907,0.3280815570
0.9858126640,178,1,723,0.9944134078,0.1975582686,0.3296296296
0.9858120680,179,1,722,0.9944444444,0.1986681465,0.3311748381
0.9858104587,180,1,721,0.9944751381,0.1997780244,0.3327171904
0.9858040810,181,1,720,0.9945054945,0.2008879023,0.3342566944
0.9857827425,182,1,719,0.9945355191,0.2019977802,0.3357933579
0.9857736230,183,1,718,0.9945652174,0.2031076582,0.3373271889
0.9857674837,184,1,717,0.9945945946,0.2042175361,0.3388581952
0.9857602715,185,1,716,0.9946236559,0.2053274140,0.3403863845
0.9857451916,186,1,715,0.9946524064,0.2064372919,0.3419117647
0.9857448936,187,1,714,0.9946808511,0.2075471698,0.3434343434
0.9857395291,188,1,713,0.9947089947,0.2086570477,0.3449541284
0.9857347012,189,1,712,0.9947368421,0.2097669256,0.3464711274
0.9857189059,190,1,711,0.9947643979,0.2108768036,0.3479853480
0.9857031703,191,1,710,0.9947916667,0.2119866815,0.3494967978
0.9856925011,192,1,709,0.9948186528,0.2130965594,0.3510054845
0.9856518507,193,1,708,0.9948453608,0.2142064373,0.3525114155
0.9856429696,194,1,707,0.9948717949,0.2153163152,0.3540145985
0.9856415391,195,1,706,0.9948979592,0.2164261931,0.3555150410
0.9856292605,196,1,705,0.9949238579,0.2175360710,0.3570127505
0.9855835438,197,1,704,0.9949494949,0.2186459489,0.3585077343
0.9855654836,198,1,703,0.9949748744,0.2197558269,0.3600000000
0.9855481982,199,1,702,0.9950000000,0.2208657048,0.3614895550
0.9855473042,200,1,701,0.9950248756,0.2219755827,0.3629764065
0.9855439067,201,1,700,0.9950495050,0.2230854606,0.3644605621
0.9855432510,202,1,699,0.9950738916,0.2241953385,0.3659420290
0.9855265617,203,1,698,0.9950980392,0.2253052164,0.3674208145
0.9855107069,204,1,697,0.9951219512,0.2264150943,0.3688969259
0.9854913950,205,1,696,0.9951456311,0.2275249723,0.3703703704
0.9854815602,206,1,695,0.9951690821,0.2286348502,0.3718411552
0.9854778051,207,1,694,0.9951923077,0.2297447281,0.3733092876
0.9854450822,208,1,693,0.9952153110,0.2308546060,0.3747747748
0.9854159951,209,1,692,0.9952380952,0.2319644839,0.3762376238
0.9854153395,210,1,691,0.9952606635,0.2330743618,0.3776978417
0.9853740931,211,1,690,0.9952830189,0.2341842397,0.3791554358
0.9853734970,212,1,689,0.9953051643,0.2352941176,0.3806104129
0.9853473902,213,1,688,0.9953271028,0.2364039956,0.3820627803
0.9853408933,214,1,687,0.9953488372,0.2375138735,0.3835125448
0.9853398204,215,1,686,0.9953703704,0.2386237514,0.3849597135
0.9853343964,216,1,685,0.9953917051,0.2397336293,0.3864042934
0.9853244424,217,1,684,0.9954128440,0.2408435072,0.3878462913
0.9853181839,218,1,683,0.9954337900,0.2419533851,0.3892857143
0.9853015542,219,1,682,0.9954545455,0.2430632630,0.3907225691
0.9852979779,220,1,681,0.9954751131,0.2441731410,0.3921568627
0.9852851033,221,1,680,0.9954954955,0.2452830189,0.3935886020
0.9852762818,222,1,679,0.9955156951,0.2463928968,0.3950177936
0.9852663279,223,1,678,0.9955357143,0.2475027747,0.3964444444
0.9852489829,224,1,677,0.9955555556,0.2486126526,0.3978685613
0.9852430820,225,1,676,0.9955752212,0.2497225305,0.3992901508
0.9852220416,227,1,674,0.9956140351,0.2519422863,0.4021257750
0.9852215648,228,1,673,0.9956331878,0.2530521643,0.4035398230
0.9852200747,229,1,672,0.9956521739,0.2541620422,0.4049513705
0.9851776958,230,1,671,0.9956709957,0.2552719201,0.4063604240
0.9851775765,231,1,670,0.9956896552,0.2563817980,0.4077669903
0.9851601124,232,1,669,0.9957081545,0.2574916759,0.4091710758
0.9851593375,233,1,668,0.9957264957,0.2586015538,0.4105726872
0.9851570129,234,1,667,0.9957446809,0.2597114317,0.4119718310
0.9851380587,235,1,666,0.9957627119,0.2608213097,0.4133685136
0.9851217270,235,2,666,0.9915611814,0.2608213097,0.4130052724
0.9851175547,236,2,665,0.9915966387,0.2619311876,0.4143985953
0.9851072431,237,2,664,0.9916317992,0.2630410655,0.4157894737
0.9850692153,238,2,663,0.9916666667,0.2641509434,0.4171779141
0.9850603938,239,2,662,0.9917012448,0.2652608213,0.4185639229
0.9850465059,240,2,661,0.9917355372,0.2663706992,0.4199475066
0.9850403070,241,2,660,0.9917695473,0.2674805771,0.4213286713
0.9849976301,242,2,659,0.9918032787,0.2685904550,0.4227074236
0.9849565625,243,2,658,0.9918367347,0.2697003330,0.4240837696
0.9849222898,244,2,657,0.9918699187,0.2708102109,0.4254577158
0.9849210382,245,2,656,0.9919028340,0.2719200888,0.4268292683
0.9848957062,246,2,655,0.9919354839,0.2730299667,0.4281984334
0.9848826528,247,2,654,0.9919678715,0.2741398446,0.4295652174
0.9848393202,248,2,653,0.9920000000,0.2752497225,0.4309296264
0.9848330617,249,2,652,0.9920318725,0.2763596004,0.4322916667
0.9848247170,250,2,651,0.9920634921,0.2774694784,0.4336513443
0.9848204255,251,2,650,0.9920948617,0.2785793563,0.4350086655
0.9848105907,252,2,649,0.9921259843,0.2796892342,0.4363636364
0.9848048687,253,2,648,0.9921568627,0.2807991121,0.4377162630
0.9848001003,254,2,647,0.9921875000,0.2819089900,0.4390665514
0.9847810268,255,2,646,0.9922178988,0.2830188679,0.4404145078
0.9847709537,256,2,645,0.9922480620,0.2841287458,0.4417601381
0.9847404361,257,2,644,0.9922779923,0.2852386238,0.4431034483
0.9847255349,258,2,643,0.9923076923,0.2863485017,0.4444444444
0.9847251773,259,2,642,0.9923371648,0.2874583796,0.4457831325
0.9847112298,260,2,641,0.9923664122,0.2885682575,0.4471195185
0.9847036004,261,2,640,0.9923954373,0.2896781354,0.4484536082
0.9847011566,262,2,639,0.9924242424,0.2907880133,0.4497854077
0.9846891165,263,2,638,0.9924528302,0.2918978912,0.4511149228
0.9846847057,264,2,637,0.9924812030,0.2930077691,0.4524421594
0.9846814871,264,3,637,0.9887640449,0.2930077691,0.4520547945
0.9846813679,265,3,636,0.9888059701,0.2941176471,0.4533789564
0.9846684337,266,3,635,0.9888475836,0.2952275250,0.4547008547
0.9846611619,266,4,635,0.9851851852,0.2952275250,0.4543125534
0.9846140146,267,4,634,0.9852398524,0.2963374029,0.4556313993
0.9846138954,268,4,633,0.9852941176,0.2974472808,0.4569479966
0.9846134186,269,4,632,0.9853479853,0.2985571587,0.4582623509
0.9845563173,270,4,631,0.9854014599,0.2996670366,0.4595744681
0.9845525026,271,4,630,0.9854545455,0.3007769145,0.4608843537
0.9845415354,272,4,629,0.9855072464,0.3018867925,0.4621920136
0.9845342636,272,5,629,0.9819494585,0.3018867925,0.4617996604
0.9845090508,273,5,628,0.9820143885,0.3029966704,0.4631043257
0.9845033884,274,5,627,0.9820788530,0.3041065483,0.4644067797
0.9845030904,275,5,626,0.9821428571,0.3052164262,0.4657070279
0.9844948649,276,5,625,0.9822064057,0.3063263041,0.4670050761
0.9844895601,277,5,624,0.9822695035,0.3074361820,0.4683009298
0.9844760299,277,6,624,0.9787985866,0.3074361820,0.4679054054
0.9844394922,278,6,623,0.9788732394,0.3085460599,0.4691983122
0.9844356179,279,6,622,0.9789473684,0.3096559378,0.4704890388
0.9844069481,280,6,621,0.9790209790,0.3107658158,0.4717775906
0.9843840599,281,6,620,0.9790940767,0.3118756937,0.4730639731
0.9843819737,282,6,619,0.9791666667,0.3129855716,0.4743481918
0.9843627214,283,6,618,0.9792387543,0.3140954495,0.4756302521
0.9843580723,284,6,617,0.9793103448,0.3152053274,0.4769101595
0.9843552113,284,7,617,0.9759450172,0.3152053274,0.4765100671
0.9843499064,285,7,616,0.9760273973,0.3163152053,0.4777870914
0.9843414426,286,7,615,0.9761092150,0.3174250832,0.4790619765
0.9843320847,287,7,614,0.9761904762,0.3185349612,0.4803347280
0.9843198657,288,7,613,0.9762711864,0.3196448391,0.4816053512
0.9843097925,289,7,612,0.9763513514,0.3207547170,0.4828738513
0.9842588902,290,7,611,0.9764309764,0.3218645949,0.4841402337
0.9842371345,291,7,610,0.9765100671,0.3229744728,0.4854045038
0.9842313528,292,7,609,0.9765886288,0.3240843507,0.4866666667
0.9842205048,293,7,608,0.9766666667,0.3251942286,0.4879267277
0.9841510057,294,7,607,0.9767441860,0.3263041065,0.4891846922
0.9841163754,295,7,606,0.9768211921,0.3274139845,0.4904405653
0.9840655923,296,7,605,0.9768976898,0.3285238624,0.4916943522
0.9840445518,297,7,604,0.9769736842,0.3296337403,0.4929460581
0.9840258956,297,8,604,0.9737704918,0.3296337403,0.4925373134
0.9840134978,298,8,603,0.9738562092,0.3307436182,0.4937862469
0.9839997888,299,8,602,0.9739413681,0.3318534961,0.4950331126
0.9839918017,300,8,601,0.9740259740,0.3329633740,0.4962779156
0.9839816689,301,8,600,0.9741100324,0.3340732519,0.4975206612
0.9839676023,302,8,599,0.9741935484,0.3351831299,0.4987613543
0.9839628339,303,8,598,0.9742765273,0.3362930078,0.5000000000
0.9839583635,304,8,597,0.9743589744,0.3374028857,0.5012366035
0.9839575291,305,8,596,0.9744408946,0.3385127636,0.5024711697
0.9838989377,306,8,595,0.9745222930,0.3396226415,0.5037037037
0.9838648438,307,8,594,0.9746031746,0.3407325194,0.5049342105
0.9838476777,308,8,593,0.9746835443,0.3418423973,0.5061626952
0.9838312864,309,8,592,0.9747634069,0.3429522752,0.5073891626
0.9837713838,310,8,591,0.9748427673,0.3440621532,0.5086136177
0.9837649465,311,8,590,0.9749216301,0.3451720311,0.5098360656
0.9837099314,312,8,589,0.9750000000,0.3462819090,0.5110565111
0.9836984873,313,8,588,0.9750778816,0.3473917869,0.5122749591
0.9836760163,314,8,587,0.9751552795,0.3485016648,0.5134914146
0.9836686254,315,8,586,0.9752321981,0.3496115427,0.5147058824
0.9836672544,316,8,585,0.9753086420,0.3507214206,0.5159183673
0.9836433530,317,8,584,0.9753846154,0.3518312986,0.5171288744
0.9836403728,318,8,583,0.9754601227,0.3529411765,0.5183374083
0.9836254716,319,8,582,0.9755351682,0.3540510544,0.5195439739
0.9836109281,320,8,581,0.9756097561,0.3551609323,0.5207485761
0.9835824966,321,8,580,0.9756838906,0.3562708102,0.5219512195
0.9835785627,322,8,579,0.9757575758,0.3573806881,0.5231519090
0.9835761189,323,8,578,0.9758308157,0.3584905660,0.5243506494
0.9835364819,324,8,577,0.9759036145,0.3596004440,0.5255474453
0.9835284948,325,8,576,0.9759759760,0.3607103219,0.5267423015
0.9835110903,326,8,575,0.9760479042,0.3618201998,0.5279352227
0.9834960699,327,8,574,0.9761194030,0.3629300777,0.5291262136
0.9834957719,328,8,573,0.9761904762,0.3640399556,0.5303152789
0.9834842086,328,9,573,0.9732937685,0.3640399556,0.5298869144
0.9834780097,329,9,572,0.9733727811,0.3651498335,0.5310734463
0.9834557176,330,9,571,0.9734513274,0.3662597114,0.5322580645
0.9834393859,331,9,570,0.9735294118,0.3673695893,0.5334407736
0.9834338427,332,9,569,0.9736070381,0.3684794673,0.5346215781
0.9834312797,333,9,568,0.9736842105,0.3695893452,0.5358004827
0.9834198952,334,9,567,0.9737609329,0.3706992231,0.5369774920
0.9834110141,335,9,566,0.9738372093,0.3718091010,0.5381526104
0.9834090471,336,9,565,0.9739130435,0.3729189789,0.5393258427
0.9834037423,337,9,564,0.9739884393,0.3740288568,0.5404971933
0.9833986759,338,9,563,0.9740634006,0.3751387347,0.5416666667
0.9833936095,339,9,562,0.9741379310,0.3762486127,0.5428342674
0.9833662510,340,9,561,0.9742120344,0.3773584906,0.5440000000
0.9833501577,341,9,560,0.9742857143,0.3784683685,0.5451638689
0.9833297133,342,9,559,0.9743589744,0.3795782464,0.5463258786
0.9833095670,343,9,558,0.9744318182,0.3806881243,0.5474860335
0.9833067060,344,9,557,0.9745042493,0.3817980022,0.5486443381
0.9832900763,345,9,556,0.9745762712,0.3829078801,0.5498007968
0.9832899570,346,9,555,0.9746478873,0.3840177580,0.5509554140
0.9832808375,347,9,554,0.9747191011,0.3851276360,0.5521081941
0.9832710624,348,9,553,0.9747899160,0.3862375139,0.5532591415
0.9832522869,349,9,552,0.9748603352,0.3873473918,0.5544082605
0.9831801653,350,9,551,0.9749303621,0.3884572697,0.5555555556
0.9831600785,351,9,550,0.9750000000,0.3895671476,0.5567010309
0.9831578732,352,9,549,0.9750692521,0.3906770255,0.5578446910
0.9831503034,353,9,548,0.9751381215,0.3917869034,0.5589865400
0.9831368327,354,9,547,0.9752066116,0.3928967814,0.5601265823
0.9831013083,355,9,546,0.9752747253,0.3940066593,0.5612648221
0.9830331206,356,9,545,0.9753424658,0.3951165372,0.5624012638
0.9829876423,357,9,544,0.9754098361,0.3962264151,0.5635359116
0.9829688668,358,9,543,0.9754768392,0.3973362930,0.5646687697
0.9829500914,359,9,542,0.9755434783,0.3984461709,0.5657998424
0.9829354286,360,9,541,0.9756097561,0.3995560488,0.5669291339
0.9829338193,361,9,540,0.9756756757,0.4006659267,0.5680566483
0.9829294682,362,9,539,0.9757412399,0.4017758047,0.5691823899
0.9829224348,363,9,538,0.9758064516,0.4028856826,0.5703063629
0.9829056263,364,9,537,0.9758713137,0.4039955605,0.5714285714
0.9828926325,365,9,536,0.9759358289,0.4051054384,0.5725490196
0.9828839898,366,9,535,0.9760000000,0.4062153163,0.5736677116
0.9828696847,367,9,534,0.9760638298,0.4073251942,0.5747846515
0.9828577042,368,9,533,0.9761273210,0.4084350721,0.5758998435
0.9828360677,369,9,532,0.9761904762,0.4095449501,0.5770132916
0.9828243256,370,9,531,0.9762532982,0.4106548280,0.5781250000
0.9827882648,371,9,530,0.9763157895,0.4117647059,0.5792349727
0.9827679992,372,9,529,0.9763779528,0.4128745838,0.5803432137
0.9827561378,373,9,528,0.9764397906,0.4139844617,0.5814497272
0.9827237129,374,9,527,0.9765013055,0.4150943396,0.5825545171
0.9827108979,375,9,526,0.9765625000,0.4162042175,0.5836575875
0.9826322794,376,9,525,0.9766233766,0.4173140954,0.5847589425
0.9826310277,377,9,524,0.9766839378,0.4184239734,0.5858585859
0.9826284647,378,9,523,0.9767441860,0.4195338513,0.5869565217
0.9826176763,379,9,522,0.9768041237,0.4206437292,0.5880527541
0.9826111197,380,9,521,0.9768637532,0.4217536071,0.5891472868
0.9825966954,381,9,520,0.9769230769,0.4228634850,0.5902401239
0.9825853109,382,9,519,0.9769820972,0.4239733629,0.5913312693
0.9825592041,383,9,518,0.9770408163,0.4250832408,0.5924207270
0.9825368524,384,9,517,0.9770992366,0.4261931188,0.5935085008
0.9825339913,385,9,516,0.9771573604,0.4273029967,0.5945945946
0.9825267196,386,9,515,0.9772151899,0.4284128746,0.5956790123
0.9825223684,387,9,514,0.9772727273,0.4295227525,0.5967617579
0.9825114608,388,9,513,0.9773299748,0.4306326304,0.5978428351
0.9825038314,389,9,512,0.9773869347,0.4317425083,0.5989222479
0.9824862480,390,9,511,0.9774436090,0.4328523862,0.6000000000
0.9824694395,391,9,510,0.9775000000,0.4339622642,0.6010760953
0.9824619889,392,9,509,0.9775561097,0.4350721421,0.6021505376
0.9824541211,393,9,508,0.9776119403,0.4361820200,0.6032233308
0.9824280143,394,9,507,0.9776674938,0.4372918979,0.6042944785
0.9824166298,395,9,506,0.9777227723,0.4384017758,0.6053639847
0.9823333621,396,9,505,0.9777777778,0.4395116537,0.6064318530
0.9822800756,397,9,504,0.9778325123,0.4406215316,0.6074980872
0.9822751284,397,10,504,0.9754299754,0.4406215316,0.6070336391
0.9822708964,398,10,503,0.9754901961,0.4417314095,0.6080977846
0.9822122455,399,10,502,0.9755501222,0.4428412875,0.6091603053
0.9821975827,400,10,501,0.9756097561,0.4439511654,0.6102212052
0.9821867943,401,10,500,0.9756690998,0.4450610433,0.6112804878
0.9820888042,402,10,499,0.9757281553,0.4461709212,0.6123381569
0.9820749164,403,10,498,0.9757869249,0.4472807991,0.6133942161
0.9820619226,404,10,497,0.9758454106,0.4483906770,0.6144486692
0.9820618033,405,10,496,0.9759036145,0.4495005549,0.6155015198
0.9820322394,406,10,495,0.9759615385,0.4506104329,0.6165527715
0.9819648862,407,10,494,0.9760191847,0.4517203108,0.6176024279
0.9819502831,408,10,493,0.9760765550,0.4528301887,0.6186504928
0.9819425941,409,10,492,0.9761336516,0.4539400666,0.6196969697
0.9819114804,409,11,492,0.9738095238,0.4539400666,0.6192278577
0.9818351269,410,11,491,0.9738717340,0.4550499445,0.6202723147
0.9818286896,411,11,490,0.9739336493,0.4561598224,0.6213151927
0.9818093777,412,11,489,0.9739952719,0.4572697003,0.6223564955
0.9818092585,412,12,489,0.9716981132,0.4572697003,0.6218867925
0.9818004370,413,12,488,0.9717647059,0.4583795782,0.6229260935
0.9817458391,414,12,487,0.9718309859,0.4594894562,0.6239638282
0.9817148447,415,12,486,0.9718969555,0.4605993341,0.6250000000
0.9817035794,416,12,485,0.9719626168,0.4617092120,0.6260346125
0.9816901088,417,12,484,0.9720279720,0.4628190899,0.6270676692
0.9816805124,418,12,483,0.9720930233,0.4639289678,0.6280991736
0.9816286564,419,12,482,0.9721577726,0.4650388457,0.6291291291
0.9816068411,420,12,481,0.9722222222,0.4661487236,0.6301575394
0.9816063046,421,12,480,0.9722863741,0.4672586016,0.6311844078
0.9816058278,422,12,479,0.9723502304,0.4683684795,0.6322097378
0.9815883636,423,12,478,0.9724137931,0.4694783574,0.6332335329
0.9815478325,424,12,477,0.9724770642,0.4705882353,0.6342557966
0.9815156460,425,12,476,0.9725400458,0.4716981132,0.6352765321
0.9815093279,426,12,475,0.9726027397,0.4728079911,0.6362957431
0.9815005064,427,12,474,0.9726651481,0.4739178690,0.6373134328
0.9814650416,428,12,473,0.9727272727,0.4750277469,0.6383296048
0.9814536572,429,12,472,0.9727891156,0.4761376249,0.6393442623
0.9814298749,430,12,471,0.9728506787,0.4772475028,0.6403574088
0.9813856483,431,12,470,0.9729119639,0.4783573807,0.6413690476
0.9813838601,432,12,469,0.9729729730,0.4794672586,0.6423791822
0.9813445807,433,12,468,0.9730337079,0.4805771365,0.6433878158
0.9813225269,434,12,467,0.9730941704,0.4816870144,0.6443949517
0.9813145995,435,12,466,0.9731543624,0.4827968923,0.6454005935
0.9812700748,435,13,466,0.9709821429,0.4827968923,0.6449221646
0.9812403321,436,13,465,0.9710467706,0.4839067703,0.6459259259
0.9812316298,437,13,464,0.9711111111,0.4850166482,0.6469282013
0.9811837673,438,13,463,0.9711751663,0.4861265261,0.6479289941
0.9810205698,439,13,462,0.9712389381,0.4872364040,0.6489283075
0.9810117483,440,13,461,0.9713024283,0.4883462819,0.6499261448
0.9810035229,441,13,460,0.9713656388,0.4894561598,0.6509225092
0.9809957147,442,13,459,0.9714285714,0.4905660377,0.6519174041
0.9809749126,443,13,458,0.9714912281,0.4916759156,0.6529108327
0.9808963537,444,13,457,0.9715536105,0.4927857936,0.6539027982
0.9808232784,445,13,456,0.9716157205,0.4938956715,0.6548933039
0.9808163047,446,13,455,0.9716775599,0.4950055494,0.6558823529
0.9807776809,447,13,454,0.9717391304,0.4961154273,0.6568699486
0.9807626605,448,13,453,0.9718004338,0.4972253052,0.6578560940
0.9807605743,449,13,452,0.9718614719,0.4983351831,0.6588407924
0.9807531238,449,14,452,0.9697624190,0.4983351831,0.6583577713
0.9807434678,450,14,451,0.9698275862,0.4994450610,0.6593406593
0.9807399511,451,14,450,0.9698924731,0.5005549390,0.6603221083
0.9806893468,452,14,449,0.9699570815,0.5016648169,0.6613021214
0.9806730747,453,14,448,0.9700214133,0.5027746948,0.6622807018
0.9806256294,453,15,448,0.9679487179,0.5027746948,0.6617969321
0.9806067348,454,15,447,0.9680170576,0.5038845727,0.6627737226
0.9805600643,455,15,446,0.9680851064,0.5049944506,0.6637490883
0.9805219173,456,15,445,0.9681528662,0.5061043285,0.6647230321
0.9804899096,457,15,444,0.9682203390,0.5072142064,0.6656955572
0.9804583788,458,15,443,0.9682875264,0.5083240844,0.6666666667
0.9804285169,459,15,442,0.9683544304,0.5094339623,0.6676363636
0.9804068208,460,15,441,0.9684210526,0.5105438402,0.6686046512
0.9803950191,461,15,440,0.9684873950,0.5116537181,0.6695715323
0.9803579450,462,15,439,0.9685534591,0.5127635960,0.6705370102
0.9803549647,463,15,438,0.9686192469,0.5138734739,0.6715010877
0.9803518653,464,15,437,0.9686847599,0.5149833518,0.6724637681
0.9803298712,465,15,436,0.9687500000,0.5160932297,0.6734250543
0.9803026915,466,15,435,0.9688149688,0.5172031077,0.6743849493
0.9802916050,467,15,434,0.9688796680,0.5183129856,0.6753434563
0.9802830219,468,15,433,0.9689440994,0.5194228635,0.6763005780
0.9801895022,469,15,432,0.9690082645,0.5205327414,0.6772563177
0.9801831245,470,15,431,0.9690721649,0.5216426193,0.6782106782
0.9801688194,471,15,430,0.9691358025,0.5227524972,0.6791636626
0.9801427722,472,15,429,0.9691991786,0.5238623751,0.6801152738
0.9801418781,473,15,428,0.9692622951,0.5249722531,0.6810655148
0.9801048040,474,15,427,0.9693251534,0.5260821310,0.6820143885
0.9800541401,475,15,426,0.9693877551,0.5271920089,0.6829618979
0.9800086021,476,15,425,0.9694501018,0.5283018868,0.6839080460
0.9799814820,477,15,424,0.9695121951,0.5294117647,0.6848528356
0.9799668193,478,15,423,0.9695740365,0.5305216426,0.6857962697
0.9799168110,479,15,422,0.9696356275,0.5316315205,0.6867383513
0.9798239470,480,15,421,0.9696969697,0.5327413984,0.6876790831
0.9797750711,481,15,420,0.9697580645,0.5338512764,0.6886184681
0.9796849489,482,15,419,0.9698189135,0.5349611543,0.6895565093
0.9795941114,483,15,418,0.9698795181,0.5360710322,0.6904932094
0.9795239568,483,16,418,0.9679358717,0.5360710322,0.6900000000
0.9794950485,484,16,417,0.9680000000,0.5371809101,0.6909350464
0.9794824719,484,17,417,0.9660678643,0.5371809101,0.6904422254
0.9794603586,485,17,416,0.9661354582,0.5382907880,0.6913756237
0.9794473648,486,17,415,0.9662027833,0.5394006659,0.6923076923
0.9794089198,487,17,414,0.9662698413,0.5405105438,0.6932384342
0.9793770313,488,17,413,0.9663366337,0.5416204218,0.6941678521
0.9793661237,489,17,412,0.9664031621,0.5427302997,0.6950959488
0.9793599844,489,18,412,0.9644970414,0.5427302997,0.6946022727
0.9793137908,490,18,411,0.9645669291,0.5438401776,0.6955287438
0.9792903662,491,18,410,0.9646365422,0.5449500555,0.6964539007
0.9792785645,492,18,409,0.9647058824,0.5460599334,0.6973777463
0.9792760611,493,18,408,0.9647749511,0.5471698113,0.6983002833
0.9792683125,494,18,407,0.9648437500,0.5482796892,0.6992215145
0.9792301059,495,18,406,0.9649122807,0.5493895671,0.7001414427
0.9792297482,496,18,405,0.9649805447,0.5504994451,0.7010600707
0.9792249799,497,18,404,0.9650485437,0.5516093230,0.7019774011
0.9791691899,498,18,403,0.9651162791,0.5527192009,0.7028934368
0.9791546464,499,18,402,0.9651837524,0.5538290788,0.7038081805
0.9791240096,499,19,402,0.9633204633,0.5538290788,0.7033121917
0.9790452123,500,19,401,0.9633911368,0.5549389567,0.7042253521
0.9790413976,500,20,401,0.9615384615,0.5549389567,0.7037297678
0.9788789749,501,20,400,0.9616122841,0.5560488346,0.7046413502
0.9787238836,502,20,399,0.9616858238,0.5571587125,0.7055516514
0.9787092209,503,20,398,0.9617590822,0.5582685905,0.7064606742
0.9786567092,504,20,397,0.9618320611,0.5593784684,0.7073684211
0.9785657525,505,20,396,0.9619047619,0.5604883463,0.7082748948
0.9784862995,506,20,395,0.9619771863,0.5615982242,0.7091800981
0.9784508944,507,20,394,0.9620493359,0.5627081021,0.7100840336
0.9784236550,508,20,393,0.9621212121,0.5638179800,0.7109867040
0.9783369303,508,21,393,0.9603024575,0.5638179800,0.7104895105
0.9783301950,509,21,392,0.9603773585,0.5649278579,0.7113906359
0.9783007503,510,21,391,0.9604519774,0.5660377358,0.7122905028
0.9782732725,511,21,390,0.9605263158,0.5671476138,0.7131891137
0.9782296419,512,21,389,0.9606003752,0.5682574917,0.7140864714
0.9782184958,513,21,388,0.9606741573,0.5693673696,0.7149825784
0.9780680537,514,21,387,0.9607476636,0.5704772475,0.7158774373
0.9780437350,515,21,386,0.9608208955,0.5715871254,0.7167710508
0.9779719114,516,21,385,0.9608938547,0.5726970033,0.7176634214
0.9779573083,517,21,384,0.9609665428,0.5738068812,0.7185545518
0.9778428674,518,21,383,0.9610389610,0.5749167592,0.7194444444
0.9778316021,519,21,382,0.9611111111,0.5760266371,0.7203331020
0.9778093696,520,21,381,0.9611829945,0.5771365150,0.7212205270
0.9778010249,521,21,380,0.9612546125,0.5782463929,0.7221067221
0.9777873755,522,21,379,0.9613259669,0.5793562708,0.7229916898
0.9777815342,523,21,378,0.9613970588,0.5804661487,0.7238754325
0.9775451422,524,21,377,0.9614678899,0.5815760266,0.7247579530
0.9774600267,525,21,376,0.9615384615,0.5826859046,0.7256392536
0.9773164392,526,21,375,0.9616087751,0.5837957825,0.7265193370
0.9772576690,527,21,374,0.9616788321,0.5849056604,0.7273982057
0.9771793485,527,22,374,0.9599271403,0.5849056604,0.7268965517
0.9771692157,528,22,373,0.9600000000,0.5860155383,0.7277739490
0.9771236181,529,22,372,0.9600725953,0.5871254162,0.7286501377
0.9769452810,530,22,371,0.9601449275,0.5882352941,0.7295251204
0.9769282937,531,22,370,0.9602169982,0.5893451720,0.7303988996
0.9769133925,532,22,369,0.9602888087,0.5904550499,0.7312714777
0.9769006968,533,22,368,0.9603603604,0.5915649279,0.7321428571
0.9768773317,534,22,367,0.9604316547,0.5926748058,0.7330130405
0.9768593907,535,22,366,0.9605026930,0.5937846837,0.7338820302
0.9768398404,535,23,366,0.9587813620,0.5937846837,0.7333790267
0.9768249393,536,23,365,0.9588550984,0.5948945616,0.7342465753
0.9767869115,537,23,364,0.9589285714,0.5960044395,0.7351129363
0.9767546058,538,23,363,0.9590017825,0.5971143174,0.7359781122
0.9766429663,539,23,362,0.9590747331,0.5982241953,0.7368421053
0.9766248465,540,23,361,0.9591474245,0.5993340733,0.7377049180
0.9765205979,541,23,360,0.9592198582,0.6004439512,0.7385665529
0.9764888883,542,23,359,0.9592920354,0.6015538291,0.7394270123
0.9764503837,543,23,358,0.9593639576,0.6026637070,0.7402862986
0.9764447808,544,23,357,0.9594356261,0.6037735849,0.7411444142
0.9764312506,545,23,356,0.9595070423,0.6048834628,0.7420013615
0.9762593508,546,23,355,0.9595782074,0.6059933407,0.7428571429
0.9761773348,547,23,354,0.9596491228,0.6071032186,0.7437117607
0.9760873318,547,24,354,0.9579684764,0.6071032186,0.7432065217
0.9759886861,548,24,353,0.9580419580,0.6082130966,0.7440597420
0.9759615064,548,25,353,0.9563699825,0.6082130966,0.7435549525
0.9759038687,549,25,352,0.9564459930,0.6093229745,0.7444067797
0.9758824110,550,25,351,0.9565217391,0.6104328524,0.7452574526
0.9758790135,551,25,350,0.9565972222,0.6115427303,0.7461069736
0.9758190513,552,25,349,0.9566724437,0.6126526082,0.7469553451
0.9757893085,553,25,348,0.9567474048,0.6137624861,0.7478025693
0.9757069349,554,25,347,0.9568221071,0.6148723640,0.7486486486
0.9756742120,555,25,346,0.9568965517,0.6159822420,0.7494935854
0.9756666422,556,25,345,0.9569707401,0.6170921199,0.7503373819
0.9756388068,556,26,345,0.9553264605,0.6170921199,0.7498314228
0.9755728841,557,26,344,0.9554030875,0.6182019978,0.7506738544
0.9754187465,558,26,343,0.9554794521,0.6193118757,0.7515151515
0.9753888249,559,26,342,0.9555555556,0.6204217536,0.7523553163
0.9753425121,560,26,341,0.9556313993,0.6215316315,0.7531943510
0.9753302932,561,26,340,0.9557069847,0.6226415094,0.7540322581
0.9752196074,562,26,339,0.9557823129,0.6237513873,0.7548690396
0.9751893282,563,26,338,0.9558573854,0.6248612653,0.7557046980
0.9750962853,564,26,337,0.9559322034,0.6259711432,0.7565392354
0.9750556946,565,26,336,0.9560067682,0.6270810211,0.7573726542
0.9749793410,566,26,335,0.9560810811,0.6281908990,0.7582049565
0.9749598503,567,26,334,0.9561551433,0.6293007769,0.7590361446
0.9749397635,568,26,333,0.9562289562,0.6304106548,0.7598662207
0.9749338627,569,26,332,0.9563025210,0.6315205327,0.7606951872
0.9749290943,570,26,331,0.9563758389,0.6326304107,0.7615230461
0.9748031497,570,27,331,0.9547738693,0.6326304107,0.7610146862
0.9747965932,570,28,331,0.9531772575,0.6326304107,0.7605070047
0.9746499062,571,28,330,0.9532554257,0.6337402886,0.7613333333
0.9745413065,571,29,330,0.9516666667,0.6337402886,0.7608261159
0.9745036364,571,30,330,0.9500831947,0.6337402886,0.7603195739
0.9744861722,572,30,329,0.9501661130,0.6348501665,0.7611443779
0.9743321538,573,30,328,0.9502487562,0.6359600444,0.7619680851
0.9741510153,574,30,327,0.9503311258,0.6370699223,0.7627906977
0.9740958810,575,30,326,0.9504132231,0.6381798002,0.7636122178
0.9740477204,576,30,325,0.9504950495,0.6392896781,0.7644326476
0.9738285542,576,31,325,0.9489291598,0.6392896781,0.7639257294
0.9738110304,577,31,324,0.9490131579,0.6403995560,0.7647448641
0.9736899734,578,31,323,0.9490968801,0.6415094340,0.7655629139
0.9735638499,579,31,322,0.9491803279,0.6426193119,0.7663798809
0.9735134840,580,31,321,0.9492635025,0.6437291898,0.7671957672
0.9734621048,581,31,320,0.9493464052,0.6448390677,0.7680105750
0.9734469652,582,31,319,0.9494290375,0.6459489456,0.7688243065
0.9733659625,582,32,319,0.9478827362,0.6459489456,0.7683168317
0.9733486772,582,33,319,0.9463414634,0.6459489456,0.7678100264
0.9733057618,583,33,318,0.9464285714,0.6470588235,0.7686222808
0.9732859731,584,33,317,0.9465153971,0.6481687014,0.7694334651
0.9732745886,585,33,316,0.9466019417,0.6492785794,0.7702435813
0.9731448889,586,33,315,0.9466882068,0.6503884573,0.7710526316
0.9730956554,587,33,314,0.9467741935,0.6514983352,0.7718606180
0.9730789661,587,34,314,0.9452495974,0.6514983352,0.7713534823
0.9729899764,588,34,313,0.9453376206,0.6526082131,0.7721602101
0.9728906751,589,34,312,0.9454253612,0.6537180910,0.7729658793
0.9728872180,590,34,311,0.9455128205,0.6548279689,0.7737704918
0.9728705883,590,35,311,0.9440000000,0.6548279689,0.7732634338
0.9727582335,591,35,310,0.9440894569,0.6559378468,0.7740667976
0.9727457166,591,36,310,0.9425837321,0.6559378468,0.7735602094
0.9727167487,592,36,309,0.9426751592,0.6570477248,0.7743623283
0.9726875424,593,36,308,0.9427662957,0.6581576027,0.7751633987
0.9726530313,593,37,308,0.9412698413,0.6581576027,0.7746570869
0.9726467133,594,37,307,0.9413629160,0.6592674806,0.7754569191
0.9725674391,595,37,306,0.9414556962,0.6603773585,0.7762557078
0.9724427462,596,37,305,0.9415481833,0.6614872364,0.7770534550
0.9724154472,597,37,304,0.9416403785,0.6625971143,0.7778501629
0.9723678827,598,37,303,0.9417322835,0.6637069922,0.7786458333
0.9723542333,599,37,302,0.9418238994,0.6648168701,0.7794404684
0.9723008275,600,37,301,0.9419152276,0.6659267481,0.7802340702
0.9722416401,601,37,300,0.9420062696,0.6670366260,0.7810266407
0.9722321033,602,37,299,0.9420970266,0.6681465039,0.7818181818
0.9721351862,603,37,298,0.9421875000,0.6692563818,0.7826086957
0.9720608592,604,37,297,0.9422776911,0.6703662597,0.7833981842
0.9718662500,604,38,297,0.9408099688,0.6703662597,0.7828904731
0.9718100429,605,38,296,0.9409020218,0.6714761376,0.7836787565
0.9717289805,606,38,295,0.9409937888,0.6725860155,0.7844660194
0.9714618325,607,38,294,0.9410852713,0.6736958935,0.7852522639
0.9714216590,608,38,293,0.9411764706,0.6748057714,0.7860374919
0.9713650942,609,38,292,0.9412673879,0.6759156493,0.7868217054
0.9712230563,610,38,291,0.9413580247,0.6770255272,0.7876049064
0.9712083340,611,38,290,0.9414483821,0.6781354051,0.7883870968
0.9711536765,612,38,289,0.9415384615,0.6792452830,0.7891682785
0.9709323645,613,38,288,0.9416282642,0.6803551609,0.7899484536
0.9709177613,614,38,287,0.9417177914,0.6814650388,0.7907276240
0.9707862735,615,38,286,0.9418070444,0.6825749168,0.7915057915
0.9707550406,616,38,285,0.9418960245,0.6836847947,0.7922829582
0.9706273675,617,38,284,0.9419847328,0.6847946726,0.7930591260
0.9704828262,618,38,283,0.9420731707,0.6859045505,0.7938342967
0.9702568650,619,38,282,0.9421613394,0.6870144284,0.7946084724
0.9700633287,620,38,281,0.9422492401,0.6881243063,0.7953816549
0.9698395729,621,38,280,0.9423368741,0.6892341842,0.7961538462
0.9698023200,622,38,279,0.9424242424,0.6903440622,0.7969250480
0.9692130685,623,38,278,0.9425113464,0.6914539401,0.7976952625
0.9691236019,624,38,277,0.9425981873,0.6925638180,0.7984644914
0.9681127667,624,39,277,0.9411764706,0.6925638180,0.7979539642
0.9679515362,625,39,276,0.9412650602,0.6936736959,0.7987220447
0.9678966403,626,39,275,0.9413533835,0.6947835738,0.7994891443
0.9677731991,627,39,274,0.9414414414,0.6958934517,0.8002552648
0.9676919580,628,39,273,0.9415292354,0.6970033296,0.8010204082
0.9676499963,629,39,272,0.9416167665,0.6981132075,0.8017845762
0.9675471783,629,40,272,0.9402092676,0.6981132075,0.8012738854
0.9671195149,630,40,271,0.9402985075,0.6992230855,0.8020369192
0.9668071866,631,40,270,0.9403874814,0.7003329634,0.8027989822
0.9666767120,632,40,269,0.9404761905,0.7014428413,0.8035600763
0.9663180709,633,40,268,0.9405646360,0.7025527192,0.8043202033
0.9662303329,633,41,268,0.9391691395,0.7025527192,0.8038095238
0.9660479426,633,42,268,0.9377777778,0.7025527192,0.8032994924
0.9660263062,634,42,267,0.9378698225,0.7036625971,0.8040583386
0.9658446312,634,43,267,0.9364844904,0.7036625971,0.8035487959
0.9657287002,635,43,266,0.9365781711,0.7047724750,0.8043065231
0.9654674530,635,44,266,0.9351988218,0.7047724750,0.8037974684
0.9654458165,635,45,266,0.9338235294,0.7047724750,0.8032890576
0.9654158950,636,45,265,0.9339207048,0.7058823529,0.8040455120
0.9651936293,636,46,265,0.9325513196,0.7058823529,0.8035375869
0.9651066065,636,47,265,0.9311859444,0.7058823529,0.8030303030
0.9650561810,637,47,264,0.9312865497,0.7069922309,0.8037854890
0.9649450779,638,47,263,0.9313868613,0.7081021088,0.8045397226
0.9648308754,639,47,262,0.9314868805,0.7092119867,0.8052930057
0.9647495151,640,47,261,0.9315866084,0.7103218646,0.8060453401
0.9642051458,641,47,260,0.9316860465,0.7114317425,0.8067967275
0.9633985758,642,47,259,0.9317851959,0.7125416204,0.8075471698
0.9633851647,643,47,258,0.9318840580,0.7136514983,0.8082966688
0.9630668759,644,47,257,0.9319826339,0.7147613762,0.8090452261
0.9624029398,645,47,256,0.9320809249,0.7158712542,0.8097928437
0.9622393250,645,48,256,0.9307359307,0.7158712542,0.8092848181
0.9620794058,646,48,255,0.9308357349,0.7169811321,0.8100313480
0.9619676471,647,48,254,0.9309352518,0.7180910100,0.8107769424
0.9619112611,648,48,253,0.9310344828,0.7192008879,0.8115216030
0.9617993236,649,48,252,0.9311334290,0.7203107658,0.8122653317
0.9617510438,649,49,252,0.9297994269,0.7203107658,0.8117573483
0.9616304040,649,50,252,0.9284692418,0.7203107658,0.8112500000
0.9615972638,649,51,252,0.9271428571,0.7203107658,0.8107432854
0.9614520669,650,51,251,0.9272467903,0.7214206437,0.8114856429
0.9613901973,650,52,251,0.9259259259,0.7214206437,0.8109794136
0.9612082839,651,52,250,0.9260312945,0.7225305216,0.8117206983
0.9610198736,652,52,249,0.9261363636,0.7236403996,0.8124610592
0.9606163502,653,52,248,0.9262411348,0.7247502775,0.8132004981
0.9603664875,654,52,247,0.9263456091,0.7258601554,0.8139390168
0.9594064951,654,53,247,0.9250353607,0.7258601554,0.8134328358
0.9592004418,655,53,246,0.9251412429,0.7269700333,0.8141702921
0.9591369629,657,53,244,0.9253521127,0.7291897891,0.8156424581
0.9589777589,657,54,244,0.9240506329,0.7291897891,0.8151364764
0.9584321976,658,54,243,0.9241573034,0.7302996670,0.8158710477
0.9583886266,658,55,243,0.9228611501,0.7302996670,0.8153655514
0.9577736855,658,56,243,0.9215686275,0.7302996670,0.8148606811
0.9574910998,658,57,243,0.9202797203,0.7302996670,0.8143564356
0.9572441578,659,57,242,0.9203910615,0.7314095450,0.8150896722
0.9568688273,660,57,241,0.9205020921,0.7325194229,0.8158220025
0.9567152262,661,57,240,0.9206128134,0.7336293008,0.8165534280
0.9566109180,662,57,239,0.9207232267,0.7347391787,0.8172839506
0.9565213323,662,58,239,0.9194444444,0.7347391787,0.8167797656
0.9560638070,662,59,239,0.9181692094,0.7347391787,0.8162762022
0.9559825063,663,59,238,0.9182825485,0.7358490566,0.8170055453
0.9559810162,664,59,237,0.9183955740,0.7369589345,0.8177339901
0.9556879401,665,59,236,0.9185082873,0.7380688124,0.8184615385
0.9554882646,665,60,236,0.9172413793,0.7380688124,0.8179581796
0.9554755092,665,61,236,0.9159779614,0.7380688124,0.8174554395
0.9549102783,665,62,236,0.9147180193,0.7380688124,0.8169533170
0.9543989897,666,62,235,0.9148351648,0.7391786903,0.8176795580
0.9543902278,667,62,234,0.9149519890,0.7402885683,0.8184049080
0.9539669156,668,62,233,0.9150684932,0.7413984462,0.8191293685
0.9538443685,669,62,232,0.9151846785,0.7425083241,0.8198529412
0.9536952376,670,62,231,0.9153005464,0.7436182020,0.8205756277
0.9534394145,670,63,231,0.9140518417,0.7436182020,0.8200734394
0.9533752799,671,63,230,0.9141689373,0.7447280799,0.8207951070
0.9532760382,671,64,230,0.9129251701,0.7447280799,0.8202933985
0.9531482458,671,65,230,0.9116847826,0.7447280799,0.8197923030
0.9530296326,672,65,229,0.9118046133,0.7458379578,0.8205128205
0.9527608752,673,65,228,0.9119241192,0.7469478357,0.8212324588
0.9526371360,674,65,227,0.9120433018,0.7480577137,0.8219512195
0.9526311755,675,65,226,0.9121621622,0.7491675916,0.8226691042
0.9524357319,676,65,225,0.9122807018,0.7502774695,0.8233861145
0.9523186088,677,65,224,0.9123989218,0.7513873474,0.8241022520
0.9520924687,678,65,223,0.9125168237,0.7524972253,0.8248175182
0.9519903064,678,66,223,0.9112903226,0.7524972253,0.8243161094
0.9519206882,679,66,222,0.9114093960,0.7536071032,0.8250303767
0.9517907500,680,66,221,0.9115281501,0.7547169811,0.8257437766
0.9513142109,681,66,220,0.9116465863,0.7558268590,0.8264563107
0.9512979388,681,67,220,0.9104278075,0.7558268590,0.8259551243
0.9512236118,681,68,220,0.9092122830,0.7558268590,0.8254545455
0.9511773586,682,68,219,0.9093333333,0.7569367370,0.8261659600
0.9511559606,682,69,219,0.9081225033,0.7569367370,0.8256658596
0.9511350393,683,69,218,0.9082446809,0.7580466149,0.8263762855
0.9510210752,683,70,218,0.9070385126,0.7580466149,0.8258766626
0.9508712292,683,71,218,0.9058355438,0.7580466149,0.8253776435
0.9507573247,684,71,217,0.9059602649,0.7591564928,0.8260869565
0.9506037235,684,72,217,0.9047619048,0.7591564928,0.8255884128
0.9505678415,685,72,216,0.9048877147,0.7602663707,0.8262967431
0.9501816034,686,72,215,0.9050131926,0.7613762486,0.8270042194
0.9498875737,686,73,215,0.9038208169,0.7613762486,0.8265060241
0.9488677979,686,74,215,0.9026315789,0.7613762486,0.8260084287
0.9486701488,687,74,214,0.9027595269,0.7624861265,0.8267148014
0.9486172199,688,74,213,0.9028871391,0.7635960044,0.8274203247
0.9485712051,689,74,212,0.9030144168,0.7647058824,0.8281250000
0.9485378861,690,74,211,0.9031413613,0.7658157603,0.8288288288
0.9473602772,691,74,210,0.9032679739,0.7669256382,0.8295318127
0.9472061992,691,75,210,0.9020887728,0.7669256382,0.8290341932
0.9468114972,692,75,209,0.9022164276,0.7680355161,0.8297362110
0.9467090368,692,76,209,0.9010416667,0.7680355161,0.8292390653
0.9463858604,692,77,209,0.8998699610,0.7680355161,0.8287425150
0.9454863071,693,77,208,0.9000000000,0.7691453940,0.8294434470
0.9453653693,694,77,207,0.9001297017,0.7702552719,0.8301435407
0.9452633262,695,77,206,0.9002590674,0.7713651498,0.8308427974
0.9449735880,695,78,206,0.8990944373,0.7713651498,0.8303464755
0.9446700811,696,78,205,0.8992248062,0.7724750277,0.8310447761
0.9444524646,697,78,204,0.8993548387,0.7735849057,0.8317422434
0.9437968731,698,78,203,0.8994845361,0.7746947836,0.8324388790
0.9431849718,698,79,203,0.8983268983,0.7746947836,0.8319427890
0.9431515932,699,79,202,0.8984575835,0.7758046615,0.8326384753
0.9427577853,699,80,202,0.8973042362,0.7758046615,0.8321428571
0.9426959157,699,81,202,0.8961538462,0.7758046615,0.8316478287
0.9426354170,699,82,202,0.8950064020,0.7758046615,0.8311533888
0.9423606396,700,82,201,0.8951406650,0.7769145394,0.8318478907
0.9421943426,701,82,200,0.8952745849,0.7780244173,0.8325415677
0.9420920610,701,83,200,0.8941326531,0.7780244173,0.8320474777
0.9419185519,702,83,199,0.8942675159,0.7791342952,0.8327402135
0.9411983490,703,83,198,0.8944020356,0.7802441731,0.8334321280
0.9410181046,704,83,197,0.8945362135,0.7813540511,0.8341232227
0.9408759475,705,83,196,0.8946700508,0.7824639290,0.8348134991
0.9407303333,706,83,195,0.8948035488,0.7835738069,0.8355029586
0.9406882524,707,83,194,0.8949367089,0.7846836848,0.8361916026
0.9402778745,707,84,194,0.8938053097,0.7846836848,0.8356973995
0.9402331710,708,84,193,0.8939393939,0.7857935627,0.8363851152
0.9401319027,708,85,193,0.8928121059,0.7857935627,0.8358913813
0.9400098324,708,86,193,0.8916876574,0.7857935627,0.8353982301
0.9386894703,709,86,192,0.8918238994,0.7869034406,0.8360849057
0.9382661581,710,86,191,0.8919597990,0.7880133185,0.8367707720
0.9378203750,710,87,191,0.8908406524,0.7880133185,0.8362779741
0.9340791702,710,88,191,0.8897243108,0.7880133185,0.8357857563
0.9336703420,711,88,190,0.8898623279,0.7891231964,0.8364705882
0.9332143664,712,88,189,0.8900000000,0.7902330744,0.8371546149
0.9330205917,712,89,189,0.8888888889,0.7902330744,0.8366627497
0.9329283237,713,89,188,0.8890274314,0.7913429523,0.8373458602
0.9327896237,714,90,187,0.8880597015,0.7924528302,0.8375366569
0.9323780537,715,90,186,0.8881987578,0.7935627081,0.8382180539
0.9307345152,715,91,186,0.8870967742,0.7935627081,0.8377270064
0.9303633571,716,91,185,0.8872366791,0.7946725860,0.8384074941
0.9290217161,716,92,185,0.8861386139,0.7946725860,0.8379169105
0.9273042083,717,92,184,0.8862793572,0.7957824639,0.8385964912
0.9270871282,717,93,184,0.8851851852,0.7957824639,0.8381063705
0.9270321131,718,93,183,0.8853267571,0.7968923418,0.8387850467
0.9268463254,719,93,182,0.8854679803,0.7980022198,0.8394629305
0.9267755747,720,93,181,0.8856088561,0.7991120977,0.8401400233
0.9258576035,721,93,180,0.8857493857,0.8002219756,0.8408163265
0.9256092906,721,94,180,0.8846625767,0.8002219756,0.8403263403
0.9251596928,722,94,179,0.8848039216,0.8013318535,0.8410017472
0.9250003695,723,94,178,0.8849449204,0.8024417314,0.8416763679
0.9249736071,723,95,178,0.8838630807,0.8024417314,0.8411867365
0.9245114326,724,95,177,0.8840048840,0.8035516093,0.8418604651
0.9239555597,725,95,176,0.8841463415,0.8046614872,0.8425334108
0.9238800406,726,95,175,0.8842874543,0.8057713651,0.8432055749
0.9229771495,726,96,175,0.8832116788,0.8057713651,0.8427161927
0.9215818048,727,96,174,0.8833535844,0.8068812431,0.8433874710
0.9212197661,728,96,173,0.8834951456,0.8079911210,0.8440579710
0.9197347164,729,96,172,0.8836363636,0.8091009989,0.8447276941
0.9194644690,729,97,172,0.8825665860,0.8091009989,0.8442385640
0.9185631275,729,98,172,0.8814993954,0.8091009989,0.8437500000
0.9184511900,730,98,171,0.8816425121,0.8102108768,0.8444187392
0.9179081917,730,99,171,0.8805790109,0.8102108768,0.8439306358
0.9148029089,730,100,171,0.8795180723,0.8102108768,0.8434430965
0.9137098789,730,101,171,0.8784596871,0.8102108768,0.8429561201
0.9131027460,730,102,171,0.8774038462,0.8102108768,0.8424697057
0.9127038121,731,102,170,0.8775510204,0.8113207547,0.8431372549
0.9124585390,731,103,170,0.8764988010,0.8113207547,0.8426512968
0.9123887420,731,104,170,0.8754491018,0.8113207547,0.8421658986
0.9116480350,732,104,169,0.8755980861,0.8124306326,0.8428324698
0.9113731980,733,104,168,0.8757467145,0.8135405105,0.8434982739
0.9113137722,733,105,168,0.8747016706,0.8135405105,0.8430132260
0.9112629890,734,105,167,0.8748510131,0.8146503885,0.8436781609
0.9110462070,734,106,167,0.8738095238,0.8146503885,0.8431935669
0.9108270407,734,107,167,0.8727705113,0.8146503885,0.8427095293
0.9105725884,734,108,167,0.8717339667,0.8146503885,0.8422260470
0.9101198316,734,109,167,0.8706998814,0.8146503885,0.8417431193
0.9081922770,734,110,167,0.8696682464,0.8146503885,0.8412607450
0.9077246785,735,110,166,0.8698224852,0.8157602664,0.8419243986
0.9073244333,736,110,165,0.8699763593,0.8168701443,0.8425872925
0.9068751931,736,111,165,0.8689492326,0.8168701443,0.8421052632
0.9065470695,736,112,165,0.8679245283,0.8168701443,0.8416237850
0.9053475261,736,113,165,0.8669022379,0.8168701443,0.8411428571
0.9047381282,736,114,165,0.8658823529,0.8168701443,0.8406624786
0.9046540260,736,115,165,0.8648648649,0.8168701443,0.8401826484
0.9046217203,736,116,165,0.8638497653,0.8168701443,0.8397033657
0.9037182927,737,116,164,0.8640093787,0.8179800222,0.8403648803
0.9028354287,738,116,163,0.8641686183,0.8190899001,0.8410256410
0.9027848244,738,117,163,0.8631578947,0.8190899001,0.8405466970
0.9025989771,738,118,163,0.8621495327,0.8190899001,0.8400682982
0.9022644758,739,118,162,0.8623103851,0.8201997780,0.8407281001
0.9019765854,739,119,162,0.8613053613,0.8201997780,0.8402501421
0.9014015794,739,120,162,0.8603026775,0.8201997780,0.8397727273
0.9005669355,740,120,161,0.8604651163,0.8213096559,0.8404315730
0.9000116587,741,120,160,0.8606271777,0.8224195339,0.8410896708
0.8996241093,741,121,160,0.8596287703,0.8224195339,0.8406125922
0.8996088505,741,122,160,0.8586326767,0.8224195339,0.8401360544
0.8990463018,742,122,159,0.8587962963,0.8235294118,0.8407932011
0.8978191614,743,122,158,0.8589595376,0.8246392897,0.8414496036
0.8972983360,744,122,157,0.8591224018,0.8257491676,0.8421052632
0.8969484568,744,123,157,0.8581314879,0.8257491676,0.8416289593
0.8962599635,745,123,156,0.8582949309,0.8268590455,0.8422837761
0.8962531090,745,124,156,0.8573072497,0.8268590455,0.8418079096
0.8961914182,745,125,156,0.8563218391,0.8268590455,0.8413325805
0.8958958387,745,126,156,0.8553386912,0.8268590455,0.8408577878
0.8945163488,746,126,155,0.8555045872,0.8279689234,0.8415115623
0.8944670558,747,126,154,0.8556701031,0.8290788013,0.8421645998
0.8938653469,747,127,154,0.8546910755,0.8290788013,0.8416901408
0.8934769034,747,128,154,0.8537142857,0.8290788013,0.8412162162
0.8933714628,747,129,154,0.8527397260,0.8290788013,0.8407428250
0.8911887407,747,130,154,0.8517673888,0.8290788013,0.8402699663
0.8906583786,748,130,153,0.8519362187,0.8301886792,0.8409218662
0.8888418078,749,130,152,0.8521046644,0.8312985572,0.8415730337
0.8887411952,749,131,152,0.8511363636,0.8312985572,0.8411005053
0.8885321617,750,131,151,0.8513053348,0.8324084351,0.8417508418
0.8877347708,750,132,151,0.8503401361,0.8324084351,0.8412787437
0.8874033689,750,133,151,0.8493771234,0.8324084351,0.8408071749
0.8872231841,750,134,151,0.8484162896,0.8324084351,0.8403361345
0.8860377073,751,134,150,0.8485875706,0.8335183130,0.8409854423
0.8854136467,752,134,149,0.8487584650,0.8346281909,0.8416340235
0.8827747107,752,135,149,0.8478015784,0.8346281909,0.8411633110
0.8820871115,753,135,148,0.8479729730,0.8357380688,0.8418110676
0.8807573915,753,136,148,0.8470191226,0.8357380688,0.8413407821
0.8793219328,753,137,148,0.8460674157,0.8357380688,0.8408710218
0.8789343834,753,138,148,0.8451178451,0.8357380688,0.8404017857
0.8787255883,753,139,148,0.8441704036,0.8357380688,0.8399330731
0.8782946467,753,140,148,0.8432250840,0.8357380688,0.8394648829
0.8775261641,753,141,148,0.8422818792,0.8357380688,0.8389972145
0.8772978783,753,142,148,0.8413407821,0.8357380688,0.8385300668
0.8759761453,753,143,148,0.8404017857,0.8357380688,0.8380634391
0.8750973344,754,143,147,0.8405797101,0.8368479467,0.8387096774
0.8745012879,754,144,147,0.8396436526,0.8368479467,0.8382434686
0.8737785816,755,144,146,0.8398220245,0.8379578246,0.8388888889
0.8737164736,755,145,146,0.8388888889,0.8379578246,0.8384230983
0.8726422787,755,146,146,0.8379578246,0.8379578246,0.8379578246
0.8698664308,755,147,146,0.8370288248,0.8379578246,0.8374930671
0.8697358370,756,147,145,0.8372093023,0.8390677026,0.8381374723
0.8695441484,756,148,145,0.8362831858,0.8390677026,0.8376731302
0.8682769537,756,149,145,0.8353591160,0.8390677026,0.8372093023
0.8675833344,757,149,144,0.8355408389,0.8401775805,0.8378527947
0.8670644164,758,149,143,0.8357221610,0.8412874584,0.8384955752
0.8657960892,758,150,143,0.8348017621,0.8412874584,0.8380320619
0.8651478887,759,150,142,0.8349834983,0.8423973363,0.8386740331
0.8647903204,760,150,141,0.8351648352,0.8435072142,0.8393152954
0.8646197319,761,150,140,0.8353457739,0.8446170921,0.8399558499
0.8633999228,761,151,140,0.8344298246,0.8446170921,0.8394925538
0.8615286350,762,151,139,0.8346111720,0.8457269700,0.8401323043
0.8613568544,763,151,138,0.8347921225,0.8468368479,0.8407713499
0.8602513671,763,152,138,0.8338797814,0.8468368479,0.8403083700
0.8601836562,764,152,137,0.8340611354,0.8479467259,0.8409466153
0.8600846529,764,153,137,0.8331515812,0.8479467259,0.8404840484
0.8571732044,765,153,136,0.8333333333,0.8490566038,0.8411214953
0.8565176725,765,154,136,0.8324265506,0.8490566038,0.8406593407
0.8557677865,765,155,136,0.8315217391,0.8490566038,0.8401976936
0.8546464443,766,155,135,0.8317046688,0.8501664817,0.8408342481
0.8531500101,767,155,134,0.8318872017,0.8512763596,0.8414701042
0.8520919085,767,156,134,0.8309859155,0.8512763596,0.8410087719
0.8514422178,767,157,134,0.8300865801,0.8512763596,0.8405479452
0.8491140008,767,158,134,0.8291891892,0.8512763596,0.8400876232
0.8491053581,767,159,134,0.8282937365,0.8512763596,0.8396278051
0.8464491963,768,159,133,0.8284789644,0.8523862375,0.8402625821
0.8455822468,769,159,132,0.8286637931,0.8534961154,0.8408966648
0.8418527246,769,160,132,0.8277717976,0.8534961154,0.8404371585
0.8417474031,769,161,132,0.8268817204,0.8534961154,0.8399781540
0.8410711288,769,162,132,0.8259935553,0.8534961154,0.8395196507
0.8407797813,770,162,131,0.8261802575,0.8546059933,0.8401527550
0.8393331170,770,163,131,0.8252947481,0.8546059933,0.8396946565
0.8387089372,771,163,130,0.8254817987,0.8557158713,0.8403269755
0.8355423808,771,164,130,0.8245989305,0.8557158713,0.8398692810
0.8346807957,771,165,130,0.8237179487,0.8557158713,0.8394120849
0.8342267275,771,166,130,0.8228388474,0.8557158713,0.8389553863
0.8341512084,772,166,129,0.8230277186,0.8568257492,0.8395867319
0.8325570822,773,166,128,0.8232161874,0.8579356271,0.8402173913
0.8317887783,773,167,128,0.8223404255,0.8579356271,0.8397609995
0.8286997676,774,167,127,0.8225292242,0.8590455050,0.8403908795
0.8285009861,775,167,126,0.8227176221,0.8601553829,0.8410200760
0.8273938894,775,168,126,0.8218451750,0.8601553829,0.8405639913
0.8263999224,775,169,126,0.8209745763,0.8601553829,0.8401084011
0.8260332346,776,169,125,0.8211640212,0.8612652608,0.8407367281
0.8257740140,777,169,124,0.8213530655,0.8623751387,0.8413643747
0.8249809742,778,169,123,0.8215417107,0.8634850166,0.8419913420
0.8225970864,778,170,123,0.8206751055,0.8634850166,0.8415359654
0.8210577965,778,171,123,0.8198103267,0.8634850166,0.8410810811
0.8210151196,778,172,123,0.8189473684,0.8634850166,0.8406266883
0.8144603968,779,172,122,0.8191377497,0.8645948946,0.8412526998
0.8095723391,779,173,122,0.8182773109,0.8645948946,0.8407987048
0.8087828159,779,174,122,0.8174186779,0.8645948946,0.8403451996
0.8074077964,780,174,121,0.8176100629,0.8657047725,0.8409703504
0.8065315485,780,175,121,0.8167539267,0.8657047725,0.8405172414
0.8027988076,780,176,121,0.8158995816,0.8657047725,0.8400646204
0.7999944091,780,177,121,0.8150470219,0.8657047725,0.8396124865
0.7995448709,780,178,121,0.8141962422,0.8657047725,0.8391608392
0.7973973155,780,179,121,0.8133472367,0.8657047725,0.8387096774
0.7968072295,781,179,120,0.8135416667,0.8668146504,0.8393336916
0.7953301072,781,180,120,0.8126951093,0.8668146504,0.8388829216
0.7936704159,781,181,120,0.8118503119,0.8668146504,0.8384326355
0.7923703790,781,182,120,0.8110072690,0.8668146504,0.8379828326
0.7903325558,781,183,120,0.8101659751,0.8668146504,0.8375335121
0.7874445319,781,184,120,0.8093264249,0.8668146504,0.8370846731
0.7872486115,781,185,120,0.8084886128,0.8668146504,0.8366363149
0.7868348360,781,186,120,0.8076525336,0.8668146504,0.8361884368
0.7859498858,781,187,120,0.8068181818,0.8668146504,0.8357410380
0.7837269902,781,188,120,0.8059855521,0.8668146504,0.8352941176
0.7810313702,782,188,119,0.8061855670,0.8679245283,0.8359166221
0.7795488238,782,189,119,0.8053553038,0.8679245283,0.8354700855
0.7750608921,783,189,118,0.8055555556,0.8690344062,0.8360918313
0.7748493552,784,189,117,0.8057553957,0.8701442841,0.8367129136
0.7736879587,784,190,117,0.8049281314,0.8701442841,0.8362666667
0.7721965313,784,191,117,0.8041025641,0.8701442841,0.8358208955
0.7697768211,784,192,117,0.8032786885,0.8701442841,0.8353755994
0.7643271089,785,192,116,0.8034800409,0.8712541620,0.8359957401
0.7635240555,785,193,116,0.8026584867,0.8712541620,0.8355508249
0.7619925141,786,193,115,0.8028600613,0.8723640400,0.8361702128
0.7591812611,786,194,115,0.8020408163,0.8723640400,0.8357256778
0.7584377527,786,195,115,0.8012232416,0.8723640400,0.8352816153
0.7565366626,786,196,115,0.8004073320,0.8723640400,0.8348380244
0.7556110024,786,197,115,0.7995930824,0.8723640400,0.8343949045
0.7487577200,787,197,114,0.7997967480,0.8734739179,0.8350132626
0.7478507757,787,198,114,0.7989847716,0.8734739179,0.8345705196
0.7460212111,787,199,114,0.7981744422,0.8734739179,0.8341282459
0.7450614572,788,199,113,0.7983789260,0.8745837958,0.8347457627
0.7430729270,789,199,112,0.7985829960,0.8756936737,0.8353626257
0.7421566844,789,200,112,0.7977755308,0.8756936737,0.8349206349
0.7415871024,789,201,112,0.7969696970,0.8756936737,0.8344791116
0.7414804697,789,202,112,0.7961654894,0.8756936737,0.8340380550
0.7387464643,789,203,112,0.7953629032,0.8756936737,0.8335974643
0.7375823259,789,204,112,0.7945619335,0.8756936737,0.8331573390
0.7368004322,789,205,112,0.7937625755,0.8756936737,0.8327176781
0.7366442084,789,206,112,0.7929648241,0.8756936737,0.8322784810
0.7365821600,789,207,112,0.7921686747,0.8756936737,0.8318397470
0.7352147698,790,207,111,0.7923771314,0.8768035516,0.8324552160
0.7351847291,790,208,111,0.7915831663,0.8768035516,0.8320168510
0.7344962358,790,209,111,0.7907907908,0.8768035516,0.8315789474
0.7336536646,790,210,111,0.7900000000,0.8768035516,0.8311415045
0.7312509418,791,210,110,0.7902097902,0.8779134295,0.8317560463
0.7254859805,791,211,110,0.7894211577,0.8779134295,0.8313189700
0.7252373099,791,212,110,0.7886340977,0.8779134295,0.8308823529
0.7232470512,791,213,110,0.7878486056,0.8779134295,0.8304461942
0.7164829373,791,214,110,0.7870646766,0.8779134295,0.8300104932
0.7123777270,791,215,110,0.7862823062,0.8779134295,0.8295752491
0.7107955217,791,216,110,0.7855014896,0.8779134295,0.8291404612
0.7093620300,791,217,110,0.7847222222,0.8779134295,0.8287061289
0.7060171962,792,217,109,0.7849355798,0.8790233074,0.8293193717
0.7034118176,792,218,109,0.7841584158,0.8790233074,0.8288854003
0.7005324364,792,219,109,0.7833827893,0.8790233074,0.8284518828
0.7004812956,793,219,108,0.7835968379,0.8801331853,0.8290642969
0.7004217505,793,220,108,0.7828232971,0.8801331853,0.8286311390
0.6987655759,794,220,107,0.7830374753,0.8812430633,0.8292428198
0.6954796314,794,221,107,0.7822660099,0.8812430633,0.8288100209
0.6950708032,794,222,107,0.7814960630,0.8812430633,0.8283776734
0.6903513074,794,223,107,0.7807276303,0.8812430633,0.8279457769
0.6889935136,794,224,107,0.7799607073,0.8812430633,0.8275143304
0.6869845986,794,225,107,0.7791952895,0.8812430633,0.8270833333
0.6843093634,795,225,106,0.7794117647,0.8823529412,0.8276939094
0.6789563894,795,226,106,0.7786483839,0.8823529412,0.8272632674
0.6729682088,795,227,106,0.7778864971,0.8823529412,0.8268330733
0.6716331244,795,228,106,0.7771260997,0.8823529412,0.8264033264
0.6705595851,795,229,106,0.7763671875,0.8823529412,0.8259740260
0.6639651060,795,230,106,0.7756097561,0.8823529412,0.8255451713
0.6632460952,796,230,105,0.7758284600,0.8834628191,0.8261546445
0.6571787596,796,231,105,0.7750730282,0.8834628191,0.8257261411
0.6542094350,796,232,105,0.7743190661,0.8834628191,0.8252980819
0.6524233818,796,233,105,0.7735665695,0.8834628191,0.8248704663
0.6515387297,796,234,105,0.7728155340,0.8834628191,0.8244432936
0.6476816535,797,234,104,0.7730358875,0.8845726970,0.8250517598
0.6464173198,797,235,104,0.7722868217,0.8845726970,0.8246249353
0.6431841254,797,236,104,0.7715392062,0.8845726970,0.8241985522
0.6424723268,797,237,104,0.7707930368,0.8845726970,0.8237726098
0.6363558769,798,237,103,0.7710144928,0.8856825749,0.8243801653
0.6347458363,799,237,102,0.7712355212,0.8867924528,0.8249870934
0.6332990527,800,237,101,0.7714561234,0.8879023307,0.8255933953
0.6314473748,800,238,101,0.7707129094,0.8879023307,0.8251676122
0.6250686646,801,238,100,0.7709335900,0.8890122087,0.8257731959
0.6240060329,801,239,100,0.7701923077,0.8890122087,0.8253477589
0.6218806505,801,240,100,0.7694524496,0.8890122087,0.8249227600
0.6212065816,801,241,100,0.7687140115,0.8890122087,0.8244981987
0.6102147698,801,242,100,0.7679769895,0.8890122087,0.8240740741
0.6089829803,801,243,100,0.7672413793,0.8890122087,0.8236503856
0.6086365581,801,244,100,0.7665071770,0.8890122087,0.8232271326
0.6073298454,801,245,100,0.7657743786,0.8890122087,0.8228043143
0.6072776318,801,246,100,0.7650429799,0.8890122087,0.8223819302
0.6063616276,801,247,100,0.7643129771,0.8890122087,0.8219599795
0.6045358181,801,248,100,0.7635843661,0.8890122087,0.8215384615
0.6036127210,802,248,99,0.7638095238,0.8901220866,0.8221424910
0.6031587124,803,248,98,0.7640342531,0.8912319645,0.8227459016
0.5973455906,803,249,98,0.7633079848,0.8912319645,0.8223246288
0.5972341895,803,250,98,0.7625830959,0.8912319645,0.8219037871
0.5966545939,803,251,98,0.7618595825,0.8912319645,0.8214833760
0.5889680982,804,251,97,0.7620853081,0.8923418424,0.8220858896
0.5803948641,805,251,96,0.7623106061,0.8934517203,0.8226877874
0.5803355575,805,252,96,0.7615894040,0.8934517203,0.8222676200
0.5782946348,805,253,96,0.7608695652,0.8934517203,0.8218478816
0.5778446794,805,254,96,0.7601510859,0.8934517203,0.8214285714
0.5748854876,805,255,96,0.7594339623,0.8934517203,0.8210096889
0.5683213472,806,255,95,0.7596606975,0.8945615982,0.8216106014
0.5669428706,806,256,95,0.7589453861,0.8945615982,0.8211920530
0.5652281642,806,257,95,0.7582314205,0.8945615982,0.8207739308
0.5642874241,807,257,94,0.7584586466,0.8956714761,0.8213740458
0.5630519390,807,258,94,0.7577464789,0.8956714761,0.8209562564
0.5623193979,807,259,94,0.7570356473,0.8956714761,0.8205388917
0.5622248054,807,260,94,0.7563261481,0.8956714761,0.8201219512
0.5591807365,807,261,94,0.7556179775,0.8956714761,0.8197054342
0.5527644157,807,262,94,0.7549111319,0.8956714761,0.8192893401
0.5411798954,807,263,94,0.7542056075,0.8956714761,0.8188736682
0.5410061479,807,264,94,0.7535014006,0.8956714761,0.8184584178
0.5316186547,807,265,94,0.7527985075,0.8956714761,0.8180435884
0.5213713646,807,266,94,0.7520969245,0.8956714761,0.8176291793
0.5202400088,807,267,94,0.7513966480,0.8956714761,0.8172151899
0.5197427273,808,267,93,0.7516279070,0.8967813541,0.8178137652
0.5080221891,808,268,93,0.7509293680,0.8967813541,0.8174001012
0.5076001883,808,269,93,0.7502321263,0.8967813541,0.8169868554
0.5068944693,808,270,93,0.7495361781,0.8967813541,0.8165740273
0.5060447454,808,271,93,0.7488415199,0.8967813541,0.8161616162
0.5032125711,808,272,93,0.7481481481,0.8967813541,0.8157496214
0.5010274649,808,273,93,0.7474560592,0.8967813541,0.8153380424
0.4981454909,808,274,93,0.7467652495,0.8967813541,0.8149268785
0.4956268966,808,275,93,0.7460757156,0.8967813541,0.8145161290
0.4855576754,808,276,93,0.7453874539,0.8967813541,0.8141057935
0.4840102494,808,277,93,0.7447004608,0.8967813541,0.8136958711
0.4832110107,809,277,92,0.7449355433,0.8978912320,0.8142929039
0.4814192057,809,278,92,0.7442502300,0.8978912320,0.8138832998
0.4806936383,809,279,92,0.7435661765,0.8978912320,0.8134741076
0.4759868085,809,280,92,0.7428833792,0.8978912320,0.8130653266
0.4707637727,810,280,91,0.7431192661,0.8990011099,0.8136614766
0.4678353071,810,281,91,0.7424381302,0.8990011099,0.8132530120
0.4673261344,810,282,91,0.7417582418,0.8990011099,0.8128449574
0.4590612650,810,283,91,0.7410795974,0.8990011099,0.8124373119
0.4543771744,810,284,91,0.7404021938,0.8990011099,0.8120300752
0.4522838593,810,285,91,0.7397260274,0.8990011099,0.8116232465
0.4434932768,810,286,91,0.7390510949,0.8990011099,0.8112168252
0.4408893287,810,287,91,0.7383773929,0.8990011099,0.8108108108
0.4371110797,810,288,91,0.7377049180,0.8990011099,0.8104052026
0.4302474856,810,289,91,0.7370336670,0.8990011099,0.8100000000
0.4232983887,811,289,90,0.7372727273,0.9001109878,0.8105947026
0.4217160940,811,290,90,0.7366030881,0.9001109878,0.8101898102
0.4175999761,811,291,90,0.7359346642,0.9001109878,0.8097853220
0.4100347161,811,292,90,0.7352674524,0.9001109878,0.8093812375
0.4092748761,811,293,90,0.7346014493,0.9001109878,0.8089775561
0.3979097903,811,294,90,0.7339366516,0.9001109878,0.8085742772
0.3944246769,811,295,90,0.7332730561,0.9001109878,0.8081714001
0.3925942481,811,296,90,0.7326106594,0.9001109878,0.8077689243
0.3899734318,811,297,90,0.7319494585,0.9001109878,0.8073668492
0.3868026733,811,298,90,0.7312894500,0.9001109878,0.8069651741
0.3859754205,812,298,89,0.7315315315,0.9012208657,0.8075584286
0.3826879561,812,299,89,0.7308730873,0.9012208657,0.8071570577
0.3747113049,812,300,89,0.7302158273,0.9012208657,0.8067560854
0.3730369210,812,301,89,0.7295597484,0.9012208657,0.8063555114
0.3688988984,812,302,89,0.7289048474,0.9012208657,0.8059553350
0.3644610643,813,302,88,0.7291479821,0.9023307436,0.8065476190
0.3609463274,813,303,88,0.7284946237,0.9023307436,0.8061477442
0.3583458662,813,304,88,0.7278424351,0.9023307436,0.8057482656
0.3510618806,814,304,87,0.7280858676,0.9034406215,0.8063397722
0.3439863920,814,305,87,0.7274352100,0.9034406215,0.8059405941
0.3437563777,814,306,87,0.7267857143,0.9034406215,0.8055418110
0.3415390849,814,307,87,0.7261373773,0.9034406215,0.8051434224
0.3383649588,814,308,87,0.7254901961,0.9034406215,0.8047454276
0.3368845880,814,309,87,0.7248441674,0.9034406215,0.8043478261
0.3364531696,814,310,87,0.7241992883,0.9034406215,0.8039506173
0.3364464641,814,311,87,0.7235555556,0.9034406215,0.8035538006
0.3363857865,814,312,87,0.7229129663,0.9034406215,0.8031573754
0.3357176185,814,313,87,0.7222715173,0.9034406215,0.8027613412
0.3300490677,814,314,87,0.7216312057,0.9034406215,0.8023656974
0.3271867633,814,315,87,0.7209920283,0.9034406215,0.8019704433
0.3266430199,814,316,87,0.7203539823,0.9034406215,0.8015755785
0.3259146810,814,317,87,0.7197170645,0.9034406215,0.8011811024
0.3243723214,814,318,87,0.7190812721,0.9034406215,0.8007870143
0.3120470345,814,319,87,0.7184466019,0.9034406215,0.8003933137
0.3042822182,815,319,86,0.7186948854,0.9045504994,0.8009828010
0.3022143543,815,320,86,0.7180616740,0.9045504994,0.8005893910
0.2995783389,815,321,86,0.7174295775,0.9045504994,0.8001963672
0.2995638251,815,322,86,0.7167985928,0.9045504994,0.7998037291
0.2966477871,815,323,86,0.7161687170,0.9045504994,0.7994114762
0.2964115143,815,324,86,0.7155399473,0.9045504994,0.7990196078
0.2935652733,815,325,86,0.7149122807,0.9045504994,0.7986281235
0.2905607224,816,325,85,0.7151621385,0.9056603774,0.7992164545
0.2904763222,816,326,85,0.7145359019,0.9056603774,0.7988252570
0.2842084765,816,327,85,0.7139107612,0.9056603774,0.7984344423
0.2722273469,817,327,84,0.7141608392,0.9067702553,0.7990220049
0.2717444003,817,328,84,0.7135371179,0.9067702553,0.7986314761
0.2703344226,817,329,84,0.7129144852,0.9067702553,0.7982413288
0.2680914402,817,330,84,0.7122929381,0.9067702553,0.7978515625
0.2616915107,817,331,84,0.7116724739,0.9067702553,0.7974621767
0.2587932050,817,332,84,0.7110530896,0.9067702553,0.7970731707
0.2537502050,817,333,84,0.7104347826,0.9067702553,0.7966845441
0.2533072829,817,334,84,0.7098175500,0.9067702553,0.7962962963
0.2498859167,817,335,84,0.7092013889,0.9067702553,0.7959084267
0.2484381646,817,336,84,0.7085862966,0.9067702553,0.7955209348
0.2454230934,817,337,84,0.7079722704,0.9067702553,0.7951338200
0.2422801107,817,338,84,0.7073593074,0.9067702553,0.7947470817
0.2373133451,817,339,84,0.7067474048,0.9067702553,0.7943607195
0.2364907414,817,340,84,0.7061365601,0.9067702553,0.7939747328
0.2313618958,817,341,84,0.7055267703,0.9067702553,0.7935891209
0.2260508388,817,342,84,0.7049180328,0.9067702553,0.7932038835
0.2249687612,817,343,84,0.7043103448,0.9067702553,0.7928190199
0.2244821489,817,344,84,0.7037037037,0.9067702553,0.7924345296
0.2227834314,817,345,84,0.7030981067,0.9067702553,0.7920504120
0.2216590047,817,346,84,0.7024935512,0.9067702553,0.7916666667
0.2200660706,817,347,84,0.7018900344,0.9067702553,0.7912832930
0.2196160704,817,348,84,0.7012875536,0.9067702553,0.7909002904
0.2189722508,817,349,84,0.7006861063,0.9067702553,0.7905176584
0.2183363438,817,350,84,0.7000856898,0.9067702553,0.7901353965
0.2163747996,817,351,84,0.6994863014,0.9067702553,0.7897535041
0.2155007571,817,352,84,0.6988879384,0.9067702553,0.7893719807
0.2150061876,818,352,83,0.6991452991,0.9078801332,0.7899565427
0.2125109732,818,353,83,0.6985482494,0.9078801332,0.7895752896
0.2108454704,818,354,83,0.6979522184,0.9078801332,0.7891944042
0.2083666474,818,355,83,0.6973572038,0.9078801332,0.7888138862
0.2040285617,818,356,83,0.6967632027,0.9078801332,0.7884337349
0.2032832056,819,356,82,0.6970212766,0.9089900111,0.7890173410
0.2009188384,819,357,82,0.6964285714,0.9089900111,0.7886374579
0.2001766413,819,358,82,0.6958368734,0.9089900111,0.7882579403
0.1988051385,820,358,81,0.6960950764,0.9100998890,0.7888407888
0.1983313262,830,359,71,0.6980656013,0.9211986681,0.7942583732
0.1946355402,830,360,71,0.6974789916,0.9211986681,0.7938785270
0.1918568015,830,361,71,0.6968933669,0.9211986681,0.7934990440
0.1863146722,830,362,71,0.6963087248,0.9211986681,0.7931199236
0.1843880117,830,363,71,0.6957250629,0.9211986681,0.7927411652
0.1818186343,830,364,71,0.6951423786,0.9211986681,0.7923627685
0.1794020683,830,365,71,0.6945606695,0.9211986681,0.7919847328
0.1766666025,830,366,71,0.6939799331,0.9211986681,0.7916070577
0.1752919704,830,367,71,0.6934001671,0.9211986681,0.7912297426
0.1748266369,830,368,71,0.6928213689,0.9211986681,0.7908527870
0.1635172367,830,369,71,0.6922435363,0.9211986681,0.7904761905
0.1617560834,830,370,71,0.6916666667,0.9211986681,0.7900999524
0.1611072719,830,371,71,0.6910907577,0.9211986681,0.7897240723
0.1605270654,830,372,71,0.6905158070,0.9211986681,0.7893485497
0.1589203030,831,372,70,0.6907730673,0.9223085461,0.7899239544
0.1578800827,831,373,70,0.6901993355,0.9223085461,0.7895486936
0.1558052003,831,374,70,0.6896265560,0.9223085461,0.7891737892
0.1552651227,831,375,70,0.6890547264,0.9223085461,0.7887992406
0.1549594700,832,375,69,0.6893123447,0.9234184240,0.7893738140
0.1536269486,832,376,69,0.6887417219,0.9234184240,0.7889995258
0.1508986801,832,377,69,0.6881720430,0.9234184240,0.7886255924
0.1454537362,832,378,69,0.6876033058,0.9234184240,0.7882520133
0.1450629681,833,378,68,0.6878612717,0.9245283019,0.7888257576
0.1438849270,833,379,68,0.6872937294,0.9245283019,0.7884524373
0.1428696066,833,380,68,0.6867271228,0.9245283019,0.7880794702
0.1428158879,833,381,68,0.6861614498,0.9245283019,0.7877068558
0.1379447728,833,382,68,0.6855967078,0.9245283019,0.7873345936
0.1356918663,833,383,68,0.6850328947,0.9245283019,0.7869626830
0.1354428083,833,384,68,0.6844700082,0.9245283019,0.7865911237
0.1345666945,833,385,68,0.6839080460,0.9245283019,0.7862199151
0.1344504654,833,386,68,0.6833470057,0.9245283019,0.7858490566
0.1335464120,833,387,68,0.6827868852,0.9245283019,0.7854785479
0.1329305023,833,388,68,0.6822276822,0.9245283019,0.7851083883
0.1320465356,833,389,68,0.6816693944,0.9245283019,0.7847385775
0.1314964145,833,390,68,0.6811120196,0.9245283019,0.7843691149
0.1305772066,833,391,68,0.6805555556,0.9245283019,0.7840000000
0.1276105046,833,392,68,0.6800000000,0.9245283019,0.7836312324
0.1272565871,833,393,68,0.6794453507,0.9245283019,0.7832628115
0.1268099397,833,394,68,0.6788916055,0.9245283019,0.7828947368
0.1261638701,833,395,68,0.6783387622,0.9245283019,0.7825270080
0.1252199709,833,396,68,0.6777868186,0.9245283019,0.7821596244
0.1249816790,833,397,68,0.6772357724,0.9245283019,0.7817925856
0.1212317720,833,398,68,0.6766856214,0.9245283019,0.7814258912
0.1180966496,833,399,68,0.6761363636,0.9245283019,0.7810595406
0.1130994856,833,400,68,0.6755879968,0.9245283019,0.7806935333
0.1116642132,833,401,68,0.6750405186,0.9245283019,0.7803278689
0.1076027080,833,402,68,0.6744939271,0.9245283019,0.7799625468
0.1075040326,833,403,68,0.6739482201,0.9245283019,0.7795975667
0.1041444764,833,404,68,0.6734033953,0.9245283019,0.7792329280
0.1030249521,833,405,68,0.6728594507,0.9245283019,0.7788686302
0.1023601666,833,406,68,0.6723163842,0.9245283019,0.7785046729
0.1008831635,833,407,68,0.6717741935,0.9245283019,0.7781410556
0.1007076502,833,408,68,0.6712328767,0.9245283019,0.7777777778
0.0995345488,833,409,68,0.6706924316,0.9245283019,0.7774148390
0.0990538076,833,410,68,0.6701528560,0.9245283019,0.7770522388
0.0978201702,833,411,68,0.6696141479,0.9245283019,0.7766899767
0.0977635980,833,412,68,0.6690763052,0.9245283019,0.7763280522
0.0974096432,833,413,68,0.6685393258,0.9245283019,0.7759664648
0.0972587913,833,414,68,0.6680032077,0.9245283019,0.7756052142
0.0938952267,833,415,68,0.6674679487,0.9245283019,0.7752442997
0.0917276591,833,416,68,0.6669335468,0.9245283019,0.7748837209
0.0890958831,834,416,67,0.6672000000,0.9256381798,0.7754532775
0.0887311101,834,417,67,0.6666666667,0.9256381798,0.7750929368
0.0879955515,834,418,67,0.6661341853,0.9256381798,0.7747329308
0.0875960812,835,418,66,0.6664006385,0.9267480577,0.7753017642
0.0872262567,838,430,63,0.6608832808,0.9300776915,0.7727063163
0.0852560252,838,431,63,0.6603624901,0.9300776915,0.7723502304
0.0833598822,839,431,62,0.6606299213,0.9311875694,0.7729157070
0.0833578482,847,432,54,0.6622361220,0.9400665927,0.7770642202
0.0815002993,847,433,54,0.6617187500,0.9400665927,0.7767079321
0.0809313208,847,434,54,0.6612021858,0.9400665927,0.7763519707
0.0790243447,847,435,54,0.6606864275,0.9400665927,0.7759963353
0.0780690014,847,436,54,0.6601714731,0.9400665927,0.7756410256
0.0778660327,847,437,54,0.6596573209,0.9400665927,0.7752860412
0.0770835206,847,438,54,0.6591439689,0.9400665927,0.7749313815
0.0759465396,847,439,54,0.6586314152,0.9400665927,0.7745770462
0.0754978061,847,440,54,0.6581196581,0.9400665927,0.7742230347
0.0752783120,847,441,54,0.6576086957,0.9400665927,0.7738693467
0.0748669207,847,442,54,0.6570985260,0.9400665927,0.7735159817
0.0747398958,848,442,53,0.6573643411,0.9411764706,0.7740757645
0.0741615444,848,443,53,0.6568551510,0.9411764706,0.7737226277
0.0733311921,848,444,53,0.6563467492,0.9411764706,0.7733698130
0.0703853294,848,445,53,0.6558391338,0.9411764706,0.7730173200
0.0698029250,849,445,52,0.6561051005,0.9422863485,0.7735763098
0.0678916276,849,446,52,0.6555984556,0.9422863485,0.7732240437
0.0666830614,850,446,51,0.6558641975,0.9433962264,0.7737824306
0.0655228347,850,447,51,0.6553585197,0.9433962264,0.7734303913
0.0645609647,850,448,51,0.6548536210,0.9433962264,0.7730786721
0.0644255131,850,449,51,0.6543494996,0.9433962264,0.7727272727
0.0633303151,850,450,51,0.6538461538,0.9433962264,0.7723761926
0.0631967410,850,451,51,0.6533435819,0.9433962264,0.7720254314
0.0626508743,851,457,50,0.6506116208,0.9445061043,0.7704843821
0.0615724213,851,458,50,0.6501145913,0.9445061043,0.7701357466
0.0615486614,851,459,50,0.6496183206,0.9445061043,0.7697874265
0.0613127463,851,460,50,0.6491228070,0.9445061043,0.7694394213
0.0610184669,851,461,50,0.6486280488,0.9445061043,0.7690917307
0.0607759878,851,462,50,0.6481340442,0.9445061043,0.7687443541
0.0607416704,860,477,41,0.6432311144,0.9544950055,0.7685433423
0.0606556982,863,489,38,0.6383136095,0.9578246393,0.7660896582
0.0596631765,863,490,38,0.6378418330,0.9578246393,0.7657497782
0.0592917167,863,491,38,0.6373707533,0.9578246393,0.7654101996
0.0591733269,864,491,37,0.6376383764,0.9589345172,0.7659574468
0.0583932996,875,499,26,0.6368267831,0.9711431743,0.7692307692
0.0580490194,875,500,26,0.6363636364,0.9711431743,0.7688927944
0.0574119613,875,501,26,0.6359011628,0.9711431743,0.7685551164
0.0570561327,875,502,26,0.6354393609,0.9711431743,0.7682177349
0.0558635257,875,503,26,0.6349782293,0.9711431743,0.7678806494
0.0554031581,875,504,26,0.6345177665,0.9711431743,0.7675438596
0.0553035848,875,505,26,0.6340579710,0.9711431743,0.7672073652
0.0540790372,875,506,26,0.6335988414,0.9711431743,0.7668711656
0.0527557656,875,507,26,0.6331403763,0.9711431743,0.7665352606
0.0516071767,875,508,26,0.6326825741,0.9711431743,0.7661996497
0.0504044145,875,509,26,0.6322254335,0.9711431743,0.7658643326
0.0483668558,875,510,26,0.6317689531,0.9711431743,0.7655293088
0.0480526164,875,511,26,0.6313131313,0.9711431743,0.7651945780
0.0476545058,875,512,26,0.6308579668,0.9711431743,0.7648601399
0.0473175980,875,513,26,0.6304034582,0.9711431743,0.7645259939
0.0451841056,875,514,26,0.6299496040,0.9711431743,0.7641921397
0.0446929559,875,515,26,0.6294964029,0.9711431743,0.7638585770
0.0446169861,875,516,26,0.6290438533,0.9711431743,0.7635253054
0.0434475169,875,517,26,0.6285919540,0.9711431743,0.7631923245
0.0427781828,875,518,26,0.6281407035,0.9711431743,0.7628596338
0.0425301231,875,519,26,0.6276901004,0.9711431743,0.7625272331
0.0425185077,875,520,26,0.6272401434,0.9711431743,0.7621951220
0.0415393934,875,521,26,0.6267908309,0.9711431743,0.7618633000
0.0409236588,875,522,26,0.6263421618,0.9711431743,0.7615317668
0.0402219407,875,523,26,0.6258941345,0.9711431743,0.7612005220
0.0397205129,875,524,26,0.6254467477,0.9711431743,0.7608695652
0.0391822010,875,525,26,0.6250000000,0.9711431743,0.7605388961
0.0386338234,875,526,26,0.6245538901,0.9711431743,0.7602085143
0.0380399227,875,527,26,0.6241084165,0.9711431743,0.7598784195
0.0378587916,875,528,26,0.6236635780,0.9711431743,0.7595486111
0.0375582017,875,529,26,0.6232193732,0.9711431743,0.7592190889
0.0371109582,876,529,25,0.6234875445,0.9722530522,0.7597571552
0.0369964726,876,530,25,0.6230440967,0.9722530522,0.7594278283
0.0369721912,876,531,25,0.6226012793,0.9722530522,0.7590987868
0.0368411727,877,531,24,0.6228693182,0.9733629301,0.7596362061
0.0357922055,877,532,24,0.6224272534,0.9733629301,0.7593073593
0.0352966003,877,533,24,0.6219858156,0.9733629301,0.7589787971
0.0347362235,878,533,23,0.6222537208,0.9744728080,0.7595155709
0.0346361808,878,534,23,0.6218130312,0.9744728080,0.7591872028
0.0336963199,878,535,23,0.6213729653,0.9744728080,0.7588591184
0.0335181914,878,536,23,0.6209335219,0.9744728080,0.7585313175
0.0323724486,879,536,22,0.6212014134,0.9755826859,0.7590673575
0.0323711708,879,537,22,0.6207627119,0.9755826859,0.7587397497
0.0322733819,879,538,22,0.6203246295,0.9755826859,0.7584124245
0.0318553261,879,539,22,0.6198871650,0.9755826859,0.7580853816
0.0315216370,879,540,22,0.6194503171,0.9755826859,0.7577586207
0.0315141119,879,541,22,0.6190140845,0.9755826859,0.7574321413
0.0313555114,879,542,22,0.6185784659,0.9755826859,0.7571059432
0.0310153700,879,543,22,0.6181434599,0.9755826859,0.7567800258
0.0309753045,879,544,22,0.6177090654,0.9755826859,0.7564543890
0.0308414735,879,545,22,0.6172752809,0.9755826859,0.7561290323
0.0302839670,879,546,22,0.6168421053,0.9755826859,0.7558039553
0.0297624692,880,546,21,0.6171107994,0.9766925638,0.7563386334
0.0295112915,880,547,21,0.6166783462,0.9766925638,0.7560137457
0.0285393074,880,548,21,0.6162464986,0.9766925638,0.7556891370
0.0275967475,880,549,21,0.6158152554,0.9766925638,0.7553648069
0.0275550336,880,550,21,0.6153846154,0.9766925638,0.7550407550
0.0271275472,880,551,21,0.6149545772,0.9766925638,0.7547169811
0.0270873662,880,552,21,0.6145251397,0.9766925638,0.7543934848
0.0267387386,880,553,21,0.6140963015,0.9766925638,0.7540702656
0.0266706273,880,554,21,0.6136680614,0.9766925638,0.7537473233
0.0260253195,880,555,21,0.6132404181,0.9766925638,0.7534246575
0.0258130152,880,556,21,0.6128133705,0.9766925638,0.7531022679
0.0254937913,881,556,20,0.6130828114,0.9778024417,0.7536355860
0.0253297091,881,557,20,0.6126564673,0.9778024417,0.7533133818
0.0249688532,881,558,20,0.6122307158,0.9778024417,0.7529914530
0.0246053617,881,559,20,0.6118055556,0.9778024417,0.7526697992
0.0242340881,881,560,20,0.6113809854,0.9778024417,0.7523484202
0.0240400806,881,561,20,0.6109570042,0.9778024417,0.7520273154
0.0239552855,881,562,20,0.6105336105,0.9778024417,0.7517064846
0.0237604622,881,563,20,0.6101108033,0.9778024417,0.7513859275
0.0232664887,881,564,20,0.6096885813,0.9778024417,0.7510656436
0.0231302716,881,565,20,0.6092669433,0.9778024417,0.7507456327
0.0230181571,881,566,20,0.6088458880,0.9778024417,0.7504258944
0.0230072755,881,567,20,0.6084254144,0.9778024417,0.7501064283
0.0222751237,881,568,20,0.6080055210,0.9778024417,0.7497872340
0.0214237217,881,569,20,0.6075862069,0.9778024417,0.7494683114
0.0211218353,881,570,20,0.6071674707,0.9778024417,0.7491496599
0.0207729377,881,571,20,0.6067493113,0.9778024417,0.7488312792
0.0207679924,881,572,20,0.6063317275,0.9778024417,0.7485131691
0.0204332490,881,573,20,0.6059147180,0.9778024417,0.7481953291
0.0202577747,881,574,20,0.6054982818,0.9778024417,0.7478777589
0.0202054959,881,575,20,0.6050824176,0.9778024417,0.7475604582
0.0187086761,881,576,20,0.6046671242,0.9778024417,0.7472434266
0.0185365248,881,577,20,0.6042524005,0.9778024417,0.7469266638
0.0182938185,881,578,20,0.6038382454,0.9778024417,0.7466101695
0.0182791688,881,579,20,0.6034246575,0.9778024417,0.7462939432
0.0181060620,881,580,20,0.6030116359,0.9778024417,0.7459779848
0.0180409942,881,581,20,0.6025991792,0.9778024417,0.7456622937
0.0178241208,881,582,20,0.6021872864,0.9778024417,0.7453468697
0.0175504293,881,583,20,0.6017759563,0.9778024417,0.7450317125
0.0173054803,881,584,20,0.6013651877,0.9778024417,0.7447168216
0.0171562973,881,585,20,0.6009549795,0.9778024417,0.7444021969
0.0171075836,881,586,20,0.6005453306,0.9778024417,0.7440878378
0.0170527082,881,587,20,0.6001362398,0.9778024417,0.7437737442
0.0170493759,881,588,20,0.5997277059,0.9778024417,0.7434599156
0.0165440589,881,589,20,0.5993197279,0.9778024417,0.7431463518
0.0163032971,881,590,20,0.5989123046,0.9778024417,0.7428330523
0.0162152890,881,591,20,0.5985054348,0.9778024417,0.7425200169
0.0159313623,881,592,20,0.5980991174,0.9778024417,0.7422072452
0.0158030037,881,593,20,0.5976933514,0.9778024417,0.7418947368
0.0157522932,881,594,20,0.5972881356,0.9778024417,0.7415824916
0.0155606437,881,595,20,0.5968834688,0.9778024417,0.7412705090
0.0153704518,881,596,20,0.5964793500,0.9778024417,0.7409587889
0.0152124474,881,597,20,0.5960757781,0.9778024417,0.7406473308
0.0151305571,881,598,20,0.5956727519,0.9778024417,0.7403361345
0.0150389485,881,599,20,0.5952702703,0.9778024417,0.7400251995
0.0148678394,882,599,19,0.5955435517,0.9789123196,0.7405541562
0.0146678789,882,600,19,0.5951417004,0.9789123196,0.7402433907
0.0145256035,882,601,19,0.5947403911,0.9789123196,0.7399328859
0.0144202290,882,602,19,0.5943396226,0.9789123196,0.7396226415
0.0143230492,882,603,19,0.5939393939,0.9789123196,0.7393126572
0.0141742313,882,604,19,0.5935397039,0.9789123196,0.7390029326
0.0141636683,882,605,19,0.5931405514,0.9789123196,0.7386934673
0.0140122408,882,606,19,0.5927419355,0.9789123196,0.7383842612
0.0139736822,882,607,19,0.5923438549,0.9789123196,0.7380753138
0.0139083741,882,608,19,0.5919463087,0.9789123196,0.7377666248
0.0139019350,882,609,19,0.5915492958,0.9789123196,0.7374581940
0.0138466237,882,610,19,0.5911528150,0.9789123196,0.7371500209
0.0136837894,882,611,19,0.5907568654,0.9789123196,0.7368421053
0.0135976830,882,612,19,0.5903614458,0.9789123196,0.7365344468
0.0134964548,882,613,19,0.5899665552,0.9789123196,0.7362270451
0.0134053053,882,614,19,0.5895721925,0.9789123196,0.7359198999
0.0132121872,882,615,19,0.5891783567,0.9789123196,0.7356130108
0.0132023748,882,616,19,0.5887850467,0.9789123196,0.7353063777
0.0131697059,882,617,19,0.5883922615,0.9789123196,0.7350000000
0.0131325144,882,618,19,0.5880000000,0.9789123196,0.7346938776
0.0131320804,882,619,19,0.5876082612,0.9789123196,0.7343880100
0.0129700024,882,620,19,0.5872170439,0.9789123196,0.7340823970
0.0129429633,882,621,19,0.5868263473,0.9789123196,0.7337770383
0.0128976330,882,622,19,0.5864361702,0.9789123196,0.7334719335
0.0128573989,882,623,19,0.5860465116,0.9789123196,0.7331670823
0.0128365401,882,624,19,0.5856573705,0.9789123196,0.7328624844
0.0127870152,882,625,19,0.5852687459,0.9789123196,0.7325581395
0.0127019491,882,626,19,0.5848806366,0.9789123196,0.7322540473
0.0125095714,882,627,19,0.5844930417,0.9789123196,0.7319502075
0.0123719294,882,628,19,0.5841059603,0.9789123196,0.7316466197
0.0122960089,882,629,19,0.5837193911,0.9789123196,0.7313432836
0.0119234407,882,630,19,0.5833333333,0.9789123196,0.7310401989
0.0118152974,882,631,19,0.5829477859,0.9789123196,0.7307373654
0.0117862206,882,632,19,0.5825627477,0.9789123196,0.7304347826
0.0116499299,882,633,19,0.5821782178,0.9789123196,0.7301324503
0.0116336131,882,634,19,0.5817941953,0.9789123196,0.7298303682
0.0115937870,882,635,19,0.5814106790,0.9789123196,0.7295285360
0.0115300529,882,636,19,0.5810276680,0.9789123196,0.7292269533
0.0114936167,882,637,19,0.5806451613,0.9789123196,0.7289256198
0.0114227869,882,638,19,0.5802631579,0.9789123196,0.7286245353
0.0114118345,882,639,19,0.5798816568,0.9789123196,0.7283236994
0.0113967806,882,640,19,0.5795006570,0.9789123196,0.7280231118
0.0113385310,882,641,19,0.5791201576,0.9789123196,0.7277227723
0.0112384455,882,642,19,0.5787401575,0.9789123196,0.7274226804
0.0112379994,882,643,19,0.5783606557,0.9789123196,0.7271228359
0.0111932410,882,644,19,0.5779816514,0.9789123196,0.7268232386
0.0110451374,882,645,19,0.5776031434,0.9789123196,0.7265238880
0.0110407732,882,646,19,0.5772251309,0.9789123196,0.7262247839
0.0109593188,882,647,19,0.5768476128,0.9789123196,0.7259259259
0.0108713293,882,648,19,0.5764705882,0.9789123196,0.7256273139
0.0107075190,882,649,19,0.5760940562,0.9789123196,0.7253289474
0.0106398547,882,650,19,0.5757180157,0.9789123196,0.7250308261
0.0104578985,882,651,19,0.5753424658,0.9789123196,0.7247329499
0.0103169186,882,652,19,0.5749674055,0.9789123196,0.7244353183
0.0102456901,882,653,19,0.5745928339,0.9789123196,0.7241379310
0.0101206088,882,654,19,0.5742187500,0.9789123196,0.7238407879
0.0099809729,882,655,19,0.5738451529,0.9789123196,0.7235438884
0.0099221449,882,656,19,0.5734720416,0.9789123196,0.7232472325
0.0098980032,882,657,19,0.5730994152,0.9789123196,0.7229508197
0.0098855291,882,658,19,0.5727272727,0.9789123196,0.7226546497
0.0097086644,882,659,19,0.5723556132,0.9789123196,0.7223587224
0.0096098790,882,660,19,0.5719844358,0.9789123196,0.7220630372
0.0095406231,883,660,18,0.5722618276,0.9800221976,0.7225859247
0.0095354384,883,661,18,0.5718911917,0.9800221976,0.7222903885
0.0094907600,883,662,18,0.5715210356,0.9800221976,0.7219950940
0.0094694542,883,663,18,0.5711513583,0.9800221976,0.7217000409
0.0094314236,883,664,18,0.5707821590,0.9800221976,0.7214052288
0.0094240149,883,665,18,0.5704134367,0.9800221976,0.7211106574
0.0093450816,883,666,18,0.5700451904,0.9800221976,0.7208163265
0.0092957439,883,667,18,0.5696774194,0.9800221976,0.7205222358
0.0092221135,883,668,18,0.5693101225,0.9800221976,0.7202283850
0.0090869125,883,669,18,0.5689432990,0.9800221976,0.7199347737
0.0090731317,883,670,18,0.5685769478,0.9800221976,0.7196414018
0.0090417443,883,671,18,0.5682110682,0.9800221976,0.7193482688
0.0090308683,883,672,18,0.5678456592,0.9800221976,0.7190553746
0.0089715552,883,673,18,0.5674807198,0.9800221976,0.7187627188
0.0089245923,883,674,18,0.5671162492,0.9800221976,0.7184703011
0.0088621033,883,675,18,0.5667522465,0.9800221976,0.7181781212
0.0088565638,883,676,18,0.5663887107,0.9800221976,0.7178861789
0.0087340781,883,677,18,0.5660256410,0.9800221976,0.7175944738
0.0087193353,883,678,18,0.5656630365,0.9800221976,0.7173030057
0.0086836666,883,679,18,0.5653008963,0.9800221976,0.7170117743
0.0084778164,883,680,18,0.5649392194,0.9800221976,0.7167207792
0.0084576551,883,681,18,0.5645780051,0.9800221976,0.7164300203
0.0084008779,883,682,18,0.5642172524,0.9800221976,0.7161394972
0.0083733629,883,683,18,0.5638569604,0.9800221976,0.7158492096
0.0082261795,883,684,18,0.5634971283,0.9800221976,0.7155591572
0.0081073809,883,685,18,0.5631377551,0.9800221976,0.7152693398
0.0080511617,883,686,18,0.5627788400,0.9800221976,0.7149797571
0.0080181351,883,687,18,0.5624203822,0.9800221976,0.7146904087
0.0079977373,883,688,18,0.5620623806,0.9800221976,0.7144012945
0.0079686409,883,689,18,0.5617048346,0.9800221976,0.7141124141
0.0079600746,883,690,18,0.5613477432,0.9800221976,0.7138237672
0.0078724260,884,690,17,0.5616264295,0.9811320755,0.7143434343
0.0078434702,884,691,17,0.5612698413,0.9811320755,0.7140549273
0.0078422055,884,692,17,0.5609137056,0.9811320755,0.7137666532
0.0078301979,884,693,17,0.5605580216,0.9811320755,0.7134786118
0.0077181505,884,694,17,0.5602027883,0.9811320755,0.7131908027
0.0077104741,884,695,17,0.5598480051,0.9811320755,0.7129032258
0.0076540443,884,696,17,0.5594936709,0.9811320755,0.7126158807
0.0076149264,884,697,17,0.5591397849,0.9811320755,0.7123287671
0.0076143648,884,698,17,0.5587863464,0.9811320755,0.7120418848
0.0076077296,884,699,17,0.5584333544,0.9811320755,0.7117552335
0.0075974846,884,700,17,0.5580808081,0.9811320755,0.7114688129
0.0075884475,884,701,17,0.5577287066,0.9811320755,0.7111826227
0.0075639142,884,702,17,0.5573770492,0.9811320755,0.7108966626
0.0075371438,884,703,17,0.5570258349,0.9811320755,0.7106109325
0.0075297775,884,704,17,0.5566750630,0.9811320755,0.7103254319
0.0074931062,884,705,17,0.5563247325,0.9811320755,0.7100401606
0.0074829571,884,706,17,0.5559748428,0.9811320755,0.7097551184
0.0074281017,884,707,17,0.5556253928,0.9811320755,0.7094703050
0.0073867771,885,707,16,0.5559045226,0.9822419534,0.7099879663
0.0073832925,885,708,16,0.5555555556,0.9822419534,0.7097032879
0.0073795263,885,709,16,0.5552070263,0.9822419534,0.7094188377
0.0072162924,885,710,16,0.5548589342,0.9822419534,0.7091346154
0.0072093410,885,711,16,0.5545112782,0.9822419534,0.7088506207
0.0071657053,885,712,16,0.5541640576,0.9822419534,0.7085668535
0.0071295924,885,713,16,0.5538172716,0.9822419534,0.7082833133
0.0070740264,885,714,16,0.5534709193,0.9822419534,0.7080000000
0.0070501799,885,715,16,0.5531250000,0.9822419534,0.7077169132
0.0070339143,885,716,16,0.5527795128,0.9822419534,0.7074340528
0.0069766147,885,717,16,0.5524344569,0.9822419534,0.7071514183
0.0069612991,885,718,16,0.5520898316,0.9822419534,0.7068690096
0.0069610192,885,719,16,0.5517456359,0.9822419534,0.7065868263
0.0069513782,885,720,16,0.5514018692,0.9822419534,0.7063048683
0.0069494001,885,721,16,0.5510585305,0.9822419534,0.7060231352
0.0068909037,885,722,16,0.5507156192,0.9822419534,0.7057416268
0.0068687983,885,723,16,0.5503731343,0.9822419534,0.7054603428
0.0068631931,886,723,15,0.5506525792,0.9833518313,0.7059760956
0.0068604667,886,724,15,0.5503105590,0.9833518313,0.7056949423
0.0068423683,886,725,15,0.5499689634,0.9833518313,0.7054140127
0.0067614648,886,726,15,0.5496277916,0.9833518313,0.7051333068
0.0067503713,886,727,15,0.5492870428,0.9833518313,0.7048528242
0.0066906447,886,728,15,0.5489467162,0.9833518313,0.7045725646
0.0066747931,886,729,15,0.5486068111,0.9833518313,0.7042925278
0.0066326871,886,730,15,0.5482673267,0.9833518313,0.7040127135
0.0065686349,886,731,15,0.5479282622,0.9833518313,0.7037331215
0.0065610721,886,732,15,0.5475896168,0.9833518313,0.7034537515
0.0065076812,886,733,15,0.5472513897,0.9833518313,0.7031746032
0.0064941463,886,734,15,0.5469135802,0.9833518313,0.7028956763
0.0064793220,886,735,15,0.5465761875,0.9833518313,0.7026169707
0.0064388593,886,736,15,0.5462392109,0.9833518313,0.7023384859
0.0064033964,886,737,15,0.5459026494,0.9833518313,0.7020602219
0.0063883238,887,737,14,0.5461822660,0.9844617092,0.7025742574
0.0063840784,887,738,14,0.5458461538,0.9844617092,0.7022961203
0.0063806614,887,739,14,0.5455104551,0.9844617092,0.7020182034
0.0063772583,887,740,14,0.5451751690,0.9844617092,0.7017405063
0.0063667526,887,741,14,0.5448402948,0.9844617092,0.7014630289
0.0063604233,887,742,14,0.5445058318,0.9844617092,0.7011857708
0.0063259806,887,743,14,0.5441717791,0.9844617092,0.7009087317
0.0063070240,887,744,14,0.5438381361,0.9844617092,0.7006319115
0.0063041523,887,745,14,0.5435049020,0.9844617092,0.7003553099
0.0062892288,887,746,14,0.5431720759,0.9844617092,0.7000789266
0.0062774708,887,747,14,0.5428396573,0.9844617092,0.6998027613
0.0062747151,887,748,14,0.5425076453,0.9844617092,0.6995268139
0.0062543447,887,749,14,0.5421760391,0.9844617092,0.6992510840
0.0061871349,887,750,14,0.5418448381,0.9844617092,0.6989755713
0.0061733383,887,751,14,0.5415140415,0.9844617092,0.6987002757
0.0061688460,887,752,14,0.5411836486,0.9844617092,0.6984251969
0.0061194710,888,752,13,0.5414634146,0.9855715871,0.6989374262
0.0060868240,888,753,13,0.5411334552,0.9855715871,0.6986624705
0.0060611148,888,754,13,0.5408038977,0.9855715871,0.6983877310
0.0059868670,888,755,13,0.5404747413,0.9855715871,0.6981132075
0.0059615150,888,756,13,0.5401459854,0.9855715871,0.6978388998
0.0059363823,888,757,13,0.5398176292,0.9855715871,0.6975648075
0.0059114443,888,758,13,0.5394896719,0.9855715871,0.6972909305
0.0059102173,888,759,13,0.5391621129,0.9855715871,0.6970172684
0.0058820611,888,760,13,0.5388349515,0.9855715871,0.6967438211
0.0058713164,888,761,13,0.5385081868,0.9855715871,0.6964705882
0.0058121122,888,762,13,0.5381818182,0.9855715871,0.6961975696
0.0058120410,888,763,13,0.5378558449,0.9855715871,0.6959247649
0.0057821460,888,764,13,0.5375302663,0.9855715871,0.6956521739
0.0057320562,888,765,13,0.5372050817,0.9855715871,0.6953797964
0.0057082400,888,766,13,0.5368802902,0.9855715871,0.6951076321
0.0056707030,888,767,13,0.5365558912,0.9855715871,0.6948356808
0.0056317039,888,768,13,0.5362318841,0.9855715871,0.6945639421
0.0056226966,888,769,13,0.5359082680,0.9855715871,0.6942924159
0.0055887960,888,770,13,0.5355850422,0.9855715871,0.6940211020
0.0055723526,888,771,13,0.5352622061,0.9855715871,0.6937500000
0.0055644130,888,772,13,0.5349397590,0.9855715871,0.6934791097
0.0054828147,888,773,13,0.5346177002,0.9855715871,0.6932084309
0.0054499130,888,774,13,0.5342960289,0.9855715871,0.6929379633
0.0054433052,888,775,13,0.5339747444,0.9855715871,0.6926677067
0.0054208953,888,776,13,0.5336538462,0.9855715871,0.6923976608
0.0054177269,888,777,13,0.5333333333,0.9855715871,0.6921278254
0.0054005417,888,778,13,0.5330132053,0.9855715871,0.6918582002
0.0053095506,888,779,13,0.5326934613,0.9855715871,0.6915887850
0.0052969083,888,780,13,0.5323741007,0.9855715871,0.6913195796
0.0052892612,888,781,13,0.5320551228,0.9855715871,0.6910505837
0.0052306945,888,782,13,0.5317365269,0.9855715871,0.6907817970
0.0051134336,888,783,13,0.5314183124,0.9855715871,0.6905132193
0.0051111733,888,784,13,0.5311004785,0.9855715871,0.6902448504
0.0051026884,888,785,13,0.5307830245,0.9855715871,0.6899766900
0.0050930176,888,786,13,0.5304659498,0.9855715871,0.6897087379
0.0050927582,888,787,13,0.5301492537,0.9855715871,0.6894409938
0.0050891507,888,788,13,0.5298329356,0.9855715871,0.6891734575
0.0050778249,888,789,13,0.5295169946,0.9855715871,0.6889061288
0.0050434875,888,790,13,0.5292014303,0.9855715871,0.6886390074
0.0050324784,888,791,13,0.5288862418,0.9855715871,0.6883720930
0.0050290846,888,792,13,0.5285714286,0.9855715871,0.6881053855
0.0050264439,889,792,12,0.5288518739,0.9866814650,0.6886134779
0.0049925372,889,793,12,0.5285374554,0.9866814650,0.6883468835
0.0048838714,889,794,12,0.5282234106,0.9866814650,0.6880804954
0.0048761950,889,795,12,0.5279097387,0.9866814650,0.6878143133
0.0048756609,889,796,12,0.5275964392,0.9866814650,0.6875483372
0.0048628883,889,797,12,0.5272835113,0.9866814650,0.6872825667
0.0048362259,889,798,12,0.5269709544,0.9866814650,0.6870170015
0.0047823186,889,799,12,0.5266587678,0.9866814650,0.6867516416
0.0047799470,889,800,12,0.5263469509,0.9866814650,0.6864864865
0.0047783735,889,801,12,0.5260355030,0.9866814650,0.6862215361
0.0047769882,889,802,12,0.5257244234,0.9866814650,0.6859567901
0.0047639459,889,803,12,0.5254137116,0.9866814650,0.6856922484
0.0047630416,889,804,12,0.5251033668,0.9866814650,0.6854279106
0.0047444524,889,805,12,0.5247933884,0.9866814650,0.6851637765
0.0047157723,889,806,12,0.5244837758,0.9866814650,0.6848998459
0.0046955566,889,807,12,0.5241745283,0.9866814650,0.6846361186
0.0046812273,889,808,12,0.5238656453,0.9866814650,0.6843725943
0.0046784263,889,809,12,0.5235571260,0.9866814650,0.6841092728
0.0046598893,889,810,12,0.5232489700,0.9866814650,0.6838461538
0.0046281056,889,811,12,0.5229411765,0.9866814650,0.6835832372
0.0046174908,889,812,12,0.5226337449,0.9866814650,0.6833205227
0.0046108412,889,813,12,0.5223266745,0.9866814650,0.6830580100
0.0046092179,889,814,12,0.5220199648,0.9866814650,0.6827956989
0.0045843143,889,815,12,0.5217136150,0.9866814650,0.6825335893
0.0045692078,889,816,12,0.5214076246,0.9866814650,0.6822716807
0.0045417803,889,817,12,0.5211019930,0.9866814650,0.6820099731
0.0045356750,889,818,12,0.5207967194,0.9866814650,0.6817484663
0.0045273164,889,819,12,0.5204918033,0.9866814650,0.6814871598
0.0045254296,889,820,12,0.5201872440,0.9866814650,0.6812260536
0.0044970815,890,820,11,0.5204678363,0.9877913430,0.6817311375
0.0044884831,890,821,11,0.5201636470,0.9877913430,0.6814701378
0.0044808700,890,822,11,0.5198598131,0.9877913430,0.6812093379
0.0044649728,890,823,11,0.5195563339,0.9877913430,0.6809487376
0.0044607907,890,824,11,0.5192532089,0.9877913430,0.6806883365
0.0044593359,890,825,11,0.5189504373,0.9877913430,0.6804281346
0.0044591203,890,826,11,0.5186480186,0.9877913430,0.6801681314
0.0044480581,890,827,11,0.5183459522,0.9877913430,0.6799083270
0.0044223592,890,828,11,0.5180442375,0.9877913430,0.6796487209
0.0044220779,890,829,11,0.5177428738,0.9877913430,0.6793893130
0.0044187121,890,830,11,0.5174418605,0.9877913430,0.6791301030
0.0044039185,890,831,11,0.5171411970,0.9877913430,0.6788710908
0.0043691783,890,832,11,0.5168408827,0.9877913430,0.6786122760
0.0043544220,890,833,11,0.5165409170,0.9877913430,0.6783536585
0.0043485584,890,834,11,0.5162412993,0.9877913430,0.6780952381
0.0043320535,890,835,11,0.5159420290,0.9877913430,0.6778370145
0.0043288455,890,836,11,0.5156431054,0.9877913430,0.6775789874
0.0043156426,890,837,11,0.5153445281,0.9877913430,0.6773211568
0.0043107769,890,838,11,0.5150462963,0.9877913430,0.6770635223
0.0042988039,890,839,11,0.5147484095,0.9877913430,0.6768060837
0.0042968532,890,840,11,0.5144508671,0.9877913430,0.6765488407
0.0042683948,890,841,11,0.5141536684,0.9877913430,0.6762917933
0.0042657587,890,842,11,0.5138568129,0.9877913430,0.6760349411
0.0042565065,890,843,11,0.5135603001,0.9877913430,0.6757782840
0.0042552841,890,844,11,0.5132641292,0.9877913430,0.6755218216
0.0042437809,890,845,11,0.5129682997,0.9877913430,0.6752655539
0.0042363680,890,846,11,0.5126728111,0.9877913430,0.6750094805
0.0042355554,890,847,11,0.5123776626,0.9877913430,0.6747536012
0.0042351028,890,848,11,0.5120828539,0.9877913430,0.6744979159
0.0042268261,890,849,11,0.5117883841,0.9877913430,0.6742424242
0.0041866708,890,850,11,0.5114942529,0.9877913430,0.6739871261
0.0041677915,890,851,11,0.5112004595,0.9877913430,0.6737320212
0.0041672690,890,852,11,0.5109070034,0.9877913430,0.6734771093
0.0041433508,890,853,11,0.5106138841,0.9877913430,0.6732223903
0.0041214316,890,854,11,0.5103211009,0.9877913430,0.6729678639
0.0041206521,890,855,11,0.5100286533,0.9877913430,0.6727135299
0.0041068215,890,856,11,0.5097365407,0.9877913430,0.6724593880
0.0040962356,890,857,11,0.5094447624,0.9877913430,0.6722054381
0.0040921392,890,858,11,0.5091533181,0.9877913430,0.6719516799
0.0040644975,890,859,11,0.5088622070,0.9877913430,0.6716981132
0.0040454022,890,860,11,0.5085714286,0.9877913430,0.6714447378
0.0040448257,890,861,11,0.5082809823,0.9877913430,0.6711915535
0.0040425989,890,862,11,0.5079908676,0.9877913430,0.6709385601
0.0040363674,890,863,11,0.5077010839,0.9877913430,0.6706857573
0.0039884443,890,864,11,0.5074116306,0.9877913430,0.6704331450
0.0039779907,890,865,11,0.5071225071,0.9877913430,0.6701807229
0.0039649471,890,866,11,0.5068337130,0.9877913430,0.6699284908
0.0039442154,890,867,11,0.5065452476,0.9877913430,0.6696764485
0.0039423215,890,868,11,0.5062571104,0.9877913430,0.6694245957
0.0039387974,890,869,11,0.5059693007,0.9877913430,0.6691729323
0.0039322521,890,870,11,0.5056818182,0.9877913430,0.6689214581
0.0039284774,890,871,11,0.5053946621,0.9877913430,0.6686701728
0.0039273915,890,872,11,0.5051078320,0.9877913430,0.6684190762
0.0039179730,890,873,11,0.5048213273,0.9877913430,0.6681681682
0.0039148219,890,874,11,0.5045351474,0.9877913430,0.6679174484
0.0039073890,890,875,11,0.5042492918,0.9877913430,0.6676669167
0.0039071515,890,876,11,0.5039637599,0.9877913430,0.6674165729
0.0039041725,890,877,11,0.5036785512,0.9877913430,0.6671664168
0.0038926848,890,878,11,0.5033936652,0.9877913430,0.6669164481
0.0038768030,890,879,11,0.5031091012,0.9877913430,0.6666666667
0.0038609894,890,880,11,0.5028248588,0.9877913430,0.6664170723
0.0038571954,890,881,11,0.5025409373,0.9877913430,0.6661676647
0.0038567665,890,882,11,0.5022573363,0.9877913430,0.6659184437
0.0038416495,890,883,11,0.5019740553,0.9877913430,0.6656694091
0.0038385380,890,884,11,0.5016910936,0.9877913430,0.6654205607
0.0038313915,890,885,11,0.5014084507,0.9877913430,0.6651718984
0.0038313607,890,886,11,0.5011261261,0.9877913430,0.6649234217
0.0038259190,890,887,11,0.5008441193,0.9877913430,0.6646751307
0.0038204545,890,888,11,0.5005624297,0.9877913430,0.6644270250
0.0038155376,890,889,11,0.5002810568,0.9877913430,0.6641791045
0.0038150451,890,890,11,0.5000000000,0.9877913430,0.6639313689
0.0038068588,890,891,11,0.4997192588,0.9877913430,0.6636838180
0.0038046602,890,892,11,0.4994388328,0.9877913430,0.6634364517
0.0038045000,890,893,11,0.4991587213,0.9877913430,0.6631892697
0.0037955698,890,894,11,0.4988789238,0.9877913430,0.6629422719
0.0037903017,890,895,11,0.4985994398,0.9877913430,0.6626954579
0.0037735612,890,896,11,0.4983202688,0.9877913430,0.6624488277
0.0037692776,890,897,11,0.4980414102,0.9877913430,0.6622023810
0.0037586405,890,898,11,0.4977628635,0.9877913430,0.6619561175
0.0037453480,890,899,11,0.4974846283,0.9877913430,0.6617100372
0.0037347763,890,900,11,0.4972067039,0.9877913430,0.6614641397
0.0037158080,890,901,11,0.4969290899,0.9877913430,0.6612184250
0.0037107910,890,902,11,0.4966517857,0.9877913430,0.6609728927
0.0037099062,890,903,11,0.4963747909,0.9877913430,0.6607275427
0.0037076541,890,904,11,0.4960981048,0.9877913430,0.6604823748
0.0037070732,890,905,11,0.4958217270,0.9877913430,0.6602373887
0.0036801416,890,906,11,0.4955456570,0.9877913430,0.6599925844
0.0036719420,890,907,11,0.4952698943,0.9877913430,0.6597479615
0.0036670174,890,908,11,0.4949944383,0.9877913430,0.6595035198
0.0036655925,890,909,11,0.4947192885,0.9877913430,0.6592592593
0.0036624104,890,910,11,0.4944444444,0.9877913430,0.6590151796
0.0036391027,890,911,11,0.4941699056,0.9877913430,0.6587712805
0.0035945897,890,912,11,0.4938956715,0.9877913430,0.6585275620
0.0035901042,890,913,11,0.4936217415,0.9877913430,0.6582840237
0.0035843996,890,914,11,0.4933481153,0.9877913430,0.6580406654
0.0035766368,890,915,11,0.4930747922,0.9877913430,0.6577974871
0.0035655077,890,916,11,0.4928017719,0.9877913430,0.6575544884
0.0035607426,890,917,11,0.4925290537,0.9877913430,0.6573116691
0.0035451876,890,918,11,0.4922566372,0.9877913430,0.6570690292
0.0035442072,890,919,11,0.4919845218,0.9877913430,0.6568265683
0.0035370374,890,920,11,0.4917127072,0.9877913430,0.6565842862
0.0035285784,890,921,11,0.4914411927,0.9877913430,0.6563421829
0.0035276886,890,922,11,0.4911699779,0.9877913430,0.6561002580
0.0035269961,890,923,11,0.4908990623,0.9877913430,0.6558585114
0.0035214166,890,924,11,0.4906284454,0.9877913430,0.6556169429
0.0035197001,890,925,11,0.4903581267,0.9877913430,0.6553755523
0.0035139921,890,926,11,0.4900881057,0.9877913430,0.6551343393
0.0035126181,890,927,11,0.4898183819,0.9877913430,0.6548933039
0.0035005615,890,928,11,0.4895489549,0.9877913430,0.6546524458
0.0034873181,890,929,11,0.4892798241,0.9877913430,0.6544117647
0.0034757063,890,930,11,0.4890109890,0.9877913430,0.6541712606
0.0034750325,890,931,11,0.4887424492,0.9877913430,0.6539309331
0.0034687337,890,932,11,0.4884742042,0.9877913430,0.6536907822
0.0034651684,890,933,11,0.4882062534,0.9877913430,0.6534508076
0.0034641165,890,934,11,0.4879385965,0.9877913430,0.6532110092
0.0034482810,890,935,11,0.4876712329,0.9877913430,0.6529713866
0.0034455638,890,936,11,0.4874041621,0.9877913430,0.6527319399
0.0034359135,890,937,11,0.4871373837,0.9877913430,0.6524926686
0.0034291020,890,938,11,0.4868708972,0.9877913430,0.6522535727
0.0034205546,890,939,11,0.4866047020,0.9877913430,0.6520146520
0.0034051929,890,940,11,0.4863387978,0.9877913430,0.6517759063
0.0034043593,890,941,11,0.4860731841,0.9877913430,0.6515373353
0.0033818576,890,942,11,0.4858078603,0.9877913430,0.6512989389
0.0033818446,890,943,11,0.4855428260,0.9877913430,0.6510607169
0.0033805778,890,944,11,0.4852780807,0.9877913430,0.6508226691
0.0033772097,890,945,11,0.4850136240,0.9877913430,0.6505847953
0.0033771293,890,946,11,0.4847494553,0.9877913430,0.6503470954
0.0033744371,890,947,11,0.4844855743,0.9877913430,0.6501095690
0.0033662941,890,948,11,0.4842219804,0.9877913430,0.6498722161
0.0033634591,890,949,11,0.4839586732,0.9877913430,0.6496350365
0.0033633038,890,950,11,0.4836956522,0.9877913430,0.6493980299
0.0033550472,890,951,11,0.4834329169,0.9877913430,0.6491611962
0.0033445053,890,952,11,0.4831704669,0.9877913430,0.6489245352
0.0033418094,890,953,11,0.4829083017,0.9877913430,0.6486880466
0.0033393183,890,954,11,0.4826464208,0.9877913430,0.6484517304
0.0033314559,890,955,11,0.4823848238,0.9877913430,0.6482155863
0.0033224402,890,956,11,0.4821235103,0.9877913430,0.6479796141
0.0033202877,891,956,10,0.4824038982,0.9889012209,0.6484716157
0.0033088794,891,957,10,0.4821428571,0.9889012209,0.6482357221
0.0032765029,891,958,10,0.4818820984,0.9889012209,0.6480000000
0.0032726014,891,959,10,0.4816216216,0.9889012209,0.6477644493
0.0032626479,891,960,10,0.4813614263,0.9889012209,0.6475290698
0.0032360910,891,961,10,0.4811015119,0.9889012209,0.6472938612
0.0032302116,891,962,10,0.4808418780,0.9889012209,0.6470588235
0.0032282055,891,963,10,0.4805825243,0.9889012209,0.6468239564
0.0032233743,891,964,10,0.4803234501,0.9889012209,0.6465892598
0.0032218350,891,965,10,0.4800646552,0.9889012209,0.6463547334
0.0032214306,891,966,10,0.4798061389,0.9889012209,0.6461203771
0.0032197193,891,967,10,0.4795479010,0.9889012209,0.6458861906
0.0032161970,891,968,10,0.4792899408,0.9889012209,0.6456521739
0.0032133353,891,969,10,0.4790322581,0.9889012209,0.6454183267
0.0032114736,891,970,10,0.4787748522,0.9889012209,0.6451846488
0.0031958749,891,971,10,0.4785177229,0.9889012209,0.6449511401
0.0031951671,891,972,10,0.4782608696,0.9889012209,0.6447178003
0.0031948255,891,973,10,0.4780042918,0.9889012209,0.6444846293
0.0031922343,891,974,10,0.4777479893,0.9889012209,0.6442516269
0.0031810424,891,975,10,0.4774919614,0.9889012209,0.6440187929
0.0031752442,891,976,10,0.4772362078,0.9889012209,0.6437861272
0.0031618902,891,977,10,0.4769807281,0.9889012209,0.6435536295
0.0031517465,891,978,10,0.4767255217,0.9889012209,0.6433212996
0.0031425299,891,979,10,0.4764705882,0.9889012209,0.6430891375
0.0031353948,891,980,10,0.4762159273,0.9889012209,0.6428571429
0.0031253744,891,981,10,0.4759615385,0.9889012209,0.6426253155
0.0031013947,891,982,10,0.4757074212,0.9889012209,0.6423936554
0.0030960152,891,983,10,0.4754535752,0.9889012209,0.6421621622
0.0030927574,891,984,10,0.4752000000,0.9889012209,0.6419308357
0.0030888137,891,985,10,0.4749466951,0.9889012209,0.6416996759
0.0030854708,891,986,10,0.4746936601,0.9889012209,0.6414686825
0.0030603339,891,987,10,0.4744408946,0.9889012209,0.6412378553
0.0030592470,891,988,10,0.4741883981,0.9889012209,0.6410071942
0.0030586992,891,989,10,0.4739361702,0.9889012209,0.6407766990
0.0030585858,891,990,10,0.4736842105,0.9889012209,0.6405463695
0.0030548845,891,991,10,0.4734325186,0.9889012209,0.6403162055
0.0030538379,891,992,10,0.4731810940,0.9889012209,0.6400862069
0.0030434409,891,993,10,0.4729299363,0.9889012209,0.6398563734
0.0030387149,891,994,10,0.4726790451,0.9889012209,0.6396267050
0.0030378248,891,995,10,0.4724284199,0.9889012209,0.6393972013
0.0030339095,891,996,10,0.4721780604,0.9889012209,0.6391678623
0.0030337628,891,997,10,0.4719279661,0.9889012209,0.6389386877
0.0030212826,891,998,10,0.4716781366,0.9889012209,0.6387096774
0.0030152963,891,999,10,0.4714285714,0.9889012209,0.6384808312
0.0030150681,891,1000,10,0.4711792702,0.9889012209,0.6382521490
0.0030132632,891,1001,10,0.4709302326,0.9889012209,0.6380236305
0.0030127876,891,1002,10,0.4706814580,0.9889012209,0.6377952756
0.0030069652,891,1003,10,0.4704329461,0.9889012209,0.6375670841
0.0030008771,891,1004,10,0.4701846966,0.9889012209,0.6373390558
0.0029976545,891,1005,10,0.4699367089,0.9889012209,0.6371111906
0.0029751144,891,1006,10,0.4696889826,0.9889012209,0.6368834882
0.0029733567,891,1007,10,0.4694415174,0.9889012209,0.6366559486
0.0029664596,891,1008,10,0.4691943128,0.9889012209,0.6364285714
0.0029663607,891,1009,10,0.4689473684,0.9889012209,0.6362013567
0.0029636994,901,1025,0,0.4678089304,1.0000000000,0.6374248320
0.0029604661,901,1026,0,0.4675661650,1.0000000000,0.6371994342
0.0029523615,901,1027,0,0.4673236515,1.0000000000,0.6369741958
0.0029519517,901,1028,0,0.4670813893,1.0000000000,0.6367491166
0.0029473689,901,1029,0,0.4668393782,1.0000000000,0.6365241964
0.0029413134,901,1030,0,0.4665976178,1.0000000000,0.6362994350
0.0029185016,901,1031,0,0.4663561077,1.0000000000,0.6360748323
0.0029162019,901,1032,0,0.4661148474,1.0000000000,0.6358503881
0.0029158869,901,1033,0,0.4658738366,1.0000000000,0.6356261023
0.0029135798,901,1034,0,0.4656330749,1.0000000000,0.6354019746
0.0029089442,901,1035,0,0.4653925620,1.0000000000,0.6351780049
0.0028986959,901,1036,0,0.4651522974,1.0000000000,0.6349541931
0.0028966707,901,1037,0,0.4649122807,1.0000000000,0.6347305389
0.0028956656,901,1038,0,0.4646725116,1.0000000000,0.6345070423
0.0028920304,901,1039,0,0.4644329897,1.0000000000,0.6342837029
0.0028895810,901,1040,0,0.4641937146,1.0000000000,0.6340605208
0.0028782112,901,1041,0,0.4639546859,1.0000000000,0.6338374956
0.0028767008,901,1042,0,0.4637159032,1.0000000000,0.6336146273
0.0028761073,901,1043,0,0.4634773663,1.0000000000,0.6333919156
0.0028702850,901,1044,0,0.4632390746,1.0000000000,0.6331693605
0.0028657140,901,1045,0,0.4630010277,1.0000000000,0.6329469617
0.0028611913,901,1046,0,0.4627632255,1.0000000000,0.6327247191
0.0028580381,901,1047,0,0.4625256674,1.0000000000,0.6325026325
0.0028537158,901,1048,0,0.4622883530,1.0000000000,0.6322807018
0.0028523358,901,1049,0,0.4620512821,1.0000000000,0.6320589267
0.0028354242,901,1050,0,0.4618144541,1.0000000000,0.6318373072
0.0028334523,901,1051,0,0.4615778689,1.0000000000,0.6316158430
0.0028302839,901,1052,0,0.4613415259,1.0000000000,0.6313945340
0.0028293473,901,1053,0,0.4611054248,1.0000000000,0.6311733800
0.0028289871,901,1054,0,0.4608695652,1.0000000000,0.6309523810
0.0028217018,901,1055,0,0.4606339468,1.0000000000,0.6307315366
0.0028211810,901,1056,0,0.4603985692,1.0000000000,0.6305108467
0.0028206217,901,1057,0,0.4601634321,1.0000000000,0.6302903113
0.0028201309,901,1058,0,0.4599285350,1.0000000000,0.6300699301
0.0028159183,901,1059,0,0.4596938776,1.0000000000,0.6298497029
0.0028076931,901,1060,0,0.4594594595,1.0000000000,0.6296296296
0.0028034039,901,1061,0,0.4592252803,1.0000000000,0.6294097101
0.0028008737,901,1062,0,0.4589913398,1.0000000000,0.6291899441
0.0028007899,901,1063,0,0.4587576375,1.0000000000,0.6289703316
0.0027983019,901,1064,0,0.4585241730,1.0000000000,0.6287508723
0.0027959344,901,1065,0,0.4582909461,1.0000000000,0.6285315661
0.0027955093,901,1066,0,0.4580579563,1.0000000000,0.6283124128
0.0027936075,901,1067,0,0.4578252033,1.0000000000,0.6280934123
0.0027934588,901,1068,0,0.4575926866,1.0000000000,0.6278745645
0.0027876999,901,1069,0,0.4573604061,1.0000000000,0.6276558690
0.0027836107,901,1070,0,0.4571283612,1.0000000000,0.6274373259
0.0027819993,901,1071,0,0.4568965517,1.0000000000,0.6272189349
0.0027807981,901,1072,0,0.4566649772,1.0000000000,0.6270006959
0.0027804384,901,1073,0,0.4564336373,1.0000000000,0.6267826087
0.0027795844,901,1074,0,0.4562025316,1.0000000000,0.6265646732
0.0027763273,901,1075,0,0.4559716599,1.0000000000,0.6263468891
0.0027757646,901,1076,0,0.4557410218,1.0000000000,0.6261292564
0.0027752211,901,1077,0,0.4555106168,1.0000000000,0.6259117749
0.0027741124,901,1078,0,0.4552804447,1.0000000000,0.6256944444
0.0027726172,901,1079,0,0.4550505051,1.0000000000,0.6254772648
0.0027571553,901,1080,0,0.4548207976,1.0000000000,0.6252602359
0.0027537749,901,1081,0,0.4545913219,1.0000000000,0.6250433576
0.0027495448,901,1082,0,0.4543620777,1.0000000000,0.6248266297
0.0027479331,901,1083,0,0.4541330645,1.0000000000,0.6246100520
0.0027458929,901,1084,0,0.4539042821,1.0000000000,0.6243936244
0.0027455715,901,1085,0,0.4536757301,1.0000000000,0.6241773467
0.0027423876,901,1086,0,0.4534474082,1.0000000000,0.6239612188
0.0027395086,901,1087,0,0.4532193159,1.0000000000,0.6237452406
0.0027358178,901,1088,0,0.4529914530,1.0000000000,0.6235294118
0.0027272757,901,1089,0,0.4527638191,1.0000000000,0.6233137323
0.0027222186,901,1090,0,0.4525364139,1.0000000000,0.6230982019
0.0027209697,901,1091,0,0.4523092369,1.0000000000,0.6228828206
0.0027165404,901,1092,0,0.4520822880,1.0000000000,0.6226675881
0.0027149413,901,1093,0,0.4518555667,1.0000000000,0.6224525043
0.0027144763,901,1094,0,0.4516290727,1.0000000000,0.6222375691
0.0027062588,901,1095,0,0.4514028056,1.0000000000,0.6220227822
0.0027026874,901,1096,0,0.4511767651,1.0000000000,0.6218081435
0.0027001256,901,1097,0,0.4509509510,1.0000000000,0.6215936530
0.0026994504,901,1098,0,0.4507253627,1.0000000000,0.6213793103
0.0026969074,901,1099,0,0.4505000000,1.0000000000,0.6211651155
0.0026967330,901,1100,0,0.4502748626,1.0000000000,0.6209510682
0.0026924773,901,1101,0,0.4500499500,1.0000000000,0.6207371684
0.0026910794,901,1102,0,0.4498252621,1.0000000000,0.6205234160
0.0026904871,901,1103,0,0.4496007984,1.0000000000,0.6203098107
0.0026862270,901,1104,0,0.4493765586,1.0000000000,0.6200963524
0.0026860957,901,1105,0,0.4491525424,1.0000000000,0.6198830409
0.0026852728,901,1106,0,0.4489287494,1.0000000000,0.6196698762
0.0026801482,901,1107,0,0.4487051793,1.0000000000,0.6194568580
0.0026801070,901,1108,0,0.4484818318,1.0000000000,0.6192439863
0.0026791911,901,1109,0,0.4482587065,1.0000000000,0.6190312607
0.0026746972,901,1110,0,0.4480358031,1.0000000000,0.6188186813
0.0026720490,901,1111,0,0.4478131213,1.0000000000,0.6186062479
0.0026693104,901,1112,0,0.4475906607,1.0000000000,0.6183939602
0.0026666853,901,1113,0,0.4473684211,1.0000000000,0.6181818182
0.0026622200,901,1114,0,0.4471464020,1.0000000000,0.6179698217
0.0026586726,901,1115,0,0.4469246032,1.0000000000,0.6177579705
0.0026585688,901,1116,0,0.4467030243,1.0000000000,0.6175462646
0.0026542132,901,1117,0,0.4464816650,1.0000000000,0.6173347037
0.0026538395,901,1118,0,0.4462605250,1.0000000000,0.6171232877
0.0026530491,901,1119,0,0.4460396040,1.0000000000,0.6169120164
0.0026527632,901,1120,0,0.4458189015,1.0000000000,0.6167008898
0.0026524263,901,1121,0,0.4455984174,1.0000000000,0.6164899076
0.0026520111,901,1122,0,0.4453781513,1.0000000000,0.6162790698
0.0026378212,901,1123,0,0.4451581028,1.0000000000,0.6160683761
0.0026337875,901,1124,0,0.4449382716,1.0000000000,0.6158578264
0.0026331763,901,1125,0,0.4447186575,1.0000000000,0.6156474206
0.0026323863,901,1126,0,0.4444992600,1.0000000000,0.6154371585
0.0026275520,901,1127,0,0.4442800789,1.0000000000,0.6152270399
0.0026250067,901,1128,0,0.4440611138,1.0000000000,0.6150170648
0.0026217117,901,1129,0,0.4438423645,1.0000000000,0.6148072330
0.0026199154,901,1130,0,0.4436238306,1.0000000000,0.6145975443
0.0026181343,901,1131,0,0.4434055118,1.0000000000,0.6143879986
0.0026148418,901,1132,0,0.4431874078,1.0000000000,0.6141785958
0.0026093631,901,1133,0,0.4429695182,1.0000000000,0.6139693356
0.0026090501,901,1134,0,0.4427518428,1.0000000000,0.6137602180
0.0026078296,901,1135,0,0.4425343811,1.0000000000,0.6135512428
0.0026068501,901,1136,0,0.4423171330,1.0000000000,0.6133424098
0.0026009800,901,1137,0,0.4421000981,1.0000000000,0.6131337190
0.0026008291,901,1138,0,0.4418832761,1.0000000000,0.6129251701
0.0025965280,901,1139,0,0.4416666667,1.0000000000,0.6127167630
0.0025942505,901,1140,0,0.4414502695,1.0000000000,0.6125084976
0.0025892719,901,1141,0,0.4412340842,1.0000000000,0.6123003738
0.0025840509,901,1142,0,0.4410181106,1.0000000000,0.6120923913
0.0025840299,901,1143,0,0.4408023483,1.0000000000,0.6118845501
0.0025809556,901,1144,0,0.4405867971,1.0000000000,0.6116768500
0.0025791090,901,1145,0,0.4403714565,1.0000000000,0.6114692908
0.0025778702,901,1146,0,0.4401563263,1.0000000000,0.6112618725
0.0025709344,901,1147,0,0.4399414062,1.0000000000,0.6110545948
0.0025688845,901,1148,0,0.4397266959,1.0000000000,0.6108474576
0.0025652545,901,1149,0,0.4395121951,1.0000000000,0.6106404609
0.0025628472,901,1150,0,0.4392979035,1.0000000000,0.6104336043
0.0025614777,901,1151,0,0.4390838207,1.0000000000,0.6102268879
0.0025573371,901,1152,0,0.4388699464,1.0000000000,0.6100203114
0.0025552474,901,1153,0,0.4386562804,1.0000000000,0.6098138748
0.0025501200,901,1154,0,0.4384428224,1.0000000000,0.6096075778
0.0025493137,901,1155,0,0.4382295720,1.0000000000,0.6094014204
0.0025492483,901,1156,0,0.4380165289,1.0000000000,0.6091954023
0.0025458483,901,1157,0,0.4378036929,1.0000000000,0.6089895235
0.0025414014,901,1158,0,0.4375910636,1.0000000000,0.6087837838
0.0025359965,901,1159,0,0.4373786408,1.0000000000,0.6085781830
0.0025345278,901,1160,0,0.4371664241,1.0000000000,0.6083727211
0.0025333564,901,1161,0,0.4369544132,1.0000000000,0.6081673979
0.0025302998,901,1162,0,0.4367426079,1.0000000000,0.6079622132
0.0025299392,901,1163,0,0.4365310078,1.0000000000,0.6077571669
0.0025282234,901,1164,0,0.4363196126,1.0000000000,0.6075522589
0.0025253368,901,1165,0,0.4361084221,1.0000000000,0.6073474890
0.0025245156,901,1166,0,0.4358974359,1.0000000000,0.6071428571
0.0025237689,901,1167,0,0.4356866538,1.0000000000,0.6069383631
0.0025231205,901,1168,0,0.4354760754,1.0000000000,0.6067340067
0.0025223456,901,1169,0,0.4352657005,1.0000000000,0.6065297880
0.0025218178,901,1170,0,0.4350555287,1.0000000000,0.6063257066
0.0025218008,901,1171,0,0.4348455598,1.0000000000,0.6061217625
0.0025201293,901,1172,0,0.4346357935,1.0000000000,0.6059179556
0.0025189670,901,1173,0,0.4344262295,1.0000000000,0.6057142857
0.0025162199,901,1174,0,0.4342168675,1.0000000000,0.6055107527
0.0025124720,901,1175,0,0.4340077071,1.0000000000,0.6053073564
0.0025108031,901,1176,0,0.4337987482,1.0000000000,0.6051040967
0.0025107814,901,1177,0,0.4335899904,1.0000000000,0.6049009735
0.0025099160,901,1178,0,0.4333814334,1.0000000000,0.6046979866
0.0025053094,901,1179,0,0.4331730769,1.0000000000,0.6044951359
0.0025045993,901,1180,0,0.4329649207,1.0000000000,0.6042924212
0.0025023036,901,1181,0,0.4327569645,1.0000000000,0.6040898424
0.0025014305,901,1182,0,0.4325492079,1.0000000000,0.6038873995
0.0024994372,901,1183,0,0.4323416507,1.0000000000,0.6036850921
0.0024921850,901,1184,0,0.4321342926,1.0000000000,0.6034829203
0.0024887342,901,1185,0,0.4319271333,1.0000000000,0.6032808838
0.0024868089,901,1186,0,0.4317201725,1.0000000000,0.6030789826
0.0024861076,901,1187,0,0.4315134100,1.0000000000,0.6028772165
0.0024848615,901,1188,0,0.4313068454,1.0000000000,0.6026755853
0.0024802375,901,1189,0,0.4311004785,1.0000000000,0.6024740889
0.0024752191,901,1190,0,0.4308943089,1.0000000000,0.6022727273
0.0024750002,901,1191,0,0.4306883365,1.0000000000,0.6020715002
0.0024720305,901,1192,0,0.4304825609,1.0000000000,0.6018704075
0.0024671108,901,1193,0,0.4302769819,1.0000000000,0.6016694491
0.0024646374,901,1194,0,0.4300715990,1.0000000000,0.6014686248
0.0024631149,901,1195,0,0.4298664122,1.0000000000,0.6012679346
0.0024627775,901,1196,0,0.4296614211,1.0000000000,0.6010673783
0.0024585240,901,1197,0,0.4294566254,1.0000000000,0.6008669557
0.0024560040,901,1198,0,0.4292520248,1.0000000000,0.6006666667
0.0024541402,901,1199,0,0.4290476190,1.0000000000,0.6004665112
0.0024505570,901,1200,0,0.4288434079,1.0000000000,0.6002664890
0.0024482058,901,1201,0,0.4286393911,1.0000000000,0.6000666001
0.0024409043,901,1202,0,0.4284355682,1.0000000000,0.5998668442
0.0024403993,901,1203,0,0.4282319392,1.0000000000,0.5996672213
0.0024395962,901,1204,0,0.4280285036,1.0000000000,0.5994677312
0.0024379420,901,1205,0,0.4278252612,1.0000000000,0.5992683738
0.0024377031,901,1206,0,0.4276222117,1.0000000000,0.5990691489
0.0024355103,901,1207,0,0.4274193548,1.0000000000,0.5988700565
0.0024320299,901,1208,0,0.4272166904,1.0000000000,0.5986710963
0.0024293545,901,1209,0,0.4270142180,1.0000000000,0.5984722683
0.0024291372,901,1210,0,0.4268119375,1.0000000000,0.5982735724
0.0024286415,901,1211,0,0.4266098485,1.0000000000,0.5980750083
0.0024274257,901,1212,0,0.4264079508,1.0000000000,0.5978765760
0.0024228150,901,1213,0,0.4262062441,1.0000000000,0.5976782753
0.0024166212,901,1214,0,0.4260047281,1.0000000000,0.5974801061
0.0024163614,901,1215,0,0.4258034026,1.0000000000,0.5972820683
0.0024160703,901,1216,0,0.4256022674,1.0000000000,0.5970841617
0.0024155800,901,1217,0,0.4254013220,1.0000000000,0.5968863862
0.0024143979,901,1218,0,0.4252005663,1.0000000000,0.5966887417
0.0024107595,901,1219,0,0.4250000000,1.0000000000,0.5964912281
0.0024106668,901,1220,0,0.4247996228,1.0000000000,0.5962938451
0.0024064642,901,1221,0,0.4245994345,1.0000000000,0.5960965928
0.0024039219,901,1222,0,0.4243994348,1.0000000000,0.5958994709
0.0024033149,901,1223,0,0.4241996234,1.0000000000,0.5957024793
0.0024023538,901,1224,0,0.4240000000,1.0000000000,0.5955056180
0.0024020565,901,1225,0,0.4238005644,1.0000000000,0.5953088867
0.0024017468,901,1226,0,0.4236013164,1.0000000000,0.5951122853
0.0023952010,901,1227,0,0.4234022556,1.0000000000,0.5949158138
0.0023945018,901,1228,0,0.4232033819,1.0000000000,0.5947194719
0.0023908175,901,1229,0,0.4230046948,1.0000000000,0.5945232597
0.0023866419,901,1230,0,0.4228061943,1.0000000000,0.5943271768
0.0023831383,901,1231,0,0.4226078799,1.0000000000,0.5941312232
0.0023806705,901,1232,0,0.4224097515,1.0000000000,0.5939353988
0.0023780738,901,1233,0,0.4222118088,1.0000000000,0.5937397035
0.0023735794,901,1234,0,0.4220140515,1.0000000000,0.5935441370
0.0023730632,901,1235,0,0.4218164794,1.0000000000,0.5933486994
0.0023691177,901,1236,0,0.4216190922,1.0000000000,0.5931533904
0.0023684977,901,1237,0,0.4214218896,1.0000000000,0.5929582099
0.0023683661,901,1238,0,0.4212248714,1.0000000000,0.5927631579
0.0023680564,901,1239,0,0.4210280374,1.0000000000,0.5925682341
0.0023667205,901,1240,0,0.4208313872,1.0000000000,0.5923734385
0.0023660611,901,1241,0,0.4206349206,1.0000000000,0.5921787709
0.0023577870,901,1242,0,0.4204386374,1.0000000000,0.5919842313
0.0023550719,901,1243,0,0.4202425373,1.0000000000,0.5917898194
0.0023547213,901,1244,0,0.4200466200,1.0000000000,0.5915955351
0.0023512251,901,1245,0,0.4198508854,1.0000000000,0.5914013784
0.0023510444,901,1246,0,0.4196553330,1.0000000000,0.5912073491
0.0023489816,901,1247,0,0.4194599628,1.0000000000,0.5910134470
0.0023458737,901,1248,0,0.4192647743,1.0000000000,0.5908196721
0.0023451119,901,1249,0,0.4190697674,1.0000000000,0.5906260243
0.0023421559,901,1250,0,0.4188749419,1.0000000000,0.5904325033
0.0023418553,901,1251,0,0.4186802974,1.0000000000,0.5902391091
0.0023410243,901,1252,0,0.4184858337,1.0000000000,0.5900458415
0.0023394611,901,1253,0,0.4182915506,1.0000000000,0.5898527005
0.0023353137,901,1254,0,0.4180974478,1.0000000000,0.5896596859
0.0023349226,901,1255,0,0.4179035250,1.0000000000,0.5894667975
0.0023346893,901,1256,0,0.4177097821,1.0000000000,0.5892740353
0.0023340096,901,1257,0,0.4175162187,1.0000000000,0.5890813992
0.0023296704,901,1258,0,0.4173228346,1.0000000000,0.5888888889
0.0023290496,901,1259,0,0.4171296296,1.0000000000,0.5886965044
0.0023276918,901,1260,0,0.4169366034,1.0000000000,0.5885042456
0.0023227381,901,1261,0,0.4167437558,1.0000000000,0.5883121123
0.0023213353,901,1262,0,0.4165510865,1.0000000000,0.5881201044
0.0023212978,901,1263,0,0.4163585952,1.0000000000,0.5879282219
0.0023207257,901,1264,0,0.4161662818,1.0000000000,0.5877364644
0.0023200414,901,1265,0,0.4159741459,1.0000000000,0.5875448321
0.0023153727,901,1266,0,0.4157821874,1.0000000000,0.5873533246
0.0023134681,901,1267,0,0.4155904059,1.0000000000,0.5871619420
0.0023091470,901,1268,0,0.4153988013,1.0000000000,0.5869706840
0.0023061540,901,1269,0,0.4152073733,1.0000000000,0.5867795506
0.0023052918,901,1270,0,0.4150161216,1.0000000000,0.5865885417
0.0023049584,901,1271,0,0.4148250460,1.0000000000,0.5863976570
0.0023027468,901,1272,0,0.4146341463,1.0000000000,0.5862068966
0.0023014282,901,1273,0,0.4144434223,1.0000000000,0.5860162602
0.0023012594,901,1274,0,0.4142528736,1.0000000000,0.5858257477
0.0022976645,901,1275,0,0.4140625000,1.0000000000,0.5856353591
0.0022905706,901,1276,0,0.4138723013,1.0000000000,0.5854450942
0.0022890782,901,1277,0,0.4136822773,1.0000000000,0.5852549529
0.0022876367,901,1278,0,0.4134924277,1.0000000000,0.5850649351
0.0022858330,901,1279,0,0.4133027523,1.0000000000,0.5848750406
0.0022836439,901,1280,0,0.4131132508,1.0000000000,0.5846852693
0.0022814439,901,1281,0,0.4129239230,1.0000000000,0.5844956211
0.0022812157,901,1282,0,0.4127347687,1.0000000000,0.5843060960
0.0022796297,901,1283,0,0.4125457875,1.0000000000,0.5841166937
0.0022779838,901,1284,0,0.4123569794,1.0000000000,0.5839274141
0.0022778800,901,1285,0,0.4121683440,1.0000000000,0.5837382572
0.0022776371,901,1286,0,0.4119798811,1.0000000000,0.5835492228
0.0022760946,901,1287,0,0.4117915905,1.0000000000,0.5833603108
0.0022743563,901,1288,0,0.4116034719,1.0000000000,0.5831715210
0.0022706070,901,1289,0,0.4114155251,1.0000000000,0.5829828534
0.0022681886,901,1290,0,0.4112277499,1.0000000000,0.5827943079
0.0022647227,901,1291,0,0.4110401460,1.0000000000,0.5826058843
0.0022644061,901,1292,0,0.4108527132,1.0000000000,0.5824175824
0.0022640270,901,1293,0,0.4106654512,1.0000000000,0.5822294023
0.0022637965,901,1294,0,0.4104783599,1.0000000000,0.5820413437
0.0022632389,901,1295,0,0.4102914390,1.0000000000,0.5818534065
0.0022580805,901,1296,0,0.4101046882,1.0000000000,0.5816655907
0.0022552353,901,1297,0,0.4099181074,1.0000000000,0.5814778961
0.0022549073,901,1298,0,0.4097316962,1.0000000000,0.5812903226
0.0022543019,901,1299,0,0.4095454545,1.0000000000,0.5811028700
0.0022531496,901,1300,0,0.4093593821,1.0000000000,0.5809155384
0.0022511703,901,1301,0,0.4091734787,1.0000000000,0.5807283274
0.0022501412,901,1302,0,0.4089877440,1.0000000000,0.5805412371
0.0022497354,901,1303,0,0.4088021779,1.0000000000,0.5803542673
0.0022447489,901,1304,0,0.4086167800,1.0000000000,0.5801674179
0.0022435714,901,1305,0,0.4084315503,1.0000000000,0.5799806888
0.0022433291,901,1306,0,0.4082464884,1.0000000000,0.5797940798
0.0022415218,901,1307,0,0.4080615942,1.0000000000,0.5796075909
0.0022409293,901,1308,0,0.4078768674,1.0000000000,0.5794212219
0.0022386678,901,1309,0,0.4076923077,1.0000000000,0.5792349727
0.0022373635,901,1310,0,0.4075079150,1.0000000000,0.5790488432
0.0022346270,901,1311,0,0.4073236890,1.0000000000,0.5788628333
0.0022343688,901,1312,0,0.4071396295,1.0000000000,0.5786769428
0.0022323201,901,1313,0,0.4069557362,1.0000000000,0.5784911717
0.0022305262,901,1314,0,0.4067720090,1.0000000000,0.5783055199
0.0022304580,901,1315,0,0.4065884477,1.0000000000,0.5781199872
0.0022299252,901,1316,0,0.4064050519,1.0000000000,0.5779345734
0.0022279529,901,1317,0,0.4062218215,1.0000000000,0.5777492786
0.0022271771,901,1318,0,0.4060387562,1.0000000000,0.5775641026
0.0022235224,901,1319,0,0.4058558559,1.0000000000,0.5773790452
0.0022220956,901,1320,0,0.4056731202,1.0000000000,0.5771941063
0.0022218875,901,1321,0,0.4054905491,1.0000000000,0.5770092859
0.0022192653,901,1322,0,0.4053081422,1.0000000000,0.5768245839
0.0022171049,901,1323,0,0.4051258993,1.0000000000,0.5766400000
0.0022154083,901,1324,0,0.4049438202,1.0000000000,0.5764555342
0.0022145759,901,1325,0,0.4047619048,1.0000000000,0.5762711864
0.0022135118,901,1326,0,0.4045801527,1.0000000000,0.5760869565
0.0022126061,901,1327,0,0.4043985637,1.0000000000,0.5759028444
0.0022082322,901,1328,0,0.4042171377,1.0000000000,0.5757188498
0.0022080587,901,1329,0,0.4040358744,1.0000000000,0.5755349729
0.0022071807,901,1330,0,0.4038547736,1.0000000000,0.5753512133
0.0022069719,901,1331,0,0.4036738351,1.0000000000,0.5751675710
0.0022069362,901,1332,0,0.4034930587,1.0000000000,0.5749840459
0.0022069097,901,1333,0,0.4033124440,1.0000000000,0.5748006380
0.0022021972,901,1334,0,0.4031319911,1.0000000000,0.5746173469
0.0022005287,901,1335,0,0.4029516995,1.0000000000,0.5744341728
0.0022000221,901,1336,0,0.4027715691,1.0000000000,0.5742511154
0.0021998463,901,1337,0,0.4025915996,1.0000000000,0.5740681746
0.0021993122,901,1338,0,0.4024117910,1.0000000000,0.5738853503
0.0021960752,901,1339,0,0.4022321429,1.0000000000,0.5737026425
0.0021950556,901,1340,0,0.4020526551,1.0000000000,0.5735200509
0.0021944249,901,1341,0,0.4018733274,1.0000000000,0.5733375756
0.0021942307,901,1342,0,0.4016941596,1.0000000000,0.5731552163
0.0021923231,901,1343,0,0.4015151515,1.0000000000,0.5729729730
0.0021922062,901,1344,0,0.4013363029,1.0000000000,0.5727908455
0.0021878425,901,1345,0,0.4011576135,1.0000000000,0.5726088338
0.0021858662,901,1347,0,0.4008007117,1.0000000000,0.5722451572
0.0021856427,901,1348,0,0.4006224989,1.0000000000,0.5720634921
0.0021847561,901,1349,0,0.4004444444,1.0000000000,0.5718819422
0.0021831817,901,1350,0,0.4002665482,1.0000000000,0.5717005076
0.0021819479,901,1351,0,0.4000888099,1.0000000000,0.5715191881
0.0021805139,901,1352,0,0.3999112295,1.0000000000,0.5713379835
0.0021792524,901,1353,0,0.3997338066,1.0000000000,0.5711568938
0.0021789686,901,1354,0,0.3995565410,1.0000000000,0.5709759189
0.0021786510,901,1355,0,0.3993794326,1.0000000000,0.5707950586
0.0021759525,901,1356,0,0.3992024812,1.0000000000,0.5706143129
0.0021749577,901,1357,0,0.3990256864,1.0000000000,0.5704336815
0.0021749104,901,1358,0,0.3988490483,1.0000000000,0.5702531646
0.0021730957,901,1359,0,0.3986725664,1.0000000000,0.5700727618
0.0021722440,901,1360,0,0.3984962406,1.0000000000,0.5698924731
0.0021713411,901,1361,0,0.3983200707,1.0000000000,0.5697122985
0.0021696079,901,1362,0,0.3981440566,1.0000000000,0.5695322377
0.0021693604,901,1363,0,0.3979681979,1.0000000000,0.5693522907
0.0021687103,901,1364,0,0.3977924945,1.0000000000,0.5691724574
0.0021643580,901,1365,0,0.3976169462,1.0000000000,0.5689927376
0.0021621296,901,1366,0,0.3974415527,1.0000000000,0.5688131313
0.0021609170,901,1367,0,0.3972663139,1.0000000000,0.5686336384
0.0021588574,901,1368,0,0.3970912296,1.0000000000,0.5684542587
0.0021568974,901,1369,0,0.3969162996,1.0000000000,0.5682749921
0.0021563114,901,1370,0,0.3967415236,1.0000000000,0.5680958386
0.0021527768,901,1371,0,0.3965669014,1.0000000000,0.5679167980
0.0021510331,901,1372,0,0.3963924329,1.0000000000,0.5677378702
0.0021492438,901,1373,0,0.3962181179,1.0000000000,0.5675590551
0.0021476999,901,1374,0,0.3960439560,1.0000000000,0.5673803526
0.0021476338,901,1375,0,0.3958699473,1.0000000000,0.5672017627
0.0021475633,901,1376,0,0.3956960913,1.0000000000,0.5670232851
0.0021472953,901,1377,0,0.3955223881,1.0000000000,0.5668449198
0.0021464783,901,1378,0,0.3953488372,1.0000000000,0.5666666667
0.0021435316,901,1379,0,0.3951754386,1.0000000000,0.5664885256
0.0021434522,901,1380,0,0.3950021920,1.0000000000,0.5663104965
0.0021423949,901,1381,0,0.3948290973,1.0000000000,0.5661325793
0.0021419108,901,1382,0,0.3946561542,1.0000000000,0.5659547739
0.0021405257,901,1383,0,0.3944833625,1.0000000000,0.5657770801
0.0021382316,901,1384,0,0.3943107221,1.0000000000,0.5655994978
0.0021370973,901,1385,0,0.3941382327,1.0000000000,0.5654220270
0.0021364600,901,1386,0,0.3939658942,1.0000000000,0.5652446675
0.0021363744,901,1387,0,0.3937937063,1.0000000000,0.5650674193
0.0021363178,901,1388,0,0.3936216689,1.0000000000,0.5648902821
0.0021355553,901,1389,0,0.3934497817,1.0000000000,0.5647132560
0.0021322179,901,1390,0,0.3932780445,1.0000000000,0.5645363409
0.0021286730,901,1391,0,0.3931064572,1.0000000000,0.5643595365
0.0021248832,901,1392,0,0.3929350196,1.0000000000,0.5641828428
0.0021201519,901,1393,0,0.3927637315,1.0000000000,0.5640062598
0.0021199540,901,1394,0,0.3925925926,1.0000000000,0.5638297872
0.0021194741,901,1395,0,0.3924216028,1.0000000000,0.5636534251
0.0021147775,901,1396,0,0.3922507619,1.0000000000,0.5634771732
0.0021146466,901,1397,0,0.3920800696,1.0000000000,0.5633010316
0.0021144131,901,1398,0,0.3919095259,1.0000000000,0.5631250000
0.0021141155,901,1399,0,0.3917391304,1.0000000000,0.5629490784
0.0021112929,901,1400,0,0.3915688831,1.0000000000,0.5627732667
0.0021105392,901,1401,0,0.3913987837,1.0000000000,0.5625975648
0.0021079520,901,1402,0,0.3912288320,1.0000000000,0.5624219725
0.0021063476,901,1403,0,0.3910590278,1.0000000000,0.5622464899
0.0021060430,901,1404,0,0.3908893709,1.0000000000,0.5620711167
0.0021055359,901,1405,0,0.3907198612,1.0000000000,0.5618958528
0.0021043962,901,1406,0,0.3905504985,1.0000000000,0.5617206983
0.0021029327,901,1407,0,0.3903812825,1.0000000000,0.5615456529
0.0021020283,901,1408,0,0.3902122131,1.0000000000,0.5613707165
0.0020998891,901,1409,0,0.3900432900,1.0000000000,0.5611958891
0.0020989219,901,1410,0,0.3898745132,1.0000000000,0.5610211706
0.0020979044,901,1411,0,0.3897058824,1.0000000000,0.5608465608
0.0020976737,901,1412,0,0.3895373973,1.0000000000,0.5606720597
0.0020946495,901,1413,0,0.3893690579,1.0000000000,0.5604976672
0.0020943705,901,1414,0,0.3892008639,1.0000000000,0.5603233831
0.0020930723,901,1415,0,0.3890328152,1.0000000000,0.5601492073
0.0020901968,901,1416,0,0.3888649115,1.0000000000,0.5599751398
0.0020900834,901,1417,0,0.3886971527,1.0000000000,0.5598011805
0.0020870464,901,1418,0,0.3885295386,1.0000000000,0.5596273292
0.0020862066,901,1419,0,0.3883620690,1.0000000000,0.5594535858
0.0020854678,901,1420,0,0.3881947436,1.0000000000,0.5592799503
0.0020848527,901,1421,0,0.3880275624,1.0000000000,0.5591064226
0.0020845013,901,1422,0,0.3878605252,1.0000000000,0.5589330025
0.0020826336,901,1423,0,0.3876936317,1.0000000000,0.5587596899
0.0020824615,901,1424,0,0.3875268817,1.0000000000,0.5585864848
0.0020824177,901,1425,0,0.3873602752,1.0000000000,0.5584133870
0.0020817856,901,1426,0,0.3871938118,1.0000000000,0.5582403965
0.0020816657,901,1427,0,0.3870274914,1.0000000000,0.5580675132
0.0020791958,901,1428,0,0.3868613139,1.0000000000,0.5578947368
0.0020780666,901,1429,0,0.3866952790,1.0000000000,0.5577220675
0.0020776649,901,1430,0,0.3865293865,1.0000000000,0.5575495050
0.0020773683,901,1431,0,0.3863636364,1.0000000000,0.5573770492
0.0020767357,901,1432,0,0.3861980283,1.0000000000,0.5572047001
0.0020764770,901,1433,0,0.3860325621,1.0000000000,0.5570324575
0.0020755583,901,1434,0,0.3858672377,1.0000000000,0.5568603214
0.0020745322,901,1435,0,0.3857020548,1.0000000000,0.5566882916
0.0020730097,901,1436,0,0.3855370133,1.0000000000,0.5565163681
0.0020724712,901,1437,0,0.3853721129,1.0000000000,0.5563445508
0.0020722148,901,1438,0,0.3852073536,1.0000000000,0.5561728395
0.0020717613,901,1439,0,0.3850427350,1.0000000000,0.5560012342
0.0020702360,901,1440,0,0.3848782572,1.0000000000,0.5558297347
0.0020701666,901,1441,0,0.3847139197,1.0000000000,0.5556583410
0.0020698083,901,1442,0,0.3845497226,1.0000000000,0.5554870530
0.0020695431,901,1443,0,0.3843856655,1.0000000000,0.5553158706
0.0020693156,901,1444,0,0.3842217484,1.0000000000,0.5551447936
0.0020678127,901,1445,0,0.3840579710,1.0000000000,0.5549738220
0.0020677280,901,1446,0,0.3838943332,1.0000000000,0.5548029557
0.0020654220,901,1447,0,0.3837308348,1.0000000000,0.5546321945
0.0020647333,901,1448,0,0.3835674755,1.0000000000,0.5544615385
0.0020642658,901,1449,0,0.3834042553,1.0000000000,0.5542909874
0.0020642015,901,1450,0,0.3832411740,1.0000000000,0.5541205412
0.0020639198,901,1451,0,0.3830782313,1.0000000000,0.5539501998
0.0020601433,901,1452,0,0.3829154271,1.0000000000,0.5537799631
0.0020576390,901,1453,0,0.3827527613,1.0000000000,0.5536098310
0.0020554722,901,1454,0,0.3825902335,1.0000000000,0.5534398034
0.0020533118,901,1455,0,0.3824278438,1.0000000000,0.5532698803
0.0020516836,901,1456,0,0.3822655919,1.0000000000,0.5531000614
0.0020504061,901,1457,0,0.3821034775,1.0000000000,0.5529303467
0.0020496703,901,1458,0,0.3819415006,1.0000000000,0.5527607362
0.0020485362,901,1459,0,0.3817796610,1.0000000000,0.5525912297
0.0020449513,901,1460,0,0.3816179585,1.0000000000,0.5524218271
0.0020448859,901,1461,0,0.3814563929,1.0000000000,0.5522525283
0.0020433927,901,1462,0,0.3812949640,1.0000000000,0.5520833333
0.0020419233,901,1463,0,0.3811336717,1.0000000000,0.5519142420
0.0020412549,901,1464,0,0.3809725159,1.0000000000,0.5517452541
0.0020394160,901,1465,0,0.3808114962,1.0000000000,0.5515763698
0.0020381701,901,1466,0,0.3806506126,1.0000000000,0.5514075887
0.0020358348,901,1467,0,0.3804898649,1.0000000000,0.5512389110
0.0020348558,901,1468,0,0.3803292528,1.0000000000,0.5510703364
0.0020333340,901,1469,0,0.3801687764,1.0000000000,0.5509018649
0.0020310883,901,1470,0,0.3800084353,1.0000000000,0.5507334963
0.0020284005,901,1471,0,0.3798482293,1.0000000000,0.5505652307
0.0020279577,901,1472,0,0.3796881584,1.0000000000,0.5503970678
0.0020256611,901,1473,0,0.3795282224,1.0000000000,0.5502290076
0.0020238804,901,1474,0,0.3793684211,1.0000000000,0.5500610501
0.0020211567,901,1475,0,0.3792087542,1.0000000000,0.5498931950
0.0020209730,901,1476,0,0.3790492217,1.0000000000,0.5497254423
0.0020196864,901,1477,0,0.3788898234,1.0000000000,0.5495577920
0.0020186142,901,1478,0,0.3787305591,1.0000000000,0.5493902439
0.0020184310,901,1479,0,0.3785714286,1.0000000000,0.5492227979
0.0020167795,901,1480,0,0.3784124318,1.0000000000,0.5490554540
0.0020165115,901,1481,0,0.3782535684,1.0000000000,0.5488882120
0.0020155713,901,1482,0,0.3780948384,1.0000000000,0.5487210719
0.0020152568,901,1483,0,0.3779362416,1.0000000000,0.5485540335
0.0020134002,901,1484,0,0.3777777778,1.0000000000,0.5483870968
0.0020122228,901,1485,0,0.3776194468,1.0000000000,0.5482202616
0.0020110779,901,1486,0,0.3774612484,1.0000000000,0.5480535280
0.0020109345,901,1487,0,0.3773031826,1.0000000000,0.5478868957
0.0020087012,901,1488,0,0.3771452491,1.0000000000,0.5477203647
0.0020075247,901,1489,0,0.3769874477,1.0000000000,0.5475539350
0.0020063291,901,1490,0,0.3768297783,1.0000000000,0.5473876063
0.0020047198,901,1491,0,0.3766722408,1.0000000000,0.5472213787
0.0020037775,901,1492,0,0.3765148349,1.0000000000,0.5470552520
0.0020034458,901,1493,0,0.3763575606,1.0000000000,0.5468892261
0.0020031524,901,1494,0,0.3762004175,1.0000000000,0.5467233010
0.0020021209,901,1495,0,0.3760434057,1.0000000000,0.5465574765
0.0020021019,901,1496,0,0.3758865248,1.0000000000,0.5463917526
0.0019994122,901,1497,0,0.3757297748,1.0000000000,0.5462261291
0.0019993845,901,1498,0,0.3755731555,1.0000000000,0.5460606061
0.0019970736,901,1499,0,0.3754166667,1.0000000000,0.5458951833
0.0019969332,901,1500,0,0.3752603082,1.0000000000,0.5457298607
0.0019959297,901,1501,0,0.3751040799,1.0000000000,0.5455646382
0.0019954911,901,1502,0,0.3749479817,1.0000000000,0.5453995157
0.0019927523,901,1503,0,0.3747920133,1.0000000000,0.5452344932
0.0019923279,901,1504,0,0.3746361746,1.0000000000,0.5450695705
0.0019912054,901,1505,0,0.3744804655,1.0000000000,0.5449047475
0.0019884622,901,1506,0,0.3743248857,1.0000000000,0.5447400242
0.0019877611,901,1507,0,0.3741694352,1.0000000000,0.5445754004
0.0019845220,901,1508,0,0.3740141137,1.0000000000,0.5444108761
0.0019837853,901,1509,0,0.3738589212,1.0000000000,0.5442464512
0.0019832938,901,1510,0,0.3737038573,1.0000000000,0.5440821256
0.0019827734,901,1511,0,0.3735489221,1.0000000000,0.5439178992
0.0019802679,901,1512,0,0.3733941152,1.0000000000,0.5437537719
0.0019802153,901,1513,0,0.3732394366,1.0000000000,0.5435897436
0.0019770437,901,1514,0,0.3730848861,1.0000000000,0.5434258142
0.0019738709,901,1515,0,0.3729304636,1.0000000000,0.5432619837
0.0019721009,901,1516,0,0.3727761688,1.0000000000,0.5430982520
0.0019712376,901,1517,0,0.3726220017,1.0000000000,0.5429346189
0.0019701351,901,1518,0,0.3724679620,1.0000000000,0.5427710843
0.0019674648,901,1519,0,0.3723140496,1.0000000000,0.5426076483
0.0019668336,901,1520,0,0.3721602644,1.0000000000,0.5424443107
0.0019663067,901,1521,0,0.3720066061,1.0000000000,0.5422810713
0.0019654753,901,1522,0,0.3718530747,1.0000000000,0.5421179302
0.0019654217,901,1523,0,0.3716996700,1.0000000000,0.5419548872
0.0019646429,901,1524,0,0.3715463918,1.0000000000,0.5417919423
0.0019645456,901,1525,0,0.3713932399,1.0000000000,0.5416290953
0.0019642634,901,1526,0,0.3712402143,1.0000000000,0.5414663462
0.0019623057,901,1527,0,0.3710873147,1.0000000000,0.5413036948
0.0019610894,901,1528,0,0.3709345410,1.0000000000,0.5411411411
0.0019610727,901,1529,0,0.3707818930,1.0000000000,0.5409786851
0.0019593320,901,1530,0,0.3706293706,1.0000000000,0.5408163265
0.0019552724,901,1531,0,0.3704769737,1.0000000000,0.5406540654
0.0019526872,901,1532,0,0.3703247020,1.0000000000,0.5404919016
0.0019480323,901,1533,0,0.3701725555,1.0000000000,0.5403298351
0.0019474067,901,1534,0,0.3700205339,1.0000000000,0.5401678657
0.0019468922,901,1535,0,0.3698686371,1.0000000000,0.5400059934
0.0019457762,901,1536,0,0.3697168650,1.0000000000,0.5398442181
0.0019428947,901,1537,0,0.3695652174,1.0000000000,0.5396825397
0.0019422161,901,1538,0,0.3694136941,1.0000000000,0.5395209581
0.0019413475,901,1539,0,0.3692622951,1.0000000000,0.5393594732
0.0019399640,901,1540,0,0.3691110201,1.0000000000,0.5391980850
0.0019387050,901,1541,0,0.3689598690,1.0000000000,0.5390367933
0.0019379283,901,1542,0,0.3688088416,1.0000000000,0.5388755981
0.0019377330,901,1543,0,0.3686579378,1.0000000000,0.5387144993
0.0019350344,901,1544,0,0.3685071575,1.0000000000,0.5385534967
0.0019349792,901,1545,0,0.3683565004,1.0000000000,0.5383925904
0.0019346045,901,1546,0,0.3682059665,1.0000000000,0.5382317802
0.0019334879,901,1547,0,0.3680555556,1.0000000000,0.5380710660
0.0019303124,901,1548,0,0.3679052675,1.0000000000,0.5379104478
0.0019299568,901,1549,0,0.3677551020,1.0000000000,0.5377499254
0.0019291954,901,1550,0,0.3676050592,1.0000000000,0.5375894988
0.0019288698,901,1551,0,0.3674551387,1.0000000000,0.5374291679
0.0019256035,901,1552,0,0.3673053404,1.0000000000,0.5372689326
0.0019235427,901,1553,0,0.3671556642,1.0000000000,0.5371087928
0.0019235215,901,1554,0,0.3670061100,1.0000000000,0.5369487485
0.0019196101,901,1555,0,0.3668566775,1.0000000000,0.5367887995
0.0019161763,901,1556,0,0.3667073667,1.0000000000,0.5366289458
0.0019157478,901,1557,0,0.3665581774,1.0000000000,0.5364691873
0.0019129469,901,1558,0,0.3664091094,1.0000000000,0.5363095238
0.0019113582,901,1559,0,0.3662601626,1.0000000000,0.5361499554
0.0019098386,901,1560,0,0.3661113369,1.0000000000,0.5359904819
0.0019093126,901,1561,0,0.3659626320,1.0000000000,0.5358311032
0.0019083286,901,1562,0,0.3658140479,1.0000000000,0.5356718193
0.0019051717,901,1563,0,0.3656655844,1.0000000000,0.5355126300
0.0019050555,901,1564,0,0.3655172414,1.0000000000,0.5353535354
0.0019046783,901,1565,0,0.3653690187,1.0000000000,0.5351945352
0.0019036924,901,1566,0,0.3652209161,1.0000000000,0.5350356295
0.0019033808,901,1567,0,0.3650729335,1.0000000000,0.5348768180
0.0018942732,901,1568,0,0.3649250709,1.0000000000,0.5347181009
0.0018931961,901,1569,0,0.3647773279,1.0000000000,0.5345594779
0.0018905380,901,1570,0,0.3646297046,1.0000000000,0.5344009490
0.0018894189,901,1571,0,0.3644822006,1.0000000000,0.5342425141
0.0018892726,901,1572,0,0.3643348160,1.0000000000,0.5340841731
0.0018860678,901,1573,0,0.3641875505,1.0000000000,0.5339259259
0.0018824736,901,1574,0,0.3640404040,1.0000000000,0.5337677725
0.0018819763,901,1575,0,0.3638933764,1.0000000000,0.5336097128
0.0018771011,901,1576,0,0.3637464675,1.0000000000,0.5334517466
0.0018754418,901,1577,0,0.3635996772,1.0000000000,0.5332938739
0.0018751492,901,1578,0,0.3634530052,1.0000000000,0.5331360947
0.0018748117,901,1579,0,0.3633064516,1.0000000000,0.5329784088
0.0018742282,901,1580,0,0.3631600161,1.0000000000,0.5328208161
0.0018719826,901,1581,0,0.3630136986,1.0000000000,0.5326633166
0.0018687574,901,1582,0,0.3628674990,1.0000000000,0.5325059102
0.0018566771,901,1583,0,0.3627214171,1.0000000000,0.5323485968
0.0018557762,901,1584,0,0.3625754527,1.0000000000,0.5321913763
0.0018553893,901,1585,0,0.3624296058,1.0000000000,0.5320342486
0.0018504884,901,1586,0,0.3622838762,1.0000000000,0.5318772137
0.0018500939,901,1587,0,0.3621382637,1.0000000000,0.5317202715
0.0018480135,901,1588,0,0.3619927682,1.0000000000,0.5315634218
0.0018478445,901,1589,0,0.3618473896,1.0000000000,0.5314066647
0.0018468880,901,1590,0,0.3617021277,1.0000000000,0.5312500000
0.0018466340,901,1591,0,0.3615569823,1.0000000000,0.5310934276
0.0018439420,901,1592,0,0.3614119535,1.0000000000,0.5309369476
0.0018435323,901,1593,0,0.3612670409,1.0000000000,0.5307805596
0.0018410156,901,1594,0,0.3611222445,1.0000000000,0.5306242638
0.0018366039,901,1595,0,0.3609775641,1.0000000000,0.5304680601
0.0018362016,901,1596,0,0.3608329996,1.0000000000,0.5303119482
0.0018352487,901,1597,0,0.3606885508,1.0000000000,0.5301559282
0.0018324397,901,1598,0,0.3605442177,1.0000000000,0.5300000000
0.0018310378,901,1599,0,0.3604000000,1.0000000000,0.5298441635
0.0018288734,901,1600,0,0.3602558976,1.0000000000,0.5296884186
0.0018281868,901,1601,0,0.3601119105,1.0000000000,0.5295327652
0.0018256474,901,1602,0,0.3599680384,1.0000000000,0.5293772033
0.0018256326,901,1603,0,0.3598242812,1.0000000000,0.5292217327
0.0018237925,901,1604,0,0.3596806387,1.0000000000,0.5290663535
0.0018237750,901,1605,0,0.3595371109,1.0000000000,0.5289110655
0.0018197830,901,1606,0,0.3593936976,1.0000000000,0.5287558685
0.0018195057,901,1607,0,0.3592503987,1.0000000000,0.5286007627
0.0018190338,901,1608,0,0.3591072140,1.0000000000,0.5284457478
0.0018103059,901,1609,0,0.3589641434,1.0000000000,0.5282908238
0.0018062837,901,1610,0,0.3588211868,1.0000000000,0.5281359906
0.0018058978,901,1611,0,0.3586783439,1.0000000000,0.5279812482
0.0018052929,901,1612,0,0.3585356148,1.0000000000,0.5278265964
0.0018022311,901,1613,0,0.3583929992,1.0000000000,0.5276720351
0.0017986952,901,1614,0,0.3582504970,1.0000000000,0.5275175644
0.0017939328,901,1615,0,0.3581081081,1.0000000000,0.5273631841
0.0017935777,901,1616,0,0.3579658323,1.0000000000,0.5272088941
0.0017866757,901,1617,0,0.3578236696,1.0000000000,0.5270546944
0.0017845068,901,1618,0,0.3576816197,1.0000000000,0.5269005848
0.0017842266,901,1619,0,0.3575396825,1.0000000000,0.5267465653
0.0017841435,901,1620,0,0.3573978580,1.0000000000,0.5265926359
0.0017733485,901,1621,0,0.3572561459,1.0000000000,0.5264387964
0.0017701613,901,1622,0,0.3571145462,1.0000000000,0.5262850467
0.0017642087,901,1623,0,0.3569730586,1.0000000000,0.5261313869
0.0017493131,901,1624,0,0.3568316832,1.0000000000,0.5259778167
0.0017481485,901,1625,0,0.3566904196,1.0000000000,0.5258243362
0.0017477724,901,1626,0,0.3565492679,1.0000000000,0.5256709452
0.0017462266,901,1627,0,0.3564082278,1.0000000000,0.5255176436
0.0017450609,901,1628,0,0.3562672993,1.0000000000,0.5253644315
0.0017389330,901,1629,0,0.3561264822,1.0000000000,0.5252113087
0.0017383149,901,1630,0,0.3559857764,1.0000000000,0.5250582751
0.0017335165,901,1631,0,0.3558451817,1.0000000000,0.5249053306
0.0017249780,901,1632,0,0.3557046980,1.0000000000,0.5247524752
0.0017227551,901,1633,0,0.3555643252,1.0000000000,0.5245997089
0.0017221598,901,1634,0,0.3554240631,1.0000000000,0.5244470314
0.0017193061,901,1635,0,0.3552839117,1.0000000000,0.5242944428
0.0017179316,901,1636,0,0.3551438707,1.0000000000,0.5241419430
0.0017174754,901,1637,0,0.3550039401,1.0000000000,0.5239895318
0.0017147837,901,1638,0,0.3548641197,1.0000000000,0.5238372093
0.0017141993,901,1639,0,0.3547244094,1.0000000000,0.5236849753
0.0017109882,901,1640,0,0.3545848091,1.0000000000,0.5235328298
0.0017094007,901,1641,0,0.3544453186,1.0000000000,0.5233807726
0.0017078919,901,1642,0,0.3543059379,1.0000000000,0.5232288037
0.0017072456,901,1643,0,0.3541666667,1.0000000000,0.5230769231
0.0017060384,901,1644,0,0.3540275049,1.0000000000,0.5229251306
0.0017020629,901,1645,0,0.3538884525,1.0000000000,0.5227734262
0.0016916340,901,1646,0,0.3537495092,1.0000000000,0.5226218097
0.0016910946,901,1647,0,0.3536106750,1.0000000000,0.5224702812
0.0016894033,901,1648,0,0.3534719498,1.0000000000,0.5223188406
0.0016893260,901,1649,0,0.3533333333,1.0000000000,0.5221674877
0.0016891300,901,1650,0,0.3531948256,1.0000000000,0.5220162225
0.0016869281,901,1651,0,0.3530564263,1.0000000000,0.5218650449
0.0016804282,901,1652,0,0.3529181355,1.0000000000,0.5217139548
0.0016782058,901,1653,0,0.3527799530,1.0000000000,0.5215629522
0.0016774550,901,1654,0,0.3526418787,1.0000000000,0.5214120370
0.0016767873,901,1655,0,0.3525039124,1.0000000000,0.5212612091
0.0016697573,901,1656,0,0.3523660540,1.0000000000,0.5211104685
0.0016593309,901,1657,0,0.3522283034,1.0000000000,0.5209598150
0.0016552063,901,1658,0,0.3520906604,1.0000000000,0.5208092486
0.0016382205,901,1659,0,0.3519531250,1.0000000000,0.5206587691
0.0016357267,901,1660,0,0.3518156970,1.0000000000,0.5205083767
0.0016341732,901,1661,0,0.3516783763,1.0000000000,0.5203580710
0.0016231277,901,1662,0,0.3515411627,1.0000000000,0.5202078522
0.0016213499,901,1663,0,0.3514040562,1.0000000000,0.5200577201
0.0015763277,901,1664,0,0.3512670565,1.0000000000,0.5199076746
