threshold,tp,fp,fn,precision,recall,f1
0.9874929190,1,0,830,1.0000000000,0.0012033694,0.0024038462
0.9874904752,2,0,829,1.0000000000,0.0024067389,0.0048019208
0.9874535799,2,1,829,0.6666666667,0.0024067389,0.0047961631
0.9872756600,3,1,828,0.7500000000,0.0036101083,0.0071856287
0.9871015549,3,2,828,0.6000000000,0.0036101083,0.0071770335
0.9870796800,4,2,827,0.6666666667,0.0048134777,0.0095579450
0.9869949222,5,2,826,0.7142857143,0.0060168472,0.0119331742
0.9869512320,6,2,825,0.7500000000,0.0072202166,0.0143027414
0.9869465828,6,3,825,0.6666666667,0.0072202166,0.0142857143
0.9869459271,7,3,824,0.7000000000,0.0084235860,0.0166468490
0.9869399667,7,4,824,0.6363636364,0.0084235860,0.0166270784
0.9869357944,7,5,824,0.5833333333,0.0084235860,0.0166073547
0.9868886471,8,5,823,0.6153846154,0.0096269555,0.0189573460
0.9868755341,9,5,822,0.6428571429,0.0108303249,0.0213017751
0.9868707657,10,5,821,0.6666666667,0.0120336943,0.0236406619
0.9868102074,10,6,821,0.6250000000,0.0120336943,0.0236127509
0.9867859483,11,6,820,0.6470588235,0.0132370638,0.0259433962
0.9867291451,11,7,820,0.6111111111,0.0132370638,0.0259128386
0.9867280126,11,8,820,0.5789473684,0.0132370638,0.0258823529
0.9867259264,12,8,819,0.6000000000,0.0144404332,0.0282021152
0.9867218733,13,8,818,0.6190476190,0.0156438026,0.0305164319
0.9867208004,14,8,817,0.6363636364,0.0168471721,0.0328253224
0.9867146611,15,8,816,0.6521739130,0.0180505415,0.0351288056
0.9866989851,15,9,816,0.6250000000,0.0180505415,0.0350877193
0.9866983891,15,10,816,0.6000000000,0.0180505415,0.0350467290
0.9866961837,16,10,815,0.6153846154,0.0192539110,0.0373395566
0.9866917729,16,11,815,0.5925925926,0.0192539110,0.0372960373
0.9866743684,16,12,815,0.5714285714,0.0192539110,0.0372526193
0.9866547585,17,12,814,0.5862068966,0.0204572804,0.0395348837
0.9866542220,18,12,813,0.6000000000,0.0216606498,0.0418118467
0.9866429567,19,12,812,0.6129032258,0.0228640193,0.0440835267
0.9866391420,20,12,811,0.6250000000,0.0240673887,0.0463499421
0.9866175056,21,12,810,0.6363636364,0.0252707581,0.0486111111
0.9866127968,22,12,809,0.6470588235,0.0264741276,0.0508670520
0.9865998626,23,12,808,0.6571428571,0.0276774970,0.0531177829
0.9865961671,24,12,807,0.6666666667,0.0288808664,0.0553633218
0.9865654111,24,13,807,0.6486486486,0.0288808664,0.0552995392
0.9865595102,24,14,807,0.6315789474,0.0288808664,0.0552359033
0.9865496755,24,15,807,0.6153846154,0.0288808664,0.0551724138
0.9865487218,25,15,806,0.6250000000,0.0300842359,0.0574052813
0.9865429401,26,15,805,0.6341463415,0.0312876053,0.0596330275
0.9865419865,27,15,804,0.6428571429,0.0324909747,0.0618556701
0.9865390658,27,16,804,0.6279069767,0.0324909747,0.0617848970
0.9865379333,28,16,803,0.6363636364,0.0336943442,0.0640000000
0.9865359664,29,16,802,0.6444444444,0.0348977136,0.0662100457
0.9865338802,30,16,801,0.6521739130,0.0361010830,0.0684150513
0.9865275025,30,17,801,0.6382978723,0.0361010830,0.0683371298
0.9865260720,30,18,801,0.6250000000,0.0361010830,0.0682593857
0.9865128994,31,18,800,0.6326530612,0.0373044525,0.0704545455
0.9865119457,32,18,799,0.6400000000,0.0385078219,0.0726447219
0.9865069389,32,19,799,0.6274509804,0.0385078219,0.0725623583
0.9864966273,32,20,799,0.6153846154,0.0385078219,0.0724801812
0.9864965081,33,20,798,0.6226415094,0.0397111913,0.0746606335
0.9864770174,34,20,797,0.6296296296,0.0409145608,0.0768361582
0.9864739180,35,20,796,0.6363636364,0.0421179302,0.0790067720
0.9864718318,35,21,796,0.6250000000,0.0421179302,0.0789177001
0.9864643812,36,21,795,0.6315789474,0.0433212996,0.0810810811
0.9864267707,37,21,794,0.6379310345,0.0445246691,0.0832395951
0.9864252806,38,21,793,0.6440677966,0.0457280385,0.0853932584
0.9864161015,39,21,792,0.6500000000,0.0469314079,0.0875420875
0.9864140153,39,22,792,0.6393442623,0.0469314079,0.0874439462
0.9863866568,39,23,792,0.6290322581,0.0469314079,0.0873460246
0.9863846898,40,23,791,0.6349206349,0.0481347774,0.0894854586
0.9863733053,40,24,791,0.6250000000,0.0481347774,0.0893854749
0.9863712192,41,24,790,0.6307692308,0.0493381468,0.0915178571
0.9863706827,42,24,789,0.6363636364,0.0505415162,0.0936454849
0.9863697290,42,25,789,0.6268656716,0.0505415162,0.0935412027
0.9863659143,43,25,788,0.6323529412,0.0517448857,0.0956618465
0.9863505960,44,25,787,0.6376811594,0.0529482551,0.0977777778
0.9863363504,44,26,787,0.6285714286,0.0529482551,0.0976692564
0.9863312244,45,26,786,0.6338028169,0.0541516245,0.0997782705
0.9863219261,46,26,785,0.6388888889,0.0553549940,0.1018826135
0.9863173962,47,26,784,0.6438356164,0.0565583634,0.1039823009
0.9863167405,48,26,783,0.6486486486,0.0577617329,0.1060773481
0.9863025546,49,26,782,0.6533333333,0.0589651023,0.1081677704
0.9862797260,50,26,781,0.6578947368,0.0601684717,0.1102535832
0.9862729907,51,26,780,0.6623376623,0.0613718412,0.1123348018
0.9862674475,51,27,780,0.6538461538,0.0613718412,0.1122112211
0.9862662554,52,27,779,0.6582278481,0.0625752106,0.1142857143
0.9862616658,53,27,778,0.6625000000,0.0637785800,0.1163556531
0.9862504005,53,28,778,0.6543209877,0.0637785800,0.1162280702
0.9862380028,53,29,778,0.6463414634,0.0637785800,0.1161007667
0.9862306714,54,29,777,0.6506024096,0.0649819495,0.1181619256
0.9862252474,54,30,777,0.6428571429,0.0649819495,0.1180327869
0.9862241745,55,30,776,0.6470588235,0.0661853189,0.1200873362
0.9862236381,55,31,776,0.6395348837,0.0661853189,0.1199563795
0.9862155914,56,31,775,0.6436781609,0.0673886883,0.1220043573
0.9862132072,56,32,775,0.6363636364,0.0673886883,0.1218715996
0.9862061143,57,32,774,0.6404494382,0.0685920578,0.1239130435
0.9861968160,58,32,773,0.6444444444,0.0697954272,0.1259500543
0.9861965775,59,32,772,0.6483516484,0.0709987966,0.1279826464
0.9861806035,59,33,772,0.6413043478,0.0709987966,0.1278439870
0.9861754775,60,33,771,0.6451612903,0.0722021661,0.1298701299
0.9861721396,61,33,770,0.6489361702,0.0734055355,0.1318918919
0.9861578941,62,33,769,0.6526315789,0.0746089049,0.1339092873
0.9861567020,63,33,768,0.6562500000,0.0758122744,0.1359223301
0.9861503243,63,34,768,0.6494845361,0.0758122744,0.1357758621
0.9861302972,63,35,768,0.6428571429,0.0758122744,0.1356297094
0.9860956073,63,36,768,0.6363636364,0.0758122744,0.1354838710
0.9860937595,64,36,767,0.6400000000,0.0770156438,0.1374865736
0.9860867262,65,36,766,0.6435643564,0.0782190132,0.1394849785
0.9860846996,65,37,766,0.6372549020,0.0782190132,0.1393354770
0.9860808849,65,38,766,0.6310679612,0.0782190132,0.1391862955
0.9860807657,66,38,765,0.6346153846,0.0794223827,0.1411764706
0.9860791564,67,38,764,0.6380952381,0.0806257521,0.1431623932
0.9860708117,68,38,763,0.6415094340,0.0818291215,0.1451440768
0.9860700965,68,39,763,0.6355140187,0.0818291215,0.1449893390
0.9860580564,68,40,763,0.6296296296,0.0818291215,0.1448349308
0.9860578179,69,40,762,0.6330275229,0.0830324910,0.1468085106
0.9860499501,69,41,762,0.6272727273,0.0830324910,0.1466524973
0.9860358238,70,41,761,0.6306306306,0.0842358604,0.1486199575
0.9860312939,70,42,761,0.6250000000,0.0842358604,0.1484623542
0.9860302806,71,42,760,0.6283185841,0.0854392298,0.1504237288
0.9860288501,71,43,760,0.6228070175,0.0854392298,0.1502645503
0.9860275984,71,44,760,0.6173913043,0.0854392298,0.1501057082
0.9860253930,72,44,759,0.6206896552,0.0866425993,0.1520591341
0.9860233068,72,45,759,0.6153846154,0.0866425993,0.1518987342
0.9860120416,73,45,758,0.6186440678,0.0878459687,0.1538461538
0.9859953523,74,45,757,0.6218487395,0.0890493381,0.1557894737
0.9859946966,75,45,756,0.6250000000,0.0902527076,0.1577287066
0.9859914184,76,45,755,0.6280991736,0.0914560770,0.1596638655
0.9859900475,76,46,755,0.6229508197,0.0914560770,0.1594963274
0.9859867692,77,46,754,0.6260162602,0.0926594465,0.1614255765
0.9859760404,78,46,753,0.6290322581,0.0938628159,0.1633507853
0.9859712720,79,46,752,0.6320000000,0.0950661853,0.1652719665
0.9859647751,80,46,751,0.6349206349,0.0962695548,0.1671891327
0.9859636426,81,46,750,0.6377952756,0.0974729242,0.1691022965
0.9859566689,81,47,750,0.6328125000,0.0974729242,0.1689259645
0.9859542251,82,47,749,0.6356589147,0.0986762936,0.1708333333
0.9859511256,82,48,749,0.6307692308,0.0986762936,0.1706555671
0.9859502912,83,48,748,0.6335877863,0.0998796631,0.1725571726
0.9859479666,84,48,747,0.6363636364,0.1010830325,0.1744548287
0.9859457612,85,48,746,0.6390977444,0.1022864019,0.1763485477
0.9859387279,85,49,746,0.6343283582,0.1022864019,0.1761658031
0.9859268665,86,49,745,0.6370370370,0.1034897714,0.1780538302
0.9859266281,87,49,744,0.6397058824,0.1046931408,0.1799379524
0.9859241843,87,50,744,0.6350364964,0.1046931408,0.1797520661
0.9859151840,88,50,743,0.6376811594,0.1058965102,0.1816305470
0.9859141111,89,50,742,0.6402877698,0.1070998797,0.1835051546
0.9859063625,90,50,741,0.6428571429,0.1083032491,0.1853759011
0.9859035611,91,50,740,0.6453900709,0.1095066185,0.1872427984
0.9858928323,91,51,740,0.6408450704,0.1095066185,0.1870503597
0.9858877063,92,51,739,0.6433566434,0.1107099880,0.1889117043
0.9858875871,93,51,738,0.6458333333,0.1119133574,0.1907692308
0.9858747125,94,51,737,0.6482758621,0.1131167268,0.1926229508
0.9858733416,94,52,737,0.6438356164,0.1131167268,0.1924257932
0.9858607054,94,53,737,0.6394557823,0.1131167268,0.1922290389
0.9858524799,95,53,736,0.6418918919,0.1143200963,0.1940755873
0.9858477116,95,54,736,0.6375838926,0.1143200963,0.1938775510
0.9858474135,96,54,735,0.6400000000,0.1155234657,0.1957186544
0.9858468175,97,54,734,0.6423841060,0.1167268351,0.1975560081
0.9858404398,99,54,732,0.6470588235,0.1191335740,0.2012195122
0.9858377576,100,54,731,0.6493506494,0.1203369434,0.2030456853
0.9858334661,101,54,730,0.6516129032,0.1215403129,0.2048681542
0.9858312011,102,54,729,0.6538461538,0.1227436823,0.2066869301
0.9858201742,103,54,728,0.6560509554,0.1239470517,0.2085020243
0.9858155251,104,54,727,0.6582278481,0.1251504212,0.2103134479
0.9858140349,105,54,726,0.6603773585,0.1263537906,0.2121212121
0.9858133197,106,54,725,0.6625000000,0.1275571600,0.2139253280
0.9858111143,107,54,724,0.6645962733,0.1287605295,0.2157258065
0.9858021140,108,54,723,0.6666666667,0.1299638989,0.2175226586
0.9857918024,109,54,722,0.6687116564,0.1311672684,0.2193158954
0.9857816100,109,55,722,0.6646341463,0.1311672684,0.2190954774
0.9857786894,110,55,721,0.6666666667,0.1323706378,0.2208835341
0.9857769608,111,55,720,0.6686746988,0.1335740072,0.2226680040
0.9857763648,111,56,720,0.6646706587,0.1335740072,0.2224448898
0.9857757688,111,57,720,0.6607142857,0.1335740072,0.2222222222
0.9857730269,112,57,719,0.6627218935,0.1347773767,0.2240000000
0.9857695699,114,57,717,0.6666666667,0.1371841155,0.2275449102
0.9857689738,115,57,716,0.6686046512,0.1383874850,0.2293120638
0.9857675433,115,58,716,0.6647398844,0.1383874850,0.2290836653
0.9857475162,115,59,716,0.6609195402,0.1383874850,0.2288557214
0.9857395291,116,59,715,0.6628571429,0.1395908544,0.2306163022
0.9857387543,116,60,715,0.6590909091,0.1395908544,0.2303872890
0.9857262373,116,61,715,0.6553672316,0.1395908544,0.2301587302
0.9857178926,117,61,714,0.6573033708,0.1407942238,0.2319127849
0.9857112765,118,61,713,0.6592178771,0.1419975933,0.2336633663
0.9857058525,119,61,712,0.6611111111,0.1432009627,0.2354104847
0.9856932163,120,61,711,0.6629834254,0.1444043321,0.2371541502
0.9856890440,122,61,709,0.6666666667,0.1468110710,0.2406311637
0.9856874347,123,61,708,0.6684782609,0.1480144404,0.2423645320
0.9856864810,124,61,707,0.6702702703,0.1492178099,0.2440944882
0.9856810570,125,61,706,0.6720430108,0.1504211793,0.2458210423
0.9856775999,125,62,706,0.6684491979,0.1504211793,0.2455795678
0.9856764078,126,62,705,0.6702127660,0.1516245487,0.2473012758
0.9856750369,127,62,704,0.6719576720,0.1528279182,0.2490196078
0.9856699109,127,63,704,0.6684210526,0.1528279182,0.2487757101
0.9856666923,127,64,704,0.6649214660,0.1528279182,0.2485322896
0.9856557846,127,65,704,0.6614583333,0.1528279182,0.2482893451
0.9856510758,127,66,704,0.6580310881,0.1528279182,0.2480468750
0.9856467843,127,67,704,0.6546391753,0.1528279182,0.2478048780
0.9856453538,127,68,704,0.6512820513,0.1528279182,0.2475633528
0.9856337905,127,69,704,0.6479591837,0.1528279182,0.2473222980
0.9856260419,128,69,703,0.6497461929,0.1540312876,0.2490272374
0.9856255651,129,69,702,0.6515151515,0.1552346570,0.2507288630
0.9856201410,130,69,701,0.6532663317,0.1564380265,0.2524271845
0.9856158495,130,70,701,0.6500000000,0.1564380265,0.2521823472
0.9856116772,131,70,700,0.6517412935,0.1576413959,0.2538759690
0.9856073856,131,71,700,0.6485148515,0.1576413959,0.2536302033
0.9855958223,132,71,699,0.6502463054,0.1588447653,0.2553191489
0.9855873585,133,71,698,0.6519607843,0.1600481348,0.2570048309
0.9855830669,134,71,697,0.6536585366,0.1612515042,0.2586872587
0.9855794907,134,72,697,0.6504854369,0.1612515042,0.2584378014
0.9855769277,134,73,697,0.6473429952,0.1612515042,0.2581888247
0.9855743647,135,73,696,0.6490384615,0.1624548736,0.2598652551
0.9855616689,136,73,695,0.6507177033,0.1636582431,0.2615384615
0.9855560660,137,73,694,0.6523809524,0.1648616125,0.2632084534
0.9855461121,137,74,694,0.6492890995,0.1648616125,0.2629558541
0.9855428934,138,74,693,0.6509433962,0.1660649819,0.2646212848
0.9855182171,138,75,693,0.6478873239,0.1660649819,0.2643678161
0.9855176806,138,76,693,0.6448598131,0.1660649819,0.2641148325
0.9855115414,139,76,692,0.6465116279,0.1672683514,0.2657743786
0.9855056405,140,76,691,0.6481481481,0.1684717208,0.2674307545
0.9854896069,141,76,690,0.6497695853,0.1696750903,0.2690839695
0.9854826927,141,77,690,0.6467889908,0.1696750903,0.2688274547
0.9854822159,141,78,690,0.6438356164,0.1696750903,0.2685714286
0.9854764342,142,78,689,0.6454545455,0.1708784597,0.2702188392
0.9854566455,142,79,689,0.6425339367,0.1708784597,0.2699619772
0.9854552746,143,79,688,0.6441441441,0.1720818291,0.2716049383
0.9854273796,144,79,687,0.6457399103,0.1732851986,0.2732447818
0.9854267836,145,80,686,0.6444444444,0.1744885680,0.2746212121
0.9854248166,145,81,686,0.6415929204,0.1744885680,0.2743614002
0.9854211211,145,82,686,0.6387665198,0.1744885680,0.2741020794
0.9854156375,145,83,686,0.6359649123,0.1744885680,0.2738432483
0.9854143858,145,84,686,0.6331877729,0.1744885680,0.2735849057
0.9853703976,145,85,686,0.6304347826,0.1744885680,0.2733270500
0.9853679538,146,85,685,0.6320346320,0.1756919374,0.2749529190
0.9853667021,146,86,685,0.6293103448,0.1756919374,0.2746942615
0.9853553772,146,87,685,0.6266094421,0.1756919374,0.2744360902
0.9853485227,147,87,684,0.6282051282,0.1768953069,0.2760563380
0.9853347540,147,88,684,0.6255319149,0.1768953069,0.2757973734
0.9853308201,148,88,683,0.6271186441,0.1780986763,0.2774133083
0.9853188992,148,89,683,0.6244725738,0.1780986763,0.2771535581
0.9853106737,148,90,683,0.6218487395,0.1780986763,0.2768942937
0.9853072166,148,91,683,0.6192468619,0.1780986763,0.2766355140
0.9853067398,149,91,682,0.6208333333,0.1793020457,0.2782446312
0.9853034019,149,92,682,0.6182572614,0.1793020457,0.2779850746
0.9853029251,150,92,681,0.6198347107,0.1805054152,0.2795899348
0.9853022099,151,92,680,0.6213991770,0.1817087846,0.2811918063
0.9853016734,151,93,680,0.6188524590,0.1817087846,0.2809302326
0.9852914810,151,94,680,0.6163265306,0.1817087846,0.2806691450
0.9852910042,152,94,679,0.6178861789,0.1829121540,0.2822655525
0.9852839708,152,95,679,0.6153846154,0.1829121540,0.2820037106
0.9852779508,152,96,679,0.6129032258,0.1829121540,0.2817423540
0.9852741957,153,96,678,0.6144578313,0.1841155235,0.2833333333
0.9852721691,153,97,678,0.6120000000,0.1841155235,0.2830712303
0.9852713346,153,98,678,0.6095617530,0.1841155235,0.2828096118
0.9852584600,154,98,677,0.6111111111,0.1853188929,0.2843951985
0.9852474928,155,98,676,0.6126482213,0.1865222623,0.2859778598
0.9852367043,155,99,676,0.6102362205,0.1865222623,0.2857142857
0.9852183461,156,99,675,0.6117647059,0.1877256318,0.2872928177
0.9851955175,157,99,674,0.6132812500,0.1889290012,0.2888684453
0.9851657748,158,99,673,0.6147859922,0.1901323706,0.2904411765
0.9851648808,159,99,672,0.6162790698,0.1913357401,0.2920110193
0.9851440787,160,99,671,0.6177606178,0.1925391095,0.2935779817
0.9851406813,161,99,670,0.6192307692,0.1937424789,0.2951420715
0.9851253033,162,99,669,0.6206896552,0.1949458484,0.2967032967
0.9851106405,163,99,668,0.6221374046,0.1961492178,0.2982616651
0.9850939512,163,100,668,0.6197718631,0.1961492178,0.2979890311
0.9850800633,163,101,668,0.6174242424,0.1961492178,0.2977168950
0.9850775599,163,102,668,0.6150943396,0.1961492178,0.2974452555
0.9850746393,163,103,668,0.6127819549,0.1961492178,0.2971741112
0.9850698113,163,104,668,0.6104868914,0.1961492178,0.2969034608
0.9850640893,164,104,667,0.6119402985,0.1973525872,0.2984531392
0.9850438833,165,104,666,0.6133828996,0.1985559567,0.3000000000
0.9850369096,165,105,666,0.6111111111,0.1985559567,0.2997275204
0.9850258231,165,106,666,0.6088560886,0.1985559567,0.2994555354
0.9850230217,165,107,666,0.6066176471,0.1985559567,0.2991840435
0.9850149751,166,107,665,0.6080586081,0.1997593261,0.3007246377
0.9849917293,167,107,664,0.6094890511,0.2009626955,0.3022624434
0.9849837422,168,107,663,0.6109090909,0.2021660650,0.3037974684
0.9849733114,168,108,663,0.6086956522,0.2021660650,0.3035230352
0.9849525094,169,108,662,0.6101083032,0.2033694344,0.3050541516
0.9849469662,170,108,661,0.6115107914,0.2045728039,0.3065825068
0.9849228859,171,108,660,0.6129032258,0.2057761733,0.3081081081
0.9849184752,171,109,660,0.6107142857,0.2057761733,0.3078307831
0.9849126935,171,110,660,0.6085409253,0.2057761733,0.3075539568
0.9849125743,172,110,659,0.6099290780,0.2069795427,0.3090745732
0.9849060178,173,110,658,0.6113074205,0.2081829122,0.3105924596
0.9848869443,173,111,658,0.6091549296,0.2081829122,0.3103139013
0.9848551154,173,112,658,0.6070175439,0.2081829122,0.3100358423
0.9848412871,174,112,657,0.6083916084,0.2093862816,0.3115487914
0.9848206639,175,112,656,0.6097560976,0.2105896510,0.3130590340
0.9848172069,175,113,656,0.6076388889,0.2105896510,0.3127792672
0.9848163724,176,113,655,0.6089965398,0.2117930205,0.3142857143
0.9848064780,176,114,655,0.6068965517,0.2117930205,0.3140053524
0.9847878218,178,114,653,0.6095890411,0.2141997593,0.3170080142
0.9847780466,178,115,653,0.6075085324,0.2141997593,0.3167259786
0.9847729206,180,115,651,0.6101694915,0.2166064982,0.3197158082
0.9847581387,181,115,650,0.6114864865,0.2178098676,0.3212067436
0.9847544432,181,116,650,0.6094276094,0.2178098676,0.3209219858
0.9847485423,181,117,650,0.6073825503,0.2178098676,0.3206377325
0.9847368598,182,117,649,0.6086956522,0.2190132371,0.3221238938
0.9847353697,183,117,648,0.6100000000,0.2202166065,0.3236074271
0.9847143292,184,117,647,0.6112956811,0.2214199759,0.3250883392
0.9847068191,185,117,646,0.6125827815,0.2226233454,0.3265666372
0.9847044945,186,117,645,0.6138613861,0.2238267148,0.3280423280
0.9846920371,187,117,644,0.6151315789,0.2250300842,0.3295154185
0.9846910834,187,118,644,0.6131147541,0.2250300842,0.3292253521
0.9846875072,187,119,644,0.6111111111,0.2250300842,0.3289357960
0.9846841693,187,120,644,0.6091205212,0.2250300842,0.3286467487
0.9846727252,187,121,644,0.6071428571,0.2250300842,0.3283582090
0.9846593142,187,122,644,0.6051779935,0.2250300842,0.3280701754
0.9846447110,188,122,643,0.6064516129,0.2262334537,0.3295354952
0.9846422076,189,122,642,0.6077170418,0.2274368231,0.3309982487
0.9846381545,189,123,642,0.6057692308,0.2274368231,0.3307086614
0.9846332073,189,124,642,0.6038338658,0.2274368231,0.3304195804
0.9846300483,189,125,642,0.6019108280,0.2274368231,0.3301310044
0.9846289158,189,126,642,0.6000000000,0.2274368231,0.3298429319
0.9846222997,190,126,641,0.6012658228,0.2286401925,0.3312990410
0.9845952988,191,126,640,0.6025236593,0.2298435620,0.3327526132
0.9845855832,191,127,640,0.6006289308,0.2298435620,0.3324630113
0.9845849872,192,127,639,0.6018808777,0.2310469314,0.3339130435
0.9845800400,193,127,638,0.6031250000,0.2322503008,0.3353605560
0.9845778346,193,128,638,0.6012461059,0.2322503008,0.3350694444
0.9845725298,194,128,637,0.6024844720,0.2334536703,0.3365134432
0.9845523834,194,129,637,0.6006191950,0.2334536703,0.3362218371
0.9845489264,195,129,636,0.6018518519,0.2346570397,0.3376623377
0.9845350981,195,130,636,0.6000000000,0.2346570397,0.3373702422
0.9844978452,195,131,636,0.5981595092,0.2346570397,0.3370786517
0.9844955802,195,132,636,0.5963302752,0.2346570397,0.3367875648
0.9844816923,196,132,635,0.5975609756,0.2358604091,0.3382226057
0.9844782352,197,132,634,0.5987841945,0.2370637786,0.3396551724
0.9844634533,197,133,634,0.5969696970,0.2370637786,0.3393626184
0.9844532609,198,133,633,0.5981873112,0.2382671480,0.3407917384
0.9844492078,199,133,632,0.5993975904,0.2394705174,0.3422184007
0.9844248295,199,134,632,0.5975975976,0.2394705174,0.3419243986
0.9844227433,200,134,631,0.5988023952,0.2406738869,0.3433476395
0.9844084382,200,135,631,0.5970149254,0.2406738869,0.3430531732
0.9843991995,201,135,630,0.5982142857,0.2418772563,0.3444730077
0.9843968749,201,136,630,0.5964391691,0.2418772563,0.3441780822
0.9843868613,202,136,629,0.5976331361,0.2430806258,0.3455945252
0.9843720794,202,137,629,0.5958702065,0.2430806258,0.3452991453
0.9843585491,202,138,629,0.5941176471,0.2430806258,0.3450042699
0.9843375087,203,138,628,0.5953079179,0.2442839952,0.3464163823
0.9843347669,203,139,628,0.5935672515,0.2442839952,0.3461210571
0.9843149781,203,140,628,0.5918367347,0.2442839952,0.3458262351
0.9843121171,203,141,628,0.5901162791,0.2442839952,0.3455319149
0.9843063354,203,142,628,0.5884057971,0.2442839952,0.3452380952
0.9843057394,203,143,628,0.5867052023,0.2442839952,0.3449447749
0.9843050838,204,143,627,0.5878962536,0.2454873646,0.3463497453
0.9843019247,205,143,626,0.5890804598,0.2466907341,0.3477523325
0.9843016863,205,144,626,0.5873925501,0.2466907341,0.3474576271
0.9843007922,205,145,626,0.5857142857,0.2466907341,0.3471634208
0.9842962623,206,145,625,0.5868945869,0.2478941035,0.3485617597
0.9842931628,207,145,624,0.5880681818,0.2490974729,0.3499577346
0.9842765331,207,146,624,0.5864022663,0.2490974729,0.3496621622
0.9842758179,207,147,624,0.5847457627,0.2490974729,0.3493670886
0.9842563272,208,147,623,0.5859154930,0.2503008424,0.3507588533
0.9842491746,209,147,622,0.5870786517,0.2515042118,0.3521482730
0.9842301011,210,147,621,0.5882352941,0.2527075812,0.3535353535
0.9842271209,211,147,620,0.5893854749,0.2539109507,0.3549201009
0.9842260480,211,148,620,0.5877437326,0.2539109507,0.3546218487
0.9842072725,211,149,620,0.5861111111,0.2539109507,0.3543240974
0.9841885567,212,149,619,0.5872576177,0.2551143201,0.3557046980
0.9841833711,212,150,619,0.5856353591,0.2551143201,0.3554065381
0.9841781259,213,150,618,0.5867768595,0.2563176895,0.3567839196
0.9841529727,213,151,618,0.5851648352,0.2563176895,0.3564853556
0.9841400385,213,152,618,0.5835616438,0.2563176895,0.3561872910
0.9841226339,214,152,617,0.5846994536,0.2575210590,0.3575605681
0.9841006994,215,152,616,0.5858310627,0.2587244284,0.3589315526
0.9841005802,215,153,616,0.5842391304,0.2587244284,0.3586321935
0.9840555191,215,154,616,0.5826558266,0.2587244284,0.3583333333
0.9840520620,216,154,615,0.5837837838,0.2599277978,0.3597002498
0.9840474725,216,155,615,0.5822102426,0.2599277978,0.3594009983
0.9840435386,217,155,614,0.5833333333,0.2611311673,0.3607647548
0.9840431809,217,156,614,0.5817694370,0.2611311673,0.3604651163
0.9840404391,218,156,613,0.5828877005,0.2623345367,0.3618257261
0.9840351939,219,156,612,0.5840000000,0.2635379061,0.3631840796
0.9840226173,219,157,612,0.5824468085,0.2635379061,0.3628831814
0.9840050936,219,158,612,0.5809018568,0.2635379061,0.3625827815
0.9839979410,219,159,612,0.5793650794,0.2635379061,0.3622828784
0.9839844108,220,159,611,0.5804749340,0.2647412756,0.3636363636
0.9839555621,221,159,610,0.5815789474,0.2659446450,0.3649876135
0.9839442968,221,160,610,0.5800524934,0.2659446450,0.3646864686
0.9839327335,222,160,609,0.5811518325,0.2671480144,0.3660346249
0.9839283228,223,160,608,0.5822454308,0.2683513839,0.3673805601
0.9839269519,223,161,608,0.5807291667,0.2683513839,0.3670781893
0.9839172363,224,161,607,0.5818181818,0.2695547533,0.3684210526
0.9839005470,225,161,606,0.5829015544,0.2707581227,0.3697617091
0.9838849306,225,162,606,0.5813953488,0.2707581227,0.3694581281
0.9838809371,226,162,605,0.5824742268,0.2719614922,0.3707957342
0.9838693738,226,163,605,0.5809768638,0.2719614922,0.3704918033
0.9838687778,227,163,604,0.5820512821,0.2731648616,0.3718263718
0.9838660359,227,164,604,0.5805626598,0.2731648616,0.3715220949
0.9838628173,228,164,603,0.5816326531,0.2743682310,0.3728536386
0.9838453531,228,165,603,0.5801526718,0.2743682310,0.3725490196
0.9838401675,229,165,602,0.5812182741,0.2755716005,0.3738775510
0.9838374257,230,165,601,0.5822784810,0.2767749699,0.3752039152
0.9838318825,231,165,600,0.5833333333,0.2779783394,0.3765281174
0.9837606549,232,165,599,0.5843828715,0.2791817088,0.3778501629
0.9837344885,233,165,598,0.5854271357,0.2803850782,0.3791700570
0.9837329984,234,165,597,0.5864661654,0.2815884477,0.3804878049
0.9837304354,235,165,596,0.5875000000,0.2827918171,0.3818034119
0.9837267399,235,166,596,0.5860349127,0.2827918171,0.3814935065
0.9837194681,236,166,595,0.5870646766,0.2839951865,0.3828061638
0.9837152362,237,166,594,0.5880893300,0.2851985560,0.3841166937
0.9837090969,238,166,593,0.5891089109,0.2864019254,0.3854251012
0.9837065935,238,167,593,0.5876543210,0.2864019254,0.3851132686
0.9837049842,239,167,592,0.5886699507,0.2876052948,0.3864187551
0.9836937785,240,167,591,0.5896805897,0.2888086643,0.3877221325
0.9836813211,240,168,591,0.5882352941,0.2888086643,0.3874092010
0.9836683869,241,168,590,0.5892420538,0.2900120337,0.3887096774
0.9836550355,242,168,589,0.5902439024,0.2912154031,0.3900080580
0.9836529493,243,168,588,0.5912408759,0.2924187726,0.3913043478
0.9836516976,244,168,587,0.5922330097,0.2936221420,0.3925985519
0.9836492538,245,168,586,0.5932203390,0.2948255114,0.3938906752
0.9836425781,246,168,585,0.5942028986,0.2960288809,0.3951807229
0.9836371541,247,168,584,0.5951807229,0.2972322503,0.3964686998
0.9836333394,247,169,584,0.5937500000,0.2972322503,0.3961507618
0.9836128950,247,170,584,0.5923261391,0.2972322503,0.3958333333
0.9836125970,248,170,583,0.5933014354,0.2984356197,0.3971176942
0.9835891724,248,171,583,0.5918854415,0.2984356197,0.3968000000
0.9835492373,249,171,582,0.5928571429,0.2996389892,0.3980815348
0.9835482240,249,172,582,0.5914489311,0.2996389892,0.3977635783
0.9835458994,250,172,581,0.5924170616,0.3008423586,0.3990422985
0.9835399389,250,173,581,0.5910165485,0.3008423586,0.3987240829
0.9835229516,251,173,580,0.5919811321,0.3020457280,0.4000000000
0.9834475517,252,173,579,0.5929411765,0.3032490975,0.4012738854
0.9834469557,252,174,579,0.5915492958,0.3032490975,0.4009546539
0.9834279418,252,175,579,0.5901639344,0.3032490975,0.4006359300
0.9834195375,252,176,579,0.5887850467,0.3032490975,0.4003177125
0.9833925366,253,176,578,0.5897435897,0.3044524669,0.4015873016
0.9833889604,254,176,577,0.5906976744,0.3056558363,0.4028548771
0.9833807945,255,176,576,0.5916473318,0.3068592058,0.4041204437
0.9833713770,256,176,575,0.5925925926,0.3080625752,0.4053840063
0.9833437800,257,176,574,0.5935334873,0.3092659446,0.4066455696
0.9833431244,258,176,573,0.5944700461,0.3104693141,0.4079051383
0.9833232760,259,176,572,0.5954022989,0.3116726835,0.4091627172
0.9832996726,260,176,571,0.5963302752,0.3128760529,0.4104183110
0.9832918048,261,176,570,0.5972540046,0.3140794224,0.4116719243
0.9832907915,262,176,569,0.5981735160,0.3152827918,0.4129235619
0.9832668304,263,176,568,0.5990888383,0.3164861613,0.4141732283
0.9832505584,264,176,567,0.6000000000,0.3176895307,0.4154209284
0.9832457304,264,177,567,0.5986394558,0.3176895307,0.4150943396
0.9832434058,265,177,566,0.5995475113,0.3188929001,0.4163393559
0.9832344055,265,178,566,0.5981941309,0.3188929001,0.4160125589
0.9832315445,265,179,566,0.5968468468,0.3188929001,0.4156862745
0.9832189679,265,180,566,0.5955056180,0.3188929001,0.4153605016
0.9832164645,266,180,565,0.5964125561,0.3200962696,0.4166014096
0.9832135439,266,181,565,0.5950782998,0.3200962696,0.4162754304
0.9831748605,267,181,564,0.5959821429,0.3212996390,0.4175136826
0.9831579924,268,181,563,0.5968819599,0.3225030084,0.4187500000
0.9831508994,269,181,562,0.5977777778,0.3237063779,0.4199843872
0.9831387997,270,181,561,0.5986696231,0.3249097473,0.4212168487
0.9831290841,271,181,560,0.5995575221,0.3261131167,0.4224473889
0.9831278324,272,181,559,0.6004415011,0.3273164862,0.4236760125
0.9831244946,273,181,558,0.6013215859,0.3285198556,0.4249027237
0.9830924869,273,182,558,0.6000000000,0.3285198556,0.4245723173
0.9830731153,273,183,558,0.5986842105,0.3285198556,0.4242424242
0.9830700159,273,184,558,0.5973741794,0.3285198556,0.4239130435
0.9830586910,273,185,558,0.5960698690,0.3285198556,0.4235841738
0.9830560684,273,186,558,0.5947712418,0.3285198556,0.4232558140
0.9830372930,274,186,557,0.5956521739,0.3297232250,0.4244771495
0.9830370545,274,187,557,0.5943600868,0.3297232250,0.4241486068
0.9830310345,275,187,556,0.5952380952,0.3309265945,0.4253673627
0.9830272794,275,188,556,0.5939524838,0.3309265945,0.4250386399
0.9830253124,275,189,556,0.5926724138,0.3309265945,0.4247104247
0.9830229878,275,190,556,0.5913978495,0.3309265945,0.4243827160
0.9830147028,276,190,555,0.5922746781,0.3321299639,0.4255975328
0.9830020070,277,190,554,0.5931477516,0.3333333333,0.4268104777
0.9829976559,277,191,554,0.5918803419,0.3333333333,0.4264819092
0.9829943180,277,192,554,0.5906183369,0.3333333333,0.4261538462
0.9829796553,278,192,553,0.5914893617,0.3345367028,0.4273635665
0.9829736948,278,193,553,0.5902335456,0.3345367028,0.4270353303
0.9829627275,278,194,553,0.5889830508,0.3345367028,0.4267075979
0.9829588532,278,195,553,0.5877378436,0.3345367028,0.4263803681
0.9829549193,278,196,553,0.5864978903,0.3345367028,0.4260536398
0.9829515815,279,196,552,0.5873684211,0.3357400722,0.4272588055
0.9829449058,280,196,551,0.5882352941,0.3369434416,0.4284621270
0.9829192162,281,196,550,0.5890985325,0.3381468111,0.4296636086
0.9829159975,282,196,549,0.5899581590,0.3393501805,0.4308632544
0.9829072356,282,197,549,0.5887265136,0.3393501805,0.4305343511
0.9828831553,282,198,549,0.5875000000,0.3393501805,0.4302059497
0.9828479290,282,199,549,0.5862785863,0.3393501805,0.4298780488
0.9828449488,283,199,548,0.5871369295,0.3405535499,0.4310738766
0.9828363061,283,200,548,0.5859213251,0.3405535499,0.4307458143
0.9828224778,284,200,547,0.5867768595,0.3417569194,0.4319391635
0.9828103781,285,200,546,0.5876288660,0.3429602888,0.4331306991
0.9827930927,286,200,545,0.5884773663,0.3441636582,0.4343204252
0.9827740192,287,200,544,0.5893223819,0.3453670277,0.4355083460
0.9827558994,288,200,543,0.5901639344,0.3465703971,0.4366944655
0.9827427864,288,201,543,0.5889570552,0.3465703971,0.4363636364
0.9827092886,288,202,543,0.5877551020,0.3465703971,0.4360333081
0.9826825857,288,203,543,0.5865580448,0.3465703971,0.4357034796
0.9826707244,289,203,542,0.5873983740,0.3477737665,0.4368858655
0.9826506972,290,203,541,0.5882352941,0.3489771360,0.4380664653
0.9826092720,291,203,540,0.5890688259,0.3501805054,0.4392452830
0.9826080203,292,203,539,0.5898989899,0.3513838748,0.4404223228
0.9826055765,293,203,538,0.5907258065,0.3525872443,0.4415975885
0.9825909734,293,204,538,0.5895372233,0.3525872443,0.4412650602
0.9825786352,294,204,537,0.5903614458,0.3537906137,0.4424379233
0.9825537801,295,204,536,0.5911823647,0.3549939832,0.4436090226
0.9825299382,295,205,536,0.5900000000,0.3549939832,0.4432757325
0.9825220108,295,206,536,0.5888223553,0.3549939832,0.4429429429
0.9825152159,296,206,535,0.5896414343,0.3561973526,0.4441110278
0.9825050831,297,206,534,0.5904572565,0.3574007220,0.4452773613
0.9824866056,298,206,533,0.5912698413,0.3586040915,0.4464419476
0.9824861288,299,206,532,0.5920792079,0.3598074609,0.4476047904
0.9824547172,299,207,532,0.5909090909,0.3598074609,0.4472700075
0.9824494123,299,208,532,0.5897435897,0.3598074609,0.4469357250
0.9824351668,300,208,531,0.5905511811,0.3610108303,0.4480955937
0.9824191332,301,208,530,0.5913555992,0.3622141998,0.4492537313
0.9823712707,302,208,529,0.5921568627,0.3634175692,0.4504101417
0.9823631048,303,208,528,0.5929549902,0.3646209386,0.4515648286
0.9823572636,303,209,528,0.5917968750,0.3646209386,0.4512285927
0.9823545218,304,209,527,0.5925925926,0.3658243081,0.4523809524
0.9823426604,305,209,526,0.5933852140,0.3670276775,0.4535315985
0.9823342562,305,210,526,0.5922330097,0.3670276775,0.4531946508
0.9823336601,305,211,526,0.5910852713,0.3670276775,0.4528582034
0.9823143482,306,211,525,0.5918762089,0.3682310469,0.4540059347
0.9823138714,307,211,524,0.5926640927,0.3694344164,0.4551519644
0.9823037982,307,212,524,0.5915221580,0.3694344164,0.4548148148
0.9822752476,307,214,524,0.5892514395,0.3694344164,0.4541420118
0.9822605252,307,215,524,0.5881226054,0.3694344164,0.4538063562
0.9822223186,308,215,523,0.5889101338,0.3706377858,0.4549483013
0.9822070599,308,216,523,0.5877862595,0.3706377858,0.4546125461
0.9821884036,309,216,522,0.5885714286,0.3718411552,0.4557522124
0.9821825624,310,216,521,0.5893536122,0.3730445247,0.4568901990
0.9821709394,310,217,521,0.5882352941,0.3730445247,0.4565537555
0.9821573496,310,218,521,0.5871212121,0.3730445247,0.4562178072
0.9821534753,311,218,520,0.5879017013,0.3742478941,0.4573529412
0.9821438193,312,218,519,0.5886792453,0.3754512635,0.4584864071
0.9821402431,312,219,519,0.5875706215,0.3754512635,0.4581497797
0.9821175933,313,219,518,0.5883458647,0.3766546330,0.4592809978
0.9821079373,314,219,517,0.5891181989,0.3778580024,0.4604105572
0.9820879102,315,219,516,0.5898876404,0.3790613718,0.4615384615
0.9820820689,315,220,516,0.5887850467,0.3790613718,0.4612005857
0.9820508957,315,221,516,0.5876865672,0.3790613718,0.4608632041
0.9820474386,316,221,515,0.5884543762,0.3802647413,0.4619883041
0.9820404053,316,222,515,0.5873605948,0.3802647413,0.4616508400
0.9820290208,317,222,514,0.5881261596,0.3814681107,0.4627737226
0.9820200801,317,223,514,0.5870370370,0.3814681107,0.4624361780
0.9820182323,318,223,513,0.5878003697,0.3826714801,0.4635568513
0.9819845557,319,223,512,0.5885608856,0.3838748496,0.4646758922
0.9819759130,320,223,511,0.5893186004,0.3850782190,0.4657933042
0.9819700718,321,224,510,0.5889908257,0.3862815884,0.4665697674
0.9819669724,322,224,509,0.5897435897,0.3874849579,0.4676833696
0.9819492698,323,224,508,0.5904936015,0.3886883273,0.4687953556
0.9819400907,323,225,508,0.5894160584,0.3886883273,0.4684554025
0.9819381237,323,226,508,0.5883424408,0.3886883273,0.4681159420
0.9819315672,324,226,507,0.5890909091,0.3898916968,0.4692251991
0.9819278717,325,226,506,0.5898366606,0.3910950662,0.4703328509
0.9819232821,326,226,505,0.5905797101,0.3922984356,0.4714389009
0.9818981290,326,227,505,0.5895117541,0.3922984356,0.4710982659
0.9818721414,327,227,504,0.5902527076,0.3935018051,0.4722021661
0.9818229675,327,228,504,0.5891891892,0.3935018051,0.4718614719
0.9818224907,328,228,503,0.5899280576,0.3947051745,0.4729632300
0.9818189144,328,229,503,0.5888689408,0.3947051745,0.4726224784
0.9818186164,329,229,502,0.5896057348,0.3959085439,0.4737221022
0.9818124771,329,230,502,0.5885509839,0.3959085439,0.4733812950
0.9818105698,330,230,501,0.5892857143,0.3971119134,0.4744787922
0.9817985892,331,231,500,0.5889679715,0.3983152828,0.4752333094
0.9817706943,331,232,500,0.5879218472,0.3983152828,0.4748923960
0.9817457199,331,233,500,0.5868794326,0.3983152828,0.4745519713
0.9817277193,332,233,499,0.5876106195,0.3995186522,0.4756446991
0.9817256331,332,234,499,0.5865724382,0.3995186522,0.4753042233
0.9817069173,332,235,499,0.5855379189,0.3995186522,0.4749642346
0.9817038178,333,235,498,0.5862676056,0.4007220217,0.4760543245
0.9817005992,333,236,498,0.5852372583,0.4007220217,0.4757142857
0.9816837311,334,236,497,0.5859649123,0.4019253911,0.4768022841
0.9816756845,334,237,497,0.5849387040,0.4019253911,0.4764621969
0.9816470742,335,237,496,0.5856643357,0.4031287605,0.4775481112
0.9816395640,335,238,496,0.5846422339,0.4031287605,0.4772079772
0.9816294909,335,239,496,0.5836236934,0.4031287605,0.4768683274
0.9816230536,336,239,495,0.5843478261,0.4043321300,0.4779516358
0.9815830588,337,239,494,0.5850694444,0.4055354994,0.4790334044
0.9815502167,337,240,494,0.5840554593,0.4055354994,0.4786931818
0.9815447330,338,240,493,0.5847750865,0.4067388688,0.4797728886
0.9815413952,339,240,492,0.5854922280,0.4079422383,0.4808510638
0.9815218449,339,241,492,0.5844827586,0.4079422383,0.4805102764
0.9815167189,339,242,492,0.5834767642,0.4079422383,0.4801699717
0.9815090895,340,242,491,0.5841924399,0.4091456077,0.4812455768
0.9815079570,340,243,491,0.5831903945,0.4091456077,0.4809052334
0.9814969301,341,243,490,0.5839041096,0.4103489771,0.4819787986
0.9814839363,341,244,490,0.5829059829,0.4103489771,0.4816384181
0.9814675450,342,244,489,0.5836177474,0.4115523466,0.4827099506
0.9814667106,343,244,488,0.5843270869,0.4127557160,0.4837799718
0.9814609885,343,245,488,0.5833333333,0.4127557160,0.4834390416
0.9814473391,343,246,488,0.5823429542,0.4127557160,0.4830985915
0.9814395308,343,247,488,0.5813559322,0.4127557160,0.4827586207
0.9814303517,344,247,487,0.5820642978,0.4139590854,0.4838255977
0.9814214110,344,248,487,0.5810810811,0.4139590854,0.4834855938
0.9814118743,344,249,487,0.5801011804,0.4139590854,0.4831460674
0.9814084172,345,249,486,0.5808080808,0.4151624549,0.4842105263
0.9813996553,346,249,485,0.5815126050,0.4163658243,0.4852734923
0.9813948870,347,249,484,0.5822147651,0.4175691937,0.4863349685
0.9813934565,347,250,484,0.5812395310,0.4175691937,0.4859943978
0.9813854694,348,250,483,0.5819397993,0.4187725632,0.4870538838
0.9813832641,348,251,483,0.5809682805,0.4187725632,0.4867132867
0.9813765883,348,252,483,0.5800000000,0.4187725632,0.4863731656
0.9813747406,348,253,483,0.5790349418,0.4187725632,0.4860335196
0.9813516736,348,254,483,0.5780730897,0.4187725632,0.4856943475
0.9813489318,349,254,482,0.5787728027,0.4199759326,0.4867503487
0.9813451767,349,255,482,0.5778145695,0.4199759326,0.4864111498
0.9813437462,349,256,482,0.5768595041,0.4199759326,0.4860724234
0.9813381433,350,256,481,0.5775577558,0.4211793020,0.4871259569
0.9813325405,350,257,481,0.5766062603,0.4211793020,0.4867872045
0.9813236594,351,257,480,0.5773026316,0.4223826715,0.4878387769
0.9813219309,351,258,480,0.5763546798,0.4223826715,0.4875000000
0.9813103676,351,259,480,0.5754098361,0.4223826715,0.4871616933
0.9813067913,352,259,479,0.5761047463,0.4235860409,0.4882108183
0.9812688231,352,260,479,0.5751633987,0.4235860409,0.4878724879
0.9812468886,353,260,478,0.5758564437,0.4247894103,0.4889196676
0.9812282920,354,260,477,0.5765472313,0.4259927798,0.4899653979
0.9811899662,355,260,476,0.5772357724,0.4271961492,0.4910096819
0.9811860323,355,261,476,0.5762987013,0.4271961492,0.4906703525
0.9811642766,356,261,475,0.5769854133,0.4283995187,0.4917127072
0.9811311960,357,261,474,0.5776699029,0.4296028881,0.4927536232
0.9811124802,357,262,474,0.5767366721,0.4296028881,0.4924137931
0.9811103344,357,263,474,0.5758064516,0.4296028881,0.4920744314
0.9811030626,358,263,473,0.5764895330,0.4308062575,0.4931129477
0.9810853004,358,264,473,0.5755627010,0.4308062575,0.4927735719
0.9810838103,359,264,472,0.5762439807,0.4320096270,0.4938101788
0.9810787439,359,265,472,0.5753205128,0.4320096270,0.4934707904
0.9810786247,360,265,471,0.5760000000,0.4332129964,0.4945054945
0.9810674191,360,266,471,0.5750798722,0.4332129964,0.4941660947
0.9810464978,361,266,470,0.5757575758,0.4344163658,0.4951989026
0.9810447097,361,267,470,0.5748407643,0.4344163658,0.4948594928
0.9810396433,361,268,470,0.5739268680,0.4344163658,0.4945205479
0.9810133576,362,268,469,0.5746031746,0.4356197353,0.4955509925
0.9809823632,363,268,468,0.5752773376,0.4368231047,0.4965800274
0.9809666872,363,269,468,0.5743670886,0.4368231047,0.4962406015
0.9809440970,363,270,468,0.5734597156,0.4368231047,0.4959016393
0.9809221625,363,271,468,0.5725552050,0.4368231047,0.4955631399
0.9808926582,364,271,467,0.5732283465,0.4380264741,0.4965893588
0.9808907509,364,272,467,0.5723270440,0.4380264741,0.4962508521
0.9808761477,364,273,467,0.5714285714,0.4380264741,0.4959128065
0.9808427095,364,274,467,0.5705329154,0.4380264741,0.4955752212
0.9808241129,365,274,466,0.5712050078,0.4392298436,0.4965986395
0.9808227420,365,275,466,0.5703125000,0.4392298436,0.4962610469
0.9807989597,366,275,465,0.5709828393,0.4404332130,0.4972826087
0.9807655215,366,276,465,0.5700934579,0.4404332130,0.4969450102
0.9807612896,366,277,465,0.5692068429,0.4404332130,0.4966078697
0.9807604551,367,277,464,0.5698757764,0.4416365824,0.4976271186
0.9807438254,368,277,463,0.5705426357,0.4428399519,0.4986449864
0.9806892276,368,278,463,0.5696594427,0.4428399519,0.4983073798
0.9806852341,368,279,463,0.5687789799,0.4428399519,0.4979702300
0.9806782603,369,279,462,0.5694444444,0.4440433213,0.4989858012
0.9806657434,370,279,461,0.5701078582,0.4452466907,0.5000000000
0.9806355834,371,279,460,0.5707692308,0.4464500602,0.5010128292
0.9805974364,372,279,459,0.5714285714,0.4476534296,0.5020242915
0.9805945754,372,280,459,0.5705521472,0.4476534296,0.5016857721
0.9805904627,372,281,459,0.5696784074,0.4476534296,0.5013477089
0.9805897474,372,282,459,0.5688073394,0.4476534296,0.5010101010
0.9805836678,372,283,459,0.5679389313,0.4476534296,0.5006729475
0.9805697799,373,283,458,0.5685975610,0.4488567990,0.5016812374
0.9805380702,374,283,457,0.5692541857,0.4500601685,0.5026881720
0.9805164933,374,284,457,0.5683890578,0.4500601685,0.5023505709
0.9804594517,375,284,456,0.5690440061,0.4512635379,0.5033557047
0.9804552197,376,284,455,0.5696969697,0.4524669073,0.5043594903
0.9804477692,377,284,454,0.5703479576,0.4536702768,0.5053619303
0.9804321527,377,285,454,0.5694864048,0.4536702768,0.5050234427
0.9803901315,377,286,454,0.5686274510,0.4536702768,0.5046854083
0.9803723693,378,286,453,0.5692771084,0.4548736462,0.5056856187
0.9803681374,378,287,453,0.5684210526,0.4548736462,0.5053475936
0.9803503752,378,288,453,0.5675675676,0.4548736462,0.5050100200
0.9803424478,379,288,452,0.5682158921,0.4560770156,0.5060080107
0.9803315401,380,288,451,0.5688622754,0.4572803851,0.5070046698
0.9803243279,381,288,450,0.5695067265,0.4584837545,0.5080000000
0.9803144932,381,289,450,0.5686567164,0.4584837545,0.5076615590
0.9803138971,382,289,449,0.5692995529,0.4596871239,0.5086551265
0.9803059101,383,289,448,0.5699404762,0.4608904934,0.5096473719
0.9802803397,383,290,448,0.5690936107,0.4608904934,0.5093085106
0.9802784324,384,290,447,0.5697329377,0.4620938628,0.5102990033
0.9802559614,384,291,447,0.5688888889,0.4620938628,0.5099601594
0.9802481532,385,291,446,0.5695266272,0.4632972323,0.5109489051
0.9802424312,386,291,445,0.5701624815,0.4645006017,0.5119363395
0.9802400470,386,292,445,0.5693215339,0.4645006017,0.5115970842
0.9802380800,386,293,445,0.5684830633,0.4645006017,0.5112582781
0.9802365899,387,293,444,0.5691176471,0.4657039711,0.5122435473
0.9802207947,388,293,443,0.5697503671,0.4669073406,0.5132275132
0.9802122116,388,294,443,0.5689149560,0.4669073406,0.5128883014
0.9802032709,389,294,442,0.5695461201,0.4681107100,0.5138705416
0.9801933169,390,294,441,0.5701754386,0.4693140794,0.5148514851
0.9801818728,390,295,441,0.5693430657,0.4693140794,0.5145118734
0.9801794291,391,295,440,0.5699708455,0.4705174489,0.5154911009
0.9801619053,392,295,439,0.5705967977,0.4717208183,0.5164690382
0.9801524282,392,296,439,0.5697674419,0.4717208183,0.5161290323
0.9801374078,393,296,438,0.5703918723,0.4729241877,0.5171052632
0.9801135063,394,296,437,0.5710144928,0.4741275572,0.5180802104
0.9800822139,394,297,437,0.5701881331,0.4741275572,0.5177398160
0.9800739884,395,297,436,0.5708092486,0.4753309266,0.5187130663
0.9800645709,396,297,435,0.5714285714,0.4765342960,0.5196850394
0.9800617099,396,298,435,0.5706051873,0.4765342960,0.5193442623
0.9800472856,396,299,435,0.5697841727,0.4765342960,0.5190039318
0.9800239205,397,299,434,0.5704022989,0.4777376655,0.5199738048
0.9800090790,397,300,434,0.5695839311,0.4777376655,0.5196335079
0.9799975157,397,301,434,0.5687679083,0.4777376655,0.5192936560
0.9799951911,398,301,433,0.5693848355,0.4789410349,0.5202614379
0.9799882174,399,301,432,0.5700000000,0.4801444043,0.5212279556
0.9799497724,399,302,432,0.5691868759,0.4801444043,0.5208877285
0.9799230695,399,303,432,0.5683760684,0.4801444043,0.5205479452
0.9799110889,400,303,431,0.5689900427,0.4813477738,0.5215123859
0.9798997045,401,303,430,0.5696022727,0.4825511432,0.5224755700
0.9798805118,401,304,430,0.5687943262,0.4825511432,0.5221354167
0.9798740745,401,305,430,0.5679886686,0.4825511432,0.5217957059
0.9798688293,402,305,429,0.5685997171,0.4837545126,0.5227568270
0.9798387289,403,305,428,0.5692090395,0.4849578821,0.5237166992
0.9798357487,404,305,427,0.5698166432,0.4861612515,0.5246753247
0.9798284173,405,305,426,0.5704225352,0.4873646209,0.5256327060
0.9798021913,405,306,426,0.5696202532,0.4873646209,0.5252918288
0.9797886014,405,307,426,0.5688202247,0.4873646209,0.5249513934
0.9797745347,406,307,425,0.5694249649,0.4885679904,0.5259067358
0.9797651172,407,307,424,0.5700280112,0.4897713598,0.5268608414
0.9797465801,407,308,424,0.5692307692,0.4897713598,0.5265200517
0.9797327518,408,308,423,0.5698324022,0.4909747292,0.5274725275
0.9797262549,408,309,423,0.5690376569,0.4909747292,0.5271317829
0.9796599746,408,310,423,0.5682451253,0.4909747292,0.5267914784
0.9796095490,409,310,422,0.5688456189,0.4921780987,0.5277419355
0.9796037078,410,310,421,0.5694444444,0.4933814681,0.5286911670
0.9795880318,411,310,420,0.5700416089,0.4945848375,0.5296391753
0.9795826674,411,311,420,0.5692520776,0.4945848375,0.5292981326
0.9795709848,412,311,419,0.5698478562,0.4957882070,0.5302445302
0.9795611501,413,311,418,0.5704419890,0.4969915764,0.5311897106
0.9795541763,414,311,417,0.5710344828,0.4981949458,0.5321336761
0.9795484543,415,311,416,0.5716253444,0.4993983153,0.5330764290
0.9795320630,415,312,416,0.5708390646,0.4993983153,0.5327342747
0.9795135856,415,313,416,0.5700549451,0.4993983153,0.5323925593
0.9794734120,416,313,415,0.5706447188,0.5006016847,0.5333333333
0.9794522524,416,314,415,0.5698630137,0.5006016847,0.5329916720
0.9794515967,416,315,415,0.5690834473,0.5006016847,0.5326504481
0.9794472456,416,316,415,0.5683060109,0.5006016847,0.5323096609
0.9794364572,416,317,415,0.5675306958,0.5006016847,0.5319693095
0.9794334769,416,318,415,0.5667574932,0.5006016847,0.5316293930
0.9793964624,417,318,414,0.5673469388,0.5018050542,0.5325670498
0.9793878794,418,318,413,0.5679347826,0.5030084236,0.5335035099
0.9793817997,418,319,413,0.5671641791,0.5030084236,0.5331632653
0.9793620110,419,319,412,0.5677506775,0.5042117930,0.5340981517
0.9793515205,420,319,411,0.5683355886,0.5054151625,0.5350318471
0.9793511629,420,320,411,0.5675675676,0.5054151625,0.5346912794
0.9793367386,421,320,410,0.5681511471,0.5066185319,0.5356234097
0.9793245196,422,320,409,0.5687331536,0.5078219013,0.5365543547
0.9793160558,422,321,409,0.5679676985,0.5078219013,0.5362134689
0.9793007374,422,322,409,0.5672043011,0.5078219013,0.5358730159
0.9792694449,422,323,409,0.5664429530,0.5078219013,0.5355329949
0.9792615175,423,323,408,0.5670241287,0.5090252708,0.5364616360
0.9792607427,424,323,407,0.5676037483,0.5102286402,0.5373891001
0.9792520404,424,324,407,0.5668449198,0.5102286402,0.5370487650
0.9792374372,425,324,406,0.5674232310,0.5114320096,0.5379746835
0.9792268872,426,324,405,0.5680000000,0.5126353791,0.5388994307
0.9792211056,427,324,404,0.5685752330,0.5138387485,0.5398230088
0.9792034626,428,324,403,0.5691489362,0.5150421179,0.5407454201
0.9791945815,429,324,402,0.5697211155,0.5162454874,0.5416666667
0.9791937470,429,325,402,0.5689655172,0.5162454874,0.5413249211
0.9791639447,430,325,401,0.5695364238,0.5174488568,0.5422446406
0.9791531563,431,325,400,0.5701058201,0.5186522262,0.5431632010
0.9791345596,431,326,400,0.5693527081,0.5186522262,0.5428211587
0.9791337252,432,326,399,0.5699208443,0.5198555957,0.5437382001
0.9791056514,433,326,398,0.5704874835,0.5210589651,0.5446540881
0.9791033268,433,327,398,0.5697368421,0.5210589651,0.5443117536
0.9790696502,434,327,397,0.5703022339,0.5222623345,0.5452261307
0.9790666699,435,327,396,0.5708661417,0.5234657040,0.5461393597
0.9790623188,436,327,395,0.5714285714,0.5246690734,0.5470514429
0.9790421128,436,328,395,0.5706806283,0.5246690734,0.5467084639
0.9790229201,437,328,394,0.5712418301,0.5258724428,0.5476190476
0.9790006280,437,329,394,0.5704960836,0.5258724428,0.5472761428
0.9789916873,437,330,394,0.5697522816,0.5258724428,0.5469336671
0.9789687395,438,330,393,0.5703125000,0.5270758123,0.5478424015
0.9789507985,439,330,392,0.5708712614,0.5282791817,0.5487500000
0.9789437056,439,331,392,0.5701298701,0.5282791817,0.5484072455
0.9789309502,439,332,392,0.5693904021,0.5282791817,0.5480649189
0.9789003134,440,332,391,0.5699481865,0.5294825511,0.5489706800
0.9788889885,440,333,391,0.5692108668,0.5294825511,0.5486284289
0.9788763523,440,334,391,0.5684754522,0.5294825511,0.5482866044
0.9788626432,441,334,390,0.5690322581,0.5306859206,0.5491905355
0.9788599014,442,334,389,0.5695876289,0.5318892900,0.5500933416
0.9788570404,443,334,388,0.5701415701,0.5330926594,0.5509950249
0.9788232446,443,335,388,0.5694087404,0.5330926594,0.5506525792
0.9788157940,444,335,387,0.5699614891,0.5342960289,0.5515527950
0.9788090587,444,336,387,0.5692307692,0.5342960289,0.5512104283
0.9787999392,445,336,386,0.5697823303,0.5354993983,0.5521091811
0.9787808657,446,336,385,0.5703324808,0.5367027677,0.5530068196
0.9787480831,447,336,384,0.5708812261,0.5379061372,0.5539033457
0.9787387252,447,337,384,0.5701530612,0.5379061372,0.5535603715
0.9787211418,447,338,384,0.5694267516,0.5379061372,0.5532178218
0.9787165523,447,339,384,0.5687022901,0.5379061372,0.5528756957
0.9786983132,448,339,383,0.5692503177,0.5391095066,0.5537700865
0.9786866307,449,339,382,0.5697969543,0.5403128761,0.5546633725
0.9786618352,449,340,382,0.5690747782,0.5403128761,0.5543209877
0.9786530733,449,341,382,0.5683544304,0.5403128761,0.5539790253
0.9786348939,449,342,382,0.5676359039,0.5403128761,0.5536374846
0.9786230326,450,342,381,0.5681818182,0.5415162455,0.5545286506
0.9786041975,451,342,380,0.5687263556,0.5427196149,0.5554187192
0.9785950780,451,343,380,0.5680100756,0.5427196149,0.5550769231
0.9785534143,452,343,379,0.5685534591,0.5439229844,0.5559655597
0.9785312414,452,344,379,0.5678391960,0.5439229844,0.5556238476
0.9785258770,452,345,379,0.5671267252,0.5439229844,0.5552825553
0.9785183668,452,346,379,0.5664160401,0.5439229844,0.5549416820
0.9785142541,453,346,378,0.5669586984,0.5451263538,0.5558282209
0.9784479737,453,347,378,0.5662500000,0.5451263538,0.5554874310
0.9784292579,454,347,377,0.5667915106,0.5463297232,0.5563725490
0.9784263968,454,348,377,0.5660847880,0.5463297232,0.5560318432
0.9784140587,454,349,377,0.5653798257,0.5463297232,0.5556915545
0.9784115553,454,350,377,0.5646766169,0.5463297232,0.5553516820
0.9784044623,454,351,377,0.5639751553,0.5463297232,0.5550122249
0.9783706665,454,352,377,0.5632754342,0.5463297232,0.5546731827
0.9783238173,454,353,377,0.5625774473,0.5463297232,0.5543345543
0.9782928824,455,353,376,0.5631188119,0.5475330927,0.5552165955
0.9782676697,455,354,376,0.5624227441,0.5475330927,0.5548780488
0.9782619476,456,354,375,0.5629629630,0.5487364621,0.5557586837
0.9782552123,457,354,374,0.5635018496,0.5499398315,0.5566382460
0.9782383442,457,355,374,0.5628078818,0.5499398315,0.5562994522
0.9781811833,457,356,374,0.5621156212,0.5499398315,0.5559610706
0.9781449437,457,357,374,0.5614250614,0.5499398315,0.5556231003
0.9781344533,458,357,373,0.5619631902,0.5511432010,0.5565006075
0.9781234860,458,358,373,0.5612745098,0.5511432010,0.5561627201
0.9781226516,459,358,372,0.5618115055,0.5523465704,0.5570388350
0.9781084061,460,358,371,0.5623471883,0.5535499398,0.5579138872
0.9781022668,461,358,370,0.5628815629,0.5547533093,0.5587878788
0.9780995250,462,358,369,0.5634146341,0.5559566787,0.5596608116
0.9780902863,463,358,368,0.5639464068,0.5571600481,0.5605326877
0.9780791998,464,358,367,0.5644768856,0.5583634176,0.5614035088
0.9780745506,465,358,366,0.5650060753,0.5595667870,0.5622732769
0.9780679345,466,358,365,0.5655339806,0.5607701564,0.5631419940
0.9780532122,467,358,364,0.5660606061,0.5619735259,0.5640096618
0.9780523181,467,359,364,0.5653753027,0.5619735259,0.5636692818
0.9780378342,467,360,364,0.5646916566,0.5619735259,0.5633293124
0.9780268669,467,361,364,0.5640096618,0.5619735259,0.5629897529
0.9780147076,468,361,363,0.5645355850,0.5631768953,0.5638554217
0.9779838920,468,362,363,0.5638554217,0.5631768953,0.5635159542
0.9779701233,468,363,363,0.5631768953,0.5631768953,0.5631768953
0.9779431820,468,364,363,0.5625000000,0.5631768953,0.5628382441
0.9779421687,468,365,363,0.5618247299,0.5631768953,0.5625000000
0.9779406786,468,366,363,0.5611510791,0.5631768953,0.5621621622
0.9778988361,469,366,362,0.5616766467,0.5643802647,0.5630252101
0.9778987169,470,366,361,0.5622009569,0.5655836342,0.5638872226
0.9778845906,470,367,361,0.5615292712,0.5655836342,0.5635491607
0.9777978659,470,368,361,0.5608591885,0.5655836342,0.5632115039
0.9777923822,470,369,361,0.5601907032,0.5655836342,0.5628742515
0.9777463675,471,369,360,0.5607142857,0.5667870036,0.5637342908
0.9777370095,472,369,359,0.5612366231,0.5679903730,0.5645933014
0.9777362943,472,370,359,0.5605700713,0.5679903730,0.5642558279
0.9777233005,473,370,358,0.5610913405,0.5691937425,0.5651135006
0.9777122736,474,370,357,0.5616113744,0.5703971119,0.5659701493
0.9776945114,475,370,356,0.5621301775,0.5716004813,0.5668257757
0.9776862860,476,370,355,0.5626477541,0.5728038508,0.5676803816
0.9776346684,477,370,354,0.5631641086,0.5740072202,0.5685339690
0.9776294231,477,371,354,0.5625000000,0.5740072202,0.5681953544
0.9776084423,478,371,353,0.5630153121,0.5752105897,0.5690476190
0.9775897861,479,371,352,0.5635294118,0.5764139591,0.5698988697
0.9775888920,480,371,351,0.5640423032,0.5776173285,0.5707491082
0.9775646329,480,372,351,0.5633802817,0.5776173285,0.5704099822
0.9775617719,480,373,351,0.5627198124,0.5776173285,0.5700712589
0.9775306582,480,374,351,0.5620608899,0.5776173285,0.5697329377
0.9775135517,481,374,350,0.5625730994,0.5788206980,0.5705812574
0.9775102735,482,374,349,0.5630841121,0.5800240674,0.5714285714
0.9775067568,483,374,348,0.5635939323,0.5812274368,0.5722748815
0.9774612784,483,375,348,0.5629370629,0.5812274368,0.5719360568
0.9774584174,484,375,347,0.5634458673,0.5824308063,0.5727810651
0.9774454832,484,376,347,0.5627906977,0.5824308063,0.5724423418
0.9774116278,484,377,347,0.5621370499,0.5824308063,0.5721040189
0.9773988724,485,377,346,0.5626450116,0.5836341757,0.5729474306
0.9773136973,485,378,346,0.5619930475,0.5836341757,0.5726092090
0.9772980809,486,378,345,0.5625000000,0.5848375451,0.5734513274
0.9772883058,486,379,345,0.5618497110,0.5848375451,0.5731132075
0.9772593975,486,380,345,0.5612009238,0.5848375451,0.5727754862
0.9772573709,486,381,345,0.5605536332,0.5848375451,0.5724381625
0.9771937132,486,382,345,0.5599078341,0.5848375451,0.5721012360
0.9771734476,487,382,344,0.5604142693,0.5860409146,0.5729411765
0.9771633148,487,383,344,0.5597701149,0.5860409146,0.5726043504
0.9770745635,487,384,344,0.5591274397,0.5860409146,0.5722679201
0.9770724773,488,384,343,0.5596330275,0.5872442840,0.5731062830
0.9770340323,488,385,343,0.5589919817,0.5872442840,0.5727699531
0.9770221710,489,385,342,0.5594965675,0.5884476534,0.5736070381
0.9770077467,489,386,342,0.5588571429,0.5884476534,0.5732708089
0.9769887328,489,387,342,0.5582191781,0.5884476534,0.5729349736
0.9769868255,489,388,342,0.5575826682,0.5884476534,0.5725995316
0.9769103527,490,388,341,0.5580865604,0.5896510229,0.5734347572
0.9769034982,491,388,340,0.5585893060,0.5908543923,0.5742690058
0.9768983126,492,388,339,0.5590909091,0.5920577617,0.5751022794
0.9768958092,492,389,339,0.5584562997,0.5920577617,0.5747663551
0.9768897295,492,390,339,0.5578231293,0.5920577617,0.5744308231
0.9768757820,493,390,338,0.5583238958,0.5932611312,0.5752625438
0.9768601656,494,390,337,0.5588235294,0.5944645006,0.5760932945
0.9768429995,494,391,337,0.5581920904,0.5944645006,0.5757575758
0.9767945409,495,391,336,0.5586907449,0.5956678700,0.5765870705
0.9767885208,496,391,335,0.5591882751,0.5968712395,0.5774155995
0.9767696261,496,392,335,0.5585585586,0.5968712395,0.5770796975
0.9767242670,497,392,334,0.5590551181,0.5980746089,0.5779069767
0.9767140150,497,393,334,0.5584269663,0.5980746089,0.5775711795
0.9767016172,497,394,334,0.5578002245,0.5980746089,0.5772357724
0.9766655564,498,394,333,0.5582959641,0.5992779783,0.5780615206
0.9766455889,498,395,333,0.5576707727,0.5992779783,0.5777262181
0.9766372442,498,396,333,0.5570469799,0.5992779783,0.5773913043
0.9765737057,498,397,333,0.5564245810,0.5992779783,0.5770567787
0.9765491486,498,398,333,0.5558035714,0.5992779783,0.5767226404
0.9765396118,498,399,333,0.5551839465,0.5992779783,0.5763888889
0.9765274525,498,400,333,0.5545657016,0.5992779783,0.5760555234
0.9765109420,498,401,333,0.5539488320,0.5992779783,0.5757225434
0.9765069485,499,401,332,0.5544444444,0.6004813478,0.5765453495
0.9765048027,499,402,332,0.5538290788,0.6004813478,0.5762124711
0.9764997959,499,403,332,0.5532150776,0.6004813478,0.5758799769
0.9764990211,500,403,331,0.5537098560,0.6016847172,0.5767012687
0.9764714241,501,403,330,0.5542035398,0.6028880866,0.5775216138
0.9764587879,501,404,330,0.5535911602,0.6028880866,0.5771889401
0.9764583111,501,405,330,0.5529801325,0.6028880866,0.5768566494
0.9763988853,502,405,329,0.5534729879,0.6040914561,0.5776754891
0.9763966203,503,405,328,0.5539647577,0.6052948255,0.5784933870
0.9763900042,503,406,328,0.5533553355,0.6052948255,0.5781609195
0.9763851166,504,406,327,0.5538461538,0.6064981949,0.5789775991
0.9763637781,504,407,327,0.5532381998,0.6064981949,0.5786452354
0.9763538837,504,408,327,0.5526315789,0.6064981949,0.5783132530
0.9763473868,504,409,327,0.5520262870,0.6064981949,0.5779816514
0.9762909412,505,409,326,0.5525164114,0.6077015644,0.5787965616
0.9762530923,506,409,325,0.5530054645,0.6089049338,0.5796105384
0.9762340188,506,410,325,0.5524017467,0.6089049338,0.5792787636
0.9762213826,507,410,324,0.5528898582,0.6101083032,0.5800915332
0.9762075543,508,410,323,0.5533769063,0.6113116727,0.5809033734
0.9761891365,508,411,323,0.5527747552,0.6113116727,0.5805714286
0.9761881232,508,412,323,0.5521739130,0.6113116727,0.5802398629
0.9761693478,508,413,323,0.5515743757,0.6113116727,0.5799086758
0.9761577845,509,413,322,0.5520607375,0.6125150421,0.5807187678
0.9761560559,510,413,321,0.5525460455,0.6137184116,0.5815279361
0.9761551619,510,414,321,0.5519480519,0.6137184116,0.5811965812
0.9761369824,510,415,321,0.5513513514,0.6137184116,0.5808656036
0.9761214256,511,415,320,0.5518358531,0.6149217810,0.5816733068
0.9761000872,512,415,319,0.5523193096,0.6161251504,0.5824800910
0.9760311246,513,415,318,0.5528017241,0.6173285199,0.5832859579
0.9760228395,514,415,317,0.5532831001,0.6185318893,0.5840909091
0.9760069251,514,416,317,0.5526881720,0.6185318893,0.5837592277
0.9759752750,515,416,316,0.5531686359,0.6197352587,0.5845629966
0.9759697318,516,416,315,0.5536480687,0.6209386282,0.5853658537
0.9759535789,517,416,314,0.5541264737,0.6221419976,0.5861678005
0.9759523273,517,417,314,0.5535331906,0.6221419976,0.5858356941
0.9758922458,517,418,314,0.5529411765,0.6221419976,0.5855039638
0.9758577347,517,419,314,0.5523504274,0.6221419976,0.5851726089
0.9758045077,518,419,313,0.5528281750,0.6233453670,0.5859728507
0.9758018851,519,419,312,0.5533049041,0.6245487365,0.5867721877
0.9757869244,520,419,311,0.5537806177,0.6257521059,0.5875706215
0.9757376909,521,419,310,0.5542553191,0.6269554753,0.5883681536
0.9757330418,522,419,309,0.5547290117,0.6281588448,0.5891647856
0.9757306576,523,419,308,0.5552016985,0.6293622142,0.5899605189
0.9757265449,524,419,307,0.5556733828,0.6305655836,0.5907553551
0.9757168889,524,420,307,0.5550847458,0.6305655836,0.5904225352
0.9757129550,525,420,306,0.5555555556,0.6317689531,0.5912162162
0.9756238461,526,420,305,0.5560253700,0.6329723225,0.5920090039
0.9756203294,526,421,305,0.5554382260,0.6329723225,0.5916760405
0.9755865335,527,421,304,0.5559071730,0.6341756919,0.5924676785
0.9755678177,528,421,303,0.5563751317,0.6353790614,0.5932584270
0.9755374193,529,421,302,0.5568421053,0.6365824308,0.5940482875
0.9755098224,530,421,301,0.5573080967,0.6377858002,0.5948372615
0.9755064249,531,421,300,0.5577731092,0.6389891697,0.5956253505
0.9754725099,531,422,300,0.5571878279,0.6389891697,0.5952914798
0.9754706025,532,422,299,0.5576519916,0.6401925391,0.5960784314
0.9754647017,532,423,299,0.5570680628,0.6401925391,0.5957446809
0.9754436016,532,424,299,0.5564853556,0.6401925391,0.5954113039
0.9754299521,533,424,298,0.5569487983,0.6413959085,0.5961968680
0.9754212499,534,424,297,0.5574112735,0.6425992780,0.5969815539
0.9754143357,535,424,296,0.5578727842,0.6438026474,0.5977653631
0.9753845930,536,424,295,0.5583333333,0.6450060168,0.5985482970
0.9753069282,537,424,294,0.5587929240,0.6462093863,0.5993303571
0.9753041863,537,425,294,0.5582120582,0.6462093863,0.5989960959
0.9752623439,538,425,293,0.5586708204,0.6474127557,0.5997770346
0.9752500057,538,426,293,0.5580912863,0.6474127557,0.5994428969
0.9752388597,539,426,292,0.5585492228,0.6486161252,0.6002227171
0.9752365947,539,427,292,0.5579710145,0.6486161252,0.5998887034
0.9752181172,539,428,292,0.5573940021,0.6486161252,0.5995550612
0.9752021432,539,429,292,0.5568181818,0.6486161252,0.5992217899
0.9751961231,540,429,291,0.5572755418,0.6498194946,0.6000000000
0.9751477242,540,430,291,0.5567010309,0.6498194946,0.5996668517
0.9751467109,540,431,291,0.5561277034,0.6498194946,0.5993340733
0.9751119018,541,431,290,0.5565843621,0.6510228640,0.6001109262
0.9750739336,542,431,289,0.5570400822,0.6522262335,0.6008869180
0.9750519395,543,431,288,0.5574948665,0.6534296029,0.6016620499
0.9749761224,543,432,288,0.5569230769,0.6534296029,0.6013289037
0.9749500751,544,432,287,0.5573770492,0.6546329723,0.6021029330
0.9749480486,544,433,287,0.5568065507,0.6546329723,0.6017699115
0.9749448895,544,434,287,0.5562372188,0.6546329723,0.6014372582
0.9749232531,545,434,286,0.5566905005,0.6558363418,0.6022099448
0.9749169946,547,434,284,0.5575942915,0.6582430806,0.6037527594
0.9749115705,548,434,283,0.5580448065,0.6594464501,0.6045228902
0.9747937322,548,435,283,0.5574771109,0.6594464501,0.6041896362
0.9747918248,548,436,283,0.5569105691,0.6594464501,0.6038567493
0.9747917056,548,437,283,0.5563451777,0.6594464501,0.6035242291
0.9747773409,548,438,283,0.5557809331,0.6594464501,0.6031920748
0.9747715592,549,438,282,0.5562310030,0.6606498195,0.6039603960
0.9747353196,549,439,282,0.5556680162,0.6606498195,0.6036283672
0.9747346044,549,440,282,0.5551061678,0.6606498195,0.6032967033
0.9747329354,550,440,281,0.5555555556,0.6618531889,0.6040637013
0.9747289419,551,440,280,0.5560040363,0.6630565584,0.6048298573
0.9747135639,552,440,279,0.5564516129,0.6642599278,0.6055951728
0.9747130871,553,440,278,0.5568982880,0.6654632972,0.6063596491
0.9746637344,554,440,277,0.5573440644,0.6666666667,0.6071232877
0.9746330380,555,440,276,0.5577889447,0.6678700361,0.6078860898
0.9745860100,556,440,275,0.5582329317,0.6690734055,0.6086480569
0.9745711088,557,440,274,0.5586760281,0.6702767750,0.6094091904
0.9745591879,558,440,273,0.5591182365,0.6714801444,0.6101694915
0.9745138884,559,440,272,0.5595595596,0.6726835138,0.6109289617
0.9745083451,560,440,271,0.5600000000,0.6738868833,0.6116876024
0.9744837880,561,440,270,0.5604395604,0.6750902527,0.6124454148
0.9744703174,561,441,270,0.5598802395,0.6750902527,0.6121112930
0.9744687676,561,442,270,0.5593220339,0.6750902527,0.6117775354
0.9744389653,562,442,269,0.5597609562,0.6762936221,0.6125340599
0.9743468761,563,442,268,0.5601990050,0.6774969916,0.6132897603
0.9743432403,564,442,267,0.5606361829,0.6787003610,0.6140446380
0.9743375778,564,443,267,0.5600794439,0.6787003610,0.6137105550
0.9743202329,564,444,267,0.5595238095,0.6787003610,0.6133768352
0.9743201137,564,445,267,0.5589692765,0.6787003610,0.6130434783
0.9743078947,565,445,266,0.5594059406,0.6799037304,0.6137968495
0.9743013382,566,445,265,0.5598417409,0.6811070999,0.6145494028
0.9742820263,566,446,265,0.5592885375,0.6811070999,0.6142159523
0.9742704630,567,446,264,0.5597235933,0.6823104693,0.6149674620
0.9742639065,568,446,263,0.5601577909,0.6835138387,0.6157181572
0.9742447734,569,446,262,0.5605911330,0.6847172082,0.6164680390
0.9742421508,569,447,262,0.5600393701,0.6847172082,0.6161342718
0.9741935134,570,447,261,0.5604719764,0.6859205776,0.6168831169
0.9741850495,570,448,261,0.5599214145,0.6859205776,0.6165494862
0.9741655588,571,448,260,0.5603532875,0.6871239471,0.6172972973
0.9741513133,571,449,260,0.5598039216,0.6871239471,0.6169638033
0.9741428494,571,450,260,0.5592556317,0.6871239471,0.6166306695
0.9741303921,572,450,259,0.5596868885,0.6883273165,0.6173772261
0.9740456939,573,450,258,0.5601173021,0.6895306859,0.6181229773
0.9740175009,574,450,257,0.5605468750,0.6907340554,0.6188679245
0.9740039706,575,450,256,0.5609756098,0.6919374248,0.6196120690
0.9739478827,575,451,256,0.5604288499,0.6919374248,0.6192784060
0.9739450216,575,452,256,0.5598831548,0.6919374248,0.6189451023
0.9739339352,576,452,255,0.5603112840,0.6931407942,0.6196880043
0.9739308953,577,452,254,0.5607385811,0.6943441637,0.6204301075
0.9739167690,577,453,254,0.5601941748,0.6943441637,0.6200967222
0.9738784432,577,454,254,0.5596508244,0.6943441637,0.6197636950
0.9738677740,578,454,253,0.5600775194,0.6955475331,0.6205045625
0.9738602042,578,455,253,0.5595353340,0.6955475331,0.6201716738
0.9738494754,579,455,252,0.5599613153,0.6967509025,0.6209115282
0.9738075733,580,455,251,0.5603864734,0.6979542720,0.6216505895
0.9738024473,580,456,251,0.5598455598,0.6979542720,0.6213176219
0.9737792611,581,456,250,0.5602700096,0.6991576414,0.6220556745
0.9737553000,582,456,249,0.5606936416,0.7003610108,0.6227929374
0.9737359881,582,457,249,0.5601539942,0.7003610108,0.6224598930
0.9737251401,582,458,249,0.5596153846,0.7003610108,0.6221272047
0.9736966491,583,458,248,0.5600384246,0.7015643803,0.6228632479
0.9736812711,584,458,247,0.5604606526,0.7027677497,0.6235985051
0.9736605883,585,458,246,0.5608820709,0.7039711191,0.6243329776
0.9736463428,586,458,245,0.5613026820,0.7051744886,0.6250666667
0.9736444354,587,458,244,0.5617224880,0.7063778580,0.6257995736
0.9736434221,587,459,244,0.5611854685,0.7063778580,0.6254661694
0.9736298919,588,459,243,0.5616045845,0.7075812274,0.6261980831
0.9735071659,589,459,242,0.5620229008,0.7087845969,0.6269292177
0.9735001326,590,459,241,0.5624404194,0.7099879663,0.6276595745
0.9734721184,590,460,241,0.5619047619,0.7099879663,0.6273258905
0.9734473825,591,460,240,0.5623215985,0.7111913357,0.6280552604
0.9734405279,592,460,239,0.5627376426,0.7123947052,0.6287838555
0.9734318256,593,460,238,0.5631528965,0.7135980746,0.6295116773
0.9734279513,593,461,238,0.5626185958,0.7135980746,0.6291777188
0.9734093547,593,462,238,0.5620853081,0.7135980746,0.6288441145
0.9734050632,594,462,237,0.5625000000,0.7148014440,0.6295707472
0.9733914733,595,462,236,0.5629139073,0.7160048135,0.6302966102
0.9733346701,596,462,235,0.5633270321,0.7172081829,0.6310217046
0.9733101726,596,463,235,0.5627950897,0.7172081829,0.6306878307
0.9732686281,596,464,235,0.5622641509,0.7172081829,0.6303543099
0.9732373357,597,464,234,0.5626767201,0.7184115523,0.6310782241
0.9732205272,597,465,234,0.5621468927,0.7184115523,0.6307448494
0.9732003212,597,466,234,0.5616180621,0.7184115523,0.6304118268
0.9731551409,598,466,233,0.5620300752,0.7196149218,0.6311345646
0.9731366038,599,466,232,0.5624413146,0.7208182912,0.6318565401
0.9730950594,600,466,231,0.5628517824,0.7220216606,0.6325777543
0.9730369449,600,467,231,0.5623242737,0.7220216606,0.6322444679
0.9730299711,600,468,231,0.5617977528,0.7220216606,0.6319115324
0.9730246663,601,468,230,0.5622076707,0.7232250301,0.6326315789
0.9729921222,601,469,230,0.5616822430,0.7232250301,0.6322987901
0.9729747772,602,469,229,0.5620915033,0.7244283995,0.6330178759
0.9729612470,603,469,228,0.5625000000,0.7256317690,0.6337362060
0.9729546905,604,470,227,0.5623836127,0.7268351384,0.6341207349
0.9729510546,605,470,226,0.5627906977,0.7280385078,0.6348373557
0.9729365110,605,471,226,0.5622676580,0.7280385078,0.6345044573
0.9729310870,605,472,226,0.5617455896,0.7280385078,0.6341719078
0.9729079604,605,473,226,0.5612244898,0.7280385078,0.6338397067
0.9728547335,605,474,226,0.5607043559,0.7280385078,0.6335078534
0.9727998972,606,474,225,0.5611111111,0.7292418773,0.6342229199
0.9727994204,606,475,225,0.5605920444,0.7292418773,0.6338912134
0.9727443457,607,475,224,0.5609981516,0.7304452467,0.6346053319
0.9727406502,607,476,224,0.5604801477,0.7304452467,0.6342737722
0.9727067947,608,476,223,0.5608856089,0.7316486161,0.6349869452
0.9726984501,609,476,222,0.5612903226,0.7328519856,0.6356993737
0.9726842642,609,477,222,0.5607734807,0.7328519856,0.6353677621
0.9726819992,609,478,222,0.5602575897,0.7328519856,0.6350364964
0.9726539254,610,478,221,0.5606617647,0.7340553550,0.6357477853
0.9726260900,610,479,221,0.5601469238,0.7340553550,0.6354166667
0.9726077914,611,479,220,0.5605504587,0.7352587244,0.6361270172
0.9725947976,612,479,219,0.5609532539,0.7364620939,0.6368366285
0.9725580812,613,479,218,0.5613553114,0.7376654633,0.6375455018
0.9725477099,614,479,217,0.5617566331,0.7388688327,0.6382536383
0.9725090265,614,480,217,0.5612431444,0.7388688327,0.6379220779
0.9724150896,614,481,217,0.5607305936,0.7388688327,0.6375908619
0.9724105000,615,481,216,0.5611313869,0.7400722022,0.6382978723
0.9724016786,616,481,215,0.5615314494,0.7412755716,0.6390041494
0.9723669887,616,482,215,0.5610200364,0.7412755716,0.6386728875
0.9723363519,616,483,215,0.5605095541,0.7412755716,0.6383419689
0.9723305702,616,484,215,0.5600000000,0.7412755716,0.6380113931
0.9723289013,617,484,214,0.5603996367,0.7424789410,0.6387163561
0.9723206758,617,485,214,0.5598911071,0.7424789410,0.6383859286
0.9723010659,617,486,214,0.5593834995,0.7424789410,0.6380558428
0.9721926451,617,487,214,0.5588768116,0.7424789410,0.6377260982
0.9721287489,618,487,213,0.5592760181,0.7436823105,0.6384297521
0.9721109867,618,489,213,0.5582655827,0.7436823105,0.6377708978
0.9721044302,618,490,213,0.5577617329,0.7436823105,0.6374419804
0.9720716476,618,491,213,0.5572587917,0.7436823105,0.6371134021
0.9719494581,619,491,212,0.5576576577,0.7448856799,0.6378155590
0.9719360471,619,492,212,0.5571557156,0.7448856799,0.6374871267
0.9719229937,619,493,212,0.5566546763,0.7448856799,0.6371590324
0.9719169140,620,493,211,0.5570530099,0.7460890493,0.6378600823
0.9718900919,620,494,211,0.5565529623,0.7460890493,0.6375321337
0.9718725681,621,494,210,0.5569506726,0.7472924188,0.6382322713
0.9718375206,622,494,209,0.5573476703,0.7484957882,0.6389316898
0.9718014002,623,494,208,0.5577439570,0.7496991576,0.6396303901
0.9717905521,624,494,207,0.5581395349,0.7509025271,0.6403283735
0.9717527628,624,495,207,0.5576407507,0.7509025271,0.6400000000
0.9717260599,625,495,206,0.5580357143,0.7521058965,0.6406970784
0.9717196822,626,495,205,0.5584299732,0.7533092659,0.6413934426
0.9716892838,626,496,205,0.5579322638,0.7533092659,0.6410650282
0.9716633558,626,497,205,0.5574354408,0.7533092659,0.6407369498
0.9716547132,627,497,204,0.5578291815,0.7545126354,0.6414322251
0.9715865254,627,498,204,0.5573333333,0.7545126354,0.6411042945
0.9715546966,628,498,203,0.5577264654,0.7557160048,0.6417986714
0.9715534449,628,499,203,0.5572315883,0.7557160048,0.6414708887
0.9715226889,628,500,203,0.5567375887,0.7557160048,0.6411434405
0.9714775085,628,501,203,0.5562444641,0.7557160048,0.6408163265
0.9714767933,629,501,202,0.5566371681,0.7569193742,0.6415094340
0.9714358449,629,502,202,0.5561450044,0.7569193742,0.6411824669
0.9713376760,630,502,201,0.5565371025,0.7581227437,0.6418746816
0.9713326097,630,503,201,0.5560458959,0.7581227437,0.6415478615
0.9712622166,631,503,200,0.5564373898,0.7593261131,0.6422391858
0.9712575674,632,503,199,0.5568281938,0.7605294826,0.6429298067
0.9711767435,632,504,199,0.5563380282,0.7605294826,0.6426029487
0.9711587429,632,505,199,0.5558487247,0.7605294826,0.6422764228
0.9711333513,632,506,199,0.5553602812,0.7605294826,0.6419502285
0.9710739851,633,506,198,0.5557506585,0.7617328520,0.6426395939
0.9710723758,634,506,197,0.5561403509,0.7629362214,0.6433282598
0.9710619450,634,507,197,0.5556529360,0.7629362214,0.6430020284
0.9710167646,635,507,196,0.5560420315,0.7641395909,0.6436898125
0.9709593058,635,508,196,0.5555555556,0.7641395909,0.6433637285
0.9709011316,636,508,195,0.5559440559,0.7653429603,0.6440506329
0.9708831310,637,508,194,0.5563318777,0.7665463297,0.6447368421
0.9708638191,638,508,193,0.5567190227,0.7677496992,0.6454223571
0.9708333611,638,509,193,0.5562336530,0.7677496992,0.6450960566
0.9708299637,638,510,193,0.5557491289,0.7677496992,0.6447700859
0.9707480669,639,510,192,0.5561357702,0.7689530686,0.6454545455
0.9707474113,639,511,192,0.5556521739,0.7689530686,0.6451287229
0.9706923962,640,511,191,0.5560382276,0.7701564380,0.6458123108
0.9706647396,640,512,191,0.5555555556,0.7701564380,0.6454866364
0.9706553221,640,513,191,0.5550737207,0.7701564380,0.6451612903
0.9705913067,641,513,190,0.5554592721,0.7713598075,0.6458438287
0.9705858827,641,514,190,0.5549783550,0.7713598075,0.6455186304
0.9705672860,642,514,189,0.5553633218,0.7725631769,0.6462003020
0.9705077410,643,514,188,0.5557476232,0.7737665463,0.6468812877
0.9703777432,643,515,188,0.5552677029,0.7737665463,0.6465560583
0.9703736901,644,515,187,0.5556514236,0.7749699158,0.6472361809
0.9703474641,645,515,186,0.5560344828,0.7761732852,0.6479156203
0.9702755809,645,516,186,0.5555555556,0.7761732852,0.6475903614
0.9702632427,645,517,186,0.5550774527,0.7761732852,0.6472654290
0.9702343345,646,517,185,0.5554600172,0.7773766546,0.6479438315
0.9702180624,647,517,184,0.5558419244,0.7785800241,0.6486215539
0.9701716900,648,517,183,0.5562231760,0.7797833935,0.6492985972
0.9701398015,649,517,182,0.5566037736,0.7809867629,0.6499749624
0.9701111317,649,518,182,0.5561268209,0.7809867629,0.6496496496
0.9700796008,649,519,182,0.5556506849,0.7809867629,0.6493246623
0.9700446129,650,519,181,0.5560307956,0.7821901324,0.6500000000
0.9699860215,650,520,181,0.5555555556,0.7821901324,0.6496751624
0.9699302912,650,521,181,0.5550811272,0.7821901324,0.6493506494
0.9697306156,651,521,180,0.5554607509,0.7833935018,0.6500249626
0.9697247744,651,522,180,0.5549872123,0.7833935018,0.6497005988
0.9697068334,652,522,179,0.5553662692,0.7845968712,0.6503740648
0.9697017074,652,523,179,0.5548936170,0.7845968712,0.6500498504
0.9696608782,653,523,178,0.5552721088,0.7858002407,0.6507224714
0.9696394801,653,524,178,0.5548003398,0.7858002407,0.6503984064
0.9696261287,653,525,178,0.5543293718,0.7858002407,0.6500746640
0.9695906043,653,526,178,0.5538592027,0.7858002407,0.6497512438
0.9695876837,653,527,178,0.5533898305,0.7858002407,0.6494281452
0.9695841074,653,528,178,0.5529212532,0.7858002407,0.6491053678
0.9695534110,653,529,178,0.5524534687,0.7858002407,0.6487829111
0.9694688916,654,529,177,0.5528317836,0.7870036101,0.6494538232
0.9694059491,655,529,176,0.5532094595,0.7882069795,0.6501240695
0.9693979025,656,529,175,0.5535864979,0.7894103490,0.6507936508
0.9692714214,656,530,175,0.5531197302,0.7894103490,0.6504709965
0.9692686200,656,531,175,0.5526537489,0.7894103490,0.6501486620
0.9692049026,656,532,175,0.5521885522,0.7894103490,0.6498266469
0.9691902399,657,532,174,0.5525651808,0.7906137184,0.6504950495
0.9691325426,658,532,173,0.5529411765,0.7918170878,0.6511627907
0.9690808654,659,532,172,0.5533165407,0.7930204573,0.6518298714
0.9689748287,659,533,172,0.5528523490,0.7930204573,0.6515076619
0.9689231515,659,534,172,0.5523889355,0.7930204573,0.6511857708
0.9687809348,659,535,172,0.5519262982,0.7930204573,0.6508641975
0.9687384963,660,535,171,0.5523012552,0.7942238267,0.6515301086
0.9686996937,660,536,171,0.5518394649,0.7942238267,0.6512086828
0.9686986804,661,536,170,0.5522138680,0.7954271961,0.6518737673
0.9686546326,661,537,170,0.5517529215,0.7954271961,0.6515524889
0.9686368108,661,538,170,0.5512927440,0.7954271961,0.6512315271
0.9685158134,662,538,169,0.5516666667,0.7966305656,0.6518956179
0.9684600234,662,539,169,0.5512073272,0.7966305656,0.6515748031
0.9683928490,662,540,169,0.5507487521,0.7966305656,0.6512543040
0.9683411717,663,540,168,0.5511221945,0.7978339350,0.6519174041
0.9683377147,663,541,168,0.5506644518,0.7978339350,0.6515970516
0.9683271050,663,542,168,0.5502074689,0.7978339350,0.6512770138
0.9683216214,663,543,168,0.5497512438,0.7978339350,0.6509572901
0.9682728052,664,543,167,0.5501242751,0.7990373045,0.6516192345
0.9682497382,665,543,166,0.5504966887,0.8002406739,0.6522805297
0.9682177901,666,543,165,0.5508684864,0.8014440433,0.6529411765
0.9679949880,666,544,165,0.5504132231,0.8014440433,0.6526212641
0.9679701924,666,545,165,0.5499587118,0.8014440433,0.6523016650
0.9679667354,667,545,164,0.5503300330,0.8026474128,0.6529613314
0.9679412842,667,546,164,0.5498763397,0.8026474128,0.6526418787
0.9679360390,667,547,164,0.5494233937,0.8026474128,0.6523227384
0.9679200649,667,548,164,0.5489711934,0.8026474128,0.6520039101
0.9678924680,668,548,163,0.5493421053,0.8038507822,0.6526624328
0.9678621292,669,548,162,0.5497124076,0.8050541516,0.6533203125
0.9678558707,670,548,161,0.5500821018,0.8062575211,0.6539775500
0.9677858353,671,548,160,0.5504511895,0.8074608905,0.6546341463
0.9677608609,671,549,160,0.5500000000,0.8074608905,0.6543149683
0.9676984549,671,550,160,0.5495495495,0.8074608905,0.6539961014
0.9675567746,671,551,160,0.5490998363,0.8074608905,0.6536775451
0.9675530791,672,551,159,0.5494685200,0.8086642599,0.6543330088
0.9675518870,673,551,158,0.5498366013,0.8098676294,0.6549878345
0.9675122499,674,551,157,0.5502040816,0.8110709988,0.6556420233
0.9675102234,674,552,157,0.5497553018,0.8110709988,0.6553232863
0.9674680829,674,553,157,0.5493072535,0.8110709988,0.6550048591
0.9673636556,675,553,156,0.5496742671,0.8122743682,0.6556580864
0.9672817588,676,553,155,0.5500406835,0.8134777377,0.6563106796
0.9672008157,676,554,155,0.5495934959,0.8134777377,0.6559922368
0.9671939015,676,555,155,0.5491470349,0.8134777377,0.6556741028
0.9671500921,677,555,154,0.5495129870,0.8146811071,0.6563257392
0.9670754671,677,556,154,0.5490673155,0.8146811071,0.6560077519
0.9670576453,677,557,154,0.5486223663,0.8146811071,0.6556900726
0.9670509696,677,558,154,0.5481781377,0.8146811071,0.6553727009
0.9669918418,677,559,154,0.5477346278,0.8146811071,0.6550556362
0.9669674635,677,560,154,0.5472918351,0.8146811071,0.6547388781
0.9668478370,677,561,154,0.5468497577,0.8146811071,0.6544224263
0.9668051004,677,562,154,0.5464083939,0.8146811071,0.6541062802
0.9666056633,678,562,153,0.5467741935,0.8158844765,0.6547561564
0.9665369391,679,562,152,0.5471394037,0.8170878460,0.6554054054
0.9664372802,679,563,152,0.5466988728,0.8170878460,0.6550892426
0.9663888812,679,564,152,0.5462590507,0.8170878460,0.6547733848
0.9663848281,679,565,152,0.5458199357,0.8170878460,0.6544578313
0.9663667083,679,566,152,0.5453815261,0.8170878460,0.6541425819
0.9663643837,680,566,151,0.5457463884,0.8182912154,0.6547905633
0.9663573503,681,566,150,0.5461106656,0.8194945848,0.6554379211
0.9663335085,682,566,149,0.5464743590,0.8206979543,0.6560846561
0.9662893414,683,566,148,0.5468374700,0.8219013237,0.6567307692
0.9662833214,683,567,148,0.5464000000,0.8219013237,0.6564151850
0.9662727714,683,568,148,0.5459632294,0.8219013237,0.6560999039
0.9662525058,684,568,147,0.5463258786,0.8231046931,0.6567450792
0.9662193060,685,568,146,0.5466879489,0.8243080626,0.6573896353
0.9662021995,686,568,145,0.5470494418,0.8255114320,0.6580335731
0.9661630392,686,569,145,0.5466135458,0.8255114320,0.6577181208
0.9661291838,686,570,145,0.5461783439,0.8255114320,0.6574029708
0.9661180377,686,571,145,0.5457438345,0.8255114320,0.6570881226
0.9660997987,686,572,145,0.5453100159,0.8255114320,0.6567735759
0.9658427835,686,573,145,0.5448768864,0.8255114320,0.6564593301
0.9658302069,686,574,145,0.5444444444,0.8255114320,0.6561453850
0.9658247232,686,575,145,0.5440126883,0.8255114320,0.6558317400
0.9658041596,687,575,144,0.5443740095,0.8267148014,0.6564739608
0.9655786157,687,576,144,0.5439429929,0.8267148014,0.6561604585
0.9655122757,688,576,143,0.5443037975,0.8279181709,0.6568019093
0.9654688239,688,577,143,0.5438735178,0.8279181709,0.6564885496
0.9654116035,689,577,142,0.5442338073,0.8291215403,0.6571292322
0.9654102325,690,577,141,0.5445935280,0.8303249097,0.6577693041
0.9653914571,690,578,141,0.5441640379,0.8303249097,0.6574559314
0.9653586149,690,579,141,0.5437352246,0.8303249097,0.6571428571
0.9653115869,690,580,141,0.5433070866,0.8303249097,0.6568300809
0.9652879238,690,581,141,0.5428796223,0.8303249097,0.6565176023
0.9652835131,691,581,140,0.5432389937,0.8315282792,0.6571564432
0.9652731419,691,582,140,0.5428122545,0.8315282792,0.6568441065
0.9652387500,691,583,140,0.5423861852,0.8315282792,0.6565320665
0.9652298689,691,584,140,0.5419607843,0.8315282792,0.6562203229
0.9651853442,692,584,139,0.5423197492,0.8327316486,0.6568580921
0.9651763439,692,585,139,0.5418950666,0.8327316486,0.6565464896
0.9651604295,692,586,139,0.5414710485,0.8327316486,0.6562351826
0.9648802280,692,587,139,0.5410476935,0.8327316486,0.6559241706
0.9648549557,692,588,139,0.5406250000,0.8327316486,0.6556134533
0.9648281932,692,589,139,0.5402029664,0.8327316486,0.6553030303
0.9647712708,692,590,139,0.5397815913,0.8327316486,0.6549929011
0.9646514654,692,591,139,0.5393608730,0.8327316486,0.6546830653
0.9645541906,693,591,138,0.5397196262,0.8339350181,0.6553191489
0.9644802213,694,591,137,0.5400778210,0.8351383875,0.6559546314
0.9643429518,695,591,136,0.5404354588,0.8363417569,0.6565895135
0.9641607404,696,591,135,0.5407925408,0.8375451264,0.6572237960
0.9641138315,697,591,134,0.5411490683,0.8387484958,0.6578574799
0.9641126394,697,592,134,0.5407292475,0.8387484958,0.6575471698
0.9641011953,697,593,134,0.5403100775,0.8387484958,0.6572371523
0.9640395045,697,594,134,0.5398915569,0.8387484958,0.6569274270
0.9640391469,698,594,133,0.5402476780,0.8399518652,0.6575600565
0.9639626145,698,595,133,0.5398298531,0.8399518652,0.6572504708
0.9639042616,698,596,133,0.5394126739,0.8399518652,0.6569411765
0.9638149738,698,597,133,0.5389961390,0.8399518652,0.6566321731
0.9638091922,699,597,132,0.5393518519,0.8411552347,0.6572637518
0.9637985826,699,598,132,0.5389360062,0.8411552347,0.6569548872
0.9637637138,699,599,132,0.5385208012,0.8411552347,0.6566463128
0.9637012482,700,599,131,0.5388760585,0.8423586041,0.6572769953
0.9636760354,700,600,131,0.5384615385,0.8423586041,0.6569685594
0.9635546803,700,601,131,0.5380476556,0.8423586041,0.6566604128
0.9634236693,700,602,131,0.5376344086,0.8423586041,0.6563525551
0.9634026289,701,602,130,0.5379892556,0.8435619735,0.6569821931
0.9633882642,702,602,129,0.5383435583,0.8447653430,0.6576112412
0.9633458853,703,602,128,0.5386973180,0.8459687124,0.6582397004
0.9633413553,703,603,128,0.5382848392,0.8459687124,0.6579316799
0.9633081555,704,603,127,0.5386381025,0.8471720818,0.6585594013
0.9632423520,704,604,127,0.5382262997,0.8471720818,0.6582515194
0.9632027745,704,605,127,0.5378151261,0.8471720818,0.6579439252
0.9630958438,704,606,127,0.5374045802,0.8471720818,0.6576366184
0.9629071355,704,607,127,0.5369946606,0.8471720818,0.6573295985
0.9628629088,705,607,126,0.5373475610,0.8483754513,0.6579561363
0.9628617764,706,607,125,0.5376999238,0.8495788207,0.6585820896
0.9628463387,706,608,125,0.5372907154,0.8495788207,0.6582750583
0.9628202319,706,609,125,0.5368821293,0.8495788207,0.6579683131
0.9626165032,707,609,124,0.5372340426,0.8507821901,0.6585933861
0.9625917673,707,610,124,0.5368261200,0.8507821901,0.6582867784
0.9624053240,708,610,123,0.5371775417,0.8519855596,0.6589111215
0.9623020291,708,611,123,0.5367702805,0.8519855596,0.6586046512
0.9622812867,709,611,122,0.5371212121,0.8531889290,0.6592282659
0.9622231126,710,611,121,0.5374716124,0.8543922984,0.6598513011
0.9620906711,711,611,120,0.5378214826,0.8555956679,0.6604737575
0.9620466232,711,612,120,0.5374149660,0.8555956679,0.6601671309
0.9619773626,711,613,120,0.5370090634,0.8555956679,0.6598607889
0.9619057775,711,614,120,0.5366037736,0.8555956679,0.6595547310
0.9618689418,711,615,120,0.5361990950,0.8555956679,0.6592489569
0.9618611932,711,616,120,0.5357950264,0.8555956679,0.6589434662
0.9618518353,711,617,120,0.5353915663,0.8555956679,0.6586382585
0.9618092775,711,618,120,0.5349887133,0.8555956679,0.6583333333
0.9616912603,711,619,120,0.5345864662,0.8555956679,0.6580286904
0.9613261819,712,619,119,0.5349361382,0.8567990373,0.6586493987
0.9612998366,712,620,119,0.5345345345,0.8567990373,0.6583448914
0.9612515569,713,620,118,0.5348837209,0.8580024067,0.6589648799
0.9611889124,714,620,117,0.5352323838,0.8592057762,0.6595842956
0.9610229731,715,620,116,0.5355805243,0.8604091456,0.6602031394
0.9609829187,715,621,116,0.5351796407,0.8604091456,0.6598984772
0.9609404206,716,621,115,0.5355272999,0.8616125150,0.6605166052
0.9609234333,716,622,115,0.5351270553,0.8616125150,0.6602120793
0.9608952403,716,623,115,0.5347274085,0.8616125150,0.6599078341
0.9608848095,717,623,114,0.5350746269,0.8628158845,0.6605251036
0.9608286619,718,623,113,0.5354213274,0.8640192539,0.6611418048
0.9608193040,719,623,112,0.5357675112,0.8652226233,0.6617579383
0.9607896209,719,624,112,0.5353685778,0.8652226233,0.6614535419
0.9606589079,719,625,112,0.5349702381,0.8652226233,0.6611494253
0.9606351256,719,626,112,0.5345724907,0.8652226233,0.6608455882
0.9604318738,719,627,112,0.5341753343,0.8652226233,0.6605420303
0.9604132175,719,628,112,0.5337787676,0.8652226233,0.6602387511
0.9602487087,720,628,111,0.5341246291,0.8664259928,0.6608536026
0.9602308869,721,628,110,0.5344699778,0.8676293622,0.6614678899
0.9601998329,722,628,109,0.5348148148,0.8688327316,0.6620816139
0.9601913691,722,629,109,0.5344189489,0.8688327316,0.6617781852
0.9598732591,723,629,108,0.5347633136,0.8700361011,0.6623912048
0.9598251581,724,629,107,0.5351071693,0.8712394705,0.6630036630
0.9597373009,725,629,106,0.5354505170,0.8724428400,0.6636155606
0.9597105384,725,630,106,0.5350553506,0.8724428400,0.6633119854
0.9596627355,725,631,106,0.5346607670,0.8724428400,0.6630086877
0.9596508145,726,631,105,0.5350036846,0.8736462094,0.6636197441
0.9595777988,726,632,105,0.5346097202,0.8736462094,0.6633165829
0.9594888091,726,633,105,0.5342163355,0.8736462094,0.6630136986
0.9594580531,726,634,105,0.5338235294,0.8736462094,0.6627110908
0.9594351053,726,635,105,0.5334313005,0.8736462094,0.6624087591
0.9594056010,727,635,104,0.5337738620,0.8748495788,0.6630186959
0.9593541622,727,636,104,0.5333822450,0.8748495788,0.6627164995
0.9593207836,727,637,104,0.5329912023,0.8748495788,0.6624145786
0.9593203664,727,638,104,0.5326007326,0.8748495788,0.6621129326
0.9592639804,727,639,104,0.5322108346,0.8748495788,0.6618115612
0.9592504501,728,639,103,0.5325530358,0.8760529483,0.6624203822
0.9592432380,729,639,102,0.5328947368,0.8772563177,0.6630286494
0.9591680765,730,639,101,0.5332359386,0.8784596871,0.6636363636
0.9587193131,730,640,101,0.5328467153,0.8784596871,0.6633348478
0.9586416483,730,641,101,0.5324580598,0.8784596871,0.6630336058
0.9585304260,731,641,100,0.5327988338,0.8796630566,0.6636404902
0.9585136771,731,642,100,0.5324107793,0.8796630566,0.6633393829
0.9582703114,731,643,100,0.5320232897,0.8796630566,0.6630385488
0.9582132697,732,643,99,0.5323636364,0.8808664260,0.6636446056
0.9581055641,733,643,98,0.5327034884,0.8820697954,0.6642501133
0.9580911398,734,643,97,0.5330428468,0.8832731649,0.6648550725
0.9580820203,735,643,96,0.5333817126,0.8844765343,0.6654594839
0.9579592943,736,643,95,0.5337200870,0.8856799037,0.6660633484
0.9579166174,737,643,94,0.5340579710,0.8868832732,0.6666666667
0.9578085542,738,643,93,0.5343953657,0.8880866426,0.6672694394
0.9576670527,739,643,92,0.5347322721,0.8892900120,0.6678716674
0.9576002359,740,643,91,0.5350686913,0.8904933815,0.6684733514
0.9575206637,740,644,91,0.5346820809,0.8904933815,0.6681715576
0.9574823380,741,644,90,0.5350180505,0.8916967509,0.6687725632
0.9574684501,742,644,89,0.5353535354,0.8929001203,0.6693730266
0.9573708773,742,645,89,0.5349675559,0.8929001203,0.6690712353
0.9573382139,742,646,89,0.5345821326,0.8929001203,0.6687697161
0.9572638869,742,647,89,0.5341972642,0.8929001203,0.6684684685
0.9571123123,742,648,89,0.5338129496,0.8929001203,0.6681674921
0.9568966031,743,648,88,0.5341480949,0.8941034898,0.6687668767
0.9567573071,744,648,87,0.5344827586,0.8953068592,0.6693657220
0.9567444324,744,649,87,0.5340990668,0.8953068592,0.6690647482
0.9566690326,745,649,86,0.5344332855,0.8965102286,0.6696629213
0.9563362002,745,650,86,0.5340501792,0.8965102286,0.6693620845
0.9562817812,745,651,86,0.5336676218,0.8965102286,0.6690615177
0.9562428594,745,652,86,0.5332856120,0.8965102286,0.6687612208
0.9560580254,745,653,86,0.5329041488,0.8965102286,0.6684611934
0.9558615088,746,653,85,0.5332380272,0.8977135981,0.6690582960
0.9558343887,746,654,85,0.5328571429,0.8977135981,0.6687584043
0.9557734728,746,655,85,0.5324768023,0.8977135981,0.6684587814
0.9557576180,747,655,84,0.5328102710,0.8989169675,0.6690550828
0.9557166696,747,656,84,0.5324305061,0.8989169675,0.6687555953
0.9556980133,747,657,84,0.5320512821,0.8989169675,0.6684563758
0.9555629492,748,657,83,0.5323843416,0.9001203369,0.6690518784
0.9555533528,748,658,83,0.5320056899,0.9001203369,0.6687527939
0.9553648829,748,659,83,0.5316275764,0.9001203369,0.6684539768
0.9553026557,749,659,82,0.5319602273,0.9013237064,0.6690486824
0.9552169442,749,660,82,0.5315826828,0.9013237064,0.6687500000
0.9546292424,750,660,81,0.5319148936,0.9025270758,0.6693440428
0.9545585513,750,661,81,0.5315379164,0.9025270758,0.6690454951
0.9544515610,751,661,80,0.5318696884,0.9037304452,0.6696388765
0.9543913007,752,661,79,0.5322009908,0.9049338147,0.6702317291
0.9543845654,752,662,79,0.5318246110,0.9049338147,0.6699331849
0.9543719888,752,663,79,0.5314487633,0.9049338147,0.6696349065
0.9543361664,752,664,79,0.5310734463,0.9049338147,0.6693368936
0.9542710185,752,665,79,0.5306986591,0.9049338147,0.6690391459
0.9541963339,753,665,78,0.5310296192,0.9061371841,0.6696309471
0.9540310502,754,665,77,0.5313601128,0.9073405535,0.6702222222
0.9539266825,754,666,77,0.5309859155,0.9073405535,0.6699244780
0.9539125562,755,666,76,0.5313159747,0.9085439230,0.6705150977
0.9538659453,756,666,75,0.5316455696,0.9097472924,0.6711051931
0.9536523223,756,667,75,0.5312719606,0.9097472924,0.6708074534
0.9535394907,756,668,75,0.5308988764,0.9097472924,0.6705099778
0.9535166025,757,668,74,0.5312280702,0.9109506619,0.6710992908
0.9533727765,757,669,74,0.5308555400,0.9109506619,0.6708019495
0.9533529878,757,670,74,0.5304835319,0.9109506619,0.6705048716
0.9532100558,758,670,73,0.5308123249,0.9121540313,0.6710934042
0.9531917572,758,671,73,0.5304408677,0.9121540313,0.6707964602
0.9531254768,759,671,72,0.5307692308,0.9133574007,0.6713843432
0.9530234933,759,672,72,0.5303983229,0.9133574007,0.6710875332
0.9530081153,759,673,72,0.5300279330,0.9133574007,0.6707909854
0.9529102445,759,674,72,0.5296580600,0.9133574007,0.6704946996
0.9528395534,760,674,71,0.5299860530,0.9145607702,0.6710816777
0.9528031945,761,674,70,0.5303135889,0.9157641396,0.6716681377
0.9525070786,762,674,69,0.5306406685,0.9169675090,0.6722540803
0.9524570107,762,675,69,0.5302713987,0.9169675090,0.6719576720
0.9524552822,762,676,69,0.5299026426,0.9169675090,0.6716615249
0.9523355961,762,677,69,0.5295343989,0.9169675090,0.6713656388
0.9518544674,762,678,69,0.5291666667,0.9169675090,0.6710700132
0.9517756701,762,679,69,0.5287994448,0.9169675090,0.6707746479
0.9516101480,762,680,69,0.5284327323,0.9169675090,0.6704795425
0.9515932202,762,681,69,0.5280665281,0.9169675090,0.6701846966
0.9513750672,763,681,68,0.5283933518,0.9181708785,0.6707692308
0.9512133598,763,682,68,0.5280276817,0.9181708785,0.6704745167
0.9512020350,763,683,68,0.5276625173,0.9181708785,0.6701800615
0.9509522915,763,684,68,0.5272978576,0.9181708785,0.6698858648
0.9505420923,764,684,67,0.5276243094,0.9193742479,0.6704695042
0.9504126310,765,684,66,0.5279503106,0.9205776173,0.6710526316
0.9503142238,766,684,65,0.5282758621,0.9217809868,0.6716352477
0.9500764608,767,684,64,0.5286009649,0.9229843562,0.6722173532
0.9500525594,767,685,64,0.5282369146,0.9229843562,0.6719229085
0.9499691725,767,686,64,0.5278733655,0.9229843562,0.6716287215
0.9499607086,767,687,64,0.5275103164,0.9229843562,0.6713347921
0.9499177933,768,687,63,0.5278350515,0.9241877256,0.6719160105
0.9498862624,768,688,63,0.5274725275,0.9241877256,0.6716222125
0.9496749640,768,689,63,0.5271105010,0.9241877256,0.6713286713
0.9496435523,769,689,62,0.5274348422,0.9253910951,0.6719091306
0.9495922923,770,689,61,0.5277587389,0.9265944645,0.6724890830
0.9494951367,770,690,61,0.5273972603,0.9265944645,0.6721955478
0.9491928816,770,691,61,0.5270362765,0.9265944645,0.6719022688
0.9490914345,770,692,61,0.5266757866,0.9265944645,0.6716092455
0.9490416050,770,693,61,0.5263157895,0.9265944645,0.6713164778
0.9487294555,770,694,61,0.5259562842,0.9265944645,0.6710239651
0.9482561946,771,694,60,0.5262798635,0.9277978339,0.6716027875
0.9482402205,771,695,60,0.5259208731,0.9277978339,0.6713104049
0.9481544495,771,696,60,0.5255623722,0.9277978339,0.6710182768
0.9481415153,772,696,59,0.5258855586,0.9290012034,0.6715963462
0.9481232762,773,696,58,0.5262083050,0.9302045728,0.6721739130
0.9479928017,773,697,58,0.5258503401,0.9302045728,0.6718817905
0.9477721453,773,698,58,0.5254928620,0.9302045728,0.6715899218
0.9477012753,773,699,58,0.5251358696,0.9302045728,0.6712983066
0.9474469423,773,700,58,0.5247793618,0.9302045728,0.6710069444
0.9472969174,773,701,58,0.5244233379,0.9302045728,0.6707158351
0.9465188980,773,702,58,0.5240677966,0.9302045728,0.6704249783
0.9460971355,773,703,58,0.5237127371,0.9302045728,0.6701343736
0.9460000396,774,703,57,0.5240352065,0.9314079422,0.6707105719
0.9457266927,774,704,57,0.5236806495,0.9314079422,0.6704200953
0.9455811977,775,704,56,0.5240027045,0.9326113117,0.6709956710
0.9452625513,775,705,56,0.5236486486,0.9326113117,0.6707053224
0.9452248812,776,705,55,0.5239702903,0.9338146811,0.6712802768
0.9451310635,777,705,54,0.5242914980,0.9350180505,0.6718547341
0.9447213411,777,706,54,0.5239379636,0.9350180505,0.6715643907
0.9446760416,778,706,53,0.5242587601,0.9362214200,0.6721382289
0.9446229339,778,707,53,0.5239057239,0.9362214200,0.6718480138
0.9444091916,778,708,53,0.5235531629,0.9362214200,0.6715580492
0.9443741441,778,709,53,0.5232010760,0.9362214200,0.6712683348
0.9442411065,779,709,52,0.5235215054,0.9374247894,0.6718413109
0.9440765381,779,710,52,0.5231699127,0.9374247894,0.6715517241
0.9439268708,780,710,51,0.5234899329,0.9386281588,0.6721240844
0.9437143803,780,711,51,0.5231388330,0.9386281588,0.6718346253
0.9436203241,780,712,51,0.5227882038,0.9386281588,0.6715454154
0.9435123801,780,713,51,0.5224380442,0.9386281588,0.6712564544
0.9433770776,780,714,51,0.5220883534,0.9386281588,0.6709677419
0.9431291819,781,714,50,0.5224080268,0.9398315283,0.6715391230
0.9429038167,782,714,49,0.5227272727,0.9410348977,0.6721100129
0.9427197576,782,715,49,0.5223780895,0.9410348977,0.6718213058
0.9426696301,782,716,49,0.5220293725,0.9410348977,0.6715328467
0.9424979687,783,716,48,0.5223482322,0.9422382671,0.6721030043
0.9424631596,783,717,48,0.5220000000,0.9422382671,0.6718146718
0.9421618581,784,717,47,0.5223184544,0.9434416366,0.6723842196
0.9421465397,784,718,47,0.5219707057,0.9434416366,0.6720960137
0.9421404004,785,718,46,0.5222887558,0.9446450060,0.6726649529
0.9418771267,785,719,46,0.5219414894,0.9446450060,0.6723768737
0.9414515495,785,720,46,0.5215946844,0.9446450060,0.6720890411
0.9414275289,786,720,45,0.5219123506,0.9458483755,0.6726572529
0.9412850142,787,720,44,0.5222295952,0.9470517449,0.6732249786
0.9412465096,788,720,43,0.5225464191,0.9482551143,0.6737922189
0.9412418604,788,721,43,0.5222001325,0.9482551143,0.6735042735
0.9412292838,788,722,43,0.5218543046,0.9482551143,0.6732165741
0.9411123991,788,723,43,0.5215089345,0.9482551143,0.6729291204
0.9410225153,788,724,43,0.5211640212,0.9482551143,0.6726419121
0.9407584071,788,725,43,0.5208195638,0.9482551143,0.6723549488
0.9404137135,788,726,43,0.5204755614,0.9482551143,0.6720682303
0.9400258064,789,726,42,0.5207920792,0.9494584838,0.6726342711
0.9399695396,789,727,42,0.5204485488,0.9494584838,0.6723476779
0.9399262667,790,727,41,0.5207646671,0.9506618532,0.6729131175
0.9396383166,791,727,40,0.5210803689,0.9518652226,0.6734780758
0.9393972754,791,728,40,0.5207373272,0.9518652226,0.6731914894
0.9390570521,791,729,40,0.5203947368,0.9518652226,0.6729051467
0.9388750196,791,730,40,0.5200525970,0.9518652226,0.6726190476
0.9382072687,791,731,40,0.5197109067,0.9518652226,0.6723331917
0.9378226399,792,731,39,0.5200262640,0.9530685921,0.6728971963
0.9376796484,792,732,39,0.5196850394,0.9530685921,0.6726114650
0.9375296235,792,733,39,0.5193442623,0.9530685921,0.6723259762
0.9371082783,792,734,39,0.5190039318,0.9530685921,0.6720407297
0.9370816946,792,735,39,0.5186640472,0.9530685921,0.6717557252
0.9368419051,792,736,39,0.5183246073,0.9530685921,0.6714709623
0.9366872907,792,737,39,0.5179856115,0.9530685921,0.6711864407
0.9365529418,792,738,39,0.5176470588,0.9530685921,0.6709021601
0.9365354776,792,739,39,0.5173089484,0.9530685921,0.6706181202
0.9360376000,792,740,39,0.5169712794,0.9530685921,0.6703343208
0.9358186126,792,741,39,0.5166340509,0.9530685921,0.6700507614
0.9354850650,792,742,39,0.5162972621,0.9530685921,0.6697674419
0.9353253841,793,742,38,0.5166123779,0.9542719615,0.6703296703
0.9352594018,793,743,38,0.5162760417,0.9542719615,0.6700464723
0.9347840548,793,744,38,0.5159401431,0.9542719615,0.6697635135
0.9343153238,793,745,38,0.5156046814,0.9542719615,0.6694807936
0.9338315725,794,745,37,0.5159194282,0.9554753309,0.6700421941
0.9337792993,794,746,37,0.5155844156,0.9554753309,0.6697595951
0.9335446358,794,747,37,0.5152498378,0.9554753309,0.6694772344
0.9331488609,794,748,37,0.5149156939,0.9554753309,0.6691951117
0.9331195951,794,749,37,0.5145819831,0.9554753309,0.6689132266
0.9329811335,795,749,36,0.5148963731,0.9566787004,0.6694736842
0.9325595498,796,749,35,0.5152103560,0.9578820698,0.6700336700
0.9319536686,797,749,34,0.5155239327,0.9590854392,0.6705931847
0.9319356084,798,749,33,0.5158371041,0.9602888087,0.6711522288
0.9318158627,798,750,33,0.5155038760,0.9602888087,0.6708701135
0.9314479232,798,751,33,0.5151710781,0.9602888087,0.6705882353
0.9311964512,798,752,33,0.5148387097,0.9602888087,0.6703065939
0.9307818413,799,752,32,0.5151515152,0.9614921781,0.6708648195
0.9305024743,799,753,32,0.5148195876,0.9614921781,0.6705832984
0.9303048253,800,753,31,0.5151320026,0.9626955475,0.6711409396
0.9301350713,800,754,31,0.5148005148,0.9626955475,0.6708595388
0.9297158718,801,754,30,0.5151125402,0.9638989170,0.6714165968
0.9296510816,801,755,30,0.5147814910,0.9638989170,0.6711353163
0.9295852780,802,755,29,0.5150931278,0.9651022864,0.6716917923
0.9294133782,802,756,29,0.5147625160,0.9651022864,0.6714106321
0.9293862581,802,757,29,0.5144323284,0.9651022864,0.6711297071
0.9285739660,803,757,28,0.5147435897,0.9663056558,0.6716854872
0.9284739494,803,758,28,0.5144138373,0.9663056558,0.6714046823
0.9282676578,803,759,28,0.5140845070,0.9663056558,0.6711241120
0.9277469516,803,760,28,0.5137555982,0.9663056558,0.6708437761
0.9276068211,803,761,28,0.5134271100,0.9663056558,0.6705636743
0.9269030690,803,762,28,0.5130990415,0.9663056558,0.6702838063
0.9266303182,803,763,28,0.5127713921,0.9663056558,0.6700041719
0.9263001084,803,764,28,0.5124441608,0.9663056558,0.6697247706
0.9262878299,803,765,28,0.5121173469,0.9663056558,0.6694456023
0.9261950850,804,765,27,0.5124282983,0.9675090253,0.6700000000
0.9261437058,805,765,26,0.5127388535,0.9687123947,0.6705539359
0.9260818958,805,766,26,0.5124124761,0.9687123947,0.6702747710
0.9259037375,805,767,26,0.5120865140,0.9687123947,0.6699958385
0.9256640077,805,768,26,0.5117609663,0.9687123947,0.6697171381
0.9255033731,806,768,25,0.5120711563,0.9699157641,0.6702702703
0.9255027771,807,768,24,0.5123809524,0.9711191336,0.6708229426
0.9253382683,807,769,24,0.5120558376,0.9711191336,0.6705442459
0.9252232909,807,770,24,0.5117311351,0.9711191336,0.6702657807
0.9241840839,807,771,24,0.5114068441,0.9711191336,0.6699875467
0.9238036275,808,771,23,0.5117162761,0.9723225030,0.6705394191
0.9237978458,808,772,23,0.5113924051,0.9723225030,0.6702613024
0.9226954579,808,773,23,0.5110689437,0.9723225030,0.6699834163
0.9221243858,808,774,23,0.5107458913,0.9723225030,0.6697057605
0.9214719534,809,774,22,0.5110549589,0.9735258724,0.6702568351
0.9213176370,809,775,22,0.5107323232,0.9735258724,0.6699792961
0.9207575917,809,776,22,0.5104100946,0.9735258724,0.6697019868
0.9199199080,809,777,22,0.5100882724,0.9735258724,0.6694249069
0.9192807674,809,778,22,0.5097668557,0.9735258724,0.6691480562
0.9187191725,809,779,22,0.5094458438,0.9735258724,0.6688714345
0.9185919166,809,780,22,0.5091252360,0.9735258724,0.6685950413
0.9185491800,809,781,22,0.5088050314,0.9735258724,0.6683188765
0.9178770781,809,782,22,0.5084852294,0.9735258724,0.6680429397
0.9177623987,809,783,22,0.5081658291,0.9735258724,0.6677672307
0.9176490307,809,784,22,0.5078468299,0.9735258724,0.6674917492
0.9174829125,809,785,22,0.5075282309,0.9735258724,0.6672164948
0.9168876410,809,786,22,0.5072100313,0.9735258724,0.6669414674
0.9167342782,809,787,22,0.5068922306,0.9735258724,0.6666666667
0.9164811373,809,788,22,0.5065748278,0.9735258724,0.6663920923
0.9156398773,809,789,22,0.5062578223,0.9735258724,0.6661177439
0.9147558808,809,790,22,0.5059412133,0.9735258724,0.6658436214
0.9145311117,809,791,22,0.5056250000,0.9735258724,0.6655697244
0.9144415855,809,792,22,0.5053091818,0.9735258724,0.6652960526
0.9115896225,809,793,22,0.5049937578,0.9735258724,0.6650226058
0.9111679196,809,794,22,0.5046787274,0.9735258724,0.6647493837
0.9109851122,809,795,22,0.5043640898,0.9735258724,0.6644763860
0.9092348218,809,796,22,0.5040498442,0.9735258724,0.6642036125
0.9092302918,809,797,22,0.5037359900,0.9735258724,0.6639310628
0.9084461331,809,798,22,0.5034225264,0.9735258724,0.6636587367
0.9083626270,809,799,22,0.5031094527,0.9735258724,0.6633866339
0.9079819918,809,800,22,0.5027967682,0.9735258724,0.6631147541
0.9072637558,809,801,22,0.5024844720,0.9735258724,0.6628430971
0.9071215987,809,802,22,0.5021725636,0.9735258724,0.6625716626
0.9066329002,809,803,22,0.5018610422,0.9735258724,0.6623004503
0.9056118131,810,803,21,0.5021698698,0.9747292419,0.6628477905
0.9050515890,810,804,21,0.5018587361,0.9747292419,0.6625766871
0.9048574567,810,805,21,0.5015479876,0.9747292419,0.6623058054
0.9043831825,810,806,21,0.5012376238,0.9747292419,0.6620351451
0.9041099548,810,807,21,0.5009276438,0.9747292419,0.6617647059
0.9038892984,810,808,21,0.5006180470,0.9747292419,0.6614944875
0.9038807154,810,809,21,0.5003088326,0.9747292419,0.6612244898
0.9037225842,810,810,21,0.5000000000,0.9747292419,0.6609547124
0.9036527872,811,810,20,0.5003084516,0.9759326113,0.6615008157
0.9032056332,811,811,20,0.5000000000,0.9759326113,0.6612311455
0.9029201865,812,811,19,0.5003080715,0.9771359807,0.6617766911
0.9028326273,812,812,19,0.5000000000,0.9771359807,0.6615071283
0.9017207623,812,813,19,0.4996923077,0.9771359807,0.6612377850
0.9013070464,812,814,19,0.4993849938,0.9771359807,0.6609686610
0.8999890685,812,815,19,0.4990780578,0.9771359807,0.6606997559
0.8996984959,812,816,19,0.4987714988,0.9771359807,0.6604310695
0.8996869922,812,817,19,0.4984653161,0.9771359807,0.6601626016
0.8990666270,812,818,19,0.4981595092,0.9771359807,0.6598943519
0.8983715177,812,819,19,0.4978540773,0.9771359807,0.6596263201
0.8983176351,812,820,19,0.4975490196,0.9771359807,0.6593585059
0.8971441388,812,821,19,0.4972443356,0.9771359807,0.6590909091
0.8962078691,812,822,19,0.4969400245,0.9771359807,0.6588235294
0.8957352638,812,823,19,0.4966360856,0.9771359807,0.6585563666
0.8956864476,812,824,19,0.4963325183,0.9771359807,0.6582894203
0.8948577642,813,824,18,0.4966401955,0.9783393502,0.6588330632
0.8947793245,813,825,18,0.4963369963,0.9783393502,0.6585662211
0.8944980502,813,826,18,0.4960341672,0.9783393502,0.6582995951
0.8933502436,813,827,18,0.4957317073,0.9783393502,0.6580331849
0.8931868076,813,828,18,0.4954296161,0.9783393502,0.6577669903
0.8928619623,813,829,18,0.4951278928,0.9783393502,0.6575010109
0.8915761113,813,830,18,0.4948265368,0.9783393502,0.6572352466
0.8910889626,813,831,18,0.4945255474,0.9783393502,0.6569696970
0.8905395269,813,832,18,0.4942249240,0.9783393502,0.6567043619
0.8888531923,813,833,18,0.4939246659,0.9783393502,0.6564392410
0.8887211680,813,834,18,0.4936247723,0.9783393502,0.6561743341
0.8886324763,813,835,18,0.4933252427,0.9783393502,0.6559096410
0.8870622516,813,836,18,0.4930260764,0.9783393502,0.6556451613
0.8869203329,813,837,18,0.4927272727,0.9783393502,0.6553808948
0.8865873814,813,838,18,0.4924288310,0.9783393502,0.6551168413
0.8863152862,813,839,18,0.4921307506,0.9783393502,0.6548530004
0.8853442073,813,840,18,0.4918330309,0.9783393502,0.6545893720
0.8851660490,813,841,18,0.4915356711,0.9783393502,0.6543259557
0.8846011162,814,841,17,0.4918429003,0.9795427196,0.6548672566
0.8842693567,814,842,17,0.4915458937,0.9795427196,0.6546039405
0.8841501474,814,843,17,0.4912492456,0.9795427196,0.6543408360
0.8833991289,814,844,17,0.4909529554,0.9795427196,0.6540779429
0.8830130696,814,845,17,0.4906570223,0.9795427196,0.6538152610
0.8828786612,814,846,17,0.4903614458,0.9795427196,0.6535527900
0.8808615208,814,847,17,0.4900662252,0.9795427196,0.6532905297
0.8806138039,814,848,17,0.4897713598,0.9795427196,0.6530284797
0.8803678751,814,849,17,0.4894768491,0.9795427196,0.6527666399
0.8801499605,814,850,17,0.4891826923,0.9795427196,0.6525050100
0.8780521154,814,851,17,0.4888888889,0.9795427196,0.6522435897
0.8772363067,815,851,16,0.4891956783,0.9807460890,0.6527833400
0.8742658496,815,852,16,0.4889022196,0.9807460890,0.6525220176
0.8728581071,815,853,16,0.4886091127,0.9807460890,0.6522609044
0.8728236556,815,854,16,0.4883163571,0.9807460890,0.6520000000
0.8717132211,815,855,16,0.4880239521,0.9807460890,0.6517393043
0.8712713122,815,856,16,0.4877318971,0.9807460890,0.6514788169
0.8706344962,815,857,16,0.4874401914,0.9807460890,0.6512185378
0.8680910468,815,858,16,0.4871488344,0.9807460890,0.6509584665
0.8675867915,815,859,16,0.4868578256,0.9807460890,0.6506986028
0.8664706349,815,860,16,0.4865671642,0.9807460890,0.6504389465
0.8651950955,815,861,16,0.4862768496,0.9807460890,0.6501794974
0.8645974398,815,862,16,0.4859868813,0.9807460890,0.6499202552
0.8642808795,815,863,16,0.4856972586,0.9807460890,0.6496612196
0.8638057709,815,864,16,0.4854079809,0.9807460890,0.6494023904
0.8632371426,815,865,16,0.4851190476,0.9807460890,0.6491437674
0.8631262183,816,865,15,0.4854253421,0.9819494585,0.6496815287
0.8627060652,816,866,15,0.4851367420,0.9819494585,0.6494230004
0.8626452088,816,867,15,0.4848484848,0.9819494585,0.6491646778
0.8614197373,816,868,15,0.4845605701,0.9819494585,0.6489065606
0.8602917790,816,869,15,0.4842729970,0.9819494585,0.6486486486
0.8601205945,816,870,15,0.4839857651,0.9819494585,0.6483909416
0.8597689271,816,871,15,0.4836988737,0.9819494585,0.6481334392
0.8595151305,816,872,15,0.4834123223,0.9819494585,0.6478761413
0.8594871163,816,873,15,0.4831261101,0.9819494585,0.6476190476
0.8592604399,816,874,15,0.4828402367,0.9819494585,0.6473621579
0.8569370508,816,875,15,0.4825547014,0.9819494585,0.6471054718
0.8565000892,816,876,15,0.4822695035,0.9819494585,0.6468489893
0.8562622070,816,877,15,0.4819846426,0.9819494585,0.6465927100
0.8549374938,816,878,15,0.4817001181,0.9819494585,0.6463366337
0.8538612723,816,879,15,0.4814159292,0.9819494585,0.6460807601
0.8523792624,816,880,15,0.4811320755,0.9819494585,0.6458250890
0.8521584868,816,881,15,0.4808485563,0.9819494585,0.6455696203
0.8518164754,817,881,14,0.4811542992,0.9831528279,0.6461051799
0.8515054584,817,882,14,0.4808711006,0.9831528279,0.6458498024
0.8497571349,817,883,14,0.4805882353,0.9831528279,0.6455946266
0.8485109806,817,884,14,0.4803057025,0.9831528279,0.6453396524
0.8480962515,817,885,14,0.4800235018,0.9831528279,0.6450848796
0.8478791714,817,886,14,0.4797416324,0.9831528279,0.6448303078
0.8472961187,817,887,14,0.4794600939,0.9831528279,0.6445759369
0.8467659354,817,888,14,0.4791788856,0.9831528279,0.6443217666
0.8451890945,817,889,14,0.4788980070,0.9831528279,0.6440677966
0.8446392417,817,890,14,0.4786174575,0.9831528279,0.6438140268
0.8445696831,818,890,13,0.4789227166,0.9843561974,0.6443481686
0.8426622748,818,891,13,0.4786424810,0.9843561974,0.6440944882
0.8404809833,818,892,13,0.4783625731,0.9843561974,0.6438410075
0.8403299451,818,893,13,0.4780829924,0.9843561974,0.6435877262
0.8399248123,818,894,13,0.4778037383,0.9843561974,0.6433346441
0.8391301036,818,895,13,0.4775248103,0.9843561974,0.6430817610
0.8385719061,818,896,13,0.4772462077,0.9843561974,0.6428290766
0.8381795287,818,897,13,0.4769679300,0.9843561974,0.6425765907
0.8366007805,818,898,13,0.4766899767,0.9843561974,0.6423243031
0.8355892301,818,899,13,0.4764123471,0.9843561974,0.6420722135
0.8353512287,818,900,13,0.4761350407,0.9843561974,0.6418203217
0.8351673484,818,901,13,0.4758580570,0.9843561974,0.6415686275
0.8344647288,818,902,13,0.4755813953,0.9843561974,0.6413171305
0.8325467110,818,903,13,0.4753050552,0.9843561974,0.6410658307
0.8323565125,818,904,13,0.4750290360,0.9843561974,0.6408147278
0.8306378126,818,905,13,0.4747533372,0.9843561974,0.6405638215
0.8299051523,818,906,13,0.4744779582,0.9843561974,0.6403131115
0.8298496008,818,907,13,0.4742028986,0.9843561974,0.6400625978
0.8289857507,818,908,13,0.4739281576,0.9843561974,0.6398122800
0.8261529803,818,909,13,0.4736537348,0.9843561974,0.6395621579
0.8258554935,818,910,13,0.4733796296,0.9843561974,0.6393122313
0.8248267174,819,910,12,0.4736842105,0.9855595668,0.6398437500
0.8237342238,819,911,12,0.4734104046,0.9855595668,0.6395939086
0.8221879601,819,912,12,0.4731369151,0.9855595668,0.6393442623
0.8216259480,819,913,12,0.4728637413,0.9855595668,0.6390948108
0.8212897778,819,914,12,0.4725908829,0.9855595668,0.6388455538
0.8212157488,819,915,12,0.4723183391,0.9855595668,0.6385964912
0.8190413117,819,916,12,0.4720461095,0.9855595668,0.6383476228
0.8178049922,819,917,12,0.4717741935,0.9855595668,0.6380989482
0.8163637519,819,918,12,0.4715025907,0.9855595668,0.6378504673
0.8160486221,819,919,12,0.4712313003,0.9855595668,0.6376021798
0.8151364923,819,920,12,0.4709603220,0.9855595668,0.6373540856
0.8119836450,819,921,12,0.4706896552,0.9855595668,0.6371061844
0.8118197322,819,922,12,0.4704192993,0.9855595668,0.6368584759
0.8087415695,819,923,12,0.4701492537,0.9855595668,0.6366109600
0.8058273792,819,924,12,0.4698795181,0.9855595668,0.6363636364
0.8030101657,819,925,12,0.4696100917,0.9855595668,0.6361165049
0.8005849123,820,925,11,0.4699140401,0.9867629362,0.6366459627
0.8004907966,820,926,11,0.4696449026,0.9867629362,0.6363989135
0.7971382141,820,927,11,0.4693760733,0.9867629362,0.6361520559
0.7968676090,820,928,11,0.4691075515,0.9867629362,0.6359053897
0.7965670824,820,929,11,0.4688393368,0.9867629362,0.6356589147
0.7951449156,820,930,11,0.4685714286,0.9867629362,0.6354126308
0.7950255275,820,931,11,0.4683038264,0.9867629362,0.6351665376
0.7938732505,820,932,11,0.4680365297,0.9867629362,0.6349206349
0.7922024727,820,933,11,0.4677695379,0.9867629362,0.6346749226
0.7912928462,820,934,11,0.4675028506,0.9867629362,0.6344294004
0.7910193801,820,935,11,0.4672364672,0.9867629362,0.6341840681
0.7901194096,820,936,11,0.4669703872,0.9867629362,0.6339389254
0.7899973989,821,936,10,0.4672737621,0.9879663057,0.6344667697
0.7895442247,821,937,10,0.4670079636,0.9879663057,0.6342217072
0.7887800336,821,938,10,0.4667424673,0.9879663057,0.6339768340
0.7884798050,821,939,10,0.4664772727,0.9879663057,0.6337321497
0.7861040831,822,939,9,0.4667802385,0.9891696751,0.6342592593
0.7856811881,822,940,9,0.4665153235,0.9891696751,0.6340146548
0.7851371765,822,941,9,0.4662507090,0.9891696751,0.6337702390
0.7836794257,822,942,9,0.4659863946,0.9891696751,0.6335260116
0.7831207514,822,943,9,0.4657223796,0.9891696751,0.6332819723
0.7826814651,822,944,9,0.4654586636,0.9891696751,0.6330381209
0.7823181152,822,945,9,0.4651952462,0.9891696751,0.6327944573
0.7820349932,822,946,9,0.4649321267,0.9891696751,0.6325509811
0.7783878446,822,947,9,0.4646693047,0.9891696751,0.6323076923
0.7774832249,822,948,9,0.4644067797,0.9891696751,0.6320645905
0.7765753865,822,949,9,0.4641445511,0.9891696751,0.6318216756
0.7759513855,822,950,9,0.4638826185,0.9891696751,0.6315789474
0.7756654620,822,951,9,0.4636209814,0.9891696751,0.6313364055
0.7754608393,822,952,9,0.4633596392,0.9891696751,0.6310940499
0.7751635909,822,953,9,0.4630985915,0.9891696751,0.6308518803
0.7716733813,822,954,9,0.4628378378,0.9891696751,0.6306098964
0.7699136734,822,955,9,0.4625773776,0.9891696751,0.6303680982
0.7698633671,822,956,9,0.4623172103,0.9891696751,0.6301264852
0.7696622610,822,957,9,0.4620573356,0.9891696751,0.6298850575
0.7694454193,822,958,9,0.4617977528,0.9891696751,0.6296438146
0.7680287361,822,959,9,0.4615384615,0.9891696751,0.6294027565
0.7658596039,822,960,9,0.4612794613,0.9891696751,0.6291618829
0.7655110359,822,961,9,0.4610207515,0.9891696751,0.6289211936
0.7623300552,823,961,8,0.4613228700,0.9903730445,0.6294455067
0.7615208030,823,962,8,0.4610644258,0.9903730445,0.6292048930
0.7606379986,823,963,8,0.4608062710,0.9903730445,0.6289644631
0.7605607510,823,964,8,0.4605484051,0.9903730445,0.6287242170
0.7604042888,823,965,8,0.4602908277,0.9903730445,0.6284841543
0.7599577904,823,966,8,0.4600335383,0.9903730445,0.6282442748
0.7591110468,823,967,8,0.4597765363,0.9903730445,0.6280045784
0.7574166656,823,968,8,0.4595198213,0.9903730445,0.6277650648
0.7561396360,823,969,8,0.4592633929,0.9903730445,0.6275257339
0.7545153499,823,970,8,0.4590072504,0.9903730445,0.6272865854
0.7540348768,824,970,7,0.4593088071,0.9915764140,0.6278095238
0.7530697584,825,970,6,0.4596100279,0.9927797834,0.6283320640
0.7514777184,825,971,6,0.4593541203,0.9927797834,0.6280928816
0.7513740659,825,972,6,0.4590984975,0.9927797834,0.6278538813
0.7489498854,825,973,6,0.4588431591,0.9927797834,0.6276150628
0.7475488782,826,973,5,0.4591439689,0.9939831528,0.6281368821
0.7442509532,826,974,5,0.4588888889,0.9939831528,0.6278981376
0.7438442111,826,975,5,0.4586340922,0.9939831528,0.6276595745
0.7402709723,826,976,5,0.4583795782,0.9939831528,0.6274211926
0.7395849228,826,977,5,0.4581253466,0.9939831528,0.6271829916
0.7387698889,826,978,5,0.4578713969,0.9939831528,0.6269449715
0.7379016876,827,978,4,0.4581717452,0.9951865223,0.6274658574
0.7363936901,827,979,4,0.4579180509,0.9951865223,0.6272279105
0.7356463671,827,980,4,0.4576646375,0.9951865223,0.6269901440
0.7344702482,827,981,4,0.4574115044,0.9951865223,0.6267525578
0.7339811921,827,982,4,0.4571586512,0.9951865223,0.6265151515
0.7316840291,827,983,4,0.4569060773,0.9951865223,0.6262779250
0.7306717634,828,983,3,0.4572059636,0.9963898917,0.6267978804
0.7295657396,828,984,3,0.4569536424,0.9963898917,0.6265607264
0.7293954492,828,985,3,0.4567015996,0.9963898917,0.6263237519
0.7282462120,828,986,3,0.4564498346,0.9963898917,0.6260869565
0.7273869514,828,987,3,0.4561983471,0.9963898917,0.6258503401
0.7268157601,828,988,3,0.4559471366,0.9963898917,0.6256139025
0.7256130576,828,989,3,0.4556962025,0.9963898917,0.6253776435
0.7250784039,828,990,3,0.4554455446,0.9963898917,0.6251415629
0.7247776985,828,991,3,0.4551951622,0.9963898917,0.6249056604
0.7211415172,829,991,2,0.4554945055,0.9975932611,0.6254243682
0.7203566432,829,992,2,0.4552443712,0.9975932611,0.6251885370
0.7165969014,829,993,2,0.4549945115,0.9975932611,0.6249528835
0.7156491280,829,994,2,0.4547449259,0.9975932611,0.6247174077
0.7132250071,829,995,2,0.4544956140,0.9975932611,0.6244821092
0.7121042609,829,996,2,0.4542465753,0.9975932611,0.6242469880
0.7057936192,829,997,2,0.4539978094,0.9975932611,0.6240120437
0.7038782835,829,998,2,0.4537493158,0.9975932611,0.6237772761
0.7029290199,829,999,2,0.4535010941,0.9975932611,0.6235426852
0.7025489807,829,1000,2,0.4532531438,0.9975932611,0.6233082707
0.7018905282,829,1001,2,0.4530054645,0.9975932611,0.6230740323
0.7014403343,829,1002,2,0.4527580557,0.9975932611,0.6228399699
0.6984775662,829,1003,2,0.4525109170,0.9975932611,0.6226060834
0.6964689493,829,1004,2,0.4522640480,0.9975932611,0.6223723724
0.6943122149,829,1005,2,0.4520174482,0.9975932611,0.6221388368
0.6926065683,829,1006,2,0.4517711172,0.9975932611,0.6219054764
0.6907912493,829,1007,2,0.4515250545,0.9975932611,0.6216722910
0.6905499697,829,1008,2,0.4512792597,0.9975932611,0.6214392804
0.6899629831,829,1009,2,0.4510337323,0.9975932611,0.6212064444
0.6897610426,829,1010,2,0.4507884720,0.9975932611,0.6209737828
0.6892040968,829,1011,2,0.4505434783,0.9975932611,0.6207412954
0.6887555122,829,1012,2,0.4502987507,0.9975932611,0.6205089820
0.6883856654,829,1013,2,0.4500542888,0.9975932611,0.6202768425
0.6869710684,829,1014,2,0.4498100922,0.9975932611,0.6200448766
0.6869059801,829,1015,2,0.4495661605,0.9975932611,0.6198130841
0.6845320463,829,1016,2,0.4493224932,0.9975932611,0.6195814649
0.6822135448,829,1017,2,0.4490790899,0.9975932611,0.6193500187
0.6761804819,829,1018,2,0.4488359502,0.9975932611,0.6191187453
0.6758406162,829,1019,2,0.4485930736,0.9975932611,0.6188876446
0.6754206419,829,1020,2,0.4483504597,0.9975932611,0.6186567164
0.6747243404,829,1021,2,0.4481081081,0.9975932611,0.6184259605
0.6746917367,829,1022,2,0.4478660184,0.9975932611,0.6181953766
0.6745526791,829,1023,2,0.4476241901,0.9975932611,0.6179649646
0.6686167717,829,1024,2,0.4473826228,0.9975932611,0.6177347243
0.6684893966,829,1025,2,0.4471413161,0.9975932611,0.6175046555
0.6662706137,829,1026,2,0.4469002695,0.9975932611,0.6172747580
0.6660969853,829,1027,2,0.4466594828,0.9975932611,0.6170450316
0.6655116081,829,1028,2,0.4464189553,0.9975932611,0.6168154762
0.6634416580,829,1029,2,0.4461786868,0.9975932611,0.6165860915
0.6633310914,829,1030,2,0.4459386767,0.9975932611,0.6163568773
0.6630773544,829,1031,2,0.4456989247,0.9975932611,0.6161278335
0.6624788642,829,1032,2,0.4454594304,0.9975932611,0.6158989599
0.6619145870,829,1033,2,0.4452201933,0.9975932611,0.6156702562
0.6595006585,829,1034,2,0.4449812131,0.9975932611,0.6154417223
0.6523672938,830,1034,1,0.4452789700,0.9987966306,0.6159554731
0.6520849466,830,1035,1,0.4450402145,0.9987966306,0.6157270030
0.6515645981,830,1036,1,0.4448017149,0.9987966306,0.6154987023
0.6509163976,830,1037,1,0.4445634708,0.9987966306,0.6152705708
0.6507816911,830,1038,1,0.4443254818,0.9987966306,0.6150426084
0.6491959691,830,1039,1,0.4440877475,0.9987966306,0.6148148148
0.6472646594,830,1040,1,0.4438502674,0.9987966306,0.6145871899
0.6468858123,830,1041,1,0.4436130412,0.9987966306,0.6143597335
0.6466968060,830,1042,1,0.4433760684,0.9987966306,0.6141324454
0.6465465426,830,1043,1,0.4431393486,0.9987966306,0.6139053254
0.6465249062,830,1044,1,0.4429028815,0.9987966306,0.6136783734
0.6444829702,830,1046,1,0.4424307036,0.9987966306,0.6132249723
0.6386747956,830,1047,1,0.4421949920,0.9987966306,0.6129985229
0.6306905746,830,1048,1,0.4419595314,0.9987966306,0.6127722407
0.6299796700,830,1049,1,0.4417243214,0.9987966306,0.6125461255
0.6297207475,830,1050,1,0.4414893617,0.9987966306,0.6123201771
0.6257340312,830,1051,1,0.4412546518,0.9987966306,0.6120943953
0.6246873736,830,1052,1,0.4410201913,0.9987966306,0.6118687799
0.6241546273,830,1053,1,0.4407859798,0.9987966306,0.6116433309
0.6233568192,830,1054,1,0.4405520170,0.9987966306,0.6114180479
0.6122625470,830,1055,1,0.4403183024,0.9987966306,0.6111929308
0.6108712554,830,1056,1,0.4400848356,0.9987966306,0.6109679794
0.6088056564,830,1057,1,0.4398516163,0.9987966306,0.6107431935
0.6055155396,830,1058,1,0.4396186441,0.9987966306,0.6105185730
0.6039607525,830,1059,1,0.4393859185,0.9987966306,0.6102941176
0.6019766927,830,1060,1,0.4391534392,0.9987966306,0.6100698273
0.6009886265,830,1061,1,0.4389212057,0.9987966306,0.6098457017
0.5988235474,830,1062,1,0.4386892178,0.9987966306,0.6096217407
0.5984084010,830,1063,1,0.4384574749,0.9987966306,0.6093979442
0.5957066417,830,1064,1,0.4382259768,0.9987966306,0.6091743119
0.5921770930,830,1065,1,0.4379947230,0.9987966306,0.6089508437
0.5915039182,830,1066,1,0.4377637131,0.9987966306,0.6087275394
0.5909814835,830,1067,1,0.4375329468,0.9987966306,0.6085043988
0.5888918042,830,1068,1,0.4373024236,0.9987966306,0.6082814218
0.5877949595,830,1069,1,0.4370721432,0.9987966306,0.6080586081
0.5860735774,830,1070,1,0.4368421053,0.9987966306,0.6078359575
0.5841730237,830,1071,1,0.4366123093,0.9987966306,0.6076134700
0.5830524564,830,1072,1,0.4363827550,0.9987966306,0.6073911453
0.5816219449,830,1073,1,0.4361534419,0.9987966306,0.6071689832
0.5801016688,830,1074,1,0.4359243697,0.9987966306,0.6069469835
0.5772764087,830,1075,1,0.4356955381,0.9987966306,0.6067251462
0.5764477849,830,1076,1,0.4354669465,0.9987966306,0.6065034710
0.5755251050,830,1077,1,0.4352385947,0.9987966306,0.6062819576
0.5670866966,830,1078,1,0.4350104822,0.9987966306,0.6060606061
0.5639272332,830,1079,1,0.4347826087,0.9987966306,0.6058394161
0.5634664297,830,1080,1,0.4345549738,0.9987966306,0.6056183874
0.5614681244,830,1081,1,0.4343275772,0.9987966306,0.6053975201
0.5555614829,830,1082,1,0.4341004184,0.9987966306,0.6051768137
0.5550131798,830,1083,1,0.4338734971,0.9987966306,0.6049562682
0.5536563396,830,1084,1,0.4336468130,0.9987966306,0.6047358834
0.5521769524,830,1085,1,0.4334203655,0.9987966306,0.6045156591
0.5497072339,830,1086,1,0.4331941545,0.9987966306,0.6042955952
0.5493690372,830,1087,1,0.4329681794,0.9987966306,0.6040756914
0.5493635535,830,1088,1,0.4327424400,0.9987966306,0.6038559476
0.5482442379,830,1089,1,0.4325169359,0.9987966306,0.6036363636
0.5466213226,830,1090,1,0.4322916667,0.9987966306,0.6034169393
0.5447151065,830,1091,1,0.4320666320,0.9987966306,0.6031976744
0.5427692533,830,1092,1,0.4318418314,0.9987966306,0.6029785688
0.5396512747,830,1093,1,0.4316172647,0.9987966306,0.6027596224
0.5371552706,830,1094,1,0.4313929314,0.9987966306,0.6025408348
0.5312322974,830,1095,1,0.4311688312,0.9987966306,0.6023222061
0.5309278965,830,1096,1,0.4309449637,0.9987966306,0.6021037359
0.5307767987,830,1097,1,0.4307213285,0.9987966306,0.6018854242
0.5251285434,830,1098,1,0.4304979253,0.9987966306,0.6016672708
0.5182630420,830,1099,1,0.4302747538,0.9987966306,0.6014492754
0.5179028511,830,1100,1,0.4300518135,0.9987966306,0.6012314379
0.5169996023,830,1101,1,0.4298291041,0.9987966306,0.6010137581
0.5126134753,830,1102,1,0.4296066253,0.9987966306,0.6007962360
0.5074755549,830,1103,1,0.4293843766,0.9987966306,0.6005788712
0.5050266385,830,1104,1,0.4291623578,0.9987966306,0.6003616637
0.5021761060,830,1105,1,0.4289405685,0.9987966306,0.6001446132
0.5018712282,830,1106,1,0.4287190083,0.9987966306,0.5999277196
0.4926570952,830,1107,1,0.4284976768,0.9987966306,0.5997109827
0.4880776703,830,1108,1,0.4282765738,0.9987966306,0.5994944023
0.4872039855,830,1109,1,0.4280556988,0.9987966306,0.5992779783
0.4851652980,830,1110,1,0.4278350515,0.9987966306,0.5990617106
0.4817208648,830,1111,1,0.4276146316,0.9987966306,0.5988455988
0.4791248739,830,1112,1,0.4273944387,0.9987966306,0.5986296430
0.4790483117,830,1113,1,0.4271744725,0.9987966306,0.5984138428
0.4732012451,830,1114,1,0.4269547325,0.9987966306,0.5981981982
0.4730918407,830,1115,1,0.4267352185,0.9987966306,0.5979827089
0.4725077152,830,1116,1,0.4265159301,0.9987966306,0.5977673749
0.4720295668,830,1117,1,0.4262968670,0.9987966306,0.5975521958
0.4713628590,830,1118,1,0.4260780287,0.9987966306,0.5973371716
0.4647472203,830,1119,1,0.4258594151,0.9987966306,0.5971223022
0.4642658830,830,1120,1,0.4256410256,0.9987966306,0.5969075872
0.4628604949,830,1121,1,0.4254228601,0.9987966306,0.5966930266
0.4605977833,830,1122,1,0.4252049180,0.9987966306,0.5964786202
0.4604561925,830,1123,1,0.4249871992,0.9987966306,0.5962643678
0.4580106139,830,1124,1,0.4247697032,0.9987966306,0.5960502693
0.4522785842,830,1125,1,0.4245524297,0.9987966306,0.5958363245
0.4496345520,830,1126,1,0.4243353783,0.9987966306,0.5956225332
0.4430010915,830,1127,1,0.4241185488,0.9987966306,0.5954088953
0.4389293194,830,1128,1,0.4239019408,0.9987966306,0.5951954105
0.4330821931,830,1129,1,0.4236855539,0.9987966306,0.5949820789
0.4315543175,830,1130,1,0.4234693878,0.9987966306,0.5947689000
0.4275625050,830,1131,1,0.4232534421,0.9987966306,0.5945558739
0.4234968424,830,1132,1,0.4230377166,0.9987966306,0.5943430004
0.4234269559,830,1133,1,0.4228222109,0.9987966306,0.5941302792
0.4228491485,830,1134,1,0.4226069246,0.9987966306,0.5939177102
0.4227781296,830,1135,1,0.4223918575,0.9987966306,0.5937052933
0.4226930439,830,1136,1,0.4221770092,0.9987966306,0.5934930282
0.4225986898,830,1137,1,0.4219623793,0.9987966306,0.5932809149
0.4110327661,830,1138,1,0.4217479675,0.9987966306,0.5930689532
0.4103831649,830,1139,1,0.4215337735,0.9987966306,0.5928571429
0.4101831019,830,1140,1,0.4213197970,0.9987966306,0.5926454838
0.4091706574,830,1141,1,0.4211060375,0.9987966306,0.5924339757
0.4069879353,830,1142,1,0.4208924949,0.9987966306,0.5922226186
0.4019830227,830,1143,1,0.4206791688,0.9987966306,0.5920114123
0.3994455636,830,1144,1,0.4204660588,0.9987966306,0.5918003565
0.3989907801,830,1145,1,0.4202531646,0.9987966306,0.5915894512
0.3937990665,830,1146,1,0.4200404858,0.9987966306,0.5913786961
0.3927686810,830,1147,1,0.4198280223,0.9987966306,0.5911680912
0.3927408457,830,1148,1,0.4196157735,0.9987966306,0.5909576362
0.3911839426,830,1149,1,0.4194037393,0.9987966306,0.5907473310
0.3900731504,830,1150,1,0.4191919192,0.9987966306,0.5905371754
0.3891498446,830,1151,1,0.4189803130,0.9987966306,0.5903271693
0.3880946636,830,1152,1,0.4187689203,0.9987966306,0.5901173125
0.3844037056,830,1153,1,0.4185577408,0.9987966306,0.5899076048
0.3833868504,830,1154,1,0.4183467742,0.9987966306,0.5896980462
0.3832965493,830,1155,1,0.4181360202,0.9987966306,0.5894886364
0.3805201352,830,1156,1,0.4179254783,0.9987966306,0.5892793752
0.3738958836,830,1157,1,0.4177151485,0.9987966306,0.5890702626
0.3724476993,830,1158,1,0.4175050302,0.9987966306,0.5888612983
0.3706509471,830,1159,1,0.4172951232,0.9987966306,0.5886524823
0.3691655993,830,1160,1,0.4170854271,0.9987966306,0.5884438143
0.3657355905,830,1161,1,0.4168759417,0.9987966306,0.5882352941
0.3638562262,830,1162,1,0.4166666667,0.9987966306,0.5880269217
0.3610907197,830,1163,1,0.4164576016,0.9987966306,0.5878186969
0.3607866764,830,1164,1,0.4162487462,0.9987966306,0.5876106195
0.3596115410,830,1165,1,0.4160401003,0.9987966306,0.5874026893
0.3560377657,830,1166,1,0.4158316633,0.9987966306,0.5871949063
0.3497911096,830,1167,1,0.4156234352,0.9987966306,0.5869872702
0.3454945385,830,1168,1,0.4154154154,0.9987966306,0.5867797808
0.3436552286,830,1169,1,0.4152076038,0.9987966306,0.5865724382
0.3434378505,830,1170,1,0.4150000000,0.9987966306,0.5863652420
0.3420836329,830,1171,1,0.4147926037,0.9987966306,0.5861581921
0.3394670486,830,1172,1,0.4145854146,0.9987966306,0.5859512884
0.3391361535,830,1173,1,0.4143784324,0.9987966306,0.5857445307
0.3389000893,830,1174,1,0.4141716567,0.9987966306,0.5855379189
0.3371449411,830,1175,1,0.4139650873,0.9987966306,0.5853314528
0.3351527750,830,1176,1,0.4137587238,0.9987966306,0.5851251322
0.3307348192,830,1177,1,0.4135525660,0.9987966306,0.5849189570
0.3305384517,830,1178,1,0.4133466135,0.9987966306,0.5847129271
0.3298850954,830,1179,1,0.4131408661,0.9987966306,0.5845070423
0.3250940144,830,1180,1,0.4129353234,0.9987966306,0.5843013024
0.3247882128,830,1181,1,0.4127299851,0.9987966306,0.5840957072
0.3230405748,830,1182,1,0.4125248509,0.9987966306,0.5838902568
0.3129762709,830,1183,1,0.4123199205,0.9987966306,0.5836849508
0.3129691184,830,1184,1,0.4121151936,0.9987966306,0.5834797891
0.3115606904,830,1185,1,0.4119106700,0.9987966306,0.5832747716
0.3059643805,830,1186,1,0.4117063492,0.9987966306,0.5830698981
0.3037130237,830,1187,1,0.4115022310,0.9987966306,0.5828651685
0.3013095558,830,1188,1,0.4112983152,0.9987966306,0.5826605827
0.2999156415,830,1189,1,0.4110946013,0.9987966306,0.5824561404
0.2989400625,830,1190,1,0.4108910891,0.9987966306,0.5822518415
0.2987262607,830,1191,1,0.4106877783,0.9987966306,0.5820476858
0.2983576357,830,1192,1,0.4104846686,0.9987966306,0.5818436733
0.2964342237,830,1193,1,0.4102817598,0.9987966306,0.5816398038
0.2928462029,830,1194,1,0.4100790514,0.9987966306,0.5814360771
0.2927094996,830,1195,1,0.4098765432,0.9987966306,0.5812324930
0.2907950878,830,1196,1,0.4096742349,0.9987966306,0.5810290515
0.2898828983,830,1197,1,0.4094721263,0.9987966306,0.5808257523
0.2894282043,830,1198,1,0.4092702170,0.9987966306,0.5806225953
0.2874825001,830,1199,1,0.4090685067,0.9987966306,0.5804195804
0.2872939110,830,1200,1,0.4088669951,0.9987966306,0.5802167074
0.2864415348,830,1201,1,0.4086656819,0.9987966306,0.5800139762
0.2850011289,830,1202,1,0.4084645669,0.9987966306,0.5798113867
0.2792766094,830,1203,1,0.4082636498,0.9987966306,0.5796089385
0.2779682577,830,1204,1,0.4080629302,0.9987966306,0.5794066318
0.2779147923,830,1205,1,0.4078624079,0.9987966306,0.5792044662
0.2774232924,830,1206,1,0.4076620825,0.9987966306,0.5790024416
0.2758629620,830,1207,1,0.4074619539,0.9987966306,0.5788005579
0.2751269937,830,1208,1,0.4072620216,0.9987966306,0.5785988149
0.2739278674,830,1209,1,0.4070622854,0.9987966306,0.5783972125
0.2727458179,830,1210,1,0.4068627451,0.9987966306,0.5781957506
0.2715364993,830,1211,1,0.4066634003,0.9987966306,0.5779944290
0.2679398358,830,1212,1,0.4064642507,0.9987966306,0.5777932475
0.2666587532,830,1213,1,0.4062652961,0.9987966306,0.5775922060
0.2652679384,830,1214,1,0.4060665362,0.9987966306,0.5773913043
0.2622429430,830,1215,1,0.4058679707,0.9987966306,0.5771905424
0.2620994747,830,1216,1,0.4056695992,0.9987966306,0.5769899201
0.2614545822,830,1217,1,0.4054714216,0.9987966306,0.5767894371
0.2596850991,830,1218,1,0.4052734375,0.9987966306,0.5765890934
0.2579773068,830,1219,1,0.4050756467,0.9987966306,0.5763888889
0.2559338808,830,1220,1,0.4048780488,0.9987966306,0.5761888233
0.2541842759,830,1221,1,0.4046806436,0.9987966306,0.5759888966
0.2527616024,830,1222,1,0.4044834308,0.9987966306,0.5757891086
0.2513336539,830,1223,1,0.4042864101,0.9987966306,0.5755894591
0.2499478906,830,1224,1,0.4040895813,0.9987966306,0.5753899480
0.2473665178,830,1225,1,0.4038929440,0.9987966306,0.5751905752
0.2455555499,830,1226,1,0.4036964981,0.9987966306,0.5749913405
0.2446752489,830,1227,1,0.4035002431,0.9987966306,0.5747922438
0.2433756143,830,1228,1,0.4033041788,0.9987966306,0.5745932849
0.2421005219,830,1229,1,0.4031083050,0.9987966306,0.5743944637
0.2408174872,830,1230,1,0.4029126214,0.9987966306,0.5741957800
0.2400102764,830,1231,1,0.4027171276,0.9987966306,0.5739972337
0.2377965003,830,1232,1,0.4025218235,0.9987966306,0.5737988247
0.2369491607,830,1233,1,0.4023267087,0.9987966306,0.5736005529
0.2358639538,830,1234,1,0.4021317829,0.9987966306,0.5734024180
0.2346063554,830,1235,1,0.4019370460,0.9987966306,0.5732044199
0.2328905761,830,1236,1,0.4017424976,0.9987966306,0.5730065585
0.2324080467,830,1237,1,0.4015481374,0.9987966306,0.5728088337
0.2314513624,830,1238,1,0.4013539652,0.9987966306,0.5726112453
0.2308690995,830,1239,1,0.4011599807,0.9987966306,0.5724137931
0.2292785347,830,1240,1,0.4009661836,0.9987966306,0.5722164771
0.2275005132,830,1241,1,0.4007725736,0.9987966306,0.5720192970
0.2273852229,830,1242,1,0.4005791506,0.9987966306,0.5718222528
0.2207146734,830,1243,1,0.4003859141,0.9987966306,0.5716253444
0.2158560306,830,1244,1,0.4001928640,0.9987966306,0.5714285714
0.2148055881,830,1245,1,0.4000000000,0.9987966306,0.5712319339
0.2135901600,830,1246,1,0.3998073218,0.9987966306,0.5710354317
0.2116177827,830,1247,1,0.3996148291,0.9987966306,0.5708390646
0.2112864405,830,1248,1,0.3994225217,0.9987966306,0.5706428326
0.2097195536,830,1249,1,0.3992303992,0.9987966306,0.5704467354
0.2056533992,830,1250,1,0.3990384615,0.9987966306,0.5702507729
0.2051752657,830,1251,1,0.3988467083,0.9987966306,0.5700549451
0.2046113312,830,1252,1,0.3986551393,0.9987966306,0.5698592516
0.2019009441,830,1253,1,0.3984637542,0.9987966306,0.5696636925
0.1978901774,830,1254,1,0.3982725528,0.9987966306,0.5694682676
0.1972438395,830,1255,1,0.3980815348,0.9987966306,0.5692729767
0.1971888244,830,1256,1,0.3978906999,0.9987966306,0.5690778197
0.1941929311,830,1257,1,0.3977000479,0.9987966306,0.5688827964
0.1885879338,830,1258,1,0.3975095785,0.9987966306,0.5686879068
0.1860011518,830,1259,1,0.3973192915,0.9987966306,0.5684931507
0.1845759153,830,1260,1,0.3971291866,0.9987966306,0.5682985279
0.1842598915,830,1261,1,0.3969392635,0.9987966306,0.5681040383
0.1841843426,830,1262,1,0.3967495220,0.9987966306,0.5679096818
0.1833607852,830,1263,1,0.3965599618,0.9987966306,0.5677154583
0.1827491820,830,1264,1,0.3963705826,0.9987966306,0.5675213675
0.1820918024,830,1265,1,0.3961813842,0.9987966306,0.5673274094
0.1806271523,830,1266,1,0.3959923664,0.9987966306,0.5671335839
0.1787881404,830,1267,1,0.3958035289,0.9987966306,0.5669398907
0.1750340015,830,1268,1,0.3956148713,0.9987966306,0.5667463298
0.1728180349,830,1269,1,0.3954263935,0.9987966306,0.5665529010
0.1726175398,830,1270,1,0.3952380952,0.9987966306,0.5663596042
0.1714160144,830,1271,1,0.3950499762,0.9987966306,0.5661664393
0.1714106798,830,1272,1,0.3948620362,0.9987966306,0.5659734061
0.1709904373,830,1273,1,0.3946742748,0.9987966306,0.5657805044
0.1708117574,830,1274,1,0.3944866920,0.9987966306,0.5655877342
0.1706039906,830,1275,1,0.3942992874,0.9987966306,0.5653950954
0.1691658199,830,1276,1,0.3941120608,0.9987966306,0.5652025877
0.1680606902,830,1277,1,0.3939250119,0.9987966306,0.5650102110
0.1665392965,830,1278,1,0.3937381404,0.9987966306,0.5648179653
0.1658606678,831,1278,0,0.3940256046,1.0000000000,0.5653061224
0.1649371833,831,1279,0,0.3938388626,1.0000000000,0.5651139068
0.1622136533,831,1280,0,0.3936522975,1.0000000000,0.5649218219
0.1615878940,831,1281,0,0.3934659091,1.0000000000,0.5647298675
0.1572596431,831,1282,0,0.3932796971,1.0000000000,0.5645380435
0.1562097222,831,1283,0,0.3930936613,1.0000000000,0.5643463497
0.1549819708,831,1284,0,0.3929078014,1.0000000000,0.5641547862
0.1549607813,831,1285,0,0.3927221172,1.0000000000,0.5639633526
0.1540722698,831,1286,0,0.3925366084,1.0000000000,0.5637720488
0.1540220529,831,1287,0,0.3923512748,1.0000000000,0.5635808749
0.1539379358,831,1288,0,0.3921661161,1.0000000000,0.5633898305
0.1530406177,831,1289,0,0.3919811321,1.0000000000,0.5631989156
0.1523552686,831,1290,0,0.3917963225,1.0000000000,0.5630081301
0.1521240175,831,1291,0,0.3916116871,1.0000000000,0.5628174738
0.1501240134,831,1292,0,0.3914272256,1.0000000000,0.5626269465
0.1491964906,831,1293,0,0.3912429379,1.0000000000,0.5624365482
0.1470857263,831,1294,0,0.3910588235,1.0000000000,0.5622462788
0.1449467242,831,1295,0,0.3908748824,1.0000000000,0.5620561380
0.1440306008,831,1296,0,0.3906911142,1.0000000000,0.5618661258
0.1436067224,831,1297,0,0.3905075188,1.0000000000,0.5616762420
0.1424167454,831,1298,0,0.3903240958,1.0000000000,0.5614864865
0.1399232447,831,1299,0,0.3901408451,1.0000000000,0.5612968592
0.1397413611,831,1300,0,0.3899577663,1.0000000000,0.5611073599
0.1386786699,831,1301,0,0.3897748593,1.0000000000,0.5609179885
0.1371379495,831,1302,0,0.3895921238,1.0000000000,0.5607287449
0.1330163628,831,1303,0,0.3894095595,1.0000000000,0.5605396290
0.1311792433,831,1304,0,0.3892271663,1.0000000000,0.5603506406
0.1302903146,831,1305,0,0.3890449438,1.0000000000,0.5601617796
0.1302561909,831,1306,0,0.3888628919,1.0000000000,0.5599730458
0.1294426024,831,1307,0,0.3886810103,1.0000000000,0.5597844392
0.1289069355,831,1308,0,0.3884992987,1.0000000000,0.5595959596
0.1281782985,831,1309,0,0.3883177570,1.0000000000,0.5594076069
0.1275878996,831,1310,0,0.3881363849,1.0000000000,0.5592193809
0.1271859407,831,1311,0,0.3879551821,1.0000000000,0.5590312815
0.1264035702,831,1312,0,0.3877741484,1.0000000000,0.5588433087
0.1247244850,831,1313,0,0.3875932836,1.0000000000,0.5586554622
0.1245676354,831,1314,0,0.3874125874,1.0000000000,0.5584677419
0.1241225973,831,1315,0,0.3872320596,1.0000000000,0.5582801478
0.1239408031,831,1316,0,0.3870517000,1.0000000000,0.5580926797
0.1234917939,831,1317,0,0.3868715084,1.0000000000,0.5579053374
0.1232614145,831,1318,0,0.3866914844,1.0000000000,0.5577181208
0.1208570302,831,1319,0,0.3865116279,1.0000000000,0.5575310299
0.1201370955,831,1320,0,0.3863319386,1.0000000000,0.5573440644
0.1184657887,831,1321,0,0.3861524164,1.0000000000,0.5571572243
0.1169964895,831,1322,0,0.3859730608,1.0000000000,0.5569705094
0.1169167608,831,1323,0,0.3857938719,1.0000000000,0.5567839196
0.1167628393,831,1324,0,0.3856148492,1.0000000000,0.5565974548
0.1159414425,831,1325,0,0.3854359926,1.0000000000,0.5564111148
0.1157066301,831,1326,0,0.3852573018,1.0000000000,0.5562248996
0.1133611202,831,1327,0,0.3850787766,1.0000000000,0.5560388090
0.1110516414,831,1328,0,0.3849004169,1.0000000000,0.5558528428
0.1087480932,831,1329,0,0.3847222222,1.0000000000,0.5556670010
0.1084323004,831,1330,0,0.3845441925,1.0000000000,0.5554812834
0.1078596637,831,1331,0,0.3843663275,1.0000000000,0.5552956899
0.1076209769,831,1332,0,0.3841886269,1.0000000000,0.5551102204
0.1074027419,831,1333,0,0.3840110906,1.0000000000,0.5549248748
0.1072874516,831,1334,0,0.3838337182,1.0000000000,0.5547396529
0.1070678607,831,1335,0,0.3836565097,1.0000000000,0.5545545546
0.1063580364,831,1336,0,0.3834794647,1.0000000000,0.5543695797
0.1056634188,831,1337,0,0.3833025830,1.0000000000,0.5541847282
0.1045375019,831,1338,0,0.3831258645,1.0000000000,0.5540000000
0.1034423709,831,1339,0,0.3829493088,1.0000000000,0.5538153949
0.1028882563,831,1340,0,0.3827729157,1.0000000000,0.5536309127
0.1021122262,831,1341,0,0.3825966851,1.0000000000,0.5534465534
0.1019409820,831,1342,0,0.3824206167,1.0000000000,0.5532623169
0.1016141698,831,1343,0,0.3822447102,1.0000000000,0.5530782030
0.1009832025,831,1344,0,0.3820689655,1.0000000000,0.5528942116
0.1008476168,831,1345,0,0.3818933824,1.0000000000,0.5527103425
0.1006135270,831,1346,0,0.3817179605,1.0000000000,0.5525265957
0.0996297896,831,1347,0,0.3815426997,1.0000000000,0.5523429711
0.0973956361,831,1348,0,0.3813675998,1.0000000000,0.5521594684
0.0948508531,831,1349,0,0.3811926606,1.0000000000,0.5519760877
0.0947588012,831,1350,0,0.3810178817,1.0000000000,0.5517928287
0.0946196839,831,1351,0,0.3808432631,1.0000000000,0.5516096913
0.0941245854,831,1352,0,0.3806688044,1.0000000000,0.5514266755
0.0939677730,831,1353,0,0.3804945055,1.0000000000,0.5512437811
0.0937111750,831,1354,0,0.3803203661,1.0000000000,0.5510610080
0.0936987773,831,1355,0,0.3801463861,1.0000000000,0.5508783560
0.0935356990,831,1356,0,0.3799725652,1.0000000000,0.5506958250
0.0921569392,831,1357,0,0.3797989031,1.0000000000,0.5505134150
0.0912208110,831,1358,0,0.3796253997,1.0000000000,0.5503311258
0.0910706818,831,1359,0,0.3794520548,1.0000000000,0.5501489573
0.0905193537,831,1360,0,0.3792788681,1.0000000000,0.5499669093
0.0862705037,831,1361,0,0.3791058394,1.0000000000,0.5497849818
0.0856500342,831,1362,0,0.3789329685,1.0000000000,0.5496031746
0.0837877318,831,1363,0,0.3787602552,1.0000000000,0.5494214876
0.0824408457,831,1364,0,0.3785876993,1.0000000000,0.5492399207
0.0818213150,831,1365,0,0.3784153005,1.0000000000,0.5490584737
0.0814712495,831,1366,0,0.3782430587,1.0000000000,0.5488771466
0.0811700895,831,1367,0,0.3780709736,1.0000000000,0.5486959393
0.0806974694,831,1368,0,0.3778990450,1.0000000000,0.5485148515
0.0799570382,831,1369,0,0.3777272727,1.0000000000,0.5483338832
0.0787379146,831,1370,0,0.3775556565,1.0000000000,0.5481530343
0.0758792609,831,1371,0,0.3773841962,1.0000000000,0.5479723046
0.0741661862,831,1372,0,0.3772128915,1.0000000000,0.5477916941
0.0724971443,831,1373,0,0.3770417423,1.0000000000,0.5476112026
0.0724022835,831,1374,0,0.3768707483,1.0000000000,0.5474308300
0.0705308914,831,1375,0,0.3766999093,1.0000000000,0.5472505762
0.0700010210,831,1376,0,0.3765292252,1.0000000000,0.5470704411
0.0697665140,831,1377,0,0.3763586957,1.0000000000,0.5468904245
0.0695889369,831,1378,0,0.3761883205,1.0000000000,0.5467105263
0.0684833378,831,1379,0,0.3760180995,1.0000000000,0.5465307465
0.0633146316,831,1380,0,0.3758480326,1.0000000000,0.5463510848
0.0621389933,831,1381,0,0.3756781193,1.0000000000,0.5461715412
0.0612274259,831,1382,0,0.3755083597,1.0000000000,0.5459921156
0.0598663203,831,1383,0,0.3753387534,1.0000000000,0.5458128079
0.0595467351,831,1384,0,0.3751693002,1.0000000000,0.5456336179
0.0583971180,831,1385,0,0.3750000000,1.0000000000,0.5454545455
0.0583052225,831,1386,0,0.3748308525,1.0000000000,0.5452755906
0.0582131520,831,1387,0,0.3746618575,1.0000000000,0.5450967530
0.0579098240,831,1388,0,0.3744930149,1.0000000000,0.5449180328
0.0574107543,831,1389,0,0.3743243243,1.0000000000,0.5447394297
0.0563276708,831,1390,0,0.3741557857,1.0000000000,0.5445609436
0.0561714917,831,1391,0,0.3739873987,1.0000000000,0.5443825745
0.0558318757,831,1392,0,0.3738191633,1.0000000000,0.5442043222
0.0554638579,831,1393,0,0.3736510791,1.0000000000,0.5440261866
0.0539285876,831,1394,0,0.3734831461,1.0000000000,0.5438481675
0.0535486005,831,1395,0,0.3733153639,1.0000000000,0.5436702650
0.0526841730,831,1396,0,0.3731477324,1.0000000000,0.5434924787
0.0519974194,831,1397,0,0.3729802513,1.0000000000,0.5433148088
0.0505358875,831,1398,0,0.3728129206,1.0000000000,0.5431372549
0.0488441437,831,1399,0,0.3726457399,1.0000000000,0.5429598171
0.0488299765,831,1400,0,0.3724787091,1.0000000000,0.5427824951
0.0476258285,831,1401,0,0.3723118280,1.0000000000,0.5426052889
0.0474089049,831,1402,0,0.3721450963,1.0000000000,0.5424281984
0.0467973091,831,1403,0,0.3719785139,1.0000000000,0.5422512235
0.0464216731,831,1404,0,0.3718120805,1.0000000000,0.5420743640
0.0452474914,831,1405,0,0.3716457961,1.0000000000,0.5418976198
0.0451375358,831,1406,0,0.3714796603,1.0000000000,0.5417209909
0.0450934693,831,1407,0,0.3713136729,1.0000000000,0.5415444770
0.0440930314,831,1408,0,0.3711478339,1.0000000000,0.5413680782
0.0439869240,831,1409,0,0.3709821429,1.0000000000,0.5411917942
0.0438064039,831,1410,0,0.3708165997,1.0000000000,0.5410156250
0.0428607054,831,1411,0,0.3706512043,1.0000000000,0.5408395705
0.0426554978,831,1412,0,0.3704859563,1.0000000000,0.5406636304
0.0424491949,831,1413,0,0.3703208556,1.0000000000,0.5404878049
0.0424360931,831,1414,0,0.3701559020,1.0000000000,0.5403120936
0.0415343679,831,1415,0,0.3699910953,1.0000000000,0.5401364966
0.0414014980,831,1416,0,0.3698264352,1.0000000000,0.5399610136
0.0412278585,831,1417,0,0.3696619217,1.0000000000,0.5397856447
0.0409745499,831,1418,0,0.3694975545,1.0000000000,0.5396103896
0.0408308655,831,1419,0,0.3693333333,1.0000000000,0.5394352483
0.0406333767,831,1420,0,0.3691692581,1.0000000000,0.5392602206
0.0400232784,831,1421,0,0.3690053286,1.0000000000,0.5390853065
0.0397339202,831,1422,0,0.3688415446,1.0000000000,0.5389105058
0.0396721251,831,1423,0,0.3686779059,1.0000000000,0.5387358185
0.0395946465,831,1424,0,0.3685144124,1.0000000000,0.5385612443
0.0393738560,831,1425,0,0.3683510638,1.0000000000,0.5383867833
0.0390160270,831,1426,0,0.3681878600,1.0000000000,0.5382124352
0.0377828181,831,1427,0,0.3680248007,1.0000000000,0.5380382001
0.0377037190,831,1428,0,0.3678618858,1.0000000000,0.5378640777
0.0358494222,831,1429,0,0.3676991150,1.0000000000,0.5376900679
0.0334848575,831,1430,0,0.3675364883,1.0000000000,0.5375161708
0.0332271829,831,1431,0,0.3673740053,1.0000000000,0.5373423860
0.0332116298,831,1432,0,0.3672116659,1.0000000000,0.5371687136
0.0313023292,831,1433,0,0.3670494700,1.0000000000,0.5369951535
0.0308629703,831,1434,0,0.3668874172,1.0000000000,0.5368217054
0.0298437960,831,1435,0,0.3667255075,1.0000000000,0.5366483694
0.0298204590,831,1436,0,0.3665637406,1.0000000000,0.5364751453
0.0298096426,831,1437,0,0.3664021164,1.0000000000,0.5363020329
0.0297912750,831,1438,0,0.3662406346,1.0000000000,0.5361290323
0.0294378679,831,1439,0,0.3660792952,1.0000000000,0.5359561432
0.0279443040,831,1440,0,0.3659180978,1.0000000000,0.5357833656
0.0276514459,831,1441,0,0.3657570423,1.0000000000,0.5356106993
0.0267679039,831,1442,0,0.3655961285,1.0000000000,0.5354381443
0.0251795910,831,1443,0,0.3654353562,1.0000000000,0.5352657005
0.0250572618,831,1444,0,0.3652747253,1.0000000000,0.5350933677
0.0246421061,831,1445,0,0.3651142355,1.0000000000,0.5349211458
0.0234392677,831,1446,0,0.3649538867,1.0000000000,0.5347490347
0.0225236006,831,1447,0,0.3647936787,1.0000000000,0.5345770344
0.0223510098,831,1448,0,0.3646336112,1.0000000000,0.5344051447
0.0222855210,831,1449,0,0.3644736842,1.0000000000,0.5342333655
0.0218566153,831,1450,0,0.3643138974,1.0000000000,0.5340616967
0.0217480864,831,1451,0,0.3641542507,1.0000000000,0.5338901381
0.0216337331,831,1452,0,0.3639947438,1.0000000000,0.5337186898
0.0209242646,831,1453,0,0.3638353765,1.0000000000,0.5335473515
0.0197137818,831,1454,0,0.3636761488,1.0000000000,0.5333761232
0.0192172918,831,1455,0,0.3635170604,1.0000000000,0.5332050048
0.0191793349,831,1456,0,0.3633581111,1.0000000000,0.5330339962
0.0188998841,831,1457,0,0.3631993007,1.0000000000,0.5328630971
0.0184438191,831,1458,0,0.3630406291,1.0000000000,0.5326923077
0.0183213949,831,1459,0,0.3628820961,1.0000000000,0.5325216277
0.0182958469,831,1460,0,0.3627237014,1.0000000000,0.5323510570
0.0180090964,831,1461,0,0.3625654450,1.0000000000,0.5321805956
0.0179565698,831,1462,0,0.3624073266,1.0000000000,0.5320102433
0.0178972017,831,1463,0,0.3622493461,1.0000000000,0.5318400000
0.0174078029,831,1464,0,0.3620915033,1.0000000000,0.5316698656
0.0173959322,831,1465,0,0.3619337979,1.0000000000,0.5314998401
0.0162565000,831,1466,0,0.3617762299,1.0000000000,0.5313299233
0.0160891302,831,1467,0,0.3616187990,1.0000000000,0.5311601151
0.0159850921,831,1468,0,0.3614615050,1.0000000000,0.5309904153
0.0158324335,831,1469,0,0.3613043478,1.0000000000,0.5308208240
0.0158290993,831,1470,0,0.3611473272,1.0000000000,0.5306513410
0.0153938551,831,1471,0,0.3609904431,1.0000000000,0.5304819662
0.0148163280,831,1472,0,0.3608336952,1.0000000000,0.5303126994
0.0131493695,831,1473,0,0.3606770833,1.0000000000,0.5301435407
0.0128705911,831,1474,0,0.3605206074,1.0000000000,0.5299744898
0.0128234606,831,1475,0,0.3603642671,1.0000000000,0.5298055467
0.0127420155,831,1476,0,0.3602080624,1.0000000000,0.5296367113
0.0126504395,831,1477,0,0.3600519931,1.0000000000,0.5294679834
0.0123849697,831,1478,0,0.3598960589,1.0000000000,0.5292993631
0.0112761324,831,1479,0,0.3597402597,1.0000000000,0.5291308500
0.0106754312,831,1480,0,0.3595845954,1.0000000000,0.5289624443
0.0105620539,831,1481,0,0.3594290657,1.0000000000,0.5287941457
0.0102596451,831,1482,0,0.3592736706,1.0000000000,0.5286259542
0.0102235293,831,1483,0,0.3591184097,1.0000000000,0.5284578696
0.0096220039,831,1484,0,0.3589632829,1.0000000000,0.5282898919
0.0093293888,831,1485,0,0.3588082902,1.0000000000,0.5281220210
0.0090033384,831,1486,0,0.3586534312,1.0000000000,0.5279542567
0.0088894097,831,1487,0,0.3584987058,1.0000000000,0.5277865989
0.0084076012,831,1488,0,0.3583441138,1.0000000000,0.5276190476
0.0083902953,831,1489,0,0.3581896552,1.0000000000,0.5274516027
0.0072947936,831,1490,0,0.3580353296,1.0000000000,0.5272842640
0.0071173976,831,1491,0,0.3578811370,1.0000000000,0.5271170314
0.0070968112,831,1492,0,0.3577270771,1.0000000000,0.5269499049
0.0070562675,831,1493,0,0.3575731497,1.0000000000,0.5267828843
0.0067547690,831,1494,0,0.3574193548,1.0000000000,0.5266159696
0.0067096986,831,1495,0,0.3572656922,1.0000000000,0.5264491606
0.0066565447,831,1496,0,0.3571121616,1.0000000000,0.5262824573
0.0065803635,831,1497,0,0.3569587629,1.0000000000,0.5261158594
0.0065368456,831,1498,0,0.3568054959,1.0000000000,0.5259493671
0.0060287379,831,1499,0,0.3566523605,1.0000000000,0.5257829801
0.0055254903,831,1500,0,0.3564993565,1.0000000000,0.5256166983
0.0054679988,831,1501,0,0.3563464837,1.0000000000,0.5254505217
0.0052401121,831,1502,0,0.3561937420,1.0000000000,0.5252844501
0.0050837887,831,1503,0,0.3560411311,1.0000000000,0.5251184834
0.0050711706,831,1504,0,0.3558886510,1.0000000000,0.5249526216
0.0045864233,831,1505,0,0.3557363014,1.0000000000,0.5247868645
0.0038893118,831,1506,0,0.3555840822,1.0000000000,0.5246212121
