threshold,tp,fp,fn,precision,recall,f1
0.9876416922,1,0,675,1.0000000000,0.0014792899,0.0029542097
0.9871932864,2,0,674,1.0000000000,0.0029585799,0.0058997050
0.9871706367,3,0,673,1.0000000000,0.0044378698,0.0088365243
0.9870477319,4,0,672,1.0000000000,0.0059171598,0.0117647059
0.9867260456,5,0,671,1.0000000000,0.0073964497,0.0146842878
0.9864743352,6,0,670,1.0000000000,0.0088757396,0.0175953079
0.9864637852,7,0,669,1.0000000000,0.0103550296,0.0204978038
0.9864209890,8,0,668,1.0000000000,0.0118343195,0.0233918129
0.9864039421,9,0,667,1.0000000000,0.0133136095,0.0262773723
0.9863542914,10,0,666,1.0000000000,0.0147928994,0.0291545190
0.9862418175,11,0,665,1.0000000000,0.0162721893,0.0320232897
0.9860658646,12,0,664,1.0000000000,0.0177514793,0.0348837209
0.9859608412,13,0,663,1.0000000000,0.0192307692,0.0377358491
0.9859474897,14,0,662,1.0000000000,0.0207100592,0.0405797101
0.9858623147,15,0,661,1.0000000000,0.0221893491,0.0434153401
0.9857715368,16,0,660,1.0000000000,0.0236686391,0.0462427746
0.9857257605,17,0,659,1.0000000000,0.0251479290,0.0490620491
0.9856852293,18,0,658,1.0000000000,0.0266272189,0.0518731988
0.9856292605,19,0,657,1.0000000000,0.0281065089,0.0546762590
0.9856222272,20,0,656,1.0000000000,0.0295857988,0.0574712644
0.9854787588,21,0,655,1.0000000000,0.0310650888,0.0602582496
0.9854248166,22,0,654,1.0000000000,0.0325443787,0.0630372493
0.9852991104,23,0,653,1.0000000000,0.0340236686,0.0658082976
0.9852980375,24,0,652,1.0000000000,0.0355029586,0.0685714286
0.9852694869,24,1,652,0.9600000000,0.0355029586,0.0684736091
0.9852634668,25,1,651,0.9615384615,0.0369822485,0.0712250712
0.9852049351,26,1,650,0.9629629630,0.0384615385,0.0739687055
0.9851456881,27,1,649,0.9642857143,0.0399408284,0.0767045455
0.9851148725,28,1,648,0.9655172414,0.0414201183,0.0794326241
0.9849862456,29,1,647,0.9666666667,0.0428994083,0.0821529745
0.9849365354,30,1,646,0.9677419355,0.0443786982,0.0848656294
0.9849239588,31,1,645,0.9687500000,0.0458579882,0.0875706215
0.9847947955,32,1,644,0.9696969697,0.0473372781,0.0902679831
0.9847691059,33,1,643,0.9705882353,0.0488165680,0.0929577465
0.9846585989,34,1,642,0.9714285714,0.0502958580,0.0956399437
0.9845259190,35,1,641,0.9722222222,0.0517751479,0.0983146067
0.9840729833,36,1,640,0.9729729730,0.0532544379,0.1009817672
0.9840605259,37,1,639,0.9736842105,0.0547337278,0.1036414566
0.9838549495,38,1,638,0.9743589744,0.0562130178,0.1062937063
0.9838488102,39,1,637,0.9750000000,0.0576923077,0.1089385475
0.9838092327,39,2,637,0.9512195122,0.0576923077,0.1087866109
0.9837238789,40,2,636,0.9523809524,0.0591715976,0.1114206128
0.9836946726,41,2,635,0.9534883721,0.0606508876,0.1140472879
0.9836626053,42,2,634,0.9545454545,0.0621301775,0.1166666667
0.9836380482,43,2,633,0.9555555556,0.0636094675,0.1192787795
0.9834670424,44,2,632,0.9565217391,0.0650887574,0.1218836565
0.9834649563,45,2,631,0.9574468085,0.0665680473,0.1244813278
0.9834190607,46,2,630,0.9583333333,0.0680473373,0.1270718232
0.9833821654,47,2,629,0.9591836735,0.0695266272,0.1296551724
0.9831373692,48,2,628,0.9600000000,0.0710059172,0.1322314050
0.9831010699,49,2,627,0.9607843137,0.0724852071,0.1348005502
0.9829820991,50,2,626,0.9615384615,0.0739644970,0.1373626374
0.9829649329,51,2,625,0.9622641509,0.0754437870,0.1399176955
0.9828472137,52,2,624,0.9629629630,0.0769230769,0.1424657534
0.9828401208,53,2,623,0.9636363636,0.0784023669,0.1450068399
0.9828359485,54,2,622,0.9642857143,0.0798816568,0.1475409836
0.9827719331,55,2,621,0.9649122807,0.0813609467,0.1500682128
0.9827202559,56,2,620,0.9655172414,0.0828402367,0.1525885559
0.9827181697,57,2,619,0.9661016949,0.0843195266,0.1551020408
0.9826110005,58,2,618,0.9666666667,0.0857988166,0.1576086957
0.9825131893,59,2,617,0.9672131148,0.0872781065,0.1601085482
0.9824299812,60,2,616,0.9677419355,0.0887573964,0.1626016260
0.9824130535,61,2,615,0.9682539683,0.0902366864,0.1650879567
0.9824039936,62,2,614,0.9687500000,0.0917159763,0.1675675676
0.9823433161,63,2,613,0.9692307692,0.0931952663,0.1700404858
0.9823355079,64,2,612,0.9696969697,0.0946745562,0.1725067385
0.9819406271,65,2,611,0.9701492537,0.0961538462,0.1749663526
0.9819198251,66,2,610,0.9705882353,0.0976331361,0.1774193548
0.9818966389,67,2,609,0.9710144928,0.0991124260,0.1798657718
0.9818545580,68,2,608,0.9714285714,0.1005917160,0.1823056300
0.9817858338,68,3,608,0.9577464789,0.1005917160,0.1820615797
0.9817851782,69,3,607,0.9583333333,0.1020710059,0.1844919786
0.9816899300,70,3,606,0.9589041096,0.1035502959,0.1869158879
0.9815115333,71,3,605,0.9594594595,0.1050295858,0.1893333333
0.9813405275,72,3,604,0.9600000000,0.1065088757,0.1917443409
0.9812675714,73,3,603,0.9605263158,0.1079881657,0.1941489362
0.9812492728,74,3,602,0.9610389610,0.1094674556,0.1965471448
0.9812226892,75,3,601,0.9615384615,0.1109467456,0.1989389920
0.9810140729,76,3,600,0.9620253165,0.1124260355,0.2013245033
0.9809821844,77,3,599,0.9625000000,0.1139053254,0.2037037037
0.9809759855,78,3,598,0.9629629630,0.1153846154,0.2060766182
0.9809716940,79,3,597,0.9634146341,0.1168639053,0.2084432718
0.9808954597,80,3,596,0.9638554217,0.1183431953,0.2108036891
0.9808283448,81,3,595,0.9642857143,0.1198224852,0.2131578947
0.9808267355,82,3,594,0.9647058824,0.1213017751,0.2155059133
0.9807763696,83,3,593,0.9651162791,0.1227810651,0.2178477690
0.9803645611,84,3,592,0.9655172414,0.1242603550,0.2201834862
0.9802802205,85,3,591,0.9659090909,0.1257396450,0.2225130890
0.9802446365,86,3,590,0.9662921348,0.1272189349,0.2248366013
0.9801719785,86,4,590,0.9555555556,0.1272189349,0.2245430809
0.9801539183,87,4,589,0.9560439560,0.1286982249,0.2268578879
0.9800972342,88,4,588,0.9565217391,0.1301775148,0.2291666667
0.9799067378,89,4,587,0.9569892473,0.1316568047,0.2314694408
0.9799051285,90,4,586,0.9574468085,0.1331360947,0.2337662338
0.9798747897,91,4,585,0.9578947368,0.1346153846,0.2360570687
0.9791077971,92,4,584,0.9583333333,0.1360946746,0.2383419689
0.9790124893,93,4,583,0.9587628866,0.1375739645,0.2406209573
0.9790063500,94,4,582,0.9591836735,0.1390532544,0.2428940568
0.9788956642,95,4,581,0.9595959596,0.1405325444,0.2451612903
0.9788257480,96,4,580,0.9600000000,0.1420118343,0.2474226804
0.9783685207,97,4,579,0.9603960396,0.1434911243,0.2496782497
0.9780269861,98,4,578,0.9607843137,0.1449704142,0.2519280206
0.9779912233,99,4,577,0.9611650485,0.1464497041,0.2541720154
0.9779530168,100,4,576,0.9615384615,0.1479289941,0.2564102564
0.9777801037,101,4,575,0.9619047619,0.1494082840,0.2586427657
0.9775074124,102,4,574,0.9622641509,0.1508875740,0.2608695652
0.9774855375,103,4,573,0.9626168224,0.1523668639,0.2630906769
0.9774619937,104,4,572,0.9629629630,0.1538461538,0.2653061224
0.9773494601,105,4,571,0.9633027523,0.1553254438,0.2675159236
0.9773193002,106,4,570,0.9636363636,0.1568047337,0.2697201018
0.9772278666,107,4,569,0.9639639640,0.1582840237,0.2719186785
0.9771879315,108,4,568,0.9642857143,0.1597633136,0.2741116751
0.9771590829,109,4,567,0.9646017699,0.1612426036,0.2762991128
0.9771525264,110,4,566,0.9649122807,0.1627218935,0.2784810127
0.9769620895,111,4,565,0.9652173913,0.1642011834,0.2806573957
0.9768610597,112,4,564,0.9655172414,0.1656804734,0.2828282828
0.9767360687,113,4,563,0.9658119658,0.1671597633,0.2849936948
0.9767306447,114,4,562,0.9661016949,0.1686390533,0.2871536524
0.9765992761,115,4,561,0.9663865546,0.1701183432,0.2893081761
0.9765426517,116,4,560,0.9666666667,0.1715976331,0.2914572864
0.9762784243,117,4,559,0.9669421488,0.1730769231,0.2936010038
0.9761824608,117,5,559,0.9590163934,0.1730769231,0.2932330827
0.9760971069,118,5,558,0.9593495935,0.1745562130,0.2953692115
0.9760870337,119,5,557,0.9596774194,0.1760355030,0.2975000000
0.9758205414,120,5,556,0.9600000000,0.1775147929,0.2996254682
0.9757994413,121,5,555,0.9603174603,0.1789940828,0.3017456359
0.9757772684,122,5,554,0.9606299213,0.1804733728,0.3038605230
0.9757488966,123,5,553,0.9609375000,0.1819526627,0.3059701493
0.9756681323,124,5,552,0.9612403101,0.1834319527,0.3080745342
0.9756674170,125,5,551,0.9615384615,0.1849112426,0.3101736973
0.9752331972,126,5,550,0.9618320611,0.1863905325,0.3122676580
0.9752132893,127,5,549,0.9621212121,0.1878698225,0.3143564356
0.9751386642,128,5,548,0.9624060150,0.1893491124,0.3164400494
0.9747959971,129,5,547,0.9626865672,0.1908284024,0.3185185185
0.9746973515,130,5,546,0.9629629630,0.1923076923,0.3205918619
0.9746911526,131,5,545,0.9632352941,0.1937869822,0.3226600985
0.9746420979,132,5,544,0.9635036496,0.1952662722,0.3247232472
0.9745584130,132,6,544,0.9565217391,0.1952662722,0.3243243243
0.9744879007,133,6,543,0.9568345324,0.1967455621,0.3263803681
0.9742219448,134,6,542,0.9571428571,0.1982248521,0.3284313725
0.9740573168,135,6,541,0.9574468085,0.1997041420,0.3304773562
0.9739577174,136,6,540,0.9577464789,0.2011834320,0.3325183374
0.9739123583,137,6,539,0.9580419580,0.2026627219,0.3345543346
0.9737766981,138,6,538,0.9583333333,0.2041420118,0.3365853659
0.9736461639,139,6,537,0.9586206897,0.2056213018,0.3386114495
0.9735814929,140,6,536,0.9589041096,0.2071005917,0.3406326034
0.9732232094,141,6,535,0.9591836735,0.2085798817,0.3426488457
0.9729686975,142,6,534,0.9594594595,0.2100591716,0.3446601942
0.9727894068,143,6,533,0.9597315436,0.2115384615,0.3466666667
0.9727512598,144,6,532,0.9600000000,0.2130177515,0.3486682809
0.9725279808,145,6,531,0.9602649007,0.2144970414,0.3506650544
0.9725164771,146,6,530,0.9605263158,0.2159763314,0.3526570048
0.9721987247,147,6,529,0.9607843137,0.2174556213,0.3546441496
0.9720152020,148,6,528,0.9610389610,0.2189349112,0.3566265060
0.9719807506,149,6,527,0.9612903226,0.2204142012,0.3586040915
0.9719793797,150,6,526,0.9615384615,0.2218934911,0.3605769231
0.9719528556,151,6,525,0.9617834395,0.2233727811,0.3625450180
0.9719476700,152,6,524,0.9620253165,0.2248520710,0.3645083933
0.9717398882,153,6,523,0.9622641509,0.2263313609,0.3664670659
0.9717217684,154,6,522,0.9625000000,0.2278106509,0.3684210526
0.9716252089,155,6,521,0.9627329193,0.2292899408,0.3703703704
0.9715768099,156,6,520,0.9629629630,0.2307692308,0.3723150358
0.9715696573,157,6,519,0.9631901840,0.2322485207,0.3742550656
0.9714500308,158,6,518,0.9634146341,0.2337278107,0.3761904762
0.9713933468,159,6,517,0.9636363636,0.2352071006,0.3781212842
0.9713837504,160,6,516,0.9638554217,0.2366863905,0.3800475059
0.9711542726,161,6,515,0.9640718563,0.2381656805,0.3819691578
0.9710861444,162,6,514,0.9642857143,0.2396449704,0.3838862559
0.9709537029,163,6,513,0.9644970414,0.2411242604,0.3857988166
0.9707876444,164,6,512,0.9647058824,0.2426035503,0.3877068558
0.9707359672,165,6,511,0.9649122807,0.2440828402,0.3896103896
0.9706206918,166,6,510,0.9651162791,0.2455621302,0.3915094340
0.9703119993,167,6,509,0.9653179191,0.2470414201,0.3934040047
0.9701780081,168,6,508,0.9655172414,0.2485207101,0.3952941176
0.9699997306,169,6,507,0.9657142857,0.2500000000,0.3971797885
0.9699485898,170,6,506,0.9659090909,0.2514792899,0.3990610329
0.9699085355,171,6,505,0.9661016949,0.2529585799,0.4009378664
0.9696575999,172,6,504,0.9662921348,0.2544378698,0.4028103044
0.9696106911,173,6,503,0.9664804469,0.2559171598,0.4046783626
0.9695750475,174,6,502,0.9666666667,0.2573964497,0.4065420561
0.9695163369,175,6,501,0.9668508287,0.2588757396,0.4084014002
0.9694737196,176,6,500,0.9670329670,0.2603550296,0.4102564103
0.9692716599,177,6,499,0.9672131148,0.2618343195,0.4121071013
0.9692231417,178,6,498,0.9673913043,0.2633136095,0.4139534884
0.9692143202,179,6,497,0.9675675676,0.2647928994,0.4157955865
0.9690992236,180,6,496,0.9677419355,0.2662721893,0.4176334107
0.9688724279,182,6,494,0.9680851064,0.2692307692,0.4212962963
0.9688593149,183,6,493,0.9682539683,0.2707100592,0.4231213873
0.9688077569,184,6,492,0.9684210526,0.2721893491,0.4249422633
0.9687072039,185,6,491,0.9685863874,0.2736686391,0.4267589389
0.9684259295,186,6,490,0.9687500000,0.2751479290,0.4285714286
0.9683912396,186,7,490,0.9637305699,0.2751479290,0.4280782509
0.9683896899,187,7,489,0.9639175258,0.2766272189,0.4298850575
0.9682062864,188,7,488,0.9641025641,0.2781065089,0.4316877153
0.9679420590,189,7,487,0.9642857143,0.2795857988,0.4334862385
0.9679118991,190,7,486,0.9644670051,0.2810650888,0.4352806415
0.9678824544,190,8,486,0.9595959596,0.2810650888,0.4347826087
0.9677676558,191,8,485,0.9597989950,0.2825443787,0.4365714286
0.9675903916,193,8,483,0.9601990050,0.2855029586,0.4401368301
0.9675172567,193,9,483,0.9554455446,0.2855029586,0.4396355353
0.9675148129,194,9,482,0.9556650246,0.2869822485,0.4414106940
0.9672287107,195,9,481,0.9558823529,0.2884615385,0.4431818182
0.9669622183,196,9,480,0.9560975610,0.2899408284,0.4449489217
0.9666311741,196,10,480,0.9514563107,0.2899408284,0.4444444444
0.9663985372,197,10,479,0.9516908213,0.2914201183,0.4462061155
0.9660336375,198,10,478,0.9519230769,0.2928994083,0.4479638009
0.9657078981,199,10,477,0.9521531100,0.2943786982,0.4497175141
0.9655866027,200,10,476,0.9523809524,0.2958579882,0.4514672686
0.9655392766,201,10,475,0.9526066351,0.2973372781,0.4532130778
0.9654114842,202,10,474,0.9528301887,0.2988165680,0.4549549550
0.9654091597,203,10,473,0.9530516432,0.3002958580,0.4566929134
0.9653095007,203,11,473,0.9485981308,0.3002958580,0.4561797753
0.9652728438,204,11,472,0.9488372093,0.3017751479,0.4579124579
0.9650406241,205,11,471,0.9490740741,0.3032544379,0.4596412556
0.9648432732,206,11,470,0.9493087558,0.3047337278,0.4613661814
0.9647400975,207,11,469,0.9495412844,0.3062130178,0.4630872483
0.9647255540,208,11,468,0.9497716895,0.3076923077,0.4648044693
0.9646478891,209,11,467,0.9500000000,0.3091715976,0.4665178571
0.9646462202,210,11,466,0.9502262443,0.3106508876,0.4682274247
0.9643081427,211,11,465,0.9504504505,0.3121301775,0.4699331849
0.9642030597,212,11,464,0.9506726457,0.3136094675,0.4716351502
0.9639094472,213,11,463,0.9508928571,0.3150887574,0.4733333333
0.9637851715,214,11,462,0.9511111111,0.3165680473,0.4750277469
0.9637696743,215,11,461,0.9513274336,0.3180473373,0.4767184035
0.9636595249,216,11,460,0.9515418502,0.3195266272,0.4784053156
0.9635333419,217,11,459,0.9517543860,0.3210059172,0.4800884956
0.9634296298,218,11,458,0.9519650655,0.3224852071,0.4817679558
0.9634281993,219,11,457,0.9521739130,0.3239644970,0.4834437086
0.9631940126,220,11,456,0.9523809524,0.3254437870,0.4851157663
0.9630891681,221,11,455,0.9525862069,0.3269230769,0.4867841410
0.9625948668,222,11,454,0.9527896996,0.3284023669,0.4884488449
0.9624322057,223,11,453,0.9529914530,0.3298816568,0.4901098901
0.9624264240,224,11,452,0.9531914894,0.3313609467,0.4917672887
0.9622880220,224,12,452,0.9491525424,0.3313609467,0.4912280702
0.9621749520,225,12,451,0.9493670886,0.3328402367,0.4928806134
0.9618522525,226,12,450,0.9495798319,0.3343195266,0.4945295405
0.9617573023,227,12,449,0.9497907950,0.3357988166,0.4961748634
0.9616070390,228,12,448,0.9500000000,0.3372781065,0.4978165939
0.9615616202,229,12,447,0.9502074689,0.3387573964,0.4994547437
0.9615508318,229,13,447,0.9462809917,0.3387573964,0.4989106754
0.9611026645,230,13,446,0.9465020576,0.3402366864,0.5005440696
0.9608402252,231,13,445,0.9467213115,0.3417159763,0.5021739130
0.9601313472,232,13,444,0.9469387755,0.3431952663,0.5038002172
0.9601129889,233,13,443,0.9471544715,0.3446745562,0.5054229935
0.9593159556,234,13,442,0.9473684211,0.3461538462,0.5070422535
0.9589256644,235,13,441,0.9475806452,0.3476331361,0.5086580087
0.9586932659,236,13,440,0.9477911647,0.3491124260,0.5102702703
0.9586839080,237,13,439,0.9480000000,0.3505917160,0.5118790497
0.9584455490,238,13,438,0.9482071713,0.3520710059,0.5134843581
0.9584106207,239,13,437,0.9484126984,0.3535502959,0.5150862069
0.9583984017,240,13,436,0.9486166008,0.3550295858,0.5166846071
0.9581692815,241,13,435,0.9488188976,0.3565088757,0.5182795699
0.9578278065,242,13,434,0.9490196078,0.3579881657,0.5198711063
0.9576597214,243,13,433,0.9492187500,0.3594674556,0.5214592275
0.9575453997,244,13,432,0.9494163424,0.3609467456,0.5230439443
0.9574934840,244,14,432,0.9457364341,0.3609467456,0.5224839400
0.9573090076,245,14,431,0.9459459459,0.3624260355,0.5240641711
0.9570348859,246,14,430,0.9461538462,0.3639053254,0.5256410256
0.9568210244,247,14,429,0.9463601533,0.3653846154,0.5272145144
0.9564577341,248,14,428,0.9465648855,0.3668639053,0.5287846482
0.9564098716,249,14,427,0.9467680608,0.3683431953,0.5303514377
0.9561707973,250,14,426,0.9469696970,0.3698224852,0.5319148936
0.9561520815,251,14,425,0.9471698113,0.3713017751,0.5334750266
0.9554898143,252,14,424,0.9473684211,0.3727810651,0.5350318471
0.9552242160,253,14,423,0.9475655431,0.3742603550,0.5365853659
0.9550960064,253,15,423,0.9440298507,0.3742603550,0.5360169492
0.9550734758,254,15,422,0.9442379182,0.3757396450,0.5375661376
0.9547006488,255,15,421,0.9444444444,0.3772189349,0.5391120507
0.9546234012,256,15,420,0.9446494465,0.3786982249,0.5406546990
0.9542227983,256,16,420,0.9411764706,0.3786982249,0.5400843882
0.9533821940,257,16,419,0.9413919414,0.3801775148,0.5416227608
0.9533503652,258,16,418,0.9416058394,0.3816568047,0.5431578947
0.9528849125,258,17,418,0.9381818182,0.3816568047,0.5425867508
0.9527819753,259,17,417,0.9384057971,0.3831360947,0.5441176471
0.9526614547,260,17,416,0.9386281588,0.3846153846,0.5456453305
0.9526285529,261,17,415,0.9388489209,0.3860946746,0.5471698113
0.9521352053,262,17,414,0.9390681004,0.3875739645,0.5486910995
0.9517505169,263,17,413,0.9392857143,0.3890532544,0.5502092050
0.9517328739,264,17,412,0.9395017794,0.3905325444,0.5517241379
0.9515619874,266,17,410,0.9399293286,0.3934911243,0.5547445255
0.9514814615,267,17,409,0.9401408451,0.3949704142,0.5562500000
0.9510943294,269,17,407,0.9405594406,0.3979289941,0.5592515593
0.9505001903,270,17,406,0.9407665505,0.3994082840,0.5607476636
0.9504780173,270,18,406,0.9375000000,0.3994082840,0.5601659751
0.9504255652,271,18,405,0.9377162630,0.4008875740,0.5616580311
0.9498054981,272,18,404,0.9379310345,0.4023668639,0.5631469979
0.9490517974,272,19,404,0.9347079038,0.4023668639,0.5625646329
0.9485518932,273,19,403,0.9349315068,0.4038461538,0.5640495868
0.9485104084,274,19,402,0.9351535836,0.4053254438,0.5655314757
0.9482440948,275,19,401,0.9353741497,0.4068047337,0.5670103093
0.9480049014,276,19,400,0.9355932203,0.4082840237,0.5684860968
0.9476392865,277,19,399,0.9358108108,0.4097633136,0.5699588477
0.9475748539,278,19,398,0.9360269360,0.4112426036,0.5714285714
0.9475124478,279,19,397,0.9362416107,0.4127218935,0.5728952772
0.9461324215,280,19,396,0.9364548495,0.4142011834,0.5743589744
0.9458596706,280,20,396,0.9333333333,0.4142011834,0.5737704918
0.9457589984,281,20,395,0.9335548173,0.4156804734,0.5752302968
0.9457139969,282,20,394,0.9337748344,0.4171597633,0.5766871166
0.9448401928,283,20,393,0.9339933993,0.4186390533,0.5781409602
0.9443374276,283,21,393,0.9309210526,0.4186390533,0.5775510204
0.9442766309,284,21,392,0.9311475410,0.4201183432,0.5790010194
0.9440146685,285,21,391,0.9313725490,0.4215976331,0.5804480652
0.9439291954,286,21,390,0.9315960912,0.4230769231,0.5818921668
0.9434294701,287,21,389,0.9318181818,0.4245562130,0.5833333333
0.9430998564,288,21,388,0.9320388350,0.4260355030,0.5847715736
0.9427674413,288,22,388,0.9290322581,0.4260355030,0.5841784990
0.9423750639,289,22,387,0.9292604502,0.4275147929,0.5856129686
0.9419929385,290,22,386,0.9294871795,0.4289940828,0.5870445344
0.9418280125,291,22,385,0.9297124601,0.4304733728,0.5884732053
0.9418162107,292,22,384,0.9299363057,0.4319526627,0.5898989899
0.9413309693,293,22,383,0.9301587302,0.4334319527,0.5913218971
0.9408870339,294,22,382,0.9303797468,0.4349112426,0.5927419355
0.9408869147,295,22,381,0.9305993691,0.4363905325,0.5941591138
0.9401502609,296,22,380,0.9308176101,0.4378698225,0.5955734406
0.9401336908,297,22,379,0.9310344828,0.4393491124,0.5969849246
0.9400566816,298,22,378,0.9312500000,0.4408284024,0.5983935743
0.9398485422,299,22,377,0.9314641745,0.4423076923,0.5997993982
0.9393163919,300,22,376,0.9316770186,0.4437869822,0.6012024048
0.9387375712,301,22,375,0.9318885449,0.4452662722,0.6026026026
0.9386686087,302,22,374,0.9320987654,0.4467455621,0.6040000000
0.9379897118,302,23,374,0.9292307692,0.4467455621,0.6033966034
0.9378527403,302,24,374,0.9263803681,0.4467455621,0.6027944112
0.9376831055,303,24,373,0.9266055046,0.4482248521,0.6041874377
0.9375794530,304,24,372,0.9268292683,0.4497041420,0.6055776892
0.9372026920,305,24,371,0.9270516717,0.4511834320,0.6069651741
0.9365745783,306,24,370,0.9272727273,0.4526627219,0.6083499006
0.9365006089,307,24,369,0.9274924471,0.4541420118,0.6097318769
0.9357821941,308,24,368,0.9277108434,0.4556213018,0.6111111111
0.9352784753,309,24,367,0.9279279279,0.4571005917,0.6124876115
0.9350847602,310,24,366,0.9281437126,0.4585798817,0.6138613861
0.9350579977,311,24,365,0.9283582090,0.4600591716,0.6152324431
0.9341402054,312,24,364,0.9285714286,0.4615384615,0.6166007905
0.9340639710,313,24,363,0.9287833828,0.4630177515,0.6179664363
0.9330821037,314,24,362,0.9289940828,0.4644970414,0.6193293886
0.9330524206,315,24,361,0.9292035398,0.4659763314,0.6206896552
0.9329954982,316,24,360,0.9294117647,0.4674556213,0.6220472441
0.9328907728,317,24,359,0.9296187683,0.4689349112,0.6234021632
0.9326937795,318,24,358,0.9298245614,0.4704142012,0.6247544204
0.9326617718,318,25,358,0.9271137026,0.4704142012,0.6241413150
0.9325926900,319,25,357,0.9273255814,0.4718934911,0.6254901961
0.9322023988,320,25,356,0.9275362319,0.4733727811,0.6268364349
0.9321792126,321,25,355,0.9277456647,0.4748520710,0.6281800391
0.9320086241,322,25,354,0.9279538905,0.4763313609,0.6295210166
0.9319194555,323,25,353,0.9281609195,0.4778106509,0.6308593750
0.9314160943,324,25,352,0.9283667622,0.4792899408,0.6321951220
0.9310511351,325,25,351,0.9285714286,0.4807692308,0.6335282651
0.9309973121,326,25,350,0.9287749288,0.4822485207,0.6348588121
0.9306446910,327,25,349,0.9289772727,0.4837278107,0.6361867704
0.9302062988,327,26,349,0.9263456091,0.4837278107,0.6355685131
0.9292860031,328,26,348,0.9265536723,0.4852071006,0.6368932039
0.9291638136,329,26,347,0.9267605634,0.4866863905,0.6382153249
0.9290550351,330,26,346,0.9269662921,0.4881656805,0.6395348837
0.9287267923,331,26,345,0.9271708683,0.4896449704,0.6408518877
0.9272950888,332,26,344,0.9273743017,0.4911242604,0.6421663443
0.9264224768,333,26,343,0.9275766017,0.4926035503,0.6434782609
0.9262483716,334,26,342,0.9277777778,0.4940828402,0.6447876448
0.9251295924,335,26,341,0.9279778393,0.4955621302,0.6460945034
0.9250844121,336,26,340,0.9281767956,0.4970414201,0.6473988439
0.9250292182,336,27,340,0.9256198347,0.4970414201,0.6467757459
0.9247516394,337,27,339,0.9258241758,0.4985207101,0.6480769231
0.9242593050,338,27,338,0.9260273973,0.5000000000,0.6493756004
0.9236313105,339,27,337,0.9262295082,0.5014792899,0.6506717850
0.9231982827,340,27,336,0.9264305177,0.5029585799,0.6519654842
0.9228574634,341,27,335,0.9266304348,0.5044378698,0.6532567050
0.9223641753,342,27,334,0.9268292683,0.5059171598,0.6545454545
0.9223398566,343,27,333,0.9270270270,0.5073964497,0.6558317400
0.9221298695,344,27,332,0.9272237197,0.5088757396,0.6571155683
0.9216436744,345,27,331,0.9274193548,0.5103550296,0.6583969466
0.9214769006,346,27,330,0.9276139410,0.5118343195,0.6596758818
0.9213916063,346,28,330,0.9251336898,0.5118343195,0.6590476190
0.9213091135,347,28,329,0.9253333333,0.5133136095,0.6603235014
0.9205324650,348,28,328,0.9255319149,0.5147928994,0.6615969582
0.9200782180,349,28,327,0.9257294430,0.5162721893,0.6628679962
0.9199802279,350,28,326,0.9259259259,0.5177514793,0.6641366224
0.9187209606,351,28,325,0.9261213720,0.5192307692,0.6654028436
0.9179708958,352,28,324,0.9263157895,0.5207100592,0.6666666667
0.9172818661,353,28,323,0.9265091864,0.5221893491,0.6679280984
0.9172347784,354,28,322,0.9267015707,0.5236686391,0.6691871456
0.9171043038,355,28,321,0.9268929504,0.5251479290,0.6704438149
0.9165377617,356,28,320,0.9270833333,0.5266272189,0.6716981132
0.9159401655,357,28,319,0.9272727273,0.5281065089,0.6729500471
0.9155316353,358,28,318,0.9274611399,0.5295857988,0.6741996234
0.9152629375,359,28,317,0.9276485788,0.5310650888,0.6754468485
0.9152527452,360,28,316,0.9278350515,0.5325443787,0.6766917293
0.9146681428,361,28,315,0.9280205656,0.5340236686,0.6779342723
0.9121732712,362,28,314,0.9282051282,0.5355029586,0.6791744841
0.9119572639,363,28,313,0.9283887468,0.5369822485,0.6804123711
0.9117274284,364,28,312,0.9285714286,0.5384615385,0.6816479401
0.9116294384,364,29,312,0.9262086514,0.5384615385,0.6810102900
0.9113658667,365,29,311,0.9263959391,0.5399408284,0.6822429907
0.9109314084,366,29,310,0.9265822785,0.5414201183,0.6834733894
0.9109238982,367,29,309,0.9267676768,0.5428994083,0.6847014925
0.9107281566,368,29,308,0.9269521411,0.5443786982,0.6859273066
0.9087730646,369,29,307,0.9271356784,0.5458579882,0.6871508380
0.9084126949,370,29,306,0.9273182957,0.5473372781,0.6883720930
0.9081951380,371,29,305,0.9275000000,0.5488165680,0.6895910781
0.9077399969,371,30,305,0.9251870324,0.5488165680,0.6889507892
0.9064638019,372,30,304,0.9253731343,0.5502958580,0.6901669759
0.9057934284,373,30,303,0.9255583127,0.5517751479,0.6913809082
0.9057606459,374,30,302,0.9257425743,0.5532544379,0.6925925926
0.9050329328,375,30,301,0.9259259259,0.5547337278,0.6938020352
0.9028108716,376,30,300,0.9261083744,0.5562130178,0.6950092421
0.9026818275,377,30,299,0.9262899263,0.5576923077,0.6962142198
0.9011811614,378,30,298,0.9264705882,0.5591715976,0.6974169742
0.9011365175,379,30,297,0.9266503667,0.5606508876,0.6986175115
0.9006308317,380,30,296,0.9268292683,0.5621301775,0.6998158379
0.9000249505,381,30,295,0.9270072993,0.5636094675,0.7010119595
0.8990650773,382,30,294,0.9271844660,0.5650887574,0.7022058824
0.8982831240,382,31,294,0.9249394673,0.5650887574,0.7015610652
0.8982396722,382,32,294,0.9227053140,0.5650887574,0.7009174312
0.8968273997,383,32,293,0.9228915663,0.5665680473,0.7021081577
0.8962329626,385,32,291,0.9232613909,0.5695266272,0.7044830741
0.8940175772,386,32,290,0.9234449761,0.5710059172,0.7056672761
0.8933146000,386,33,290,0.9212410501,0.5710059172,0.7050228311
0.8924552202,387,33,289,0.9214285714,0.5724852071,0.7062043796
0.8921791911,387,34,289,0.9192399050,0.5724852071,0.7055606199
0.8920688033,388,34,288,0.9194312796,0.5739644970,0.7067395264
0.8918139338,389,34,287,0.9196217494,0.5754437870,0.7079162875
0.8913944364,390,34,286,0.9198113208,0.5769230769,0.7090909091
0.8889502287,391,34,285,0.9200000000,0.5784023669,0.7102633969
0.8884156346,392,34,284,0.9201877934,0.5798816568,0.7114337568
0.8855327964,393,34,283,0.9203747073,0.5813609467,0.7126019946
0.8853473663,394,34,282,0.9205607477,0.5828402367,0.7137681159
0.8849183917,395,34,281,0.9207459207,0.5843195266,0.7149321267
0.8838893771,396,34,280,0.9209302326,0.5857988166,0.7160940325
0.8834757805,397,34,279,0.9211136891,0.5872781065,0.7172538392
0.8829839230,398,34,278,0.9212962963,0.5887573964,0.7184115523
0.8827416301,398,35,278,0.9191685912,0.5887573964,0.7177637511
0.8825708032,399,35,277,0.9193548387,0.5902366864,0.7189189189
0.8819574714,400,35,276,0.9195402299,0.5917159763,0.7200720072
0.8819172978,401,35,275,0.9197247706,0.5931952663,0.7212230216
0.8816970587,402,35,274,0.9199084668,0.5946745562,0.7223719677
0.8812339902,402,36,274,0.9178082192,0.5946745562,0.7217235189
0.8782895803,403,36,273,0.9179954442,0.5961538462,0.7228699552
0.8779361844,404,36,272,0.9181818182,0.5976331361,0.7240143369
0.8777017593,405,36,271,0.9183673469,0.5991124260,0.7251566697
0.8740496635,405,37,271,0.9162895928,0.5991124260,0.7245080501
0.8737114072,406,37,270,0.9164785553,0.6005917160,0.7256478999
0.8716251254,407,37,269,0.9166666667,0.6020710059,0.7267857143
0.8679680824,408,37,268,0.9168539326,0.6035502959,0.7279214987
0.8677433133,409,37,267,0.9170403587,0.6050295858,0.7290552585
0.8647563457,410,37,266,0.9172259508,0.6065088757,0.7301869991
0.8642573357,411,37,265,0.9174107143,0.6079881657,0.7313167260
0.8634619713,412,37,264,0.9175946548,0.6094674556,0.7324444444
0.8596372604,412,38,264,0.9155555556,0.6094674556,0.7317939609
0.8584476709,412,39,264,0.9135254989,0.6094674556,0.7311446318
0.8578116894,413,39,263,0.9137168142,0.6109467456,0.7322695035
0.8544498682,414,39,262,0.9139072848,0.6124260355,0.7333923826
0.8535178304,415,39,261,0.9140969163,0.6139053254,0.7345132743
0.8525186777,416,39,260,0.9142857143,0.6153846154,0.7356321839
0.8518808484,416,40,260,0.9122807018,0.6153846154,0.7349823322
0.8509024382,416,41,260,0.9102844639,0.6153846154,0.7343336275
0.8494258523,417,41,259,0.9104803493,0.6168639053,0.7354497354
0.8481863737,417,42,259,0.9084967320,0.6168639053,0.7348017621
0.8480522633,418,42,258,0.9086956522,0.6183431953,0.7359154930
0.8461831808,419,42,257,0.9088937093,0.6198224852,0.7370272647
0.8461422920,420,42,256,0.9090909091,0.6213017751,0.7381370826
0.8460943103,420,43,256,0.9071274298,0.6213017751,0.7374890255
0.8456232548,420,44,256,0.9051724138,0.6213017751,0.7368421053
0.8454970121,420,45,256,0.9032258065,0.6213017751,0.7361963190
0.8433659673,420,46,256,0.9012875536,0.6213017751,0.7355516637
0.8429030180,421,46,255,0.9014989293,0.6227810651,0.7366579178
0.8428774476,422,46,254,0.9017094017,0.6242603550,0.7377622378
0.8392382860,423,46,253,0.9019189765,0.6257396450,0.7388646288
0.8375297189,424,46,252,0.9021276596,0.6272189349,0.7399650960
0.8364409208,425,46,251,0.9023354565,0.6286982249,0.7410636443
0.8362918496,426,46,250,0.9025423729,0.6301775148,0.7421602787
0.8356155753,427,46,249,0.9027484144,0.6316568047,0.7432550044
0.8337844610,428,46,248,0.9029535865,0.6331360947,0.7443478261
0.8335794806,429,46,247,0.9031578947,0.6346153846,0.7454387489
0.8333878517,430,46,246,0.9033613445,0.6360946746,0.7465277778
0.8314139247,431,46,245,0.9035639413,0.6375739645,0.7476149176
0.8299997449,432,46,244,0.9037656904,0.6390532544,0.7487001733
0.8295645118,433,46,243,0.9039665971,0.6405325444,0.7497835498
0.8249315023,433,47,243,0.9020833333,0.6405325444,0.7491349481
0.8236976862,434,47,242,0.9022869023,0.6420118343,0.7502160761
0.8215425014,435,47,241,0.9024896266,0.6434911243,0.7512953368
0.8210672140,435,48,241,0.9006211180,0.6434911243,0.7506471096
0.8208615780,436,48,240,0.9008264463,0.6449704142,0.7517241379
0.8201528788,437,48,239,0.9010309278,0.6464497041,0.7527993109
0.8201228976,437,49,239,0.8991769547,0.6464497041,0.7521514630
0.8172964454,437,50,239,0.8973305955,0.6464497041,0.7515047291
0.8166908026,438,50,238,0.8975409836,0.6479289941,0.7525773196
0.8164945841,438,51,238,0.8957055215,0.6479289941,0.7519313305
0.8163199425,438,52,238,0.8938775510,0.6479289941,0.7512864494
0.8148616552,439,52,237,0.8940936864,0.6494082840,0.7523564696
0.8136356473,440,52,236,0.8943089431,0.6508875740,0.7534246575
0.8115143776,441,52,235,0.8945233266,0.6523668639,0.7544910180
0.8103884459,442,52,234,0.8947368421,0.6538461538,0.7555555556
0.8102474213,442,53,234,0.8929292929,0.6538461538,0.7549103330
0.8094499111,443,53,233,0.8931451613,0.6553254438,0.7559726962
0.8091143370,444,53,232,0.8933601610,0.6568047337,0.7570332481
0.8045380116,444,54,232,0.8915662651,0.6568047337,0.7563884157
0.8024239540,444,55,232,0.8897795591,0.6568047337,0.7557446809
0.7974624634,445,55,231,0.8900000000,0.6582840237,0.7568027211
0.7932419777,446,55,230,0.8902195609,0.6597633136,0.7578589635
0.7887843251,446,56,230,0.8884462151,0.6597633136,0.7572156197
0.7867612243,447,56,229,0.8886679920,0.6612426036,0.7582697201
0.7856196761,447,57,229,0.8869047619,0.6612426036,0.7576271186
0.7845305204,447,58,229,0.8851485149,0.6612426036,0.7569856054
0.7826531529,448,58,228,0.8853754941,0.6627218935,0.7580372250
0.7796846032,449,58,227,0.8856015779,0.6642011834,0.7590870668
0.7778915763,449,59,227,0.8838582677,0.6642011834,0.7584459459
0.7741399407,449,60,227,0.8821218075,0.6642011834,0.7578059072
0.7738926411,449,61,227,0.8803921569,0.6642011834,0.7571669477
0.7735650539,450,61,226,0.8806262231,0.6656804734,0.7582139848
0.7696520090,451,61,225,0.8808593750,0.6671597633,0.7592592593
0.7679340243,452,61,224,0.8810916179,0.6686390533,0.7603027754
0.7668796182,452,62,224,0.8793774319,0.6686390533,0.7596638655
0.7658888698,453,62,223,0.8796116505,0.6701183432,0.7607052897
0.7646274567,454,62,222,0.8798449612,0.6715976331,0.7617449664
0.7627086639,455,62,221,0.8800773694,0.6730769231,0.7627829003
0.7621186376,456,62,220,0.8803088803,0.6745562130,0.7638190955
0.7608096600,457,62,219,0.8805394990,0.6760355030,0.7648535565
0.7607205510,457,63,219,0.8788461538,0.6760355030,0.7642140468
0.7577590346,457,64,219,0.8771593090,0.6760355030,0.7635756057
0.7497020364,458,64,218,0.8773946360,0.6775147929,0.7646076795
0.7488108277,459,64,217,0.8776290631,0.6789940828,0.7656380317
0.7482138276,460,64,216,0.8778625954,0.6804733728,0.7666666667
0.7458233237,461,64,215,0.8780952381,0.6819526627,0.7676935887
0.7437277436,461,65,215,0.8764258555,0.6819526627,0.7670549085
0.7402828336,462,65,214,0.8766603416,0.6834319527,0.7680798005
0.7378026247,463,65,213,0.8768939394,0.6849112426,0.7691029900
0.7285171747,464,65,212,0.8771266541,0.6863905325,0.7701244813
0.7267159224,464,66,212,0.8754716981,0.6863905325,0.7694859038
0.7261829376,464,67,212,0.8738229755,0.6863905325,0.7688483844
0.7254317403,464,68,212,0.8721804511,0.6863905325,0.7682119205
0.7228900194,465,68,211,0.8724202627,0.6878698225,0.7692307692
0.7226851583,465,69,211,0.8707865169,0.6878698225,0.7685950413
0.7202560902,466,69,210,0.8710280374,0.6893491124,0.7696118910
0.7202489972,467,69,209,0.8712686567,0.6908284024,0.7706270627
0.7179719806,468,69,208,0.8715083799,0.6923076923,0.7716405606
0.7161890864,469,69,207,0.8717472119,0.6937869822,0.7726523888
0.7120152712,469,70,207,0.8701298701,0.6937869822,0.7720164609
0.7006752491,470,70,206,0.8703703704,0.6952662722,0.7730263158
0.6975503564,471,70,205,0.8706099815,0.6967455621,0.7740345111
0.6974008083,472,70,204,0.8708487085,0.6982248521,0.7750410509
0.6971019506,473,70,203,0.8710865562,0.6997041420,0.7760459393
0.6969097853,473,71,203,0.8694852941,0.6997041420,0.7754098361
0.6909532547,474,71,202,0.8697247706,0.7011834320,0.7764127764
0.6858669519,474,72,202,0.8681318681,0.7011834320,0.7757774141
0.6852292418,475,72,201,0.8683729433,0.7026627219,0.7767784137
0.6812298894,476,72,200,0.8686131387,0.7041420118,0.7777777778
0.6808368564,476,73,200,0.8670309654,0.7041420118,0.7771428571
0.6805197597,476,74,200,0.8654545455,0.7041420118,0.7765089723
0.6800496578,477,74,199,0.8656987296,0.7056213018,0.7775061125
0.6778944135,478,74,198,0.8659420290,0.7071005917,0.7785016287
0.6710532904,479,74,197,0.8661844485,0.7085798817,0.7794955248
0.6658448577,480,74,196,0.8664259928,0.7100591716,0.7804878049
0.6570435166,481,74,195,0.8666666667,0.7115384615,0.7814784728
0.6499254107,482,74,194,0.8669064748,0.7130177515,0.7824675325
0.6496913433,482,75,194,0.8653500898,0.7130177515,0.7818329278
0.6452804208,482,76,194,0.8637992832,0.7130177515,0.7811993517
0.6428451538,483,76,193,0.8640429338,0.7144970414,0.7821862348
0.6374419332,483,77,193,0.8625000000,0.7144970414,0.7815533981
0.6342338324,483,78,193,0.8609625668,0.7144970414,0.7809215845
0.6341288686,484,78,192,0.8612099644,0.7159763314,0.7819063005
0.6331899166,485,78,191,0.8614564831,0.7174556213,0.7828894270
0.6176676154,486,78,190,0.8617021277,0.7189349112,0.7838709677
0.6127326488,487,78,189,0.8619469027,0.7204142012,0.7848509267
0.6105384827,487,79,189,0.8604240283,0.7204142012,0.7842190016
0.6007125974,488,79,188,0.8606701940,0.7218934911,0.7851971038
0.5988894105,489,79,187,0.8609154930,0.7233727811,0.7861736334
0.5953128934,490,79,186,0.8611599297,0.7248520710,0.7871485944
0.5941362381,491,79,185,0.8614035088,0.7263313609,0.7881219904
0.5924889445,492,79,184,0.8616462347,0.7278106509,0.7890938252
0.5899258852,493,79,183,0.8618881119,0.7292899408,0.7900641026
0.5804226995,493,80,183,0.8603839442,0.7292899408,0.7894315452
0.5788601637,494,80,182,0.8606271777,0.7307692308,0.7904000000
0.5781325698,495,80,181,0.8608695652,0.7322485207,0.7913669065
0.5755016804,496,80,180,0.8611111111,0.7337278107,0.7923322684
0.5726292729,496,81,180,0.8596187175,0.7337278107,0.7916999202
0.5692910552,497,81,179,0.8598615917,0.7352071006,0.7926634769
0.5629609823,497,82,179,0.8583765112,0.7352071006,0.7920318725
0.5546499491,498,82,178,0.8586206897,0.7366863905,0.7929936306
0.5492856503,499,82,177,0.8588640275,0.7381656805,0.7939538584
0.5415188074,500,82,176,0.8591065292,0.7396449704,0.7949125596
0.5369178057,501,82,175,0.8593481990,0.7411242604,0.7958697379
0.5340013504,502,82,174,0.8595890411,0.7426035503,0.7968253968
0.5112029910,503,82,173,0.8598290598,0.7440828402,0.7977795400
0.5090734363,503,83,173,0.8583617747,0.7440828402,0.7971473851
0.5082893372,503,84,173,0.8568994889,0.7440828402,0.7965162312
0.5076384544,504,84,172,0.8571428571,0.7455621302,0.7974683544
0.5047386289,505,84,171,0.8573853990,0.7470414201,0.7984189723
0.5031656623,505,85,171,0.8559322034,0.7470414201,0.7977883096
0.4954085648,506,85,170,0.8561759729,0.7485207101,0.7987371744
0.4914387167,507,85,169,0.8564189189,0.7500000000,0.7996845426
0.4882143140,507,86,169,0.8549747049,0.7500000000,0.7990543735
0.4851238728,508,86,168,0.8552188552,0.7514792899,0.8000000000
0.4842642248,509,86,167,0.8554621849,0.7529585799,0.8009441385
0.4821180403,510,86,166,0.8557046980,0.7544378698,0.8018867925
0.4779960215,511,86,165,0.8559463987,0.7559171598,0.8028279654
0.4777110219,512,86,164,0.8561872910,0.7573964497,0.8037676609
0.4668131173,513,86,163,0.8564273790,0.7588757396,0.8047058824
0.4654076993,513,87,163,0.8550000000,0.7588757396,0.8040752351
0.4636627436,514,87,162,0.8552412646,0.7603550296,0.8050117463
0.4507414997,514,88,162,0.8538205980,0.7603550296,0.8043818466
0.4493795037,515,88,161,0.8540630182,0.7618343195,0.8053166536
0.4491074085,515,89,161,0.8526490066,0.7618343195,0.8046875000
0.4482522607,516,89,160,0.8528925620,0.7633136095,0.8056206089
0.4475154877,517,89,159,0.8531353135,0.7647928994,0.8065522621
0.4439596236,517,90,159,0.8517298188,0.7647928994,0.8059236165
0.4419949651,518,90,158,0.8519736842,0.7662721893,0.8068535826
0.4410175979,518,91,158,0.8505747126,0.7662721893,0.8062256809
0.4362485111,519,91,157,0.8508196721,0.7677514793,0.8071539658
0.4356617928,519,92,157,0.8494271686,0.7677514793,0.8065268065
0.4297328889,519,93,157,0.8480392157,0.7677514793,0.8059006211
0.4273820817,520,93,156,0.8482871126,0.7692307692,0.8068269977
0.4265192449,520,94,156,0.8469055375,0.7692307692,0.8062015504
0.4254598916,520,95,156,0.8455284553,0.7692307692,0.8055770720
0.4254468083,520,96,156,0.8441558442,0.7692307692,0.8049535604
0.4185818732,520,97,156,0.8427876823,0.7692307692,0.8043310131
0.4166275263,521,97,155,0.8430420712,0.7707100592,0.8052550232
0.4153380096,521,98,155,0.8416801292,0.7707100592,0.8046332046
0.4097637534,522,98,154,0.8419354839,0.7721893491,0.8055555556
0.4055560529,522,99,154,0.8405797101,0.7721893491,0.8049344641
0.4015192389,522,100,154,0.8392282958,0.7721893491,0.8043143297
0.3981190324,522,101,154,0.8378812199,0.7721893491,0.8036951501
0.3907042742,523,101,153,0.8381410256,0.7736686391,0.8046153846
0.3865118623,524,101,152,0.8384000000,0.7751479290,0.8055342045
0.3732484281,524,102,152,0.8370607029,0.7751479290,0.8049155146
0.3732166588,525,102,151,0.8373205742,0.7766272189,0.8058326938
0.3716476262,526,102,150,0.8375796178,0.7781065089,0.8067484663
0.3700463772,527,102,149,0.8378378378,0.7795857988,0.8076628352
0.3656875193,527,103,149,0.8365079365,0.7795857988,0.8070444104
0.3610656559,528,103,148,0.8367670365,0.7810650888,0.8079571538
0.3443474472,529,103,147,0.8370253165,0.7825443787,0.8088685015
0.3428562582,529,104,147,0.8357030016,0.7825443787,0.8082505730
0.3413164318,529,105,147,0.8343848580,0.7825443787,0.8076335878
0.3370775580,530,105,146,0.8346456693,0.7840236686,0.8085430969
0.3282777369,531,105,145,0.8349056604,0.7855029586,0.8094512195
0.3197706342,532,105,144,0.8351648352,0.7869822485,0.8103579589
0.3183066547,533,105,143,0.8354231975,0.7884615385,0.8112633181
0.3114187419,540,114,136,0.8256880734,0.7988165680,0.8120300752
0.3101194799,540,115,136,0.8244274809,0.7988165680,0.8114199850
0.3001323044,541,115,135,0.8246951220,0.8002958580,0.8123123123
0.2997558415,541,116,135,0.8234398782,0.8002958580,0.8117029257
0.2960978150,542,116,134,0.8237082067,0.8017751479,0.8125937031
0.2958265543,543,116,133,0.8239757208,0.8032544379,0.8134831461
0.2883958519,544,116,132,0.8242424242,0.8047337278,0.8143712575
0.2877462506,544,117,132,0.8229954614,0.8047337278,0.8137621541
0.2869789600,544,118,132,0.8217522659,0.8047337278,0.8131539611
0.2831360996,544,119,132,0.8205128205,0.8047337278,0.8125466766
0.2829817533,544,120,132,0.8192771084,0.8047337278,0.8119402985
0.2770549655,545,120,131,0.8195488722,0.8062130178,0.8128262491
0.2732985318,546,120,130,0.8198198198,0.8076923077,0.8137108793
0.2586156428,546,121,130,0.8185907046,0.8076923077,0.8131049888
0.2449768633,546,122,130,0.8173652695,0.8076923077,0.8125000000
0.2444774359,546,123,130,0.8161434978,0.8076923077,0.8118959108
0.2408144623,546,124,130,0.8149253731,0.8076923077,0.8112927192
0.2375532687,547,124,129,0.8152011923,0.8091715976,0.8121752042
0.2370035946,548,124,128,0.8154761905,0.8106508876,0.8130563798
0.2361369282,548,125,128,0.8142644874,0.8106508876,0.8124536694
0.2347918600,548,126,128,0.8130563798,0.8106508876,0.8118518519
0.2347563803,549,126,127,0.8133333333,0.8121301775,0.8127313101
0.2345969677,549,127,127,0.8121301775,0.8121301775,0.8121301775
0.2340490222,549,128,127,0.8109305761,0.8121301775,0.8115299335
0.2284573764,550,128,126,0.8112094395,0.8136094675,0.8124076809
0.2278584987,550,129,126,0.8100147275,0.8136094675,0.8118081181
0.2275253832,551,129,125,0.8102941176,0.8150887574,0.8126843658
0.2180708349,551,130,125,0.8091042584,0.8150887574,0.8120854827
0.2104359418,552,130,124,0.8093841642,0.8165680473,0.8129602356
0.2016038746,553,130,123,0.8096632504,0.8180473373,0.8138337013
0.2013236433,554,130,122,0.8099415205,0.8195266272,0.8147058824
0.1955204010,554,131,122,0.8087591241,0.8195266272,0.8141072741
0.1952954829,555,131,121,0.8090379009,0.8210059172,0.8149779736
0.1951688975,556,131,120,0.8093158661,0.8224852071,0.8158473955
0.1883043051,556,132,120,0.8081395349,0.8224852071,0.8152492669
0.1824690998,557,132,119,0.8084179971,0.8239644970,0.8161172161
0.1816227883,558,132,118,0.8086956522,0.8254437870,0.8169838946
0.1797958612,558,133,118,0.8075253256,0.8254437870,0.8163862473
0.1789986938,559,133,117,0.8078034682,0.8269230769,0.8172514620
0.1733928770,559,134,117,0.8066378066,0.8269230769,0.8166544923
0.1716219485,560,134,116,0.8069164265,0.8284023669,0.8175182482
0.1676587462,561,134,115,0.8071942446,0.8298816568,0.8183807440
0.1656990200,562,134,114,0.8074712644,0.8313609467,0.8192419825
0.1655005217,562,135,114,0.8063127690,0.8313609467,0.8186453023
0.1642430276,563,135,113,0.8065902579,0.8328402367,0.8195050946
0.1642187536,563,136,113,0.8054363376,0.8328402367,0.8189090909
0.1636771262,564,136,112,0.8057142857,0.8343195266,0.8197674419
0.1630505323,564,137,112,0.8045649073,0.8343195266,0.8191721133
0.1625751257,565,137,111,0.8048433048,0.8357988166,0.8200290276
0.1615451276,566,137,110,0.8051209104,0.8372781065,0.8208846991
0.1600513607,567,137,109,0.8053977273,0.8387573964,0.8217391304
0.1581447124,568,137,108,0.8056737589,0.8402366864,0.8225923244
0.1572737843,569,137,107,0.8059490085,0.8417159763,0.8234442836
0.1534306109,569,138,107,0.8048090523,0.8417159763,0.8228488792
0.1507787555,569,139,107,0.8036723164,0.8417159763,0.8222543353
0.1487892717,570,139,106,0.8039492243,0.8431952663,0.8231046931
0.1481152922,571,139,105,0.8042253521,0.8446745562,0.8239538240
0.1420754641,572,139,104,0.8045007032,0.8461538462,0.8248017304
0.1416353136,573,139,103,0.8047752809,0.8476331361,0.8256484150
0.1390108168,573,140,103,0.8036465638,0.8476331361,0.8250539957
0.1358978748,574,140,102,0.8039215686,0.8491124260,0.8258992806
0.1346278936,574,141,102,0.8027972028,0.8491124260,0.8253055356
0.1279163063,574,142,102,0.8016759777,0.8491124260,0.8247126437
0.1188995838,575,142,101,0.8019525802,0.8505917160,0.8255563532
0.1178893670,576,142,100,0.8022284123,0.8520710059,0.8263988522
0.1109001562,577,142,99,0.8025034771,0.8535502959,0.8272401434
0.1098475754,578,142,98,0.8027777778,0.8550295858,0.8280802292
0.1071276143,578,143,98,0.8016643551,0.8550295858,0.8274874732
0.1059377417,579,143,97,0.8019390582,0.8565088757,0.8283261803
0.1055447236,580,143,96,0.8022130014,0.8579881657,0.8291636883
0.1010638326,581,143,95,0.8024861878,0.8594674556,0.8300000000
0.0995384902,581,144,95,0.8013793103,0.8594674556,0.8294075660
0.0952624083,581,145,95,0.8002754821,0.8594674556,0.8288159772
0.0942544043,582,145,94,0.8005502063,0.8609467456,0.8296507484
0.0936937109,583,145,93,0.8008241758,0.8624260355,0.8304843305
0.0929836184,584,145,92,0.8010973937,0.8639053254,0.8313167260
0.0909381360,585,145,91,0.8013698630,0.8653846154,0.8321479374
0.0897087455,586,145,90,0.8016415869,0.8668639053,0.8329779673
0.0855274424,587,145,89,0.8019125683,0.8683431953,0.8338068182
0.0848299190,587,146,89,0.8008185539,0.8683431953,0.8332150461
0.0840214491,588,146,88,0.8010899183,0.8698224852,0.8340425532
0.0815820470,589,146,87,0.8013605442,0.8713017751,0.8348688873
0.0811169967,589,147,87,0.8002717391,0.8713017751,0.8342776204
0.0805334821,590,147,86,0.8005427408,0.8727810651,0.8351026185
0.0788553357,591,147,85,0.8008130081,0.8742603550,0.8359264498
0.0762101188,591,148,85,0.7997293640,0.8742603550,0.8353356890
0.0750931725,591,149,85,0.7986486486,0.8742603550,0.8347457627
0.0729339570,591,150,85,0.7975708502,0.8742603550,0.8341566690
0.0674477741,591,151,85,0.7964959569,0.8742603550,0.8335684062
0.0670605525,592,151,84,0.7967698520,0.8757396450,0.8343904158
0.0658272579,593,151,83,0.7970430108,0.8772189349,0.8352112676
0.0634435639,594,151,82,0.7973154362,0.8786982249,0.8360309641
0.0622998737,594,152,82,0.7962466488,0.8786982249,0.8354430380
0.0610488057,594,153,82,0.7951807229,0.8786982249,0.8348559382
0.0600901209,594,154,82,0.7941176471,0.8786982249,0.8342696629
0.0591855533,595,154,81,0.7943925234,0.8801775148,0.8350877193
0.0573877394,596,154,80,0.7946666667,0.8816568047,0.8359046283
0.0537636802,597,154,79,0.7949400799,0.8831360947,0.8367203924
0.0524181500,597,155,79,0.7938829787,0.8831360947,0.8361344538
0.0521302596,598,155,78,0.7941567065,0.8846153846,0.8369489153
0.0509598888,599,155,77,0.7944297082,0.8860946746,0.8377622378
0.0509467609,600,155,76,0.7947019868,0.8875739645,0.8385744235
0.0490958057,600,156,76,0.7936507937,0.8875739645,0.8379888268
0.0471414961,600,157,76,0.7926023778,0.8875739645,0.8374040475
0.0466200188,601,157,75,0.7928759894,0.8890532544,0.8382147838
0.0458176322,601,158,75,0.7918313570,0.8890532544,0.8376306620
0.0455829352,601,159,75,0.7907894737,0.8890532544,0.8370473538
0.0452571735,602,159,74,0.7910643890,0.8905325444,0.8378566458
0.0440622121,603,159,73,0.7913385827,0.8920118343,0.8386648122
0.0433253609,604,159,72,0.7916120577,0.8934911243,0.8394718555
0.0431156382,605,159,71,0.7918848168,0.8949704142,0.8402777778
0.0430378355,605,160,71,0.7908496732,0.8949704142,0.8396946565
0.0428332128,605,161,71,0.7898172324,0.8949704142,0.8391123440
0.0425528176,605,162,71,0.7887874837,0.8949704142,0.8385308385
0.0422686152,605,163,71,0.7877604167,0.8949704142,0.8379501385
0.0419274233,605,164,71,0.7867360208,0.8949704142,0.8373702422
0.0416680165,605,165,71,0.7857142857,0.8949704142,0.8367911480
0.0389468409,606,165,70,0.7859922179,0.8964497041,0.8375950242
0.0373369679,607,165,69,0.7862694301,0.8979289941,0.8383977901
0.0372329541,607,166,69,0.7852522639,0.8979289941,0.8378191856
0.0371517651,607,167,69,0.7842377261,0.8979289941,0.8372413793
0.0369778425,607,168,69,0.7832258065,0.8979289941,0.8366643694
0.0358231254,608,168,68,0.7835051546,0.8994082840,0.8374655647
0.0353879258,608,169,68,0.7824967825,0.8994082840,0.8368891948
0.0343563482,609,169,67,0.7827763496,0.9008875740,0.8376891334
0.0338295214,610,169,66,0.7830551990,0.9023668639,0.8384879725
0.0337809734,611,169,65,0.7833333333,0.9038461538,0.8392857143
0.0327992700,612,169,64,0.7836107554,0.9053254438,0.8400823610
0.0326148830,613,169,63,0.7838874680,0.9068047337,0.8408779150
0.0306715313,613,170,63,0.7828863346,0.9068047337,0.8403015764
0.0304413531,613,171,63,0.7818877551,0.9068047337,0.8397260274
0.0302518867,613,172,63,0.7808917197,0.9068047337,0.8391512663
0.0294457152,614,172,62,0.7811704835,0.9082840237,0.8399452804
0.0285144020,615,172,61,0.7814485388,0.9097633136,0.8407382092
0.0276948623,615,173,61,0.7804568528,0.9097633136,0.8401639344
0.0273610987,615,174,61,0.7794676806,0.9097633136,0.8395904437
0.0266617853,615,175,61,0.7784810127,0.9097633136,0.8390177353
0.0255590137,615,176,61,0.7774968394,0.9097633136,0.8384458078
0.0251234360,616,176,60,0.7777777778,0.9112426036,0.8392370572
0.0249663256,616,177,60,0.7767969735,0.9112426036,0.8386657590
0.0247176904,616,178,60,0.7758186398,0.9112426036,0.8380952381
0.0242251158,617,178,59,0.7761006289,0.9127218935,0.8388851122
0.0240574051,618,178,58,0.7763819095,0.9142011834,0.8396739130
0.0238909367,618,179,58,0.7754077792,0.9142011834,0.8391038697
0.0236191675,618,180,58,0.7744360902,0.9142011834,0.8385345997
0.0233810209,619,180,57,0.7747183980,0.9156804734,0.8393220339
0.0229713172,620,180,56,0.7750000000,0.9171597633,0.8401084011
0.0223766416,621,180,55,0.7752808989,0.9186390533,0.8408937035
0.0223727934,622,180,54,0.7755610973,0.9201183432,0.8416779432
0.0220278781,623,180,53,0.7758405978,0.9215976331,0.8424611224
0.0214844551,624,180,52,0.7761194030,0.9230769231,0.8432432432
0.0208073743,625,180,51,0.7763975155,0.9245562130,0.8440243079
0.0208034851,625,181,51,0.7754342432,0.9245562130,0.8434547908
0.0206779353,626,181,50,0.7757125155,0.9260355030,0.8442346595
0.0206726734,626,182,50,0.7747524752,0.9260355030,0.8436657682
0.0203599073,627,182,49,0.7750309023,0.9275147929,0.8444444444
0.0202553533,628,182,48,0.7753086420,0.9289940828,0.8452220727
0.0201403741,628,183,48,0.7743526510,0.9289940828,0.8446536651
0.0200438872,628,184,48,0.7733990148,0.9289940828,0.8440860215
0.0199102778,629,184,47,0.7736777368,0.9304733728,0.8448623237
0.0188503284,630,184,46,0.7739557740,0.9319526627,0.8456375839
0.0186708979,631,184,45,0.7742331288,0.9334319527,0.8464118042
0.0185258780,631,185,45,0.7732843137,0.9334319527,0.8458445040
0.0178516563,631,186,45,0.7723378213,0.9334319527,0.8452779638
0.0174938478,632,186,44,0.7726161369,0.9349112426,0.8460508701
0.0172985718,633,186,43,0.7728937729,0.9363905325,0.8468227425
0.0172219854,633,187,43,0.7719512195,0.9363905325,0.8462566845
0.0172115341,633,188,43,0.7710109622,0.9363905325,0.8456913828
0.0171690062,633,189,43,0.7700729927,0.9363905325,0.8451268358
0.0161753185,633,190,43,0.7691373026,0.9363905325,0.8445630420
0.0160890538,633,191,43,0.7682038835,0.9363905325,0.8440000000
0.0154417232,633,192,43,0.7672727273,0.9363905325,0.8434377082
0.0147991106,633,193,43,0.7663438257,0.9363905325,0.8428761651
0.0145292077,633,194,43,0.7654171705,0.9363905325,0.8423153693
0.0140266363,634,194,42,0.7657004831,0.9378698225,0.8430851064
0.0137980375,634,195,42,0.7647768396,0.9378698225,0.8425249169
0.0137230894,634,196,42,0.7638554217,0.9378698225,0.8419654714
0.0134315919,635,196,41,0.7641395909,0.9393491124,0.8427339084
0.0134311486,635,197,41,0.7632211538,0.9393491124,0.8421750663
0.0134014590,635,198,41,0.7623049220,0.9393491124,0.8416169649
0.0133605273,635,199,41,0.7613908873,0.9393491124,0.8410596026
0.0129022365,635,200,41,0.7604790419,0.9393491124,0.8405029782
0.0125339152,635,201,41,0.7595693780,0.9393491124,0.8399470899
0.0121884942,635,202,41,0.7586618877,0.9393491124,0.8393919365
0.0121522751,636,202,40,0.7589498807,0.9408284024,0.8401585205
0.0120963799,637,202,39,0.7592371871,0.9423076923,0.8409240924
0.0120033585,638,202,38,0.7595238095,0.9437869822,0.8416886544
0.0119768763,638,203,38,0.7586206897,0.9437869822,0.8411338167
0.0119062066,638,204,38,0.7577197150,0.9437869822,0.8405797101
0.0118451323,638,205,38,0.7568208778,0.9437869822,0.8400263331
0.0117423544,639,205,37,0.7571090047,0.9452662722,0.8407894737
0.0116991168,640,205,36,0.7573964497,0.9467455621,0.8415516108
0.0115829306,641,205,35,0.7576832151,0.9482248521,0.8423127464
0.0115459757,641,206,35,0.7567886659,0.9482248521,0.8417596848
0.0114951869,642,206,34,0.7570754717,0.9497041420,0.8425196850
0.0111920340,642,207,34,0.7561837456,0.9497041420,0.8419672131
0.0110884318,642,208,34,0.7552941176,0.9497041420,0.8414154653
0.0110689709,642,209,34,0.7544065805,0.9497041420,0.8408644401
0.0106489444,642,210,34,0.7535211268,0.9497041420,0.8403141361
0.0105020264,642,211,34,0.7526377491,0.9497041420,0.8397645520
0.0104717789,643,211,33,0.7529274005,0.9511834320,0.8405228758
0.0103901578,643,212,33,0.7520467836,0.9511834320,0.8399738733
0.0103825862,644,212,32,0.7523364486,0.9526627219,0.8407310705
0.0103421593,645,212,31,0.7526254376,0.9541420118,0.8414872798
0.0103124510,645,213,31,0.7517482517,0.9541420118,0.8409387223
0.0100939926,645,214,31,0.7508731083,0.9541420118,0.8403908795
0.0100356694,645,215,31,0.7500000000,0.9541420118,0.8398437500
0.0099598076,645,216,31,0.7491289199,0.9541420118,0.8392973325
0.0099457586,645,217,31,0.7482598608,0.9541420118,0.8387516255
0.0099440580,645,218,31,0.7473928158,0.9541420118,0.8382066277
0.0093872091,645,219,31,0.7465277778,0.9541420118,0.8376623377
0.0093528507,645,220,31,0.7456647399,0.9541420118,0.8371187541
0.0093474574,645,221,31,0.7448036952,0.9541420118,0.8365758755
0.0093452409,646,221,30,0.7450980392,0.9556213018,0.8373298769
0.0090030069,647,221,29,0.7453917051,0.9571005917,0.8380829016
0.0089924252,647,222,29,0.7445339471,0.9571005917,0.8375404531
0.0088543072,647,223,29,0.7436781609,0.9571005917,0.8369987063
0.0088200336,648,223,28,0.7439724455,0.9585798817,0.8377504848
0.0087529765,649,223,27,0.7442660550,0.9600591716,0.8385012920
0.0087297522,649,224,27,0.7434135166,0.9600591716,0.8379599742
0.0087077534,649,225,27,0.7425629291,0.9600591716,0.8374193548
0.0087005747,649,226,27,0.7417142857,0.9600591716,0.8368794326
0.0086815404,649,227,27,0.7408675799,0.9600591716,0.8363402062
0.0084851710,649,228,27,0.7400228050,0.9600591716,0.8358016742
0.0082259150,649,229,27,0.7391799544,0.9600591716,0.8352638353
0.0081507349,650,229,26,0.7394766780,0.9615384615,0.8360128617
0.0079620965,650,230,26,0.7386363636,0.9615384615,0.8354755784
0.0078853117,650,231,26,0.7377979569,0.9615384615,0.8349389852
0.0076795761,650,232,26,0.7369614512,0.9615384615,0.8344030809
0.0076086163,651,232,25,0.7372593431,0.9630177515,0.8351507377
0.0074830102,651,233,25,0.7364253394,0.9630177515,0.8346153846
0.0074401428,651,234,25,0.7355932203,0.9630177515,0.8340807175
0.0073262802,652,234,24,0.7358916479,0.9644970414,0.8348271447
0.0073034661,652,235,24,0.7350620068,0.9644970414,0.8342930262
0.0072180764,652,236,24,0.7342342342,0.9644970414,0.8337595908
0.0071195415,653,236,23,0.7345331834,0.9659763314,0.8345047923
0.0070579587,653,237,23,0.7337078652,0.9659763314,0.8339719029
0.0070136185,653,238,23,0.7328843996,0.9659763314,0.8334396937
0.0070056561,653,239,23,0.7320627803,0.9659763314,0.8329081633
0.0069718491,653,240,23,0.7312430011,0.9659763314,0.8323773104
0.0069483304,653,241,23,0.7304250559,0.9659763314,0.8318471338
0.0069440878,653,242,23,0.7296089385,0.9659763314,0.8313176321
0.0068893968,653,243,23,0.7287946429,0.9659763314,0.8307888041
0.0068451487,653,244,23,0.7279821628,0.9659763314,0.8302606484
0.0065590148,653,245,23,0.7271714922,0.9659763314,0.8297331639
0.0065569454,653,246,23,0.7263626251,0.9659763314,0.8292063492
0.0065539712,654,246,22,0.7266666667,0.9674556213,0.8299492386
0.0065392768,654,247,22,0.7258601554,0.9674556213,0.8294229550
0.0065223663,655,247,21,0.7261640798,0.9689349112,0.8301647655
0.0065149302,656,247,20,0.7264673311,0.9704142012,0.8309056365
0.0065111718,656,248,20,0.7256637168,0.9704142012,0.8303797468
0.0063877096,656,249,20,0.7248618785,0.9704142012,0.8298545225
0.0063543417,656,250,20,0.7240618102,0.9704142012,0.8293299621
0.0063230712,656,251,20,0.7232635061,0.9704142012,0.8288060644
0.0062054754,656,252,20,0.7224669604,0.9704142012,0.8282828283
0.0061926204,656,253,20,0.7216721672,0.9704142012,0.8277602524
0.0061519104,656,254,20,0.7208791209,0.9704142012,0.8272383354
0.0060481895,656,255,20,0.7200878156,0.9704142012,0.8267170762
0.0059214062,656,256,20,0.7192982456,0.9704142012,0.8261964736
0.0059106261,656,257,20,0.7185104053,0.9704142012,0.8256765261
0.0058571748,656,258,20,0.7177242888,0.9704142012,0.8251572327
0.0058490816,656,259,20,0.7169398907,0.9704142012,0.8246385921
0.0057888459,656,260,20,0.7161572052,0.9704142012,0.8241206030
0.0057770438,656,261,20,0.7153762268,0.9704142012,0.8236032643
0.0057715359,656,262,20,0.7145969499,0.9704142012,0.8230865747
0.0057655079,656,263,20,0.7138193689,0.9704142012,0.8225705329
0.0057440698,656,264,20,0.7130434783,0.9704142012,0.8220551378
0.0057039140,656,265,20,0.7122692725,0.9704142012,0.8215403882
0.0056822631,656,266,20,0.7114967462,0.9704142012,0.8210262829
0.0055469228,656,267,20,0.7107258938,0.9704142012,0.8205128205
0.0054907352,656,268,20,0.7099567100,0.9704142012,0.8200000000
0.0054816813,656,269,20,0.7091891892,0.9704142012,0.8194878201
0.0053246664,656,270,20,0.7084233261,0.9704142012,0.8189762797
0.0052766069,656,271,20,0.7076591154,0.9704142012,0.8184653774
0.0052672941,657,271,19,0.7079741379,0.9718934911,0.8192019950
0.0052234447,657,272,19,0.7072120560,0.9718934911,0.8186915888
0.0052020266,657,273,19,0.7064516129,0.9718934911,0.8181818182
0.0050604185,657,274,19,0.7056928034,0.9718934911,0.8176726820
0.0050399709,657,275,19,0.7049356223,0.9718934911,0.8171641791
0.0050222147,657,276,19,0.7041800643,0.9718934911,0.8166563083
0.0050032339,657,277,19,0.7034261242,0.9718934911,0.8161490683
0.0049439003,658,277,18,0.7037433155,0.9733727811,0.8168839230
0.0049277642,659,277,17,0.7040598291,0.9748520710,0.8176178660
0.0049078786,659,278,17,0.7033084312,0.9748520710,0.8171109733
0.0048588072,659,279,17,0.7025586354,0.9748520710,0.8166047088
0.0048466329,659,280,17,0.7018104366,0.9748520710,0.8160990712
0.0048407628,659,281,17,0.7010638298,0.9748520710,0.8155940594
0.0047773756,660,281,16,0.7013815090,0.9763313609,0.8163265306
0.0047752312,660,282,16,0.7006369427,0.9763313609,0.8158220025
0.0047182753,660,283,16,0.6998939555,0.9763313609,0.8153180976
0.0047132103,660,284,16,0.6991525424,0.9763313609,0.8148148148
0.0046660504,660,285,16,0.6984126984,0.9763313609,0.8143121530
0.0046513556,660,286,16,0.6976744186,0.9763313609,0.8138101110
0.0045935102,660,287,16,0.6969376980,0.9763313609,0.8133086876
0.0045807078,660,288,16,0.6962025316,0.9763313609,0.8128078818
0.0045713158,661,288,15,0.6965226554,0.9778106509,0.8135384615
0.0045641311,661,289,15,0.6957894737,0.9778106509,0.8130381304
0.0045362902,661,290,15,0.6950578339,0.9778106509,0.8125384143
0.0045032082,661,291,15,0.6943277311,0.9778106509,0.8120393120
0.0044310805,661,292,15,0.6935991605,0.9778106509,0.8115408226
0.0043682740,661,293,15,0.6928721174,0.9778106509,0.8110429448
0.0043400964,661,294,15,0.6921465969,0.9778106509,0.8105456775
0.0042635617,662,294,14,0.6924686192,0.9792899408,0.8112745098
0.0042569628,662,295,14,0.6917450366,0.9792899408,0.8107777097
0.0042215232,662,296,14,0.6910229645,0.9792899408,0.8102815177
0.0042049885,662,297,14,0.6903023983,0.9792899408,0.8097859327
0.0041872375,662,298,14,0.6895833333,0.9792899408,0.8092909535
0.0041856868,663,298,13,0.6899063476,0.9807692308,0.8100183262
0.0041257590,663,299,13,0.6891891892,0.9807692308,0.8095238095
0.0041130143,663,300,13,0.6884735202,0.9807692308,0.8090298963
0.0040547191,663,301,13,0.6877593361,0.9807692308,0.8085365854
0.0040451717,664,301,12,0.6880829016,0.9822485207,0.8092626447
0.0040302780,664,302,12,0.6873706004,0.9822485207,0.8087697929
0.0040252525,664,303,12,0.6866597725,0.9822485207,0.8082775411
0.0040169153,664,304,12,0.6859504132,0.9822485207,0.8077858881
0.0039950358,664,305,12,0.6852425181,0.9822485207,0.8072948328
0.0039926860,664,306,12,0.6845360825,0.9822485207,0.8068043742
0.0039926553,664,307,12,0.6838311020,0.9822485207,0.8063145112
0.0039868322,664,308,12,0.6831275720,0.9822485207,0.8058252427
0.0039679087,664,309,12,0.6824254882,0.9822485207,0.8053365676
0.0039478680,664,310,12,0.6817248460,0.9822485207,0.8048484848
0.0039198156,664,311,12,0.6810256410,0.9822485207,0.8043609933
0.0039017107,664,312,12,0.6803278689,0.9822485207,0.8038740920
0.0038544957,664,313,12,0.6796315251,0.9822485207,0.8033877798
0.0038485753,664,314,12,0.6789366053,0.9822485207,0.8029020556
0.0038455203,665,314,11,0.6792645557,0.9837278107,0.8036253776
0.0038175972,666,314,10,0.6795918367,0.9852071006,0.8043478261
0.0038168847,667,314,9,0.6799184506,0.9866863905,0.8050694025
0.0037427351,667,315,9,0.6792260692,0.9866863905,0.8045838359
0.0036907976,668,315,8,0.6795523906,0.9881656805,0.8053044002
0.0036850160,668,316,8,0.6788617886,0.9881656805,0.8048192771
0.0036812171,669,316,7,0.6791878173,0.9896449704,0.8055388320
0.0036572600,669,317,7,0.6784989858,0.9896449704,0.8050541516
0.0036279093,669,318,7,0.6778115502,0.9896449704,0.8045700541
0.0036263207,669,319,7,0.6771255061,0.9896449704,0.8040865385
0.0035996109,669,320,7,0.6764408493,0.9896449704,0.8036036036
0.0035790917,670,320,6,0.6767676768,0.9911242604,0.8043217287
0.0035600960,670,321,6,0.6760847629,0.9911242604,0.8038392322
0.0035583116,671,321,5,0.6764112903,0.9926035503,0.8045563549
0.0035394076,671,322,5,0.6757301108,0.9926035503,0.8040742960
0.0035290096,671,323,5,0.6750503018,0.9926035503,0.8035928144
0.0035175984,671,324,5,0.6743718593,0.9926035503,0.8031119090
0.0035093767,671,325,5,0.6736947791,0.9926035503,0.8026315789
0.0034828468,671,326,5,0.6730190572,0.9926035503,0.8021518231
0.0034651817,671,327,5,0.6723446894,0.9926035503,0.8016726404
0.0034601926,672,327,4,0.6726726727,0.9940828402,0.8023880597
0.0034522731,672,328,4,0.6720000000,0.9940828402,0.8019093079
0.0034421594,672,329,4,0.6713286713,0.9940828402,0.8014311270
0.0034413286,672,330,4,0.6706586826,0.9940828402,0.8009535161
0.0034137231,672,331,4,0.6699900299,0.9940828402,0.8004764741
0.0033751847,672,332,4,0.6693227092,0.9940828402,0.8000000000
0.0033622426,672,333,4,0.6686567164,0.9940828402,0.7995240928
0.0033572342,672,334,4,0.6679920477,0.9940828402,0.7990487515
0.0033562370,672,335,4,0.6673286991,0.9940828402,0.7985739750
0.0033508851,672,336,4,0.6666666667,0.9940828402,0.7980997625
0.0033308056,672,337,4,0.6660059465,0.9940828402,0.7976261128
0.0033253438,672,338,4,0.6653465347,0.9940828402,0.7971530249
0.0033166360,672,339,4,0.6646884273,0.9940828402,0.7966804979
0.0033006740,673,339,3,0.6650197628,0.9955621302,0.7973933649
0.0032978018,673,340,3,0.6643632774,0.9955621302,0.7969212552
0.0032919261,673,341,3,0.6637080868,0.9955621302,0.7964497041
0.0032641250,673,342,3,0.6630541872,0.9955621302,0.7959787108
0.0032386808,673,343,3,0.6624015748,0.9955621302,0.7955082742
0.0031703040,673,344,3,0.6617502458,0.9955621302,0.7950383934
0.0031590916,673,345,3,0.6611001965,0.9955621302,0.7945690673
0.0031415517,673,346,3,0.6604514230,0.9955621302,0.7941002950
0.0031362458,673,347,3,0.6598039216,0.9955621302,0.7936320755
0.0031316527,673,348,3,0.6591576885,0.9955621302,0.7931644078
0.0031171374,673,349,3,0.6585127202,0.9955621302,0.7926972909
0.0031153224,673,350,3,0.6578690127,0.9955621302,0.7922307240
0.0031116742,673,351,3,0.6572265625,0.9955621302,0.7917647059
0.0030980161,673,352,3,0.6565853659,0.9955621302,0.7912992357
0.0030890708,673,353,3,0.6559454191,0.9955621302,0.7908343126
0.0030780055,673,354,3,0.6553067186,0.9955621302,0.7903699354
0.0030712837,673,355,3,0.6546692607,0.9955621302,0.7899061033
0.0030539047,673,356,3,0.6540330418,0.9955621302,0.7894428152
0.0030501669,673,357,3,0.6533980583,0.9955621302,0.7889800703
0.0030469904,673,358,3,0.6527643065,0.9955621302,0.7885178676
0.0030414332,673,359,3,0.6521317829,0.9955621302,0.7880562061
0.0030305265,673,360,3,0.6515004840,0.9955621302,0.7875950848
0.0029958128,673,361,3,0.6508704062,0.9955621302,0.7871345029
0.0029883322,673,362,3,0.6502415459,0.9955621302,0.7866744594
0.0029671171,673,363,3,0.6496138996,0.9955621302,0.7862149533
0.0029530581,673,364,3,0.6489874638,0.9955621302,0.7857559837
0.0029521005,673,365,3,0.6483622351,0.9955621302,0.7852975496
0.0029358338,673,366,3,0.6477382098,0.9955621302,0.7848396501
0.0029312342,673,367,3,0.6471153846,0.9955621302,0.7843822844
0.0029295189,673,368,3,0.6464937560,0.9955621302,0.7839254514
0.0028969294,673,369,3,0.6458733205,0.9955621302,0.7834691502
0.0028794813,673,370,3,0.6452540748,0.9955621302,0.7830133799
0.0028785423,673,371,3,0.6446360153,0.9955621302,0.7825581395
0.0028771234,673,372,3,0.6440191388,0.9955621302,0.7821034282
0.0028769223,673,373,3,0.6434034417,0.9955621302,0.7816492451
0.0028692097,673,374,3,0.6427889207,0.9955621302,0.7811955891
0.0028686724,673,375,3,0.6421755725,0.9955621302,0.7807424594
0.0028619205,673,376,3,0.6415633937,0.9955621302,0.7802898551
0.0028593263,673,377,3,0.6409523810,0.9955621302,0.7798377752
0.0028479628,673,378,3,0.6403425309,0.9955621302,0.7793862189
0.0028466254,673,379,3,0.6397338403,0.9955621302,0.7789351852
0.0028406030,673,380,3,0.6391263058,0.9955621302,0.7784846732
0.0028388547,673,381,3,0.6385199241,0.9955621302,0.7780346821
0.0028375348,673,382,3,0.6379146919,0.9955621302,0.7775852109
0.0028346747,673,383,3,0.6373106061,0.9955621302,0.7771362587
0.0028236238,673,384,3,0.6367076632,0.9955621302,0.7766878246
0.0028123481,673,385,3,0.6361058601,0.9955621302,0.7762399077
0.0028037946,673,386,3,0.6355051936,0.9955621302,0.7757925072
0.0027991843,673,387,3,0.6349056604,0.9955621302,0.7753456221
0.0027686278,673,388,3,0.6343072573,0.9955621302,0.7748992516
0.0027628071,673,389,3,0.6337099812,0.9955621302,0.7744533947
0.0027450623,673,390,3,0.6331138288,0.9955621302,0.7740080506
0.0027440863,673,391,3,0.6325187970,0.9955621302,0.7735632184
0.0027375901,673,392,3,0.6319248826,0.9955621302,0.7731188972
0.0027234757,673,393,3,0.6313320826,0.9955621302,0.7726750861
0.0027017812,673,394,3,0.6307403936,0.9955621302,0.7722317843
0.0026990385,674,394,2,0.6310861423,0.9970414201,0.7729357798
0.0026919984,674,395,2,0.6304957905,0.9970414201,0.7724928367
0.0026885441,674,396,2,0.6299065421,0.9970414201,0.7720504009
0.0026880710,674,397,2,0.6293183940,0.9970414201,0.7716084717
0.0026764199,674,398,2,0.6287313433,0.9970414201,0.7711670481
0.0026663737,674,399,2,0.6281453868,0.9970414201,0.7707261292
0.0026441189,674,400,2,0.6275605214,0.9970414201,0.7702857143
0.0026340331,674,401,2,0.6269767442,0.9970414201,0.7698458024
0.0026303299,674,402,2,0.6263940520,0.9970414201,0.7694063927
0.0026135596,674,403,2,0.6258124420,0.9970414201,0.7689674843
0.0026063493,674,404,2,0.6252319109,0.9970414201,0.7685290764
0.0025926386,674,405,2,0.6246524560,0.9970414201,0.7680911681
0.0025919408,674,406,2,0.6240740741,0.9970414201,0.7676537585
0.0025893815,674,407,2,0.6234967623,0.9970414201,0.7672168469
0.0025860008,674,408,2,0.6229205176,0.9970414201,0.7667804323
0.0025845326,674,409,2,0.6223453370,0.9970414201,0.7663445139
0.0025827680,674,410,2,0.6217712177,0.9970414201,0.7659090909
0.0025522676,674,411,2,0.6211981567,0.9970414201,0.7654741624
0.0025458776,674,412,2,0.6206261510,0.9970414201,0.7650397276
0.0025360908,674,413,2,0.6200551978,0.9970414201,0.7646057856
0.0025352850,674,414,2,0.6194852941,0.9970414201,0.7641723356
0.0025317420,674,415,2,0.6189164371,0.9970414201,0.7637393768
0.0025230870,674,416,2,0.6183486239,0.9970414201,0.7633069083
0.0025123502,674,417,2,0.6177818515,0.9970414201,0.7628749293
0.0025110301,674,418,2,0.6172161172,0.9970414201,0.7624434389
0.0025097819,674,419,2,0.6166514181,0.9970414201,0.7620124364
0.0025005497,674,420,2,0.6160877514,0.9970414201,0.7615819209
0.0024976761,674,421,2,0.6155251142,0.9970414201,0.7611518916
0.0024883365,674,422,2,0.6149635036,0.9970414201,0.7607223476
0.0024869342,674,423,2,0.6144029170,0.9970414201,0.7602932882
0.0024846380,674,424,2,0.6138433515,0.9970414201,0.7598647125
0.0024813407,674,425,2,0.6132848044,0.9970414201,0.7594366197
0.0024801819,674,426,2,0.6127272727,0.9970414201,0.7590090090
0.0024753294,674,427,2,0.6121707539,0.9970414201,0.7585818796
0.0024752568,674,428,2,0.6116152450,0.9970414201,0.7581552306
0.0024689673,674,429,2,0.6110607434,0.9970414201,0.7577290613
0.0024523104,674,430,2,0.6105072464,0.9970414201,0.7573033708
0.0024454053,674,431,2,0.6099547511,0.9970414201,0.7568781583
0.0024415373,675,431,1,0.6103074141,0.9985207101,0.7575757576
0.0024393420,675,432,1,0.6097560976,0.9985207101,0.7571508693
0.0024388398,675,433,1,0.6092057762,0.9985207101,0.7567264574
0.0024370216,675,434,1,0.6086564472,0.9985207101,0.7563025210
0.0024256227,675,435,1,0.6081081081,0.9985207101,0.7558790594
0.0024200978,675,436,1,0.6075607561,0.9985207101,0.7554560716
0.0024164221,675,437,1,0.6070143885,0.9985207101,0.7550335570
0.0024138186,675,438,1,0.6064690027,0.9985207101,0.7546115148
0.0024135229,675,439,1,0.6059245961,0.9985207101,0.7541899441
0.0024124817,675,440,1,0.6053811659,0.9985207101,0.7537688442
0.0024119848,675,441,1,0.6048387097,0.9985207101,0.7533482143
0.0024109341,675,442,1,0.6042972247,0.9985207101,0.7529280535
0.0023986152,675,443,1,0.6037567084,0.9985207101,0.7525083612
0.0023957689,675,444,1,0.6032171582,0.9985207101,0.7520891365
0.0023862694,675,445,1,0.6026785714,0.9985207101,0.7516703786
0.0023850333,675,446,1,0.6021409456,0.9985207101,0.7512520868
0.0023845320,675,447,1,0.6016042781,0.9985207101,0.7508342603
0.0023837392,675,448,1,0.6010685663,0.9985207101,0.7504168983
0.0023709736,675,449,1,0.6005338078,0.9985207101,0.7500000000
0.0023697736,675,450,1,0.6000000000,0.9985207101,0.7495835647
0.0023697601,675,451,1,0.5994671403,0.9985207101,0.7491675916
0.0023600592,675,452,1,0.5989352263,0.9985207101,0.7487520799
0.0023576713,675,453,1,0.5984042553,0.9985207101,0.7483370288
0.0023532284,675,454,1,0.5978742250,0.9985207101,0.7479224377
0.0023502705,675,455,1,0.5973451327,0.9985207101,0.7475083056
0.0023329575,675,456,1,0.5968169761,0.9985207101,0.7470946320
0.0023300338,675,457,1,0.5962897527,0.9985207101,0.7466814159
0.0023299274,676,457,0,0.5966460724,1.0000000000,0.7473742399
0.0023265146,676,458,0,0.5961199295,1.0000000000,0.7469613260
0.0023133932,676,459,0,0.5955947137,1.0000000000,0.7465488680
0.0023087556,676,460,0,0.5950704225,1.0000000000,0.7461368653
0.0023080616,676,461,0,0.5945470536,1.0000000000,0.7457253172
0.0023029682,676,462,0,0.5940246046,1.0000000000,0.7453142227
0.0022993356,676,463,0,0.5935030729,1.0000000000,0.7449035813
0.0022975074,676,464,0,0.5929824561,1.0000000000,0.7444933921
0.0022938063,676,465,0,0.5924627520,1.0000000000,0.7440836544
0.0022910961,676,466,0,0.5919439580,1.0000000000,0.7436743674
0.0022895355,676,467,0,0.5914260717,1.0000000000,0.7432655305
0.0022867359,676,468,0,0.5909090909,1.0000000000,0.7428571429
0.0022856961,676,469,0,0.5903930131,1.0000000000,0.7424492037
0.0022851066,676,470,0,0.5898778360,1.0000000000,0.7420417124
0.0022803012,676,471,0,0.5893635571,1.0000000000,0.7416346681
0.0022729780,676,472,0,0.5888501742,1.0000000000,0.7412280702
0.0022710653,676,473,0,0.5883376849,1.0000000000,0.7408219178
0.0022691470,676,474,0,0.5878260870,1.0000000000,0.7404162103
0.0022663395,676,475,0,0.5873153779,1.0000000000,0.7400109469
0.0022592733,676,476,0,0.5868055556,1.0000000000,0.7396061269
0.0022582985,676,477,0,0.5862966175,1.0000000000,0.7392017496
0.0022575776,676,478,0,0.5857885615,1.0000000000,0.7387978142
0.0022573008,676,479,0,0.5852813853,1.0000000000,0.7383943200
0.0022566242,676,480,0,0.5847750865,1.0000000000,0.7379912664
0.0022556174,676,481,0,0.5842696629,1.0000000000,0.7375886525
0.0022547501,676,482,0,0.5837651123,1.0000000000,0.7371864776
0.0022532223,676,483,0,0.5832614323,1.0000000000,0.7367847411
0.0022527624,676,484,0,0.5827586207,1.0000000000,0.7363834423
0.0022513515,676,485,0,0.5822566753,1.0000000000,0.7359825803
0.0022508705,676,486,0,0.5817555938,1.0000000000,0.7355821545
0.0022473382,676,487,0,0.5812553740,1.0000000000,0.7351821642
0.0022442366,676,488,0,0.5807560137,1.0000000000,0.7347826087
0.0022437270,676,489,0,0.5802575107,1.0000000000,0.7343834872
0.0022364226,676,490,0,0.5797598628,1.0000000000,0.7339847991
0.0022347283,676,491,0,0.5792630677,1.0000000000,0.7335865437
0.0022342359,676,492,0,0.5787671233,1.0000000000,0.7331887202
0.0022306670,676,493,0,0.5782720274,1.0000000000,0.7327913279
0.0022296412,676,494,0,0.5777777778,1.0000000000,0.7323943662
0.0022283369,676,495,0,0.5772843723,1.0000000000,0.7319978343
0.0022239920,676,496,0,0.5767918089,1.0000000000,0.7316017316
0.0022238458,676,498,0,0.5758091993,1.0000000000,0.7308108108
0.0022229149,676,499,0,0.5753191489,1.0000000000,0.7304159914
0.0022200781,676,500,0,0.5748299320,1.0000000000,0.7300215983
0.0022182509,676,501,0,0.5743415463,1.0000000000,0.7296276309
0.0022159352,676,502,0,0.5738539898,1.0000000000,0.7292340885
0.0022131517,676,503,0,0.5733672604,1.0000000000,0.7288409704
0.0022125999,676,504,0,0.5728813559,1.0000000000,0.7284482759
0.0022125933,676,505,0,0.5723962743,1.0000000000,0.7280560043
0.0022105763,676,506,0,0.5719120135,1.0000000000,0.7276641550
0.0022059586,676,507,0,0.5714285714,1.0000000000,0.7272727273
0.0022037411,676,508,0,0.5709459459,1.0000000000,0.7268817204
0.0022026678,676,509,0,0.5704641350,1.0000000000,0.7264911338
0.0022025241,676,510,0,0.5699831366,1.0000000000,0.7261009667
0.0022018610,676,511,0,0.5695029486,1.0000000000,0.7257112185
0.0022009558,676,512,0,0.5690235690,1.0000000000,0.7253218884
0.0022003362,676,513,0,0.5685449958,1.0000000000,0.7249329759
0.0021990277,676,514,0,0.5680672269,1.0000000000,0.7245444802
0.0021983478,676,515,0,0.5675902603,1.0000000000,0.7241564006
0.0021930344,676,516,0,0.5671140940,1.0000000000,0.7237687366
0.0021869389,676,517,0,0.5666387259,1.0000000000,0.7233814874
0.0021823489,676,518,0,0.5661641541,1.0000000000,0.7229946524
0.0021822220,676,519,0,0.5656903766,1.0000000000,0.7226082309
0.0021808427,676,520,0,0.5652173913,1.0000000000,0.7222222222
0.0021785891,676,521,0,0.5647451963,1.0000000000,0.7218366257
0.0021777807,676,522,0,0.5642737896,1.0000000000,0.7214514408
0.0021769521,676,523,0,0.5638031693,1.0000000000,0.7210666667
0.0021729171,676,524,0,0.5633333333,1.0000000000,0.7206823028
0.0021713553,676,525,0,0.5628642798,1.0000000000,0.7202983484
0.0021675806,676,526,0,0.5623960067,1.0000000000,0.7199148030
0.0021670144,676,527,0,0.5619285121,1.0000000000,0.7195316658
0.0021654293,676,528,0,0.5614617940,1.0000000000,0.7191489362
0.0021648172,676,529,0,0.5609958506,1.0000000000,0.7187666135
0.0021645722,676,530,0,0.5605306799,1.0000000000,0.7183846971
0.0021630598,676,531,0,0.5600662800,1.0000000000,0.7180031864
0.0021625196,676,532,0,0.5596026490,1.0000000000,0.7176220807
0.0021613592,676,533,0,0.5591397849,1.0000000000,0.7172413793
0.0021607215,676,534,0,0.5586776860,1.0000000000,0.7168610817
0.0021594113,676,535,0,0.5582163501,1.0000000000,0.7164811871
0.0021563976,676,536,0,0.5577557756,1.0000000000,0.7161016949
0.0021562960,676,537,0,0.5572959604,1.0000000000,0.7157226046
0.0021539507,676,538,0,0.5568369028,1.0000000000,0.7153439153
0.0021507761,676,539,0,0.5563786008,1.0000000000,0.7149656267
0.0021506248,676,540,0,0.5559210526,1.0000000000,0.7145877378
0.0021502269,676,541,0,0.5554642564,1.0000000000,0.7142102483
0.0021473342,676,542,0,0.5550082102,1.0000000000,0.7138331573
0.0021449756,676,543,0,0.5545529122,1.0000000000,0.7134564644
0.0021432717,676,544,0,0.5540983607,1.0000000000,0.7130801688
0.0021416652,676,545,0,0.5536445536,1.0000000000,0.7127042699
0.0021404000,676,546,0,0.5531914894,1.0000000000,0.7123287671
0.0021371453,676,547,0,0.5527391660,1.0000000000,0.7119536598
0.0021368563,676,548,0,0.5522875817,1.0000000000,0.7115789474
0.0021364030,676,549,0,0.5518367347,1.0000000000,0.7112046291
0.0021359173,676,550,0,0.5513866232,1.0000000000,0.7108307045
0.0021343995,676,551,0,0.5509372453,1.0000000000,0.7104571729
0.0021333415,676,552,0,0.5504885993,1.0000000000,0.7100840336
0.0021325622,676,553,0,0.5500406835,1.0000000000,0.7097112861
0.0021313671,676,554,0,0.5495934959,1.0000000000,0.7093389297
0.0021310260,676,555,0,0.5491470349,1.0000000000,0.7089669638
0.0021308986,676,556,0,0.5487012987,1.0000000000,0.7085953878
0.0021303997,676,557,0,0.5482562855,1.0000000000,0.7082242012
0.0021299638,676,558,0,0.5478119935,1.0000000000,0.7078534031
0.0021288821,676,559,0,0.5473684211,1.0000000000,0.7074829932
0.0021286032,676,560,0,0.5469255663,1.0000000000,0.7071129707
0.0021283492,676,561,0,0.5464834276,1.0000000000,0.7067433351
0.0021274318,676,562,0,0.5460420032,1.0000000000,0.7063740857
0.0021274104,676,563,0,0.5456012914,1.0000000000,0.7060052219
0.0021264360,676,564,0,0.5451612903,1.0000000000,0.7056367432
0.0021245922,676,565,0,0.5447219984,1.0000000000,0.7052686489
0.0021237270,676,566,0,0.5442834138,1.0000000000,0.7049009385
0.0021233265,676,567,0,0.5438455350,1.0000000000,0.7045336113
0.0021197444,676,568,0,0.5434083601,1.0000000000,0.7041666667
0.0021174296,676,569,0,0.5429718876,1.0000000000,0.7038001041
0.0021171053,676,570,0,0.5425361156,1.0000000000,0.7034339230
0.0021167437,676,571,0,0.5421010425,1.0000000000,0.7030681227
0.0021166862,676,572,0,0.5416666667,1.0000000000,0.7027027027
0.0021143630,676,573,0,0.5412329864,1.0000000000,0.7023376623
0.0021138187,676,574,0,0.5408000000,1.0000000000,0.7019730010
0.0021134757,676,575,0,0.5403677058,1.0000000000,0.7016087182
0.0021129609,676,576,0,0.5399361022,1.0000000000,0.7012448133
0.0021112787,676,577,0,0.5395051875,1.0000000000,0.7008812856
0.0021112412,676,578,0,0.5390749601,1.0000000000,0.7005181347
0.0021091551,676,579,0,0.5386454183,1.0000000000,0.7001553599
0.0021058184,676,580,0,0.5382165605,1.0000000000,0.6997929607
0.0021046824,676,581,0,0.5377883850,1.0000000000,0.6994309364
0.0021038624,676,582,0,0.5373608903,1.0000000000,0.6990692865
0.0021037774,676,583,0,0.5369340747,1.0000000000,0.6987080103
0.0021037522,676,584,0,0.5365079365,1.0000000000,0.6983471074
0.0021022493,676,585,0,0.5360824742,1.0000000000,0.6979865772
0.0021016384,676,586,0,0.5356576862,1.0000000000,0.6976264190
0.0021006945,676,587,0,0.5352335709,1.0000000000,0.6972666323
0.0020996029,676,588,0,0.5348101266,1.0000000000,0.6969072165
0.0020991657,676,589,0,0.5343873518,1.0000000000,0.6965481710
0.0020979573,676,590,0,0.5339652449,1.0000000000,0.6961894954
0.0020974963,676,591,0,0.5335438043,1.0000000000,0.6958311889
0.0020955426,676,592,0,0.5331230284,1.0000000000,0.6954732510
0.0020946756,676,593,0,0.5327029157,1.0000000000,0.6951156812
0.0020930774,676,594,0,0.5322834646,1.0000000000,0.6947584789
0.0020919403,676,595,0,0.5318646735,1.0000000000,0.6944016436
0.0020917370,676,596,0,0.5314465409,1.0000000000,0.6940451745
0.0020908637,676,597,0,0.5310290652,1.0000000000,0.6936890713
0.0020902716,676,598,0,0.5306122449,1.0000000000,0.6933333333
0.0020899861,676,599,0,0.5301960784,1.0000000000,0.6929779600
0.0020890695,676,600,0,0.5297805643,1.0000000000,0.6926229508
0.0020889700,676,601,0,0.5293657009,1.0000000000,0.6922683052
0.0020880776,676,602,0,0.5289514867,1.0000000000,0.6919140225
0.0020876692,676,603,0,0.5285379203,1.0000000000,0.6915601023
0.0020862601,676,604,0,0.5281250000,1.0000000000,0.6912065440
0.0020840128,676,605,0,0.5277127244,1.0000000000,0.6908533470
0.0020833912,676,606,0,0.5273010920,1.0000000000,0.6905005107
0.0020830382,676,607,0,0.5268901013,1.0000000000,0.6901480347
0.0020819681,676,608,0,0.5264797508,1.0000000000,0.6897959184
0.0020819043,676,609,0,0.5260700389,1.0000000000,0.6894441611
0.0020816163,676,610,0,0.5256609642,1.0000000000,0.6890927625
0.0020805774,676,611,0,0.5252525253,1.0000000000,0.6887417219
0.0020799481,676,612,0,0.5248447205,1.0000000000,0.6883910387
0.0020788417,676,613,0,0.5244375485,1.0000000000,0.6880407125
0.0020771965,676,614,0,0.5240310078,1.0000000000,0.6876907426
0.0020747287,676,615,0,0.5236250968,1.0000000000,0.6873411286
0.0020741895,676,616,0,0.5232198142,1.0000000000,0.6869918699
0.0020730847,676,617,0,0.5228151585,1.0000000000,0.6866429660
0.0020728589,676,618,0,0.5224111283,1.0000000000,0.6862944162
0.0020723233,676,619,0,0.5220077220,1.0000000000,0.6859462202
0.0020722698,676,620,0,0.5216049383,1.0000000000,0.6855983773
0.0020712933,676,621,0,0.5212027756,1.0000000000,0.6852508870
0.0020709087,676,622,0,0.5208012327,1.0000000000,0.6849037487
0.0020708181,676,623,0,0.5204003079,1.0000000000,0.6845569620
0.0020703971,676,624,0,0.5200000000,1.0000000000,0.6842105263
0.0020686288,676,625,0,0.5196003075,1.0000000000,0.6838644411
0.0020684102,676,626,0,0.5192012289,1.0000000000,0.6835187058
0.0020672716,676,627,0,0.5188027629,1.0000000000,0.6831733199
0.0020669873,676,628,0,0.5184049080,1.0000000000,0.6828282828
0.0020667354,676,629,0,0.5180076628,1.0000000000,0.6824835941
0.0020651235,676,630,0,0.5176110260,1.0000000000,0.6821392533
0.0020634986,676,631,0,0.5172149962,1.0000000000,0.6817952597
0.0020622606,676,632,0,0.5168195719,1.0000000000,0.6814516129
0.0020622457,676,633,0,0.5164247517,1.0000000000,0.6811083123
0.0020622283,676,634,0,0.5160305344,1.0000000000,0.6807653575
0.0020611689,676,635,0,0.5156369184,1.0000000000,0.6804227479
0.0020585849,676,636,0,0.5152439024,1.0000000000,0.6800804829
0.0020562238,676,637,0,0.5148514851,1.0000000000,0.6797385621
0.0020553234,676,638,0,0.5144596651,1.0000000000,0.6793969849
0.0020528347,676,639,0,0.5140684411,1.0000000000,0.6790557509
0.0020517197,676,640,0,0.5136778116,1.0000000000,0.6787148594
0.0020484729,676,641,0,0.5132877752,1.0000000000,0.6783743101
0.0020479225,676,642,0,0.5128983308,1.0000000000,0.6780341023
0.0020472044,676,643,0,0.5125094769,1.0000000000,0.6776942356
0.0020469509,676,644,0,0.5121212121,1.0000000000,0.6773547094
0.0020452186,676,645,0,0.5117335352,1.0000000000,0.6770155233
0.0020450486,676,646,0,0.5113464448,1.0000000000,0.6766766767
0.0020400980,676,647,0,0.5109599395,1.0000000000,0.6763381691
0.0020392819,676,648,0,0.5105740181,1.0000000000,0.6760000000
0.0020372395,676,649,0,0.5101886792,1.0000000000,0.6756621689
0.0020371596,676,650,0,0.5098039216,1.0000000000,0.6753246753
0.0020368225,676,651,0,0.5094197438,1.0000000000,0.6749875187
0.0020360374,676,652,0,0.5090361446,1.0000000000,0.6746506986
0.0020357915,676,653,0,0.5086531226,1.0000000000,0.6743142145
0.0020354851,676,654,0,0.5082706767,1.0000000000,0.6739780658
0.0020342469,676,655,0,0.5078888054,1.0000000000,0.6736422521
0.0020335275,676,656,0,0.5075075075,1.0000000000,0.6733067729
0.0020324129,676,657,0,0.5071267817,1.0000000000,0.6729716277
0.0020308895,676,658,0,0.5067466267,1.0000000000,0.6726368159
0.0020301996,676,659,0,0.5063670412,1.0000000000,0.6723023371
0.0020299272,676,660,0,0.5059880240,1.0000000000,0.6719681909
0.0020293475,676,661,0,0.5056095737,1.0000000000,0.6716343766
0.0020272657,676,662,0,0.5052316891,1.0000000000,0.6713008937
0.0020256485,676,663,0,0.5048543689,1.0000000000,0.6709677419
0.0020256157,676,664,0,0.5044776119,1.0000000000,0.6706349206
0.0020249663,676,665,0,0.5041014169,1.0000000000,0.6703024294
0.0020246864,676,666,0,0.5037257824,1.0000000000,0.6699702676
0.0020234785,676,667,0,0.5033507074,1.0000000000,0.6696384349
0.0020232969,676,668,0,0.5029761905,1.0000000000,0.6693069307
0.0020220869,676,669,0,0.5026022305,1.0000000000,0.6689757546
0.0020207055,676,670,0,0.5022288262,1.0000000000,0.6686449060
0.0020204182,676,671,0,0.5018559762,1.0000000000,0.6683143846
0.0020191944,676,672,0,0.5014836795,1.0000000000,0.6679841897
0.0020190917,676,673,0,0.5011119348,1.0000000000,0.6676543210
0.0020187891,676,674,0,0.5007407407,1.0000000000,0.6673247779
0.0020187641,676,675,0,0.5003700962,1.0000000000,0.6669955599
0.0020184624,676,676,0,0.5000000000,1.0000000000,0.6666666667
0.0020167083,676,677,0,0.4996304508,1.0000000000,0.6663380976
0.0020159569,676,678,0,0.4992614476,1.0000000000,0.6660098522
0.0020154871,676,679,0,0.4988929889,1.0000000000,0.6656819301
0.0020154333,676,680,0,0.4985250737,1.0000000000,0.6653543307
0.0020148561,676,681,0,0.4981577008,1.0000000000,0.6650270536
0.0020138656,676,682,0,0.4977908689,1.0000000000,0.6647000983
0.0020132554,676,683,0,0.4974245769,1.0000000000,0.6643734644
0.0020111564,676,684,0,0.4970588235,1.0000000000,0.6640471513
0.0020100467,676,685,0,0.4966936076,1.0000000000,0.6637211586
0.0020093550,676,686,0,0.4963289280,1.0000000000,0.6633954858
0.0020089897,676,687,0,0.4959647836,1.0000000000,0.6630701324
0.0020081308,676,688,0,0.4956011730,1.0000000000,0.6627450980
0.0020079201,676,689,0,0.4952380952,1.0000000000,0.6624203822
0.0020070835,676,690,0,0.4948755490,1.0000000000,0.6620959843
0.0020067072,676,691,0,0.4945135333,1.0000000000,0.6617719041
0.0020052504,676,692,0,0.4941520468,1.0000000000,0.6614481409
0.0020051082,676,693,0,0.4937910884,1.0000000000,0.6611246944
0.0020050616,676,694,0,0.4934306569,1.0000000000,0.6608015640
0.0020050406,676,695,0,0.4930707513,1.0000000000,0.6604787494
0.0020034362,676,696,0,0.4927113703,1.0000000000,0.6601562500
0.0020032865,676,697,0,0.4923525127,1.0000000000,0.6598340654
0.0020032150,676,698,0,0.4919941776,1.0000000000,0.6595121951
0.0020027615,676,699,0,0.4916363636,1.0000000000,0.6591906387
0.0020023745,676,700,0,0.4912790698,1.0000000000,0.6588693957
0.0020021019,676,701,0,0.4909222948,1.0000000000,0.6585484657
0.0020014353,676,702,0,0.4905660377,1.0000000000,0.6582278481
0.0020002029,676,703,0,0.4902102973,1.0000000000,0.6579075426
0.0019992306,676,704,0,0.4898550725,1.0000000000,0.6575875486
0.0019990660,676,705,0,0.4895003621,1.0000000000,0.6572678658
0.0019989067,676,706,0,0.4891461650,1.0000000000,0.6569484937
0.0019986890,676,707,0,0.4887924801,1.0000000000,0.6566294318
0.0019985531,676,708,0,0.4884393064,1.0000000000,0.6563106796
0.0019977004,676,709,0,0.4880866426,1.0000000000,0.6559922368
0.0019966920,676,710,0,0.4877344877,1.0000000000,0.6556741028
0.0019952708,676,711,0,0.4873828407,1.0000000000,0.6553562773
0.0019952063,676,712,0,0.4870317003,1.0000000000,0.6550387597
0.0019949635,676,713,0,0.4866810655,1.0000000000,0.6547215496
0.0019948683,676,714,0,0.4863309353,1.0000000000,0.6544046467
0.0019943728,676,715,0,0.4859813084,1.0000000000,0.6540880503
0.0019928019,676,716,0,0.4856321839,1.0000000000,0.6537717602
0.0019906503,676,717,0,0.4852835607,1.0000000000,0.6534557757
0.0019901204,676,718,0,0.4849354376,1.0000000000,0.6531400966
0.0019897427,676,719,0,0.4845878136,1.0000000000,0.6528247224
0.0019895763,676,720,0,0.4842406877,1.0000000000,0.6525096525
0.0019893795,676,721,0,0.4838940587,1.0000000000,0.6521948866
0.0019881811,676,722,0,0.4835479256,1.0000000000,0.6518804243
0.0019881488,676,723,0,0.4832022873,1.0000000000,0.6515662651
0.0019880428,676,724,0,0.4828571429,1.0000000000,0.6512524085
0.0019872361,676,725,0,0.4825124911,1.0000000000,0.6509388541
0.0019867821,676,726,0,0.4821683310,1.0000000000,0.6506256015
0.0019857604,676,727,0,0.4818246614,1.0000000000,0.6503126503
0.0019854258,676,728,0,0.4814814815,1.0000000000,0.6500000000
0.0019843508,676,729,0,0.4811387900,1.0000000000,0.6496876502
0.0019838295,676,730,0,0.4807965861,1.0000000000,0.6493756004
0.0019828395,676,731,0,0.4804548685,1.0000000000,0.6490638502
0.0019821932,676,732,0,0.4801136364,1.0000000000,0.6487523992
0.0019821667,676,733,0,0.4797728886,1.0000000000,0.6484412470
0.0019810798,676,734,0,0.4794326241,1.0000000000,0.6481303931
0.0019806977,676,735,0,0.4790928420,1.0000000000,0.6478198371
0.0019806903,676,736,0,0.4787535411,1.0000000000,0.6475095785
0.0019801022,676,737,0,0.4784147205,1.0000000000,0.6471996170
0.0019800849,676,738,0,0.4780763791,1.0000000000,0.6468899522
0.0019790414,676,739,0,0.4777385159,1.0000000000,0.6465805835
0.0019784255,676,740,0,0.4774011299,1.0000000000,0.6462715105
0.0019783473,676,741,0,0.4770642202,1.0000000000,0.6459627329
0.0019762395,676,742,0,0.4767277856,1.0000000000,0.6456542502
0.0019759482,676,743,0,0.4763918252,1.0000000000,0.6453460621
0.0019750744,676,744,0,0.4760563380,1.0000000000,0.6450381679
0.0019743377,676,745,0,0.4757213230,1.0000000000,0.6447305675
0.0019742497,676,746,0,0.4753867792,1.0000000000,0.6444232602
0.0019741086,676,747,0,0.4750527056,1.0000000000,0.6441162458
0.0019740877,676,748,0,0.4747191011,1.0000000000,0.6438095238
0.0019739282,676,749,0,0.4743859649,1.0000000000,0.6435030938
0.0019737743,676,750,0,0.4740532959,1.0000000000,0.6431969553
0.0019716064,676,751,0,0.4737210932,1.0000000000,0.6428911079
0.0019712790,676,752,0,0.4733893557,1.0000000000,0.6425855513
0.0019709282,676,753,0,0.4730580826,1.0000000000,0.6422802850
0.0019701724,676,754,0,0.4727272727,1.0000000000,0.6419753086
0.0019689838,676,755,0,0.4723969252,1.0000000000,0.6416706217
0.0019688192,676,756,0,0.4720670391,1.0000000000,0.6413662239
0.0019684115,676,757,0,0.4717376134,1.0000000000,0.6410621147
0.0019675856,676,758,0,0.4714086471,1.0000000000,0.6407582938
0.0019671351,676,759,0,0.4710801394,1.0000000000,0.6404547608
0.0019670743,676,760,0,0.4707520891,1.0000000000,0.6401515152
0.0019665968,676,761,0,0.4704244955,1.0000000000,0.6398485566
0.0019664424,676,762,0,0.4700973574,1.0000000000,0.6395458846
0.0019659549,676,763,0,0.4697706741,1.0000000000,0.6392434988
0.0019657800,676,764,0,0.4694444444,1.0000000000,0.6389413989
0.0019650897,676,765,0,0.4691186676,1.0000000000,0.6386395843
0.0019647081,676,766,0,0.4687933426,1.0000000000,0.6383380548
0.0019646876,676,767,0,0.4684684685,1.0000000000,0.6380368098
0.0019643137,676,768,0,0.4681440443,1.0000000000,0.6377358491
0.0019627092,676,769,0,0.4678200692,1.0000000000,0.6374351721
0.0019619016,676,770,0,0.4674965422,1.0000000000,0.6371347785
0.0019617558,676,771,0,0.4671734623,1.0000000000,0.6368346679
0.0019617446,676,772,0,0.4668508287,1.0000000000,0.6365348399
0.0019614254,676,773,0,0.4665286404,1.0000000000,0.6362352941
0.0019608112,676,774,0,0.4662068966,1.0000000000,0.6359360301
0.0019606843,676,775,0,0.4658855961,1.0000000000,0.6356370475
0.0019597684,676,776,0,0.4655647383,1.0000000000,0.6353383459
0.0019595874,676,777,0,0.4652443221,1.0000000000,0.6350399248
0.0019595763,676,778,0,0.4649243466,1.0000000000,0.6347417840
0.0019594457,676,779,0,0.4646048110,1.0000000000,0.6344439230
0.0019591046,676,780,0,0.4642857143,1.0000000000,0.6341463415
0.0019587511,676,781,0,0.4639670556,1.0000000000,0.6338490389
0.0019583774,676,782,0,0.4636488340,1.0000000000,0.6335520150
0.0019571043,676,783,0,0.4633310487,1.0000000000,0.6332552693
0.0019570889,676,784,0,0.4630136986,1.0000000000,0.6329588015
0.0019562237,676,785,0,0.4626967830,1.0000000000,0.6326626111
0.0019558456,676,786,0,0.4623803010,1.0000000000,0.6323666978
0.0019555050,676,787,0,0.4620642515,1.0000000000,0.6320710612
0.0019554028,676,788,0,0.4617486339,1.0000000000,0.6317757009
0.0019550389,676,789,0,0.4614334471,1.0000000000,0.6314806165
0.0019543013,676,790,0,0.4611186903,1.0000000000,0.6311858077
0.0019541476,676,791,0,0.4608043626,1.0000000000,0.6308912739
0.0019540892,676,792,0,0.4604904632,1.0000000000,0.6305970149
0.0019539103,676,793,0,0.4601769912,1.0000000000,0.6303030303
0.0019537574,676,794,0,0.4598639456,1.0000000000,0.6300093197
0.0019535185,676,795,0,0.4595513256,1.0000000000,0.6297158826
0.0019532281,676,796,0,0.4592391304,1.0000000000,0.6294227188
0.0019506291,676,797,0,0.4589273591,1.0000000000,0.6291298278
0.0019499143,676,798,0,0.4586160109,1.0000000000,0.6288372093
0.0019496591,676,799,0,0.4583050847,1.0000000000,0.6285448629
0.0019491842,676,800,0,0.4579945799,1.0000000000,0.6282527881
0.0019478776,676,801,0,0.4576844956,1.0000000000,0.6279609847
0.0019478423,676,802,0,0.4573748309,1.0000000000,0.6276694522
0.0019454559,676,803,0,0.4570655849,1.0000000000,0.6273781903
0.0019454021,676,804,0,0.4567567568,1.0000000000,0.6270871985
0.0019439223,676,805,0,0.4564483457,1.0000000000,0.6267964766
0.0019427856,676,806,0,0.4561403509,1.0000000000,0.6265060241
0.0019423512,676,807,0,0.4558327714,1.0000000000,0.6262158407
0.0019407065,676,808,0,0.4555256065,1.0000000000,0.6259259259
0.0019406214,676,809,0,0.4552188552,1.0000000000,0.6256362795
0.0019404034,676,810,0,0.4549125168,1.0000000000,0.6253469010
0.0019398680,676,811,0,0.4546065905,1.0000000000,0.6250577901
0.0019370192,676,812,0,0.4543010753,1.0000000000,0.6247689464
0.0019369805,676,813,0,0.4539959704,1.0000000000,0.6244803695
0.0019360837,676,814,0,0.4536912752,1.0000000000,0.6241920591
0.0019352924,676,815,0,0.4533869886,1.0000000000,0.6239040148
0.0019346623,676,816,0,0.4530831099,1.0000000000,0.6236162362
0.0019345880,676,817,0,0.4527796383,1.0000000000,0.6233287229
0.0019338690,676,818,0,0.4524765730,1.0000000000,0.6230414747
0.0019334806,676,819,0,0.4521739130,1.0000000000,0.6227544910
0.0019326232,676,820,0,0.4518716578,1.0000000000,0.6224677716
0.0019325514,676,821,0,0.4515698063,1.0000000000,0.6221813162
0.0019322527,676,822,0,0.4512683578,1.0000000000,0.6218951242
0.0019278363,676,823,0,0.4509673115,1.0000000000,0.6216091954
0.0019264120,676,824,0,0.4506666667,1.0000000000,0.6213235294
0.0019262532,676,825,0,0.4503664224,1.0000000000,0.6210381259
0.0019256248,676,826,0,0.4500665779,1.0000000000,0.6207529844
0.0019244738,676,827,0,0.4497671324,1.0000000000,0.6204681046
0.0019236570,676,828,0,0.4494680851,1.0000000000,0.6201834862
0.0019230739,676,829,0,0.4491694352,1.0000000000,0.6198991288
0.0019229604,676,830,0,0.4488711819,1.0000000000,0.6196150321
0.0019229421,676,831,0,0.4485733245,1.0000000000,0.6193311956
0.0019226656,676,832,0,0.4482758621,1.0000000000,0.6190476190
0.0019224699,676,833,0,0.4479787939,1.0000000000,0.6187643021
0.0019208913,676,834,0,0.4476821192,1.0000000000,0.6184812443
0.0019202598,676,835,0,0.4473858372,1.0000000000,0.6181984454
0.0019185927,676,836,0,0.4470899471,1.0000000000,0.6179159049
0.0019184502,676,837,0,0.4467944481,1.0000000000,0.6176336227
0.0019183881,676,838,0,0.4464993395,1.0000000000,0.6173515982
0.0019182439,676,839,0,0.4462046205,1.0000000000,0.6170698311
0.0019180375,676,840,0,0.4459102902,1.0000000000,0.6167883212
0.0019177767,676,841,0,0.4456163481,1.0000000000,0.6165070679
0.0019171926,676,842,0,0.4453227931,1.0000000000,0.6162260711
0.0019158298,676,843,0,0.4450296248,1.0000000000,0.6159453303
0.0019155589,676,844,0,0.4447368421,1.0000000000,0.6156648452
0.0019143759,676,845,0,0.4444444444,1.0000000000,0.6153846154
0.0019140334,676,846,0,0.4441524310,1.0000000000,0.6151046406
0.0019139699,676,847,0,0.4438608011,1.0000000000,0.6148249204
0.0019137047,676,848,0,0.4435695538,1.0000000000,0.6145454545
0.0019135342,676,849,0,0.4432786885,1.0000000000,0.6142662426
0.0019134441,676,850,0,0.4429882045,1.0000000000,0.6139872843
0.0019125520,676,851,0,0.4426981009,1.0000000000,0.6137085792
0.0019125466,676,852,0,0.4424083770,1.0000000000,0.6134301270
0.0019118168,676,853,0,0.4421190320,1.0000000000,0.6131519274
0.0019118093,676,854,0,0.4418300654,1.0000000000,0.6128739801
0.0019117075,676,855,0,0.4415414762,1.0000000000,0.6125962845
0.0019116384,676,856,0,0.4412532637,1.0000000000,0.6123188406
0.0019112345,676,857,0,0.4409654273,1.0000000000,0.6120416478
0.0019109544,676,858,0,0.4406779661,1.0000000000,0.6117647059
0.0019109398,676,859,0,0.4403908795,1.0000000000,0.6114880145
0.0019106905,676,860,0,0.4401041667,1.0000000000,0.6112115732
0.0019104478,676,861,0,0.4398178269,1.0000000000,0.6109353818
0.0019090954,676,862,0,0.4395318596,1.0000000000,0.6106594399
0.0019083905,676,863,0,0.4392462638,1.0000000000,0.6103837472
0.0019079481,676,864,0,0.4389610390,1.0000000000,0.6101083032
0.0019076540,676,865,0,0.4386761843,1.0000000000,0.6098331078
0.0019065157,676,866,0,0.4383916991,1.0000000000,0.6095581605
0.0019058180,676,867,0,0.4381075826,1.0000000000,0.6092834610
0.0019052532,676,868,0,0.4378238342,1.0000000000,0.6090090090
0.0019047980,676,869,0,0.4375404531,1.0000000000,0.6087348041
0.0019046258,676,870,0,0.4372574386,1.0000000000,0.6084608461
0.0019045477,676,871,0,0.4369747899,1.0000000000,0.6081871345
0.0019044690,676,872,0,0.4366925065,1.0000000000,0.6079136691
0.0019044536,676,873,0,0.4364105875,1.0000000000,0.6076404494
0.0019043809,676,874,0,0.4361290323,1.0000000000,0.6073674753
0.0019042630,676,875,0,0.4358478401,1.0000000000,0.6070947463
0.0019013917,676,876,0,0.4355670103,1.0000000000,0.6068222621
0.0019006722,676,877,0,0.4352865422,1.0000000000,0.6065500224
0.0019004135,676,878,0,0.4350064350,1.0000000000,0.6062780269
0.0019003674,676,879,0,0.4347266881,1.0000000000,0.6060062752
0.0019002100,676,880,0,0.4344473008,1.0000000000,0.6057347670
0.0018998040,676,881,0,0.4341682723,1.0000000000,0.6054635020
0.0018997678,676,882,0,0.4338896021,1.0000000000,0.6051924799
0.0018990573,676,883,0,0.4336112893,1.0000000000,0.6049217002
0.0018987781,676,884,0,0.4333333333,1.0000000000,0.6046511628
0.0018986524,676,885,0,0.4330557335,1.0000000000,0.6043808672
0.0018985991,676,886,0,0.4327784891,1.0000000000,0.6041108132
0.0018981048,676,887,0,0.4325015995,1.0000000000,0.6038410004
0.0018980227,676,888,0,0.4322250639,1.0000000000,0.6035714286
0.0018979115,676,889,0,0.4319488818,1.0000000000,0.6033020973
0.0018973337,676,890,0,0.4316730524,1.0000000000,0.6030330062
0.0018966132,676,891,0,0.4313975750,1.0000000000,0.6027641551
0.0018964597,676,892,0,0.4311224490,1.0000000000,0.6024955437
0.0018963078,676,893,0,0.4308476737,1.0000000000,0.6022271715
0.0018959903,676,894,0,0.4305732484,1.0000000000,0.6019590383
0.0018950611,676,895,0,0.4302991725,1.0000000000,0.6016911437
0.0018946968,676,896,0,0.4300254453,1.0000000000,0.6014234875
0.0018943823,676,897,0,0.4297520661,1.0000000000,0.6011560694
0.0018943091,676,898,0,0.4294790343,1.0000000000,0.6008888889
0.0018941226,676,899,0,0.4292063492,1.0000000000,0.6006219458
0.0018939991,676,900,0,0.4289340102,1.0000000000,0.6003552398
0.0018936095,676,901,0,0.4286620165,1.0000000000,0.6000887705
0.0018923158,676,902,0,0.4283903676,1.0000000000,0.5998225377
0.0018919071,676,903,0,0.4281190627,1.0000000000,0.5995565410
0.0018907936,676,904,0,0.4278481013,1.0000000000,0.5992907801
0.0018900441,676,905,0,0.4275774826,1.0000000000,0.5990252548
0.0018895225,676,906,0,0.4273072061,1.0000000000,0.5987599646
0.0018876367,676,907,0,0.4270372710,1.0000000000,0.5984949093
0.0018870825,676,908,0,0.4267676768,1.0000000000,0.5982300885
0.0018869269,676,909,0,0.4264984227,1.0000000000,0.5979655020
0.0018862366,676,910,0,0.4262295082,1.0000000000,0.5977011494
0.0018857716,676,911,0,0.4259609326,1.0000000000,0.5974370305
0.0018855572,676,912,0,0.4256926952,1.0000000000,0.5971731449
0.0018847166,676,913,0,0.4254247955,1.0000000000,0.5969094923
0.0018834325,676,914,0,0.4251572327,1.0000000000,0.5966460724
0.0018832720,676,915,0,0.4248900063,1.0000000000,0.5963828849
0.0018827416,676,916,0,0.4246231156,1.0000000000,0.5961199295
0.0018814729,676,917,0,0.4243565599,1.0000000000,0.5958572058
0.0018804901,676,918,0,0.4240903388,1.0000000000,0.5955947137
0.0018804776,676,919,0,0.4238244514,1.0000000000,0.5953324527
0.0018798762,676,920,0,0.4235588972,1.0000000000,0.5950704225
0.0018784505,676,921,0,0.4232936756,1.0000000000,0.5948086230
0.0018779320,676,922,0,0.4230287860,1.0000000000,0.5945470536
0.0018778194,676,923,0,0.4227642276,1.0000000000,0.5942857143
0.0018777641,676,924,0,0.4225000000,1.0000000000,0.5940246046
0.0018777292,676,925,0,0.4222361024,1.0000000000,0.5937637242
0.0018774630,676,926,0,0.4219725343,1.0000000000,0.5935030729
0.0018773907,676,927,0,0.4217092951,1.0000000000,0.5932426503
0.0018771430,676,928,0,0.4214463840,1.0000000000,0.5929824561
0.0018771244,676,929,0,0.4211838006,1.0000000000,0.5927224901
0.0018763186,676,930,0,0.4209215442,1.0000000000,0.5924627520
0.0018762882,676,931,0,0.4206596142,1.0000000000,0.5922032413
0.0018755865,676,932,0,0.4203980100,1.0000000000,0.5919439580
0.0018755534,676,933,0,0.4201367309,1.0000000000,0.5916849015
0.0018753160,676,934,0,0.4198757764,1.0000000000,0.5914260717
0.0018752527,676,935,0,0.4196151459,1.0000000000,0.5911674683
0.0018743280,676,936,0,0.4193548387,1.0000000000,0.5909090909
0.0018742882,676,937,0,0.4190948543,1.0000000000,0.5906509393
0.0018742211,676,938,0,0.4188351921,1.0000000000,0.5903930131
0.0018738414,676,939,0,0.4185758514,1.0000000000,0.5901353121
0.0018730280,676,940,0,0.4183168317,1.0000000000,0.5898778360
0.0018723310,676,941,0,0.4180581323,1.0000000000,0.5896205844
0.0018723044,676,942,0,0.4177997528,1.0000000000,0.5893635571
0.0018710464,676,943,0,0.4175416924,1.0000000000,0.5891067538
0.0018710144,676,944,0,0.4172839506,1.0000000000,0.5888501742
0.0018709296,676,945,0,0.4170265268,1.0000000000,0.5885938180
0.0018709182,676,946,0,0.4167694205,1.0000000000,0.5883376849
0.0018706048,676,947,0,0.4165126309,1.0000000000,0.5880817747
0.0018701880,676,948,0,0.4162561576,1.0000000000,0.5878260870
0.0018695706,676,949,0,0.4160000000,1.0000000000,0.5875706215
0.0018680861,676,950,0,0.4157441574,1.0000000000,0.5873153779
0.0018674319,676,951,0,0.4154886294,1.0000000000,0.5870603561
0.0018673651,676,952,0,0.4152334152,1.0000000000,0.5868055556
0.0018671731,676,953,0,0.4149785144,1.0000000000,0.5865509761
0.0018667892,676,954,0,0.4147239264,1.0000000000,0.5862966175
0.0018665956,676,955,0,0.4144696505,1.0000000000,0.5860424794
0.0018664518,676,956,0,0.4142156863,1.0000000000,0.5857885615
0.0018659328,676,957,0,0.4139620331,1.0000000000,0.5855348636
0.0018653967,676,958,0,0.4137086903,1.0000000000,0.5852813853
0.0018652512,676,959,0,0.4134556575,1.0000000000,0.5850281264
0.0018651959,676,960,0,0.4132029340,1.0000000000,0.5847750865
0.0018650823,676,961,0,0.4129505192,1.0000000000,0.5845222655
0.0018642445,676,962,0,0.4126984127,1.0000000000,0.5842696629
0.0018637336,676,963,0,0.4124466138,1.0000000000,0.5840172786
0.0018635686,676,964,0,0.4121951220,1.0000000000,0.5837651123
0.0018632953,676,965,0,0.4119439366,1.0000000000,0.5835131636
0.0018630702,676,966,0,0.4116930572,1.0000000000,0.5832614323
0.0018626535,676,967,0,0.4114424833,1.0000000000,0.5830099181
0.0018623298,676,968,0,0.4111922141,1.0000000000,0.5827586207
0.0018620259,676,969,0,0.4109422492,1.0000000000,0.5825075399
0.0018617512,676,970,0,0.4106925881,1.0000000000,0.5822566753
0.0018613189,676,971,0,0.4104432301,1.0000000000,0.5820060267
0.0018612967,676,972,0,0.4101941748,1.0000000000,0.5817555938
0.0018608884,676,973,0,0.4099454215,1.0000000000,0.5815053763
0.0018604227,676,974,0,0.4096969697,1.0000000000,0.5812553740
0.0018603127,676,975,0,0.4094488189,1.0000000000,0.5810055866
0.0018595639,676,976,0,0.4092009685,1.0000000000,0.5807560137
0.0018593223,676,977,0,0.4089534180,1.0000000000,0.5805066552
0.0018591426,676,978,0,0.4087061669,1.0000000000,0.5802575107
0.0018578902,676,979,0,0.4084592145,1.0000000000,0.5800085800
0.0018577832,676,980,0,0.4082125604,1.0000000000,0.5797598628
0.0018575275,676,981,0,0.4079662040,1.0000000000,0.5795113588
0.0018563202,676,982,0,0.4077201448,1.0000000000,0.5792630677
0.0018559775,676,983,0,0.4074743822,1.0000000000,0.5790149893
0.0018554783,676,984,0,0.4072289157,1.0000000000,0.5787671233
0.0018550459,676,985,0,0.4069837447,1.0000000000,0.5785194694
0.0018548717,676,986,0,0.4067388688,1.0000000000,0.5782720274
0.0018546989,676,987,0,0.4064942874,1.0000000000,0.5780247969
0.0018537246,676,988,0,0.4062500000,1.0000000000,0.5777777778
0.0018535515,676,989,0,0.4060060060,1.0000000000,0.5775309697
0.0018535040,676,990,0,0.4057623049,1.0000000000,0.5772843723
0.0018532993,676,991,0,0.4055188962,1.0000000000,0.5770379855
0.0018528072,676,992,0,0.4052757794,1.0000000000,0.5767918089
0.0018518866,676,993,0,0.4050329539,1.0000000000,0.5765458422
0.0018517298,676,994,0,0.4047904192,1.0000000000,0.5763000853
0.0018514673,676,995,0,0.4045481747,1.0000000000,0.5760545377
0.0018504699,676,996,0,0.4043062201,1.0000000000,0.5758091993
0.0018503256,676,997,0,0.4040645547,1.0000000000,0.5755640698
0.0018500930,676,998,0,0.4038231780,1.0000000000,0.5753191489
0.0018500014,676,999,0,0.4035820896,1.0000000000,0.5750744364
0.0018495983,676,1000,0,0.4033412888,1.0000000000,0.5748299320
0.0018495023,676,1001,0,0.4031007752,1.0000000000,0.5745856354
0.0018481348,676,1002,0,0.4028605483,1.0000000000,0.5743415463
0.0018479581,676,1003,0,0.4026206075,1.0000000000,0.5740976645
0.0018468661,676,1004,0,0.4023809524,1.0000000000,0.5738539898
0.0018467369,676,1005,0,0.4021415824,1.0000000000,0.5736105218
0.0018464177,676,1006,0,0.4019024970,1.0000000000,0.5733672604
0.0018460855,676,1007,0,0.4016636958,1.0000000000,0.5731242052
0.0018460802,676,1008,0,0.4014251781,1.0000000000,0.5728813559
0.0018459135,676,1009,0,0.4011869436,1.0000000000,0.5726387124
0.0018457050,676,1010,0,0.4009489917,1.0000000000,0.5723962743
0.0018455198,676,1011,0,0.4007113219,1.0000000000,0.5721540415
0.0018447564,676,1012,0,0.4004739336,1.0000000000,0.5719120135
0.0018427566,676,1013,0,0.4002368265,1.0000000000,0.5716701903
0.0018422448,676,1014,0,0.4000000000,1.0000000000,0.5714285714
0.0018419551,676,1015,0,0.3997634536,1.0000000000,0.5711871567
0.0018416618,676,1016,0,0.3995271868,1.0000000000,0.5709459459
0.0018414110,676,1017,0,0.3992911991,1.0000000000,0.5707049388
0.0018410648,676,1018,0,0.3990554900,1.0000000000,0.5704641350
0.0018409700,676,1019,0,0.3988200590,1.0000000000,0.5702235344
0.0018406872,676,1020,0,0.3985849057,1.0000000000,0.5699831366
0.0018405620,676,1021,0,0.3983500295,1.0000000000,0.5697429414
0.0018395266,676,1022,0,0.3981154299,1.0000000000,0.5695029486
0.0018392509,676,1023,0,0.3978811065,1.0000000000,0.5692631579
0.0018391082,676,1024,0,0.3976470588,1.0000000000,0.5690235690
0.0018387764,676,1025,0,0.3974132863,1.0000000000,0.5687841817
0.0018376329,676,1026,0,0.3971797885,1.0000000000,0.5685449958
0.0018374659,676,1027,0,0.3969465649,1.0000000000,0.5683060109
0.0018372089,676,1028,0,0.3967136150,1.0000000000,0.5680672269
0.0018370821,676,1029,0,0.3964809384,1.0000000000,0.5678286434
0.0018368249,676,1030,0,0.3962485346,1.0000000000,0.5675902603
0.0018368100,676,1031,0,0.3960164030,1.0000000000,0.5673520772
0.0018365766,676,1032,0,0.3957845433,1.0000000000,0.5671140940
0.0018365314,676,1033,0,0.3955529549,1.0000000000,0.5668763103
0.0018363493,676,1034,0,0.3953216374,1.0000000000,0.5666387259
0.0018363302,676,1035,0,0.3950905903,1.0000000000,0.5664013406
0.0018360602,676,1036,0,0.3948598131,1.0000000000,0.5661641541
0.0018359752,676,1037,0,0.3946293053,1.0000000000,0.5659271662
0.0018352258,676,1038,0,0.3943990665,1.0000000000,0.5656903766
0.0018350966,676,1039,0,0.3941690962,1.0000000000,0.5654537850
0.0018346825,676,1040,0,0.3939393939,1.0000000000,0.5652173913
0.0018336647,676,1041,0,0.3937099592,1.0000000000,0.5649811952
0.0018336489,676,1042,0,0.3934807916,1.0000000000,0.5647451963
0.0018334901,676,1043,0,0.3932518906,1.0000000000,0.5645093946
0.0018333400,676,1044,0,0.3930232558,1.0000000000,0.5642737896
0.0018332545,676,1045,0,0.3927948867,1.0000000000,0.5640383813
0.0018332439,676,1046,0,0.3925667828,1.0000000000,0.5638031693
0.0018327571,676,1047,0,0.3923389437,1.0000000000,0.5635681534
0.0018327066,676,1048,0,0.3921113689,1.0000000000,0.5633333333
0.0018325269,676,1049,0,0.3918840580,1.0000000000,0.5630987089
0.0018320786,676,1050,0,0.3916570104,1.0000000000,0.5628642798
0.0018319399,676,1051,0,0.3914302258,1.0000000000,0.5626300458
0.0018317089,676,1052,0,0.3912037037,1.0000000000,0.5623960067
0.0018316611,676,1053,0,0.3909774436,1.0000000000,0.5621621622
0.0018311396,676,1054,0,0.3907514451,1.0000000000,0.5619285121
0.0018308033,676,1055,0,0.3905257077,1.0000000000,0.5616950561
0.0018296527,676,1056,0,0.3903002309,1.0000000000,0.5614617940
0.0018294713,676,1057,0,0.3900750144,1.0000000000,0.5612287256
0.0018288636,676,1058,0,0.3898500577,1.0000000000,0.5609958506
0.0018282415,676,1059,0,0.3896253602,1.0000000000,0.5607631688
0.0018275046,676,1060,0,0.3894009217,1.0000000000,0.5605306799
0.0018257848,676,1061,0,0.3891767415,1.0000000000,0.5602983838
0.0018254668,676,1062,0,0.3889528193,1.0000000000,0.5600662800
0.0018251315,676,1063,0,0.3887291547,1.0000000000,0.5598343685
0.0018247076,676,1064,0,0.3885057471,1.0000000000,0.5596026490
0.0018247041,676,1065,0,0.3882825962,1.0000000000,0.5593711212
0.0018236518,676,1066,0,0.3880597015,1.0000000000,0.5591397849
0.0018236291,676,1067,0,0.3878370625,1.0000000000,0.5589086399
0.0018234696,676,1068,0,0.3876146789,1.0000000000,0.5586776860
0.0018226375,676,1069,0,0.3873925501,1.0000000000,0.5584469228
0.0018218454,676,1070,0,0.3871706758,1.0000000000,0.5582163501
0.0018200151,676,1071,0,0.3869490555,1.0000000000,0.5579859678
0.0018197352,676,1072,0,0.3867276888,1.0000000000,0.5577557756
0.0018176690,676,1073,0,0.3865065752,1.0000000000,0.5575257732
0.0018173280,676,1074,0,0.3862857143,1.0000000000,0.5572959604
0.0018169336,676,1075,0,0.3860651057,1.0000000000,0.5570663370
0.0018169200,676,1076,0,0.3858447489,1.0000000000,0.5568369028
0.0018164790,676,1077,0,0.3856246435,1.0000000000,0.5566076575
0.0018161710,676,1078,0,0.3854047891,1.0000000000,0.5563786008
0.0018159108,676,1079,0,0.3851851852,1.0000000000,0.5561497326
0.0018153751,676,1080,0,0.3849658314,1.0000000000,0.5559210526
0.0018153475,676,1081,0,0.3847467274,1.0000000000,0.5556925606
0.0018140761,676,1082,0,0.3845278726,1.0000000000,0.5554642564
0.0018133863,676,1083,0,0.3843092666,1.0000000000,0.5552361396
0.0018132706,676,1084,0,0.3840909091,1.0000000000,0.5550082102
0.0018125975,676,1085,0,0.3838727995,1.0000000000,0.5547804678
0.0018115143,676,1086,0,0.3836549376,1.0000000000,0.5545529122
0.0018111822,676,1087,0,0.3834373227,1.0000000000,0.5543255433
0.0018099524,676,1088,0,0.3832199546,1.0000000000,0.5540983607
0.0018097527,676,1089,0,0.3830028329,1.0000000000,0.5538713642
0.0018093910,676,1090,0,0.3827859570,1.0000000000,0.5536445536
0.0018086092,676,1091,0,0.3825693265,1.0000000000,0.5534179288
0.0018075575,676,1092,0,0.3823529412,1.0000000000,0.5531914894
0.0018065753,676,1093,0,0.3821368005,1.0000000000,0.5529652352
0.0018055068,676,1094,0,0.3819209040,1.0000000000,0.5527391660
0.0018053760,676,1095,0,0.3817052513,1.0000000000,0.5525132816
0.0018053048,676,1096,0,0.3814898420,1.0000000000,0.5522875817
0.0018048185,676,1097,0,0.3812746757,1.0000000000,0.5520620661
0.0018046715,676,1098,0,0.3810597520,1.0000000000,0.5518367347
0.0018044423,676,1099,0,0.3808450704,1.0000000000,0.5516115871
0.0018037374,676,1100,0,0.3806306306,1.0000000000,0.5513866232
0.0018023580,676,1101,0,0.3804164322,1.0000000000,0.5511618426
0.0018019970,676,1102,0,0.3802024747,1.0000000000,0.5509372453
0.0018014833,676,1103,0,0.3799887577,1.0000000000,0.5507128310
0.0018013564,676,1104,0,0.3797752809,1.0000000000,0.5504885993
0.0018011865,676,1105,0,0.3795620438,1.0000000000,0.5502645503
0.0018006928,676,1106,0,0.3793490460,1.0000000000,0.5500406835
0.0018002617,676,1107,0,0.3791362872,1.0000000000,0.5498169988
0.0018000038,676,1108,0,0.3789237668,1.0000000000,0.5495934959
0.0017995156,676,1109,0,0.3787114846,1.0000000000,0.5493701747
0.0017990234,676,1110,0,0.3784994401,1.0000000000,0.5491470349
0.0017988665,676,1111,0,0.3782876329,1.0000000000,0.5489240763
0.0017980362,676,1112,0,0.3780760626,1.0000000000,0.5487012987
0.0017976630,676,1113,0,0.3778647289,1.0000000000,0.5484787018
0.0017974883,676,1114,0,0.3776536313,1.0000000000,0.5482562855
0.0017968606,676,1115,0,0.3774427694,1.0000000000,0.5480340495
0.0017954825,676,1117,0,0.3770217513,1.0000000000,0.5475901175
0.0017935656,676,1118,0,0.3768115942,1.0000000000,0.5473684211
0.0017929715,676,1119,0,0.3766016713,1.0000000000,0.5471469041
0.0017907360,676,1120,0,0.3763919822,1.0000000000,0.5469255663
0.0017906672,676,1121,0,0.3761825264,1.0000000000,0.5467044076
0.0017905667,676,1122,0,0.3759733037,1.0000000000,0.5464834276
0.0017900511,676,1123,0,0.3757643135,1.0000000000,0.5462626263
0.0017895662,676,1124,0,0.3755555556,1.0000000000,0.5460420032
0.0017882091,676,1125,0,0.3753470294,1.0000000000,0.5458215583
0.0017878441,676,1126,0,0.3751387347,1.0000000000,0.5456012914
0.0017878296,676,1127,0,0.3749306711,1.0000000000,0.5453812021
0.0017870815,676,1128,0,0.3747228381,1.0000000000,0.5451612903
0.0017863731,676,1129,0,0.3745152355,1.0000000000,0.5449415558
0.0017854568,676,1130,0,0.3743078627,1.0000000000,0.5447219984
0.0017845129,676,1131,0,0.3741007194,1.0000000000,0.5445026178
0.0017840889,676,1132,0,0.3738938053,1.0000000000,0.5442834138
0.0017838038,676,1133,0,0.3736871200,1.0000000000,0.5440643863
0.0017822591,676,1134,0,0.3734806630,1.0000000000,0.5438455350
0.0017821665,676,1135,0,0.3732744340,1.0000000000,0.5436268597
0.0017819775,676,1136,0,0.3730684327,1.0000000000,0.5434083601
0.0017819231,676,1137,0,0.3728626586,1.0000000000,0.5431900362
0.0017801733,676,1138,0,0.3726571114,1.0000000000,0.5429718876
0.0017794890,676,1139,0,0.3724517906,1.0000000000,0.5427539141
0.0017794245,676,1140,0,0.3722466960,1.0000000000,0.5425361156
0.0017790128,676,1141,0,0.3720418272,1.0000000000,0.5423184918
0.0017789756,676,1142,0,0.3718371837,1.0000000000,0.5421010425
0.0017788201,676,1143,0,0.3716327653,1.0000000000,0.5418837675
0.0017784187,676,1144,0,0.3714285714,1.0000000000,0.5416666667
0.0017770344,676,1145,0,0.3712246019,1.0000000000,0.5414497397
0.0017754261,676,1146,0,0.3710208562,1.0000000000,0.5412329864
0.0017752065,676,1147,0,0.3708173341,1.0000000000,0.5410164066
0.0017751050,676,1148,0,0.3706140351,1.0000000000,0.5408000000
0.0017736473,676,1149,0,0.3704109589,1.0000000000,0.5405837665
0.0017722211,676,1150,0,0.3702081051,1.0000000000,0.5403677058
0.0017719124,676,1151,0,0.3700054735,1.0000000000,0.5401518178
0.0017717303,676,1152,0,0.3698030635,1.0000000000,0.5399361022
0.0017716924,676,1153,0,0.3696008748,1.0000000000,0.5397205589
0.0017708552,676,1154,0,0.3693989071,1.0000000000,0.5395051875
0.0017708282,676,1155,0,0.3691971600,1.0000000000,0.5392899880
0.0017706983,676,1156,0,0.3689956332,1.0000000000,0.5390749601
0.0017687557,676,1157,0,0.3687943262,1.0000000000,0.5388601036
0.0017680133,676,1158,0,0.3685932388,1.0000000000,0.5386454183
0.0017664159,676,1159,0,0.3683923706,1.0000000000,0.5384309040
0.0017662270,676,1160,0,0.3681917211,1.0000000000,0.5382165605
0.0017638089,676,1161,0,0.3679912901,1.0000000000,0.5380023876
0.0017631440,676,1162,0,0.3677910773,1.0000000000,0.5377883850
0.0017631123,676,1163,0,0.3675910821,1.0000000000,0.5375745527
0.0017626499,676,1164,0,0.3673913043,1.0000000000,0.5373608903
0.0017613121,676,1165,0,0.3671917436,1.0000000000,0.5371473977
0.0017600182,676,1166,0,0.3669923996,1.0000000000,0.5369340747
0.0017588274,676,1167,0,0.3667932718,1.0000000000,0.5367209210
0.0017559855,676,1168,0,0.3665943601,1.0000000000,0.5365079365
0.0017540096,676,1169,0,0.3663956640,1.0000000000,0.5362951210
0.0017539138,676,1170,0,0.3661971831,1.0000000000,0.5360824742
0.0017533578,676,1171,0,0.3659989172,1.0000000000,0.5358699960
0.0017530066,676,1172,0,0.3658008658,1.0000000000,0.5356576862
0.0017520639,676,1173,0,0.3656030287,1.0000000000,0.5354455446
0.0017519706,676,1174,0,0.3654054054,1.0000000000,0.5352335709
0.0017517704,676,1175,0,0.3652079957,1.0000000000,0.5350217649
0.0017504318,676,1176,0,0.3650107991,1.0000000000,0.5348101266
0.0017489527,676,1177,0,0.3648138154,1.0000000000,0.5345986556
0.0017486761,676,1178,0,0.3646170442,1.0000000000,0.5343873518
0.0017470180,676,1179,0,0.3644204852,1.0000000000,0.5341762149
0.0017465185,676,1180,0,0.3642241379,1.0000000000,0.5339652449
0.0017461377,676,1181,0,0.3640280022,1.0000000000,0.5337544414
0.0017445734,676,1182,0,0.3638320775,1.0000000000,0.5335438043
0.0017435157,676,1183,0,0.3636363636,1.0000000000,0.5333333333
0.0017435049,676,1184,0,0.3634408602,1.0000000000,0.5331230284
0.0017419686,676,1185,0,0.3632455669,1.0000000000,0.5329128892
0.0017406266,676,1186,0,0.3630504834,1.0000000000,0.5327029157
0.0017394315,676,1187,0,0.3628556092,1.0000000000,0.5324931075
0.0017372899,676,1188,0,0.3626609442,1.0000000000,0.5322834646
0.0017332722,676,1189,0,0.3624664879,1.0000000000,0.5320739866
0.0017329636,676,1190,0,0.3622722401,1.0000000000,0.5318646735
0.0017314546,676,1191,0,0.3620782003,1.0000000000,0.5316555250
0.0017311036,676,1192,0,0.3618843683,1.0000000000,0.5314465409
0.0017299437,676,1193,0,0.3616907437,1.0000000000,0.5312377210
0.0017297578,676,1194,0,0.3614973262,1.0000000000,0.5310290652
0.0017286867,676,1195,0,0.3613041154,1.0000000000,0.5308205732
0.0017269161,676,1196,0,0.3611111111,1.0000000000,0.5306122449
0.0017254024,676,1197,0,0.3609183129,1.0000000000,0.5304040800
0.0017243646,676,1198,0,0.3607257204,1.0000000000,0.5301960784
0.0017240593,676,1199,0,0.3605333333,1.0000000000,0.5299882399
0.0017204734,676,1200,0,0.3603411514,1.0000000000,0.5297805643
0.0017190824,676,1201,0,0.3601491742,1.0000000000,0.5295730513
0.0017175358,676,1202,0,0.3599574015,1.0000000000,0.5293657009
0.0017173436,676,1203,0,0.3597658329,1.0000000000,0.5291585127
0.0017170412,676,1204,0,0.3595744681,1.0000000000,0.5289514867
0.0017160125,676,1205,0,0.3593833068,1.0000000000,0.5287446226
0.0017137660,676,1206,0,0.3591923486,1.0000000000,0.5285379203
0.0017045611,676,1207,0,0.3590015932,1.0000000000,0.5283313794
0.0017014530,676,1208,0,0.3588110403,1.0000000000,0.5281250000
0.0017009411,676,1209,0,0.3586206897,1.0000000000,0.5279187817
0.0017008764,676,1210,0,0.3584305408,1.0000000000,0.5277127244
0.0016986649,676,1211,0,0.3582405935,1.0000000000,0.5275068279
0.0016957966,676,1212,0,0.3580508475,1.0000000000,0.5273010920
0.0016910882,676,1213,0,0.3578613023,1.0000000000,0.5270955166
0.0016875466,676,1214,0,0.3576719577,1.0000000000,0.5268901013
0.0016861943,676,1215,0,0.3574828133,1.0000000000,0.5266848461
0.0016845881,676,1216,0,0.3572938689,1.0000000000,0.5264797508
0.0016809129,676,1217,0,0.3571051241,1.0000000000,0.5262748151
0.0016792477,676,1218,0,0.3569165787,1.0000000000,0.5260700389
0.0016791676,676,1219,0,0.3567282322,1.0000000000,0.5258654220
0.0016775524,676,1220,0,0.3565400844,1.0000000000,0.5256609642
0.0016770405,676,1221,0,0.3563521349,1.0000000000,0.5254566654
0.0016757516,676,1222,0,0.3561643836,1.0000000000,0.5252525253
0.0016729461,676,1223,0,0.3559768299,1.0000000000,0.5250485437
0.0016724508,676,1224,0,0.3557894737,1.0000000000,0.5248447205
0.0016723698,676,1225,0,0.3556023146,1.0000000000,0.5246410555
0.0016700045,676,1226,0,0.3554153523,1.0000000000,0.5244375485
0.0016688212,676,1227,0,0.3552285864,1.0000000000,0.5242341993
0.0016684795,676,1228,0,0.3550420168,1.0000000000,0.5240310078
0.0016674011,676,1229,0,0.3548556430,1.0000000000,0.5238279737
0.0016662180,676,1230,0,0.3546694648,1.0000000000,0.5236250968
0.0016655759,676,1231,0,0.3544834819,1.0000000000,0.5234223771
0.0016648869,676,1232,0,0.3542976939,1.0000000000,0.5232198142
0.0016626518,676,1233,0,0.3541121006,1.0000000000,0.5230174081
0.0016626314,676,1234,0,0.3539267016,1.0000000000,0.5228151585
0.0016616224,676,1235,0,0.3537414966,1.0000000000,0.5226130653
0.0016586012,676,1236,0,0.3535564854,1.0000000000,0.5224111283
0.0016573856,676,1237,0,0.3533716675,1.0000000000,0.5222093472
0.0016558809,676,1238,0,0.3531870428,1.0000000000,0.5220077220
0.0016542691,676,1239,0,0.3530026110,1.0000000000,0.5218062524
0.0016527199,676,1240,0,0.3528183716,1.0000000000,0.5216049383
0.0016485803,676,1241,0,0.3526343245,1.0000000000,0.5214037794
0.0016413836,676,1242,0,0.3524504692,1.0000000000,0.5212027756
0.0016403690,676,1243,0,0.3522668056,1.0000000000,0.5210019268
0.0016384091,676,1244,0,0.3520833333,1.0000000000,0.5208012327
0.0016338793,676,1245,0,0.3519000521,1.0000000000,0.5206006931
0.0016325060,676,1246,0,0.3517169615,1.0000000000,0.5204003079
0.0016270509,676,1247,0,0.3515340614,1.0000000000,0.5202000770
0.0016261155,676,1248,0,0.3513513514,1.0000000000,0.5200000000
0.0016246390,676,1249,0,0.3511688312,1.0000000000,0.5198000769
0.0016193290,676,1250,0,0.3509865005,1.0000000000,0.5196003075
0.0016007831,676,1251,0,0.3508043591,1.0000000000,0.5194006915
0.0015882305,676,1252,0,0.3506224066,1.0000000000,0.5192012289
