threshold,tp,fp,fn,precision,recall,f1
0.9893518090,0,1,2320,0.0000000000,0.0000000000,0.0000000000
0.9893144369,0,2,2320,0.0000000000,0.0000000000,0.0000000000
0.9892768860,0,3,2320,0.0000000000,0.0000000000,0.0000000000
0.9892488718,0,4,2320,0.0000000000,0.0000000000,0.0000000000
0.9891781807,0,5,2320,0.0000000000,0.0000000000,0.0000000000
0.9891391397,0,6,2320,0.0000000000,0.0000000000,0.0000000000
0.9891242981,0,7,2320,0.0000000000,0.0000000000,0.0000000000
0.9891037941,1,7,2319,0.1250000000,0.0004310345,0.0008591065
0.9890877008,2,7,2318,0.2222222222,0.0008620690,0.0017174753
0.9890766144,2,8,2318,0.2000000000,0.0008620690,0.0017167382
0.9890403748,2,9,2318,0.1818181818,0.0008620690,0.0017160017
0.9890227318,2,10,2318,0.1666666667,0.0008620690,0.0017152659
0.9890148044,2,11,2318,0.1538461538,0.0008620690,0.0017145306
0.9890083671,3,11,2317,0.2142857143,0.0012931034,0.0025706941
0.9890077114,4,11,2316,0.2666666667,0.0017241379,0.0034261242
0.9890062809,4,12,2316,0.2500000000,0.0017241379,0.0034246575
0.9890040755,5,12,2315,0.2941176471,0.0021551724,0.0042789902
0.9889991879,5,13,2315,0.2777777778,0.0021551724,0.0042771600
0.9889982343,6,13,2314,0.3157894737,0.0025862069,0.0051303976
0.9889937043,7,13,2313,0.3500000000,0.0030172414,0.0059829060
0.9889858961,8,13,2312,0.3809523810,0.0034482759,0.0068346860
0.9889813662,9,13,2311,0.4090909091,0.0038793103,0.0076857387
0.9889655113,9,14,2311,0.3913043478,0.0038793103,0.0076824584
0.9889547825,10,14,2310,0.4166666667,0.0043103448,0.0085324232
0.9889516234,11,14,2309,0.4400000000,0.0047413793,0.0093816631
0.9889464974,11,15,2309,0.4230769231,0.0047413793,0.0093776641
0.9889400601,11,16,2309,0.4074074074,0.0047413793,0.0093736685
0.9889391661,12,16,2308,0.4285714286,0.0051724138,0.0102214651
0.9889284372,13,16,2307,0.4482758621,0.0056034483,0.0110685398
0.9889273643,14,16,2306,0.4666666667,0.0060344828,0.0119148936
0.9889132380,15,16,2305,0.4838709677,0.0064655172,0.0127605274
0.9889093041,16,16,2304,0.5000000000,0.0068965517,0.0136054422
0.9889035821,17,16,2303,0.5151515152,0.0073275862,0.0144496388
0.9889025092,17,17,2303,0.5000000000,0.0073275862,0.0144435004
0.9888999462,18,17,2302,0.5142857143,0.0077586207,0.0152866242
0.9888994098,19,17,2301,0.5277777778,0.0081896552,0.0161290323
0.9888992906,20,17,2300,0.5405405405,0.0086206897,0.0169707255
0.9888970256,21,17,2299,0.5526315789,0.0090517241,0.0178117048
0.9888939261,21,18,2299,0.5384615385,0.0090517241,0.0178041543
0.9888906479,22,18,2298,0.5500000000,0.0094827586,0.0186440678
0.9888822436,23,18,2297,0.5609756098,0.0099137931,0.0194832698
0.9888811707,23,19,2297,0.5476190476,0.0099137931,0.0194750212
0.9888788462,24,19,2296,0.5581395349,0.0103448276,0.0203131612
0.9888766408,25,19,2295,0.5681818182,0.0107758621,0.0211505922
0.9888725877,26,19,2294,0.5777777778,0.0112068966,0.0219873150
0.9888719916,27,19,2293,0.5869565217,0.0116379310,0.0228233305
0.9888662696,28,19,2292,0.5957446809,0.0120689655,0.0236586396
0.9888651371,29,19,2291,0.6041666667,0.0125000000,0.0244932432
0.9888618588,29,20,2291,0.5918367347,0.0125000000,0.0244829042
0.9888272285,30,20,2290,0.6000000000,0.0129310345,0.0253164557
0.9888250232,31,20,2289,0.6078431373,0.0133620690,0.0261493041
0.9888201356,32,20,2288,0.6153846154,0.0137931034,0.0269814503
0.9888194203,33,20,2287,0.6226415094,0.0142241379,0.0278128951
0.9888188243,34,20,2286,0.6296296296,0.0146551724,0.0286436394
0.9888173342,35,20,2285,0.6363636364,0.0150862069,0.0294736842
0.9888172150,36,20,2284,0.6428571429,0.0155172414,0.0303030303
0.9888169765,37,20,2283,0.6491228070,0.0159482759,0.0311316786
0.9888142943,38,20,2282,0.6551724138,0.0163793103,0.0319596299
0.9888070822,39,20,2281,0.6610169492,0.0168103448,0.0327868852
0.9888051748,40,20,2280,0.6666666667,0.0172413793,0.0336134454
0.9888034463,42,20,2278,0.6774193548,0.0181034483,0.0352644836
0.9887953997,43,20,2277,0.6825396825,0.0185344828,0.0360889635
0.9887918830,44,20,2276,0.6875000000,0.0189655172,0.0369127517
0.9887907505,45,20,2275,0.6923076923,0.0193965517,0.0377358491
0.9887861013,46,20,2274,0.6969696970,0.0198275862,0.0385582565
0.9887859821,47,20,2273,0.7014925373,0.0202586207,0.0393799749
0.9887771010,48,20,2272,0.7058823529,0.0206896552,0.0402010050
0.9887723327,49,20,2271,0.7101449275,0.0211206897,0.0410213478
0.9887722135,49,21,2271,0.7000000000,0.0211206897,0.0410041841
0.9887708426,50,21,2270,0.7042253521,0.0215517241,0.0418235048
0.9887641668,51,21,2269,0.7083333333,0.0219827586,0.0426421405
0.9887640476,52,21,2268,0.7123287671,0.0224137931,0.0434600919
0.9887629151,53,21,2267,0.7162162162,0.0228448276,0.0442773601
0.9887564778,54,21,2266,0.7200000000,0.0232758621,0.0450939457
0.9887560010,55,21,2265,0.7236842105,0.0237068966,0.0459098497
0.9887547493,56,21,2264,0.7272727273,0.0241379310,0.0467250730
0.9887534380,57,21,2263,0.7307692308,0.0245689655,0.0475396163
0.9887487888,57,22,2263,0.7215189873,0.0245689655,0.0475197999
0.9887477160,58,22,2262,0.7250000000,0.0250000000,0.0483333333
0.9887433052,59,22,2261,0.7283950617,0.0254310345,0.0491461891
0.9887418151,60,22,2260,0.7317073171,0.0258620690,0.0499583680
0.9887396097,61,22,2259,0.7349397590,0.0262931034,0.0507698710
0.9887382984,62,22,2258,0.7380952381,0.0267241379,0.0515806988
0.9887374640,63,23,2257,0.7325581395,0.0271551724,0.0523690773
0.9887357354,64,23,2256,0.7356321839,0.0275862069,0.0531782302
0.9887350202,65,23,2255,0.7386363636,0.0280172414,0.0539867110
0.9887314439,66,23,2254,0.7415730337,0.0284482759,0.0547945205
0.9887303710,67,23,2253,0.7444444444,0.0288793103,0.0556016598
0.9887292385,68,23,2252,0.7472527473,0.0293103448,0.0564081294
0.9887274504,68,24,2252,0.7391304348,0.0293103448,0.0563847430
0.9887268543,69,24,2251,0.7419354839,0.0297413793,0.0571902196
0.9887265563,70,24,2250,0.7446808511,0.0301724138,0.0579950290
0.9887238741,71,24,2249,0.7473684211,0.0306034483,0.0587991718
0.9887233973,72,24,2248,0.7500000000,0.0310344828,0.0596026490
0.9887207150,73,24,2247,0.7525773196,0.0314655172,0.0604054613
0.9887201190,74,24,2246,0.7551020408,0.0318965517,0.0612076096
0.9887197614,75,24,2245,0.7575757576,0.0323275862,0.0620090947
0.9887151122,76,24,2244,0.7600000000,0.0327586207,0.0628099174
0.9887138009,77,24,2243,0.7623762376,0.0331896552,0.0636100785
0.9887050986,78,24,2242,0.7647058824,0.0336206897,0.0644095789
0.9887045026,79,24,2241,0.7669902913,0.0340517241,0.0652084193
0.9887037873,80,24,2240,0.7692307692,0.0344827586,0.0660066007
0.9887012243,81,24,2239,0.7714285714,0.0349137931,0.0668041237
0.9886972904,82,24,2238,0.7735849057,0.0353448276,0.0676009893
0.9886918068,83,24,2237,0.7757009346,0.0357758621,0.0683971982
0.9886907339,84,24,2236,0.7777777778,0.0362068966,0.0691927512
0.9886899590,84,25,2236,0.7706422018,0.0362068966,0.0691642651
0.9886860847,85,25,2235,0.7727272727,0.0366379310,0.0699588477
0.9886854887,85,26,2235,0.7657657658,0.0366379310,0.0699300699
0.9886816740,86,26,2234,0.7678571429,0.0370689655,0.0707236842
0.9886795878,87,26,2233,0.7699115044,0.0375000000,0.0715166461
0.9886774421,88,26,2232,0.7719298246,0.0379310345,0.0723089565
0.9886742234,89,26,2231,0.7739130435,0.0383620690,0.0731006160
0.9886736274,90,26,2230,0.7758620690,0.0387931034,0.0738916256
0.9886714220,90,27,2230,0.7692307692,0.0387931034,0.0738613049
0.9886707067,91,27,2229,0.7711864407,0.0392241379,0.0746513536
0.9886703491,92,27,2228,0.7731092437,0.0396551724,0.0754407544
0.9886696339,93,27,2227,0.7750000000,0.0400862069,0.0762295082
0.9886660576,94,27,2226,0.7768595041,0.0405172414,0.0770176157
0.9886655807,95,27,2225,0.7786885246,0.0409482759,0.0778050778
0.9886632562,96,27,2224,0.7804878049,0.0413793103,0.0785918952
0.9886631370,97,27,2223,0.7822580645,0.0418103448,0.0793780687
0.9886604548,98,27,2222,0.7840000000,0.0422413793,0.0801635992
0.9886603355,99,27,2221,0.7857142857,0.0426724138,0.0809484873
0.9886524081,100,27,2220,0.7874015748,0.0431034483,0.0817327340
0.9886520505,101,27,2219,0.7890625000,0.0435344828,0.0825163399
0.9886502028,102,27,2218,0.7906976744,0.0439655172,0.0832993058
0.9886450768,103,27,2217,0.7923076923,0.0443965517,0.0840816327
0.9886434674,104,27,2216,0.7938931298,0.0448275862,0.0848633211
0.9886399508,105,27,2215,0.7954545455,0.0452586207,0.0856443719
0.9886329770,106,27,2214,0.7969924812,0.0456896552,0.0864247860
0.9886302948,106,28,2214,0.7910447761,0.0456896552,0.0863895681
0.9886214137,106,29,2214,0.7851851852,0.0456896552,0.0863543788
0.9886204004,107,29,2213,0.7867647059,0.0461206897,0.0871335505
0.9886188507,108,29,2212,0.7883211679,0.0465517241,0.0879120879
0.9886159301,109,29,2211,0.7898550725,0.0469827586,0.0886899919
0.9886130095,110,29,2210,0.7913669065,0.0474137931,0.0894672631
0.9886109233,111,29,2209,0.7928571429,0.0478448276,0.0902439024
0.9886087179,112,29,2208,0.7943262411,0.0482758621,0.0910199106
0.9886046648,114,29,2206,0.7972027972,0.0491379310,0.0925700365
0.9885905385,115,29,2205,0.7986111111,0.0495689655,0.0933441558
0.9885867238,116,29,2204,0.8000000000,0.0500000000,0.0941176471
0.9885785580,117,29,2203,0.8013698630,0.0504310345,0.0948905109
0.9885750413,118,29,2202,0.8027210884,0.0508620690,0.0956627483
0.9885742664,119,29,2201,0.8040540541,0.0512931034,0.0964343598
0.9885705113,120,29,2200,0.8053691275,0.0517241379,0.0972053463
0.9885671139,121,29,2199,0.8066666667,0.0521551724,0.0979757085
0.9885604978,122,29,2198,0.8079470199,0.0525862069,0.0987454472
0.9885571003,123,29,2197,0.8092105263,0.0530172414,0.0995145631
0.9885519743,124,29,2196,0.8104575163,0.0534482759,0.1002830570
0.9885504842,125,29,2195,0.8116883117,0.0538793103,0.1010509297
0.9885501266,126,29,2194,0.8129032258,0.0543103448,0.1018181818
0.9885369539,127,29,2193,0.8141025641,0.0547413793,0.1025848142
0.9885360003,128,29,2192,0.8152866242,0.0551724138,0.1033508276
0.9885345101,129,29,2191,0.8164556962,0.0556034483,0.1041162228
0.9885337949,130,29,2190,0.8176100629,0.0560344828,0.1048810004
0.9885302186,131,30,2189,0.8136645963,0.0564655172,0.1056025796
0.9885286689,132,30,2188,0.8148148148,0.0568965517,0.1063658340
0.9885259867,133,30,2187,0.8159509202,0.0573275862,0.1071284736
0.9885200858,134,30,2186,0.8170731707,0.0577586207,0.1078904992
0.9885165691,135,30,2185,0.8181818182,0.0581896552,0.1086519115
0.9885132909,136,30,2184,0.8192771084,0.0586206897,0.1094127112
0.9885098338,137,30,2183,0.8203592814,0.0590517241,0.1101728991
0.9885058403,138,30,2182,0.8214285714,0.0594827586,0.1109324759
0.9885037541,139,30,2181,0.8224852071,0.0599137931,0.1116914423
0.9885020256,140,31,2180,0.8187134503,0.0603448276,0.1124046568
0.9885014296,141,31,2179,0.8197674419,0.0607758621,0.1131621188
0.9884971380,142,31,2178,0.8208092486,0.0612068966,0.1139189731
0.9884915352,142,32,2178,0.8160919540,0.0612068966,0.1138732959
0.9884905815,143,32,2177,0.8171428571,0.0616379310,0.1146292585
0.9884895682,144,32,2176,0.8181818182,0.0620689655,0.1153846154
0.9884881377,145,32,2175,0.8192090395,0.0625000000,0.1161393672
0.9884864092,145,33,2175,0.8146067416,0.0625000000,0.1160928743
0.9884781241,146,33,2174,0.8156424581,0.0629310345,0.1168467387
0.9884740710,147,33,2173,0.8166666667,0.0633620690,0.1176000000
0.9884731174,148,33,2172,0.8176795580,0.0637931034,0.1183526589
0.9884729981,149,33,2171,0.8186813187,0.0642241379,0.1191047162
0.9884679914,150,33,2170,0.8196721311,0.0646551724,0.1198561726
0.9884670973,151,33,2169,0.8206521739,0.0650862069,0.1206070288
0.9884626269,152,33,2168,0.8216216216,0.0655172414,0.1213572854
0.9884625077,153,33,2167,0.8225806452,0.0659482759,0.1221069433
0.9884616137,154,33,2166,0.8235294118,0.0663793103,0.1228560032
0.9884598255,155,33,2165,0.8244680851,0.0668103448,0.1236044657
0.9884595275,156,33,2164,0.8253968254,0.0672413793,0.1243523316
0.9884530902,157,33,2163,0.8263157895,0.0676724138,0.1250996016
0.9884529710,158,33,2162,0.8272251309,0.0681034483,0.1258462764
0.9884489179,159,33,2161,0.8281250000,0.0685344828,0.1265923567
0.9884484410,160,33,2160,0.8290155440,0.0689655172,0.1273378432
0.9884455204,161,33,2159,0.8298969072,0.0693965517,0.1280827367
0.9884440303,162,33,2158,0.8307692308,0.0698275862,0.1288270378
0.9884397984,163,33,2157,0.8316326531,0.0702586207,0.1295707472
0.9884361029,164,33,2156,0.8324873096,0.0706896552,0.1303138657
0.9884359837,164,34,2156,0.8282828283,0.0706896552,0.1302621128
0.9884353876,164,35,2156,0.8241206030,0.0706896552,0.1302104010
0.9884345531,165,35,2155,0.8250000000,0.0711206897,0.1309523810
0.9884344339,165,36,2155,0.8208955224,0.0711206897,0.1309004363
0.9884323478,166,36,2154,0.8217821782,0.0715517241,0.1316415543
0.9884315729,167,36,2153,0.8226600985,0.0719827586,0.1323820848
0.9884313345,168,36,2152,0.8235294118,0.0724137931,0.1331220285
0.9884288907,169,36,2151,0.8243902439,0.0728448276,0.1338613861
0.9884284139,170,36,2150,0.8252427184,0.0732758621,0.1346001584
0.9884256124,171,36,2149,0.8260869565,0.0737068966,0.1353383459
0.9884231687,172,36,2148,0.8269230769,0.0741379310,0.1360759494
0.9884155989,173,36,2147,0.8277511962,0.0745689655,0.1368129696
0.9884095192,174,36,2146,0.8285714286,0.0750000000,0.1375494071
0.9884089231,175,36,2145,0.8293838863,0.0754310345,0.1382852627
0.9884030223,176,36,2144,0.8301886792,0.0758620690,0.1390205371
0.9883995056,177,36,2143,0.8309859155,0.0762931034,0.1397552310
0.9883990288,178,36,2142,0.8317757009,0.0767241379,0.1404893449
0.9883973002,179,36,2141,0.8325581395,0.0771551724,0.1412228797
0.9883912802,180,36,2140,0.8333333333,0.0775862069,0.1419558360
0.9883911610,181,36,2139,0.8341013825,0.0780172414,0.1426882144
0.9883840084,182,36,2138,0.8348623853,0.0784482759,0.1434200158
0.9883806705,183,36,2137,0.8356164384,0.0788793103,0.1441512406
0.9883791208,184,36,2136,0.8363636364,0.0793103448,0.1448818898
0.9883784652,184,37,2136,0.8325791855,0.0793103448,0.1448248721
0.9883714318,184,38,2136,0.8288288288,0.0793103448,0.1447678993
0.9883707762,185,38,2135,0.8295964126,0.0797413793,0.1454974440
0.9883706570,186,38,2134,0.8303571429,0.0801724138,0.1462264151
0.9883673787,187,38,2133,0.8311111111,0.0806034483,0.1469548134
0.9883665442,188,38,2132,0.8318584071,0.0810344828,0.1476826394
0.9883654118,189,38,2131,0.8325991189,0.0814655172,0.1484098940
0.9883580804,190,38,2130,0.8333333333,0.0818965517,0.1491365777
0.9883540869,191,38,2129,0.8340611354,0.0823275862,0.1498626913
0.9883480668,191,39,2129,0.8304347826,0.0823275862,0.1498039216
0.9883475900,192,39,2128,0.8311688312,0.0827586207,0.1505292042
0.9883408546,194,39,2126,0.8326180258,0.0836206897,0.1519780650
0.9883395433,195,39,2125,0.8333333333,0.0840517241,0.1527016445
0.9883370996,195,40,2125,0.8297872340,0.0840517241,0.1526418787
0.9883328080,195,41,2125,0.8262711864,0.0840517241,0.1525821596
0.9883310199,196,41,2124,0.8270042194,0.0844827586,0.1533046539
0.9883288145,197,41,2123,0.8277310924,0.0849137931,0.1540265833
0.9883204699,198,41,2122,0.8284518828,0.0853448276,0.1547479484
0.9883203506,200,41,2120,0.8298755187,0.0862068966,0.1561889887
0.9883157015,202,41,2118,0.8312757202,0.0870689655,0.1576277799
0.9883121848,204,41,2116,0.8326530612,0.0879310345,0.1590643275
0.9883104563,205,41,2115,0.8333333333,0.0883620690,0.1597817615
0.9883082509,206,41,2114,0.8340080972,0.0887931034,0.1604986365
0.9883053303,207,41,2113,0.8346774194,0.0892241379,0.1612149533
0.9883032441,208,41,2112,0.8353413655,0.0896551724,0.1619307123
0.9883018136,209,41,2111,0.8360000000,0.0900862069,0.1626459144
0.9883004427,210,41,2110,0.8366533865,0.0905172414,0.1633605601
0.9882990122,212,41,2108,0.8379446640,0.0913793103,0.1647881850
0.9882957935,213,41,2107,0.8385826772,0.0918103448,0.1655011655
0.9882932901,214,41,2106,0.8392156863,0.0922413793,0.1662135922
0.9882867932,215,41,2105,0.8398437500,0.0926724138,0.1669254658
0.9882821441,216,41,2104,0.8404669261,0.0931034483,0.1676367870
0.9882760644,219,41,2101,0.8423076923,0.0943965517,0.1697674419
0.9882754087,221,41,2099,0.8435114504,0.0952586207,0.1711851278
0.9882748127,221,42,2099,0.8403041825,0.0952586207,0.1711188540
0.9882699251,222,42,2098,0.8409090909,0.0956896552,0.1718266254
0.9882684946,223,42,2097,0.8415094340,0.0961206897,0.1725338491
0.9882636070,224,42,2096,0.8421052632,0.0965517241,0.1732405259
0.9882629514,225,42,2095,0.8426966292,0.0969827586,0.1739466564
0.9882597923,226,42,2094,0.8432835821,0.0974137931,0.1746522411
0.9882571101,227,42,2093,0.8438661710,0.0978448276,0.1753572808
0.9882565141,228,42,2092,0.8444444444,0.0982758621,0.1760617761
0.9882526994,229,42,2091,0.8450184502,0.0987068966,0.1767657275
0.9882523417,230,42,2090,0.8455882353,0.0991379310,0.1774691358
0.9882493019,231,42,2089,0.8461538462,0.0995689655,0.1781720015
0.9882468581,232,42,2088,0.8467153285,0.1000000000,0.1788743254
0.9882434011,233,42,2087,0.8472727273,0.1004310345,0.1795761079
0.9882432818,234,42,2086,0.8478260870,0.1008620690,0.1802773498
0.9882425666,235,42,2085,0.8483754513,0.1012931034,0.1809780516
0.9882368445,236,42,2084,0.8489208633,0.1017241379,0.1816782140
0.9882334471,237,42,2083,0.8494623656,0.1021551724,0.1823778376
0.9882313609,238,42,2082,0.8500000000,0.1025862069,0.1830769231
0.9882311225,239,42,2081,0.8505338078,0.1030172414,0.1837754710
0.9882309437,240,42,2080,0.8510638298,0.1034482759,0.1844734819
0.9882307053,241,42,2079,0.8515901060,0.1038793103,0.1851709566
0.9882275462,242,42,2078,0.8521126761,0.1043103448,0.1858678955
0.9882253408,243,42,2077,0.8526315789,0.1047413793,0.1865642994
0.9882186651,244,42,2076,0.8531468531,0.1051724138,0.1872601688
0.9882153273,245,42,2075,0.8536585366,0.1056034483,0.1879555044
0.9882136583,246,42,2074,0.8541666667,0.1060344828,0.1886503067
0.9882110953,247,42,2073,0.8546712803,0.1064655172,0.1893445765
0.9882075191,248,42,2072,0.8551724138,0.1068965517,0.1900383142
0.9882033467,249,42,2071,0.8556701031,0.1073275862,0.1907315205
0.9881981015,250,42,2070,0.8561643836,0.1077586207,0.1914241960
0.9881970286,251,42,2069,0.8566552901,0.1081896552,0.1921163414
0.9881964326,252,42,2068,0.8571428571,0.1086206897,0.1928079572
0.9881955385,253,42,2067,0.8576271186,0.1090517241,0.1934990440
0.9881950617,254,42,2066,0.8581081081,0.1094827586,0.1941896024
0.9881936908,256,42,2064,0.8590604027,0.1103448276,0.1955691367
0.9881930947,257,42,2063,0.8595317726,0.1107758621,0.1962581138
0.9881919026,258,42,2062,0.8600000000,0.1112068966,0.1969465649
0.9881915450,259,42,2061,0.8604651163,0.1116379310,0.1976344907
0.9881907701,260,42,2060,0.8609271523,0.1120689655,0.1983218917
0.9881867766,261,43,2059,0.8585526316,0.1125000000,0.1989329268
0.9881865382,262,43,2058,0.8590163934,0.1129310345,0.1996190476
0.9881856441,263,43,2057,0.8594771242,0.1133620690,0.2003046458
0.9881852865,264,43,2056,0.8599348534,0.1137931034,0.2009897221
0.9881822467,264,44,2056,0.8571428571,0.1137931034,0.2009132420
0.9881814122,265,44,2055,0.8576051780,0.1142241379,0.2015975656
0.9881790876,265,45,2055,0.8548387097,0.1142241379,0.2015209125
0.9881779552,266,45,2054,0.8553054662,0.1146551724,0.2022044850
0.9881766438,267,45,2053,0.8557692308,0.1150862069,0.2028875380
0.9881658554,268,45,2052,0.8562300319,0.1155172414,0.2035700722
0.9881652594,271,45,2049,0.8575949367,0.1168103448,0.2056145675
0.9881651402,272,45,2048,0.8580441640,0.1172413793,0.2062950322
0.9881613255,273,45,2047,0.8584905660,0.1176724138,0.2069749810
0.9881563187,276,45,2044,0.8598130841,0.1189655172,0.2090117380
0.9881545305,277,45,2043,0.8602484472,0.1193965517,0.2096896291
0.9881542921,278,45,2042,0.8606811146,0.1198275862,0.2103670072
0.9881517291,279,45,2041,0.8611111111,0.1202586207,0.2110438729
0.9881514311,280,45,2040,0.8615384615,0.1206896552,0.2117202268
0.9881508350,282,45,2038,0.8623853211,0.1215517241,0.2130714016
0.9881491065,284,45,2036,0.8632218845,0.1224137931,0.2144205361
0.9881480336,285,45,2035,0.8636363636,0.1228448276,0.2150943396
0.9881471992,286,45,2034,0.8640483384,0.1232758621,0.2157676349
0.9881445169,287,45,2033,0.8644578313,0.1237068966,0.2164404223
0.9881426692,288,45,2032,0.8648648649,0.1241379310,0.2171127026
0.9881424308,290,45,2030,0.8656716418,0.1250000000,0.2184557439
0.9881421924,291,45,2029,0.8660714286,0.1254310345,0.2191265060
0.9881415367,292,45,2028,0.8664688427,0.1258620690,0.2197967633
0.9881401062,293,45,2027,0.8668639053,0.1262931034,0.2204665162
0.9881398678,294,45,2026,0.8672566372,0.1267241379,0.2211357653
0.9881390929,296,45,2024,0.8680351906,0.1275862069,0.2224727546
0.9881359339,297,45,2023,0.8684210526,0.1280172414,0.2231404959
0.9881349802,298,45,2022,0.8688046647,0.1284482759,0.2238077356
0.9881331325,299,45,2021,0.8691860465,0.1288793103,0.2244744745
0.9881302118,300,45,2020,0.8695652174,0.1293103448,0.2251407129
0.9881289601,300,46,2020,0.8670520231,0.1293103448,0.2250562641
0.9881222844,301,46,2019,0.8674351585,0.1297413793,0.2257217848
0.9881217480,303,46,2017,0.8681948424,0.1306034483,0.2270513301
0.9881216288,304,46,2016,0.8685714286,0.1310344828,0.2277153558
0.9881206751,305,46,2015,0.8689458689,0.1314655172,0.2283788843
0.9881197214,306,46,2014,0.8693181818,0.1318965517,0.2290419162
0.9881194234,307,46,2013,0.8696883853,0.1323275862,0.2297044519
0.9881160259,308,46,2012,0.8700564972,0.1327586207,0.2303664921
0.9881157875,309,46,2011,0.8704225352,0.1331896552,0.2310280374
0.9881137013,310,46,2010,0.8707865169,0.1336206897,0.2316890882
0.9881128669,311,46,2009,0.8711484594,0.1340517241,0.2323496451
0.9881113768,312,46,2008,0.8715083799,0.1344827586,0.2330097087
0.9881112576,313,46,2007,0.8718662953,0.1349137931,0.2336692796
0.9881099463,314,46,2006,0.8722222222,0.1353448276,0.2343283582
0.9881046414,315,46,2005,0.8725761773,0.1357758621,0.2349869452
0.9881027341,316,46,2004,0.8729281768,0.1362068966,0.2356450410
0.9881021976,317,46,2003,0.8732782369,0.1366379310,0.2363026463
0.9880996346,318,46,2002,0.8736263736,0.1370689655,0.2369597615
0.9880982041,319,46,2001,0.8739726027,0.1375000000,0.2376163873
0.9880977273,320,46,2000,0.8743169399,0.1379310345,0.2382725242
0.9880963564,321,46,1999,0.8746594005,0.1383620690,0.2389281727
0.9880958796,321,47,1999,0.8722826087,0.1383620690,0.2388392857
0.9880941510,322,47,1998,0.8726287263,0.1387931034,0.2394942358
0.9880931973,323,47,1997,0.8729729730,0.1392241379,0.2401486989
0.9880926013,324,47,1996,0.8733153639,0.1396551724,0.2408026756
0.9880899787,325,47,1995,0.8736559140,0.1400862069,0.2414561664
0.9880898595,326,47,1994,0.8739946381,0.1405172414,0.2421091719
0.9880885482,327,47,1993,0.8743315508,0.1409482759,0.2427616927
0.9880884290,328,47,1992,0.8746666667,0.1413793103,0.2434137291
0.9880870581,329,47,1991,0.8750000000,0.1418103448,0.2440652819
0.9880863428,330,47,1990,0.8753315650,0.1422413793,0.2447163515
0.9880853891,331,47,1989,0.8756613757,0.1426724138,0.2453669385
0.9880852699,333,47,1987,0.8763157895,0.1435344828,0.2466666667
0.9880821705,334,47,1986,0.8766404199,0.1439655172,0.2473158090
0.9880807400,336,47,1984,0.8772845953,0.1448275862,0.2486126526
0.9880802631,337,47,1983,0.8776041667,0.1452586207,0.2492603550
0.9880790114,338,47,1982,0.8779220779,0.1456896552,0.2499075786
0.9880788922,340,47,1980,0.8785529716,0.1465517241,0.2512005911
0.9880784154,341,47,1979,0.8788659794,0.1469827586,0.2518463811
0.9880775213,342,47,1978,0.8791773779,0.1474137931,0.2524916944
0.9880760908,344,47,1976,0.8797953964,0.1482758621,0.2537808927
0.9880731702,345,47,1975,0.8801020408,0.1487068966,0.2544247788
0.9880697131,346,47,1974,0.8804071247,0.1491379310,0.2550681902
0.9880666733,347,47,1973,0.8807106599,0.1495689655,0.2557111275
0.9880610704,348,47,1972,0.8810126582,0.1500000000,0.2563535912
0.9880600572,349,47,1971,0.8813131313,0.1504310345,0.2569955817
0.9880570173,350,47,1970,0.8816120907,0.1508620690,0.2576370997
0.9880567789,351,47,1969,0.8819095477,0.1512931034,0.2582781457
0.9880565405,352,48,1968,0.8800000000,0.1517241379,0.2588235294
0.9880545735,353,48,1967,0.8802992519,0.1521551724,0.2594634326
0.9880522490,354,48,1966,0.8805970149,0.1525862069,0.2601028655
0.9880459309,355,48,1965,0.8808933002,0.1530172414,0.2607418289
0.9880450368,356,48,1964,0.8811881188,0.1534482759,0.2613803231
0.9880447984,357,48,1963,0.8814814815,0.1538793103,0.2620183486
0.9880444407,358,48,1962,0.8817733990,0.1543103448,0.2626559061
0.9880442023,359,48,1961,0.8820638821,0.1547413793,0.2632929960
0.9880422354,360,48,1960,0.8823529412,0.1551724138,0.2639296188
0.9880389571,360,49,1960,0.8801955990,0.1551724138,0.2638329058
0.9880380630,361,49,1959,0.8804878049,0.1556034483,0.2644688645
0.9880334139,362,49,1958,0.8807785888,0.1560344828,0.2651043574
0.9880308509,363,49,1957,0.8810679612,0.1564655172,0.2657393851
0.9880304933,364,49,1956,0.8813559322,0.1568965517,0.2663739480
0.9880273342,365,49,1955,0.8816425121,0.1573275862,0.2670080468
0.9880270958,366,49,1954,0.8819277108,0.1577586207,0.2676416819
0.9880263805,367,49,1953,0.8822115385,0.1581896552,0.2682748538
0.9880232811,368,49,1952,0.8824940048,0.1586206897,0.2689075630
0.9880223274,369,49,1951,0.8827751196,0.1590517241,0.2695398101
0.9880218506,370,49,1950,0.8830548926,0.1594827586,0.2701715955
0.9880195260,370,50,1950,0.8809523810,0.1594827586,0.2700729927
0.9880180359,371,50,1949,0.8812351544,0.1599137931,0.2707041226
0.9880169630,372,50,1948,0.8815165877,0.1603448276,0.2713347921
0.9880163074,373,50,1947,0.8817966903,0.1607758621,0.2719650018
0.9880141616,374,50,1946,0.8820754717,0.1612068966,0.2725947522
0.9880109429,374,51,1946,0.8800000000,0.1612068966,0.2724954463
0.9880104661,375,51,1945,0.8802816901,0.1616379310,0.2731245448
0.9880102277,375,52,1945,0.8782201405,0.1616379310,0.2730251183
0.9880086184,376,52,1944,0.8785046729,0.1620689655,0.2736535662
0.9880076647,378,52,1942,0.8790697674,0.1629310345,0.2749090909
0.9880056977,379,52,1941,0.8793503480,0.1633620690,0.2755361687
0.9880038500,380,52,1940,0.8796296296,0.1637931034,0.2761627907
0.9880024195,381,52,1939,0.8799076212,0.1642241379,0.2767889575
0.9880020618,383,52,1937,0.8804597701,0.1650862069,0.2780399274
0.9880014062,384,52,1936,0.8807339450,0.1655172414,0.2786647315
0.9880012870,385,52,1935,0.8810068650,0.1659482759,0.2792890823
0.9879926443,386,52,1934,0.8812785388,0.1663793103,0.2799129804
0.9879921079,387,52,1933,0.8815489749,0.1668103448,0.2805364262
0.9879912734,388,52,1932,0.8818181818,0.1672413793,0.2811594203
0.9879909158,389,52,1931,0.8820861678,0.1676724138,0.2817819631
0.9879871011,390,52,1930,0.8823529412,0.1681034483,0.2824040550
0.9879869819,391,52,1929,0.8826185102,0.1685344828,0.2830256967
0.9879866242,392,52,1928,0.8828828829,0.1689655172,0.2836468886
0.9879786968,393,52,1927,0.8831460674,0.1693965517,0.2842676311
0.9879782200,394,52,1926,0.8834080717,0.1698275862,0.2848879248
0.9879740477,395,52,1925,0.8836689038,0.1702586207,0.2855077701
0.9879734516,396,52,1924,0.8839285714,0.1706896552,0.2861271676
0.9879732132,397,52,1923,0.8841870824,0.1711206897,0.2867461177
0.9879730940,398,52,1922,0.8844444444,0.1715517241,0.2873646209
0.9879725575,399,52,1921,0.8847006652,0.1719827586,0.2879826777
0.9879679680,400,52,1920,0.8849557522,0.1724137931,0.2886002886
0.9879677296,400,53,1920,0.8830022075,0.1724137931,0.2884962135
0.9879651070,401,53,1919,0.8832599119,0.1728448276,0.2891131939
0.9879641533,402,53,1918,0.8835164835,0.1732758621,0.2897297297
0.9879631996,403,53,1917,0.8837719298,0.1737068966,0.2903458213
0.9879605174,404,53,1916,0.8840262582,0.1741379310,0.2909614692
0.9879589081,405,53,1915,0.8842794760,0.1745689655,0.2915766739
0.9879583120,406,53,1914,0.8845315904,0.1750000000,0.2921914358
0.9879555702,408,53,1912,0.8850325380,0.1758620690,0.2934196332
0.9879553318,409,53,1911,0.8852813853,0.1762931034,0.2940330697
0.9879543781,410,53,1910,0.8855291577,0.1767241379,0.2946460654
0.9879499674,411,53,1909,0.8857758621,0.1771551724,0.2952586207
0.9879496098,412,53,1908,0.8860215054,0.1775862069,0.2958707361
0.9879490137,414,53,1906,0.8865096360,0.1784482759,0.2970936491
0.9879455566,415,53,1905,0.8867521368,0.1788793103,0.2977044476
0.9879450798,416,53,1904,0.8869936034,0.1793103448,0.2983148082
0.9879398346,417,53,1903,0.8872340426,0.1797413793,0.2989247312
0.9879383445,418,53,1902,0.8874734607,0.1801724138,0.2995342171
0.9879382253,419,53,1901,0.8877118644,0.1806034483,0.3001432665
0.9879375100,420,53,1900,0.8879492600,0.1810344828,0.3007518797
0.9879372716,421,53,1899,0.8881856540,0.1814655172,0.3013600573
0.9879336953,422,53,1898,0.8884210526,0.1818965517,0.3019677996
0.9879332185,423,53,1897,0.8886554622,0.1823275862,0.3025751073
0.9879320264,424,53,1896,0.8888888889,0.1827586207,0.3031819807
0.9879317880,425,53,1895,0.8891213389,0.1831896552,0.3037884203
0.9879311323,426,53,1894,0.8893528184,0.1836206897,0.3043944266
0.9879292250,426,54,1894,0.8875000000,0.1836206897,0.3042857143
0.9879284501,427,54,1893,0.8877338877,0.1840517241,0.3048911103
0.9879279733,428,54,1892,0.8879668050,0.1844827586,0.3054960742
0.9879271388,429,54,1891,0.8881987578,0.1849137931,0.3061006065
0.9879270196,430,54,1890,0.8884297521,0.1853448276,0.3067047076
0.9879265428,431,54,1889,0.8886597938,0.1857758621,0.3073083779
0.9879238009,432,54,1888,0.8888888889,0.1862068966,0.3079116180
0.9879233241,433,54,1887,0.8891170431,0.1866379310,0.3085144282
0.9879194498,434,54,1886,0.8893442623,0.1870689655,0.3091168091
0.9879162312,435,54,1885,0.8895705521,0.1875000000,0.3097187611
0.9879159927,436,54,1884,0.8897959184,0.1879310345,0.3103202847
0.9879127145,437,54,1883,0.8900203666,0.1883620690,0.3109213803
0.9879119396,438,54,1882,0.8902439024,0.1887931034,0.3115220484
0.9879113436,438,55,1882,0.8884381339,0.1887931034,0.3114113047
0.9879109859,439,55,1881,0.8886639676,0.1892241379,0.3120113717
0.9879094958,440,55,1880,0.8888888889,0.1896551724,0.3126110124
0.9879066944,441,55,1879,0.8891129032,0.1900862069,0.3132102273
0.9879046082,442,55,1878,0.8893360161,0.1905172414,0.3138090167
0.9879040122,443,55,1877,0.8895582329,0.1909482759,0.3144073811
0.9879027009,443,56,1877,0.8877755511,0.1909482759,0.3142958496
0.9879023433,444,56,1876,0.8880000000,0.1913793103,0.3148936170
0.9879015684,445,56,1875,0.8882235529,0.1918103448,0.3154909607
0.9878991246,447,56,1873,0.8886679920,0.1926724138,0.3166843783
0.9878939986,448,56,1872,0.8888888889,0.1931034483,0.3172804533
0.9878934026,449,56,1871,0.8891089109,0.1935344828,0.3178761062
0.9878904819,450,56,1870,0.8893280632,0.1939655172,0.3184713376
0.9878902435,452,56,1868,0.8897637795,0.1948275862,0.3196605375
0.9878879189,453,56,1867,0.8899803536,0.1952586207,0.3202545069
0.9878839850,454,56,1866,0.8901960784,0.1956896552,0.3208480565
0.9878827333,455,56,1865,0.8904109589,0.1961206897,0.3214411869
0.9878820181,456,56,1864,0.8906250000,0.1965517241,0.3220338983
0.9878809452,457,56,1863,0.8908382066,0.1969827586,0.3226261913
0.9878708720,458,56,1862,0.8910505837,0.1974137931,0.3232180663
0.9878694415,458,57,1862,0.8893203883,0.1974137931,0.3231040564
0.9878684282,459,57,1861,0.8895348837,0.1978448276,0.3236953456
0.9878653884,460,57,1860,0.8897485493,0.1982758621,0.3242862178
0.9878597856,461,57,1859,0.8899613900,0.1987068966,0.3248766737
0.9878591895,462,57,1858,0.8901734104,0.1991379310,0.3254667136
0.9878541827,462,58,1858,0.8884615385,0.1991379310,0.3253521127
0.9878522158,462,59,1858,0.8867562380,0.1991379310,0.3252375924
0.9878520966,463,59,1857,0.8869731801,0.1995689655,0.3258268825
0.9878501296,464,59,1856,0.8871892925,0.2000000000,0.3264157580
0.9878486395,464,60,1856,0.8854961832,0.2000000000,0.3263009845
0.9878475666,465,60,1855,0.8857142857,0.2004310345,0.3268892794
0.9878472090,466,60,1854,0.8859315589,0.2008620690,0.3274771609
0.9878461957,467,60,1853,0.8861480076,0.2012931034,0.3280646294
0.9878430367,469,60,1851,0.8865784499,0.2021551724,0.3292383292
0.9878423214,470,60,1850,0.8867924528,0.2025862069,0.3298245614
0.9878380299,471,60,1849,0.8870056497,0.2030172414,0.3304103823
0.9878351092,472,60,1848,0.8872180451,0.2034482759,0.3309957924
0.9878340960,473,60,1847,0.8874296435,0.2038793103,0.3315807921
0.9878330231,474,60,1846,0.8876404494,0.2043103448,0.3321653819
0.9878298044,475,60,1845,0.8878504673,0.2047413793,0.3327495622
0.9878265262,476,60,1844,0.8880597015,0.2051724138,0.3333333333
0.9878260493,477,60,1843,0.8882681564,0.2056034483,0.3339166958
0.9878190756,478,60,1842,0.8884758364,0.2060344828,0.3344996501
0.9878178239,479,60,1841,0.8886827458,0.2064655172,0.3350821966
0.9878169894,480,60,1840,0.8888888889,0.2068965517,0.3356643357
0.9878166318,481,60,1839,0.8890942699,0.2073275862,0.3362460678
0.9878159165,482,60,1838,0.8892988930,0.2077586207,0.3368273934
0.9878143072,483,60,1837,0.8895027624,0.2081896552,0.3374083130
0.9878118634,484,60,1836,0.8897058824,0.2086206897,0.3379888268
0.9878097773,485,60,1835,0.8899082569,0.2090517241,0.3385689354
0.9878079295,487,60,1833,0.8903107861,0.2099137931,0.3397279386
0.9878052473,488,60,1832,0.8905109489,0.2103448276,0.3403068340
0.9878016114,488,61,1832,0.8888888889,0.2103448276,0.3401882189
0.9877963066,489,61,1831,0.8890909091,0.2107758621,0.3407665505
0.9877862930,490,61,1830,0.8892921960,0.2112068966,0.3413444793
0.9877860546,491,61,1829,0.8894927536,0.2116379310,0.3419220056
0.9877834916,492,61,1828,0.8896925859,0.2120689655,0.3424991298
0.9877815247,493,61,1827,0.8898916968,0.2125000000,0.3430758525
0.9877804518,494,61,1826,0.8900900901,0.2129310345,0.3436521739
0.9877798557,495,61,1825,0.8902877698,0.2133620690,0.3442280946
0.9877790809,496,61,1824,0.8904847397,0.2137931034,0.3448036149
0.9877766371,497,61,1823,0.8906810036,0.2142241379,0.3453787352
0.9877749681,498,61,1822,0.8908765653,0.2146551724,0.3459534561
0.9877731204,499,61,1821,0.8910714286,0.2150862069,0.3465277778
0.9877675772,500,61,1820,0.8912655971,0.2155172414,0.3471017008
0.9877669811,501,61,1819,0.8914590747,0.2159482759,0.3476752255
0.9877645373,502,61,1818,0.8916518650,0.2163793103,0.3482483524
0.9877637029,502,62,1818,0.8900709220,0.2163793103,0.3481276006
0.9877633452,503,62,1817,0.8902654867,0.2168103448,0.3487001733
0.9877576828,503,63,1817,0.8886925795,0.2168103448,0.3485793486
0.9877552390,504,63,1816,0.8888888889,0.2172413793,0.3491513682
0.9877535701,505,63,1815,0.8890845070,0.2176724138,0.3497229917
0.9877531528,506,63,1814,0.8892794376,0.2181034483,0.3502942195
0.9877508879,507,63,1813,0.8894736842,0.2185344828,0.3508650519
0.9877490401,508,63,1812,0.8896672504,0.2189655172,0.3514354895
0.9877469540,509,63,1811,0.8898601399,0.2193965517,0.3520055325
0.9877439141,510,63,1810,0.8900523560,0.2198275862,0.3525751815
0.9877412915,511,63,1809,0.8902439024,0.2202586207,0.3531444368
0.9877398610,512,63,1808,0.8904347826,0.2206896552,0.3537132988
0.9877395034,513,63,1807,0.8906250000,0.2211206897,0.3542817680
0.9877389073,514,63,1806,0.8908145581,0.2215517241,0.3548498447
0.9877349734,515,63,1805,0.8910034602,0.2219827586,0.3554175293
0.9877334833,516,63,1804,0.8911917098,0.2224137931,0.3559848224
0.9877308011,517,63,1803,0.8913793103,0.2228448276,0.3565517241
0.9877299666,518,63,1802,0.8915662651,0.2232758621,0.3571182351
0.9877260327,519,63,1801,0.8917525773,0.2237068966,0.3576843556
0.9877248406,520,63,1800,0.8919382504,0.2241379310,0.3582500861
0.9877178669,521,63,1799,0.8921232877,0.2245689655,0.3588154270
0.9877150655,522,63,1798,0.8923076923,0.2250000000,0.3593803787
0.9877128601,523,63,1797,0.8924914676,0.2254310345,0.3599449415
0.9877083302,524,63,1796,0.8926746167,0.2258620690,0.3605091159
0.9877045155,525,63,1795,0.8928571429,0.2262931034,0.3610729023
0.9877031446,525,64,1795,0.8913412564,0.2262931034,0.3609487796
0.9876961112,526,64,1794,0.8915254237,0.2267241379,0.3615120275
0.9876947403,527,64,1793,0.8917089679,0.2271551724,0.3620748884
0.9876886010,528,64,1792,0.8918918919,0.2275862069,0.3626373626
0.9876876473,529,64,1791,0.8920741990,0.2280172414,0.3631994507
0.9876870513,530,64,1790,0.8922558923,0.2284482759,0.3637611531
0.9876866937,531,64,1789,0.8924369748,0.2288793103,0.3643224700
0.9876859188,532,64,1788,0.8926174497,0.2293103448,0.3648834019
0.9876844883,533,64,1787,0.8927973199,0.2297413793,0.3654439493
0.9876825213,534,64,1786,0.8929765886,0.2301724138,0.3660041124
0.9876818061,535,64,1785,0.8931552588,0.2306034483,0.3665638917
0.9876805544,536,64,1784,0.8933333333,0.2310344828,0.3671232877
0.9876799583,537,64,1783,0.8935108153,0.2314655172,0.3676823006
0.9876777530,538,64,1782,0.8936877076,0.2318965517,0.3682409309
0.9876762629,539,64,1781,0.8938640133,0.2323275862,0.3687991789
0.9876718521,540,64,1780,0.8940397351,0.2327586207,0.3693570451
0.9876690507,541,64,1779,0.8942148760,0.2331896552,0.3699145299
0.9876666069,542,65,1778,0.8929159802,0.2336206897,0.3703450632
0.9876660109,543,65,1777,0.8930921053,0.2340517241,0.3709016393
0.9876645207,544,65,1776,0.8932676519,0.2344827586,0.3714578354
0.9876640439,545,65,1775,0.8934426230,0.2349137931,0.3720136519
0.9876597524,546,65,1774,0.8936170213,0.2353448276,0.3725690890
0.9876577854,547,65,1773,0.8937908497,0.2357758621,0.3731241473
0.9876541495,548,65,1772,0.8939641109,0.2362068966,0.3736788271
0.9876525402,550,65,1770,0.8943089431,0.2370689655,0.3747870528
0.9876456857,551,65,1769,0.8944805195,0.2375000000,0.3753405995
0.9876455665,552,65,1768,0.8946515397,0.2379310345,0.3758937692
0.9876438975,553,65,1767,0.8948220065,0.2383620690,0.3764465623
0.9876394868,554,65,1766,0.8949919225,0.2387931034,0.3769989792
0.9876353145,555,65,1765,0.8951612903,0.2392241379,0.3775510204
0.9876340628,556,65,1764,0.8953301127,0.2396551724,0.3781026862
0.9876333475,558,65,1762,0.8956661316,0.2405172414,0.3792048930
0.9876244068,559,65,1761,0.8958333333,0.2409482759,0.3797554348
0.9876211286,560,65,1760,0.8960000000,0.2413793103,0.3803056027
0.9876197577,561,65,1759,0.8961661342,0.2418103448,0.3808553971
0.9876146317,562,65,1758,0.8963317384,0.2422413793,0.3814048185
0.9876145124,563,65,1757,0.8964968153,0.2426724138,0.3819538670
0.9876123071,564,65,1756,0.8966613672,0.2431034483,0.3825025432
0.9876121879,566,65,1754,0.8969889065,0.2439655172,0.3835987801
0.9876120687,567,65,1753,0.8971518987,0.2443965517,0.3841463415
0.9876108766,568,65,1752,0.8973143760,0.2448275862,0.3846935320
0.9876090288,569,65,1751,0.8974763407,0.2452586207,0.3852403521
0.9875940681,570,65,1750,0.8976377953,0.2456896552,0.3857868020
0.9875918627,571,65,1749,0.8977987421,0.2461206897,0.3863328823
0.9875913858,572,65,1748,0.8979591837,0.2465517241,0.3868785932
0.9875904322,573,65,1747,0.8981191223,0.2469827586,0.3874239351
0.9875897169,574,65,1746,0.8982785603,0.2474137931,0.3879689084
0.9875889421,575,65,1745,0.8984375000,0.2478448276,0.3885135135
0.9875794053,576,65,1744,0.8985959438,0.2482758621,0.3890577508
0.9875780940,577,65,1743,0.8987538941,0.2487068966,0.3896016205
0.9875771999,578,65,1742,0.8989113530,0.2491379310,0.3901451232
0.9875760078,579,65,1741,0.8990683230,0.2495689655,0.3906882591
0.9875753522,580,65,1740,0.8992248062,0.2500000000,0.3912310287
0.9875743985,581,65,1739,0.8993808050,0.2504310345,0.3917734322
0.9875734448,582,65,1738,0.8995363215,0.2508620690,0.3923154702
0.9875697494,583,65,1737,0.8996913580,0.2512931034,0.3928571429
0.9875690341,584,65,1736,0.8998459168,0.2517241379,0.3933984507
0.9875668287,585,65,1735,0.9000000000,0.2521551724,0.3939393939
0.9875665903,586,65,1734,0.9001536098,0.2525862069,0.3944799731
0.9875622988,587,65,1733,0.9003067485,0.2530172414,0.3950201884
0.9875621796,588,65,1732,0.9004594181,0.2534482759,0.3955600404
0.9875613451,589,65,1731,0.9006116208,0.2538793103,0.3960995293
0.9875608087,590,65,1730,0.9007633588,0.2543103448,0.3966386555
0.9875506759,591,65,1729,0.9009146341,0.2547413793,0.3971774194
0.9875470996,592,65,1728,0.9010654490,0.2551724138,0.3977158213
0.9875457883,593,65,1727,0.9012158055,0.2556034483,0.3982538617
0.9875440598,595,65,1725,0.9015151515,0.2564655172,0.3993288591
0.9875428677,596,65,1724,0.9016641452,0.2568965517,0.3998658168
0.9875382185,597,65,1723,0.9018126888,0.2573275862,0.4004024145
0.9875367284,598,65,1722,0.9019607843,0.2577586207,0.4009386524
0.9875347614,598,66,1722,0.9006024096,0.2577586207,0.4008042895
0.9875336885,599,66,1721,0.9007518797,0.2581896552,0.4013400335
0.9875323176,600,66,1720,0.9009009009,0.2586206897,0.4018754186
0.9875295162,601,66,1719,0.9010494753,0.2590517241,0.4024104453
0.9875143170,601,67,1719,0.8997005988,0.2590517241,0.4022757697
0.9875134826,601,68,1719,0.8983557549,0.2590517241,0.4021411843
0.9875087142,602,68,1718,0.8985074627,0.2594827586,0.4026755853
0.9875067472,603,68,1717,0.8986587183,0.2599137931,0.4032096289
0.9875040650,604,68,1716,0.8988095238,0.2603448276,0.4037433155
0.9874984622,606,68,1714,0.8991097923,0.2612068966,0.4048096192
0.9874951243,607,68,1713,0.8992592593,0.2616379310,0.4053422371
0.9874854684,607,69,1713,0.8979289941,0.2616379310,0.4052069426
0.9874821901,608,69,1712,0.8980797637,0.2620689655,0.4057390724
0.9874775410,609,69,1711,0.8982300885,0.2625000000,0.4062708472
0.9874699116,610,69,1710,0.8983799705,0.2629310345,0.4068022674
0.9874637127,611,69,1709,0.8985294118,0.2633620690,0.4073333333
0.9874613881,612,69,1708,0.8986784141,0.2637931034,0.4078640453
0.9874609113,614,69,1706,0.8989751098,0.2646551724,0.4089244089
0.9874600172,616,69,1704,0.8992700730,0.2655172414,0.4099833611
0.9874591827,617,69,1703,0.8994169096,0.2659482759,0.4105123087
0.9874523282,618,69,1702,0.8995633188,0.2663793103,0.4110409046
0.9874513745,619,69,1701,0.8997093023,0.2668103448,0.4115691489
0.9874511957,620,69,1700,0.8998548621,0.2672413793,0.4120970422
0.9874480367,621,69,1699,0.9000000000,0.2676724138,0.4126245847
0.9874464273,622,69,1698,0.9001447178,0.2681034483,0.4131517768
0.9874360561,623,69,1697,0.9002890173,0.2685344828,0.4136786189
0.9874354601,624,69,1696,0.9004329004,0.2689655172,0.4142051112
0.9874349236,625,69,1695,0.9005763689,0.2693965517,0.4147312541
0.9874317646,625,70,1695,0.8992805755,0.2693965517,0.4145936982
0.9874314070,627,70,1693,0.8995695839,0.2702586207,0.4156446801
0.9874299169,628,70,1692,0.8997134670,0.2706896552,0.4161696488
0.9874296784,629,70,1691,0.8998569385,0.2711206897,0.4166942696
0.9874279499,630,70,1690,0.9000000000,0.2715517241,0.4172185430
0.9874209762,631,70,1689,0.9001426534,0.2719827586,0.4177424694
0.9874202609,631,71,1689,0.8988603989,0.2719827586,0.4176042356
0.9874200225,632,71,1688,0.8990042674,0.2724137931,0.4181276877
0.9874146581,633,71,1687,0.8991477273,0.2728448276,0.4186507937
0.9874131680,634,71,1686,0.8992907801,0.2732758621,0.4191735537
0.9874096513,634,72,1686,0.8980169972,0.2732758621,0.4190350297
0.9874095321,635,72,1685,0.8981612447,0.2737068966,0.4195573175
0.9874063134,636,72,1684,0.8983050847,0.2741379310,0.4200792602
0.9874050021,637,72,1683,0.8984485190,0.2745689655,0.4206008584
0.9874009490,638,72,1682,0.8985915493,0.2750000000,0.4211221122
0.9873957038,639,72,1681,0.8987341772,0.2754310345,0.4216430221
0.9873917699,640,72,1680,0.8988764045,0.2758620690,0.4221635884
0.9873887300,641,72,1679,0.8990182328,0.2762931034,0.4226838114
0.9873877168,641,73,1679,0.8977591036,0.2762931034,0.4225444957
0.9873866439,642,73,1678,0.8979020979,0.2767241379,0.4230642504
0.9873777032,643,73,1677,0.8980446927,0.2771551724,0.4235836627
0.9873769879,644,73,1676,0.8981868898,0.2775862069,0.4241027330
0.9873730540,645,73,1675,0.8983286908,0.2780172414,0.4246214615
0.9873728156,646,73,1674,0.8984700974,0.2784482759,0.4251398486
0.9873714447,646,74,1674,0.8972222222,0.2784482759,0.4250000000
0.9873706102,647,74,1673,0.8973647712,0.2788793103,0.4255179217
0.9873687625,648,74,1672,0.8975069252,0.2793103448,0.4260355030
0.9873680472,649,74,1671,0.8976486860,0.2797413793,0.4265527440
0.9873657227,650,74,1670,0.8977900552,0.2801724138,0.4270696452
0.9873625040,651,74,1669,0.8979310345,0.2806034483,0.4275862069
0.9873617887,652,74,1668,0.8980716253,0.2810344828,0.4281024294
0.9873571396,653,74,1667,0.8982118294,0.2814655172,0.4286183131
0.9873534441,654,74,1666,0.8983516484,0.2818965517,0.4291338583
0.9873532057,655,74,1665,0.8984910837,0.2823275862,0.4296490653
0.9873441458,656,74,1664,0.8986301370,0.2827586207,0.4301639344
0.9873435497,657,74,1663,0.8987688098,0.2831896552,0.4306784661
0.9873398542,657,75,1663,0.8975409836,0.2831896552,0.4305373526
0.9873380661,658,75,1662,0.8976807640,0.2836206897,0.4310514248
0.9873325229,659,76,1661,0.8965986395,0.2840517241,0.4314238953
0.9873269200,660,76,1660,0.8967391304,0.2844827586,0.4319371728
0.9873151779,660,77,1660,0.8955223881,0.2844827586,0.4317958783
0.9873145223,660,78,1660,0.8943089431,0.2844827586,0.4316546763
0.9873095155,661,78,1659,0.8944519621,0.2849137931,0.4321673750
0.9873007536,662,78,1658,0.8945945946,0.2853448276,0.4326797386
0.9872944951,663,78,1657,0.8947368421,0.2857758621,0.4331917674
0.9872930050,664,78,1656,0.8948787062,0.2862068966,0.4337034618
0.9872811437,665,78,1655,0.8950201884,0.2866379310,0.4342148221
0.9872797728,666,78,1654,0.8951612903,0.2870689655,0.4347258486
0.9872774482,667,78,1653,0.8953020134,0.2875000000,0.4352365416
0.9872610569,668,78,1652,0.8954423592,0.2879310345,0.4357469015
0.9872576594,669,78,1651,0.8955823293,0.2883620690,0.4362569286
0.9872556925,670,78,1650,0.8957219251,0.2887931034,0.4367666232
0.9872473478,671,78,1649,0.8958611482,0.2892241379,0.4372759857
0.9872456789,671,79,1649,0.8946666667,0.2892241379,0.4371335505
0.9872403741,671,80,1649,0.8934753662,0.2892241379,0.4369912081
0.9872368574,672,80,1648,0.8936170213,0.2896551724,0.4375000000
0.9872332811,673,80,1647,0.8937583001,0.2900862069,0.4380084608
0.9872315526,674,80,1646,0.8938992042,0.2905172414,0.4385165908
0.9872249365,674,81,1646,0.8927152318,0.2905172414,0.4383739837
0.9872140884,675,81,1645,0.8928571429,0.2909482759,0.4388816645
0.9872058630,676,81,1644,0.8929986790,0.2913793103,0.4393890153
0.9872045517,677,81,1643,0.8931398417,0.2918103448,0.4398960364
0.9872016907,677,82,1643,0.8919631094,0.2918103448,0.4397531666
0.9871996045,678,82,1642,0.8921052632,0.2922413793,0.4402597403
0.9871978164,679,82,1641,0.8922470434,0.2926724138,0.4407659851
0.9871908426,679,83,1641,0.8910761155,0.2926724138,0.4406229721
0.9871905446,680,83,1640,0.8912188729,0.2931034483,0.4411287707
0.9871852994,681,83,1639,0.8913612565,0.2935344828,0.4416342412
0.9871752858,682,83,1638,0.8915032680,0.2939655172,0.4421393841
0.9871729612,683,83,1637,0.8916449086,0.2943965517,0.4426441996
0.9871703982,684,83,1636,0.8917861799,0.2948275862,0.4431486880
0.9871657491,685,83,1635,0.8919270833,0.2952586207,0.4436528497
0.9871642590,686,83,1634,0.8920676203,0.2956896552,0.4441566850
0.9871637821,687,83,1633,0.8922077922,0.2961206897,0.4446601942
0.9871592522,688,83,1632,0.8923476005,0.2965517241,0.4451633775
0.9871523976,689,83,1631,0.8924870466,0.2969827586,0.4456662354
0.9871513844,690,83,1630,0.8926261320,0.2974137931,0.4461687682
0.9871492982,691,83,1629,0.8927648579,0.2978448276,0.4466709761
0.9871414900,691,84,1629,0.8916129032,0.2978448276,0.4465266559
0.9871391654,692,84,1628,0.8917525773,0.2982758621,0.4470284238
0.9871360064,693,84,1627,0.8918918919,0.2987068966,0.4475298676
0.9871293902,694,84,1626,0.8920308483,0.2991379310,0.4480309877
0.9871238470,695,84,1625,0.8921694480,0.2995689655,0.4485317844
0.9871205688,696,84,1624,0.8923076923,0.3000000000,0.4490322581
0.9871146679,697,84,1623,0.8924455826,0.3004310345,0.4495324089
0.9871116281,697,85,1623,0.8913043478,0.3004310345,0.4493874919
0.9871054888,697,86,1623,0.8901660281,0.3004310345,0.4492426684
0.9871045351,698,86,1622,0.8903061224,0.3008620690,0.4497422680
0.9871044159,699,86,1621,0.8904458599,0.3012931034,0.4502415459
0.9871010780,700,86,1620,0.8905852417,0.3017241379,0.4507405023
0.9870924950,701,86,1619,0.8907242694,0.3021551724,0.4512391374
0.9870896935,702,86,1618,0.8908629442,0.3025862069,0.4517374517
0.9870876074,703,86,1617,0.8910012674,0.3030172414,0.4522354455
0.9870817661,705,86,1615,0.8912768647,0.3038793103,0.4532304725
0.9870795608,706,86,1614,0.8914141414,0.3043103448,0.4537275064
0.9870735407,707,86,1613,0.8915510719,0.3047413793,0.4542242210
0.9870684147,708,86,1612,0.8916876574,0.3051724138,0.4547206166
0.9870678782,709,86,1611,0.8918238994,0.3056034483,0.4552166934
0.9870665669,710,86,1610,0.8919597990,0.3060344828,0.4557124519
0.9870656729,711,86,1609,0.8920953576,0.3064655172,0.4562078922
0.9870638847,713,86,1607,0.8923654568,0.3073275862,0.4571978198
0.9870591164,714,86,1606,0.8925000000,0.3077586207,0.4576923077
0.9870544076,715,86,1605,0.8926342072,0.3081896552,0.4581864787
0.9870477319,716,86,1604,0.8927680798,0.3086206897,0.4586803331
0.9870475531,717,86,1603,0.8929016189,0.3090517241,0.4591738713
0.9870463610,718,87,1602,0.8919254658,0.3094827586,0.4595200000
0.9870448709,718,88,1602,0.8908188586,0.3094827586,0.4593730006
0.9870415926,719,88,1601,0.8909541512,0.3099137931,0.4598656860
0.9870399833,720,88,1600,0.8910891089,0.3103448276,0.4603580563
0.9870359302,721,88,1599,0.8912237330,0.3107758621,0.4608501119
0.9870336056,722,88,1598,0.8913580247,0.3112068966,0.4613418530
0.9870296717,723,88,1597,0.8914919852,0.3116379310,0.4618332801
0.9870252013,724,88,1596,0.8916256158,0.3120689655,0.4623243934
0.9870168567,725,88,1595,0.8917589176,0.3125000000,0.4628151931
0.9870137572,726,88,1594,0.8918918919,0.3129310345,0.4633056796
0.9870109558,727,88,1593,0.8920245399,0.3133620690,0.4637958533
0.9870080352,729,88,1591,0.8922888617,0.3142241379,0.4647752630
0.9870079160,730,88,1590,0.8924205379,0.3146551724,0.4652644997
0.9870077968,731,88,1589,0.8925518926,0.3150862069,0.4657534247
0.9869984984,732,88,1588,0.8926829268,0.3155172414,0.4662420382
0.9869972467,733,88,1587,0.8928136419,0.3159482759,0.4667303407
0.9869889021,734,88,1586,0.8929440389,0.3163793103,0.4672183323
0.9869883060,735,88,1585,0.8930741191,0.3168103448,0.4677060134
0.9869875908,736,88,1584,0.8932038835,0.3172413793,0.4681933842
0.9869851470,737,88,1583,0.8933333333,0.3176724138,0.4686804452
0.9869784117,739,88,1581,0.8935912938,0.3185344828,0.4696536384
0.9869759679,741,88,1579,0.8938480097,0.3193965517,0.4706255954
0.9869707823,742,88,1578,0.8939759036,0.3198275862,0.4711111111
0.9869703054,743,88,1577,0.8941034898,0.3202586207,0.4715963186
0.9869695902,743,89,1577,0.8930288462,0.3202586207,0.4714467005
0.9869530201,744,89,1576,0.8931572629,0.3206896552,0.4719314938
0.9869498610,745,89,1575,0.8932853717,0.3211206897,0.4724159797
0.9869484901,746,89,1574,0.8934131737,0.3215517241,0.4729001585
0.9869448543,747,89,1573,0.8935406699,0.3219827586,0.4733840304
0.9869408011,748,89,1572,0.8936678614,0.3224137931,0.4738675958
0.9869301319,749,89,1571,0.8937947494,0.3228448276,0.4743508550
0.9869291782,750,89,1570,0.8939213349,0.3232758621,0.4748338082
0.9869264364,751,89,1569,0.8940476190,0.3237068966,0.4753164557
0.9869183898,751,90,1569,0.8929845422,0.3237068966,0.4751660867
0.9869180322,752,90,1568,0.8931116390,0.3241379310,0.4756483238
0.9869143367,753,90,1567,0.8932384342,0.3245689655,0.4761302561
0.9869105220,754,90,1566,0.8933649289,0.3250000000,0.4766118837
0.9869099259,755,90,1565,0.8934911243,0.3254310345,0.4770932070
0.9869056344,756,90,1564,0.8936170213,0.3258620690,0.4775742262
0.9869031906,757,90,1563,0.8937426210,0.3262931034,0.4780549416
0.9868962169,758,90,1562,0.8938679245,0.3267241379,0.4785353535
0.9868958592,759,90,1561,0.8939929329,0.3271551724,0.4790154623
0.9868916869,761,90,1559,0.8942420682,0.3280172414,0.4799747714
0.9868892431,762,90,1558,0.8943661972,0.3284482759,0.4804539723
0.9868867993,763,90,1557,0.8944900352,0.3288793103,0.4809328711
0.9868855476,765,90,1555,0.8947368421,0.3297413793,0.4818897638
0.9868786931,766,90,1554,0.8948598131,0.3301724138,0.4823677582
0.9868745208,767,90,1553,0.8949824971,0.3306034483,0.4828454517
0.9868720770,768,90,1552,0.8951048951,0.3310344828,0.4833228446
0.9868648648,769,90,1551,0.8952270081,0.3314655172,0.4837999371
0.9868640304,770,90,1550,0.8953488372,0.3318965517,0.4842767296
0.9868578911,770,91,1550,0.8943089431,0.3318965517,0.4841244892
0.9868567586,771,91,1549,0.8944315545,0.3323275862,0.4846008799
0.9868553281,772,91,1548,0.8945538818,0.3327586207,0.4850769714
0.9868544340,773,91,1547,0.8946759259,0.3331896552,0.4855527638
0.9868510365,774,91,1546,0.8947976879,0.3336206897,0.4860282575
0.9868434072,775,91,1545,0.8949191686,0.3340517241,0.4865034526
0.9868430495,775,92,1545,0.8938869666,0.3340517241,0.4863508001
0.9868396521,776,92,1544,0.8940092166,0.3344827586,0.4868255960
0.9868332744,777,92,1543,0.8941311853,0.3349137931,0.4873000941
0.9868309498,778,92,1542,0.8942528736,0.3353448276,0.4877742947
0.9868294597,779,92,1541,0.8943742824,0.3357758621,0.4882481981
0.9868277311,780,92,1540,0.8944954128,0.3362068966,0.4887218045
0.9868118167,785,92,1535,0.8950969213,0.3383620690,0.4910853926
0.9868098497,786,92,1534,0.8952164009,0.3387931034,0.4915572233
0.9868092537,786,93,1534,0.8941979522,0.3387931034,0.4914035636
0.9868018627,787,93,1533,0.8943181818,0.3392241379,0.4918750000
0.9867989421,787,94,1533,0.8933030647,0.3392241379,0.4917213371
0.9867959023,788,94,1532,0.8934240363,0.3396551724,0.4921923798
0.9867956638,789,94,1531,0.8935447339,0.3400862069,0.4926631283
0.9867935777,790,94,1530,0.8936651584,0.3405172414,0.4931335830
0.9867888093,790,95,1530,0.8926553672,0.3405172414,0.4929797192
0.9867886305,791,95,1529,0.8927765237,0.3409482759,0.4934497817
0.9867852330,792,95,1528,0.8928974070,0.3413793103,0.4939195510
0.9867815375,793,95,1527,0.8930180180,0.3418103448,0.4943890274
0.9867758155,795,95,1525,0.8932584270,0.3426724138,0.4953271028
0.9867736101,796,95,1524,0.8933782267,0.3431034483,0.4957957023
0.9867717624,799,95,1521,0.8937360179,0.3443965517,0.4971997511
0.9867715240,800,95,1520,0.8938547486,0.3448275862,0.4976671851
0.9867708683,801,95,1519,0.8939732143,0.3452586207,0.4981343284
0.9867635369,802,95,1518,0.8940914158,0.3456896552,0.4986011812
0.9867629409,802,96,1518,0.8930957684,0.3456896552,0.4984462399
0.9867603779,802,97,1518,0.8921023359,0.3456896552,0.4982913948
0.9867602587,803,97,1517,0.8922222222,0.3461206897,0.4987577640
0.9867576361,804,97,1516,0.8923418424,0.3465517241,0.4992238435
0.9867523909,806,97,1514,0.8925802879,0.3474137931,0.5001551350
0.9867503047,807,97,1513,0.8926991150,0.3478448276,0.5006203474
0.9867416024,808,97,1512,0.8928176796,0.3482758621,0.5010852713
0.9867405295,809,97,1511,0.8929359823,0.3487068966,0.5015499070
0.9867359996,811,97,1509,0.8931718062,0.3495689655,0.5024783147
0.9867353439,812,97,1508,0.8932893289,0.3500000000,0.5029420873
0.9867336750,813,97,1507,0.8934065934,0.3504310345,0.5034055728
0.9867185950,813,98,1507,0.8924259056,0.3504310345,0.5032497679
0.9867182374,814,98,1506,0.8925438596,0.3508620690,0.5037128713
0.9867175817,815,98,1505,0.8926615553,0.3512931034,0.5041756882
0.9866934419,815,99,1505,0.8916849015,0.3512931034,0.5040197897
0.9866933227,816,99,1504,0.8918032787,0.3517241379,0.5044822257
0.9866884351,817,99,1503,0.8919213974,0.3521551724,0.5049443758
0.9866785407,818,99,1502,0.8920392585,0.3525862069,0.5054062403
0.9866784811,819,99,1501,0.8921568627,0.3530172414,0.5058678196
0.9866768122,819,100,1501,0.8911860718,0.3530172414,0.5057116394
0.9866690636,820,100,1500,0.8913043478,0.3534482759,0.5061728395
0.9866614938,821,100,1499,0.8914223670,0.3538793103,0.5066337550
0.9866564274,822,100,1498,0.8915401302,0.3543103448,0.5070943862
0.9866520166,823,100,1497,0.8916576381,0.3547413793,0.5075547333
0.9866507053,824,100,1496,0.8917748918,0.3551724138,0.5080147965
0.9866454005,825,100,1495,0.8918918919,0.3556034483,0.5084745763
0.9866449237,825,101,1495,0.8909287257,0.3556034483,0.5083179298
0.9866408706,826,101,1494,0.8910463862,0.3560344828,0.5087773329
0.9866375923,826,102,1494,0.8900862069,0.3560344828,0.5086206897
0.9866351485,827,102,1493,0.8902045210,0.3564655172,0.5090797168
0.9866340160,828,102,1492,0.8903225806,0.3568965517,0.5095384615
0.9866330624,829,102,1491,0.8904403867,0.3573275862,0.5099969240
0.9866324067,830,102,1490,0.8905579399,0.3577586207,0.5104551046
0.9866321683,831,102,1489,0.8906752412,0.3581896552,0.5109130034
0.9866313338,832,102,1488,0.8907922912,0.3586206897,0.5113706208
0.9866181016,833,102,1487,0.8909090909,0.3590517241,0.5118279570
0.9866157770,834,102,1486,0.8910256410,0.3594827586,0.5122850123
0.9866135716,836,102,1484,0.8912579957,0.3603448276,0.5131982812
0.9866114855,837,102,1483,0.8913738019,0.3607758621,0.5136544952
0.9866082668,838,102,1482,0.8914893617,0.3612068966,0.5141104294
0.9865798354,839,102,1481,0.8916046759,0.3616379310,0.5145660840
0.9865759015,841,102,1479,0.8918345705,0.3625000000,0.5154765553
0.9865729809,842,102,1478,0.8919491525,0.3629310345,0.5159313725
0.9865686893,843,102,1477,0.8920634921,0.3633620690,0.5163859112
0.9865648746,844,102,1476,0.8921775899,0.3637931034,0.5168401715
0.9865614772,845,102,1475,0.8922914467,0.3642241379,0.5172941537
0.9865599871,846,102,1474,0.8924050633,0.3646551724,0.5177478580
0.9865549803,848,102,1472,0.8926315789,0.3655172414,0.5186544343
0.9865526557,848,103,1472,0.8916929548,0.3655172414,0.5184958728
0.9865449071,849,103,1471,0.8918067227,0.3659482759,0.5189486553
0.9865216613,850,103,1470,0.8919202518,0.3663793103,0.5194011610
0.9865211248,851,103,1469,0.8920335430,0.3668103448,0.5198533903
0.9865210056,852,103,1468,0.8921465969,0.3672413793,0.5203053435
0.9865162373,852,104,1468,0.8912133891,0.3672413793,0.5201465201
0.9865149856,853,104,1467,0.8913270637,0.3676724138,0.5205981080
0.9865145087,854,104,1466,0.8914405010,0.3681034483,0.5210494204
0.9865006804,855,104,1465,0.8915537018,0.3685344828,0.5215004575
0.9864995480,856,104,1464,0.8916666667,0.3689655172,0.5219512195
0.9864983559,857,104,1463,0.8917793965,0.3693965517,0.5224017068
0.9864975810,858,104,1462,0.8918918919,0.3698275862,0.5228519196
0.9864966273,859,104,1461,0.8920041537,0.3702586207,0.5233018581
0.9864951372,860,104,1460,0.8921161826,0.3706896552,0.5237515225
0.9864916205,861,104,1459,0.8922279793,0.3711206897,0.5242009132
0.9864891171,862,104,1458,0.8923395445,0.3715517241,0.5246500304
0.9864848256,863,104,1457,0.8924508790,0.3719827586,0.5250988744
0.9864786267,864,105,1456,0.8916408669,0.3724137931,0.5253876558
0.9864743352,865,105,1455,0.8917525773,0.3728448276,0.5258358663
0.9864581227,866,105,1454,0.8918640577,0.3732758621,0.5262838043
0.9864526391,867,106,1453,0.8910585817,0.3737068966,0.5265715153
0.9864504337,867,107,1453,0.8901437372,0.3737068966,0.5264116576
0.9864460230,868,107,1452,0.8902564103,0.3741379310,0.5268588771
0.9864435196,869,107,1451,0.8903688525,0.3745689655,0.5273058252
0.9864419699,871,107,1449,0.8905930470,0.3754310345,0.5281989084
0.9864403605,872,107,1448,0.8907048008,0.3758620690,0.5286450440
0.9864385128,873,107,1447,0.8908163265,0.3762931034,0.5290909091
0.9864181876,874,107,1446,0.8909276249,0.3767241379,0.5295365041
0.9864180684,874,108,1446,0.8900203666,0.3767241379,0.5293761357
0.9864077568,875,108,1445,0.8901322482,0.3771551724,0.5298213745
0.9864072204,876,108,1444,0.8902439024,0.3775862069,0.5302663438
0.9864048958,876,109,1444,0.8893401015,0.3775862069,0.5301059002
0.9864025712,877,109,1443,0.8894523327,0.3780172414,0.5305505142
0.9864007235,878,109,1442,0.8895643364,0.3784482759,0.5309948594
0.9864003658,879,109,1441,0.8896761134,0.3788793103,0.5314389359
0.9863834381,880,109,1440,0.8897876643,0.3793103448,0.5318827440
0.9863790274,881,109,1439,0.8898989899,0.3797413793,0.5323262840
0.9863750935,882,109,1438,0.8900100908,0.3801724138,0.5327695560
0.9863646030,883,109,1437,0.8901209677,0.3806034483,0.5332125604
0.9863623977,884,109,1436,0.8902316213,0.3810344828,0.5336552973
0.9863611460,886,109,1434,0.8904522613,0.3818965517,0.5345399698
0.9863561392,887,109,1433,0.8905622490,0.3823275862,0.5349819059
0.9863532782,888,109,1432,0.8906720160,0.3827586207,0.5354235755
0.9863396883,889,109,1431,0.8907815631,0.3831896552,0.5358649789
0.9863394499,890,109,1430,0.8908908909,0.3836206897,0.5363061163
0.9863386750,891,109,1429,0.8910000000,0.3840517241,0.5367469880
0.9863372445,892,109,1428,0.8911088911,0.3844827586,0.5371875941
0.9863355160,893,109,1427,0.8912175649,0.3849137931,0.5376279350
0.9863095284,894,109,1426,0.8913260219,0.3853448276,0.5380680108
0.9863079190,894,110,1426,0.8904382470,0.3853448276,0.5379061372
0.9863049984,895,110,1425,0.8905472637,0.3857758621,0.5383458647
0.9862983823,896,110,1424,0.8906560636,0.3862068966,0.5387853277
0.9862936735,897,110,1423,0.8907646475,0.3866379310,0.5392245266
0.9862875342,898,110,1422,0.8908730159,0.3870689655,0.5396634615
0.9862853289,899,110,1421,0.8909811695,0.3875000000,0.5401021328
0.9862813354,900,111,1420,0.8902077151,0.3879310345,0.5403782648
0.9862788320,901,111,1419,0.8903162055,0.3883620690,0.5408163265
0.9862696528,901,112,1419,0.8894373149,0.3883620690,0.5406540654
0.9862684608,901,113,1419,0.8885601578,0.3883620690,0.5404919016
0.9862657189,902,113,1418,0.8886699507,0.3887931034,0.5409295352
0.9862629175,902,114,1418,0.8877952756,0.3887931034,0.5407673861
0.9862627983,903,114,1417,0.8879056047,0.3892241379,0.5412046749
0.9862601161,904,114,1416,0.8880157171,0.3896551724,0.5416417016
0.9862518907,905,114,1415,0.8881256133,0.3900862069,0.5420784666
0.9862303138,906,114,1414,0.8882352941,0.3905172414,0.5425149701
0.9862161875,907,114,1413,0.8883447600,0.3909482759,0.5429512122
0.9862127304,908,114,1412,0.8884540117,0.3913793103,0.5433871933
0.9862086773,909,114,1411,0.8885630499,0.3918103448,0.5438229136
0.9861959219,909,115,1411,0.8876953125,0.3918103448,0.5436602871
0.9861949682,910,115,1410,0.8878048780,0.3922413793,0.5440956652
0.9861938357,912,115,1408,0.8880233690,0.3931034483,0.5449656409
0.9861780405,914,115,1406,0.8882410107,0.3939655172,0.5458345775
0.9861729741,914,116,1406,0.8873786408,0.3939655172,0.5456716418
0.9861710668,914,117,1406,0.8865179437,0.3939655172,0.5455088033
0.9861643910,915,117,1405,0.8866279070,0.3943965517,0.5459427208
0.9861605167,916,117,1404,0.8867376573,0.3948275862,0.5463763794
0.9861577749,917,117,1403,0.8868471954,0.3952586207,0.5468097794
0.9861571789,918,117,1402,0.8869565217,0.3956896552,0.5472429210
0.9861570597,919,117,1401,0.8870656371,0.3961206897,0.5476758045
0.9861474633,920,117,1400,0.8871745419,0.3965517241,0.5481084301
0.9861425757,921,117,1399,0.8872832370,0.3969827586,0.5485407981
0.9861400127,922,117,1398,0.8873917228,0.3974137931,0.5489729086
0.9861341119,923,117,1397,0.8875000000,0.3978448276,0.5494047619
0.9861332774,924,117,1396,0.8876080692,0.3982758621,0.5498363582
0.9861317873,924,118,1396,0.8867562380,0.3982758621,0.5496728138
0.9861307740,925,118,1395,0.8868648130,0.3987068966,0.5501040737
0.9861240387,926,119,1394,0.8861244019,0.3991379310,0.5503714710
0.9861238003,927,119,1393,0.8862332696,0.3995689655,0.5508021390
0.9861214757,928,119,1392,0.8863419293,0.4000000000,0.5512325512
0.9861169457,929,119,1391,0.8864503817,0.4004310345,0.5516627078
0.9861128926,933,119,1387,0.8868821293,0.4021551724,0.5533807829
0.9861088395,934,119,1386,0.8869895537,0.4025862069,0.5538096650
0.9861023426,935,119,1385,0.8870967742,0.4030172414,0.5542382928
0.9861018658,935,120,1385,0.8862559242,0.4030172414,0.5540740741
0.9860952497,936,120,1384,0.8863636364,0.4034482759,0.5545023697
0.9860944748,936,121,1384,0.8855250710,0.4034482759,0.5543381700
0.9860934019,936,122,1384,0.8846880907,0.4034482759,0.5541740675
0.9860821962,937,122,1383,0.8847969783,0.4038793103,0.5546019532
0.9860798717,939,122,1381,0.8850141376,0.4047413793,0.5554569654
0.9860762954,939,123,1381,0.8841807910,0.4047413793,0.5552927262
0.9860656261,940,123,1380,0.8842897460,0.4051724138,0.5557197753
0.9860652685,942,123,1378,0.8845070423,0.4060344828,0.5565731167
0.9860607386,943,123,1377,0.8846153846,0.4064655172,0.5569994093
0.9860536456,943,124,1377,0.8837863168,0.4064655172,0.5568349572
0.9860461354,944,124,1376,0.8838951311,0.4068965517,0.5572609209
0.9860371947,945,124,1375,0.8840037418,0.4073275862,0.5576866332
0.9860287309,946,124,1374,0.8841121495,0.4077586207,0.5581120944
0.9860274792,947,124,1373,0.8842203548,0.4081896552,0.5585373046
0.9860158563,948,124,1372,0.8843283582,0.4086206897,0.5589622642
0.9860057831,949,124,1371,0.8844361603,0.4090517241,0.5593869732
0.9860051274,949,125,1371,0.8836126629,0.4090517241,0.5592221567
0.9859970808,950,126,1370,0.8828996283,0.4094827586,0.5594817432
0.9859945774,951,126,1369,0.8830083565,0.4099137931,0.5599057992
0.9859848022,952,126,1368,0.8831168831,0.4103448276,0.5603296057
0.9859805107,953,126,1367,0.8832252085,0.4107758621,0.5607531627
0.9859802127,954,126,1366,0.8833333333,0.4112068966,0.5611764706
0.9859799743,954,127,1366,0.8825161887,0.4112068966,0.5610114672
0.9859778881,955,127,1365,0.8826247689,0.4116379310,0.5614344503
0.9859775305,956,127,1364,0.8827331487,0.4120689655,0.5618571848
0.9859696627,957,127,1363,0.8828413284,0.4125000000,0.5622796710
0.9859682322,958,127,1362,0.8829493088,0.4129310345,0.5627019090
0.9859638214,959,127,1361,0.8830570902,0.4133620690,0.5631238990
0.9859583974,960,127,1360,0.8831646734,0.4137931034,0.5635456413
0.9859572649,960,128,1360,0.8823529412,0.4137931034,0.5633802817
0.9859565496,960,129,1360,0.8815426997,0.4137931034,0.5632150191
0.9859442711,961,129,1359,0.8816513761,0.4142241379,0.5636363636
0.9859369397,962,129,1358,0.8817598533,0.4146551724,0.5640574612
0.9859356880,963,129,1357,0.8818681319,0.4150862069,0.5644783118
0.9859224558,964,129,1356,0.8819762123,0.4155172414,0.5648989159
0.9859209657,964,130,1356,0.8811700183,0.4155172414,0.5647334505
0.9859203696,965,130,1355,0.8812785388,0.4159482759,0.5651537335
0.9859154224,966,130,1354,0.8813868613,0.4163793103,0.5655737705
0.9859112501,967,130,1353,0.8814949863,0.4168103448,0.5659935616
0.9859095216,968,130,1352,0.8816029144,0.4172413793,0.5664131071
0.9859026670,969,130,1351,0.8817106460,0.4176724138,0.5668324071
0.9858993888,970,130,1350,0.8818181818,0.4181034483,0.5672514620
0.9858975410,971,130,1349,0.8819255223,0.4185344828,0.5676702719
0.9858962893,972,130,1348,0.8820326679,0.4189655172,0.5680888369
0.9858850241,972,131,1348,0.8812330009,0.4189655172,0.5679228747
0.9858813286,973,131,1347,0.8813405797,0.4193965517,0.5683411215
0.9858697653,974,131,1346,0.8814479638,0.4198275862,0.5687591241
0.9858623147,975,131,1345,0.8815551537,0.4202586207,0.5691768827
0.9858614206,976,131,1344,0.8816621500,0.4206896552,0.5695943974
0.9858601093,977,132,1343,0.8809738503,0.4211206897,0.5698454360
0.9858592153,978,132,1342,0.8810810811,0.4215517241,0.5702623907
0.9858586192,979,132,1341,0.8811881188,0.4219827586,0.5706791023
0.9858564138,979,133,1341,0.8803956835,0.4219827586,0.5705128205
0.9858536720,980,133,1340,0.8805031447,0.4224137931,0.5709292164
0.9858520031,981,133,1339,0.8806104129,0.4228448276,0.5713453698
0.9858357906,981,134,1339,0.8798206278,0.4228448276,0.5711790393
0.9858312607,982,134,1338,0.8799283154,0.4232758621,0.5715948778
0.9858301282,984,134,1336,0.8801431127,0.4241379310,0.5724258290
0.9858291745,985,134,1335,0.8802502234,0.4245689655,0.5728409421
0.9858245850,986,134,1334,0.8803571429,0.4250000000,0.5732558140
0.9858155251,987,134,1333,0.8804638715,0.4254310345,0.5736704446
0.9858127236,988,134,1332,0.8805704100,0.4258620690,0.5740848344
0.9858004451,990,134,1330,0.8807829181,0.4267241379,0.5749128920
0.9857875109,991,134,1329,0.8808888889,0.4271551724,0.5753265602
0.9857855439,992,134,1328,0.8809946714,0.4275862069,0.5757399884
0.9857848287,993,134,1327,0.8811002662,0.4280172414,0.5761531767
0.9857716560,995,134,1325,0.8813108946,0.4288793103,0.5769788344
0.9857655168,996,134,1324,0.8814159292,0.4293103448,0.5773913043
0.9857520461,997,134,1323,0.8815207781,0.4297413793,0.5778035352
0.9857473969,997,135,1323,0.8807420495,0.4297413793,0.5776361530
0.9857364297,998,135,1322,0.8808473080,0.4301724138,0.5780480741
0.9857338667,999,135,1321,0.8809523810,0.4306034483,0.5784597568
0.9857257605,1000,135,1320,0.8810572687,0.4310344828,0.5788712012
0.9857192636,1001,135,1319,0.8811619718,0.4314655172,0.5792824074
0.9857101440,1002,135,1318,0.8812664908,0.4318965517,0.5796933758
0.9857046604,1003,135,1317,0.8813708260,0.4323275862,0.5801041064
0.9857025743,1004,136,1316,0.8807017544,0.4327586207,0.5803468208
0.9856840372,1004,137,1316,0.8799298861,0.4327586207,0.5801791390
0.9856742024,1005,137,1315,0.8800350263,0.4331896552,0.5805892548
0.9856620431,1006,137,1314,0.8801399825,0.4336206897,0.5809991337
0.9856615663,1007,137,1313,0.8802447552,0.4340517241,0.5814087760
0.9856509566,1008,137,1312,0.8803493450,0.4344827586,0.5818181818
0.9856502414,1009,137,1311,0.8804537522,0.4349137931,0.5822273514
0.9856359959,1010,137,1310,0.8805579773,0.4353448276,0.5826362850
0.9856318235,1010,138,1310,0.8797909408,0.4353448276,0.5824682814
0.9856239557,1011,138,1309,0.8798955614,0.4357758621,0.5828769098
0.9856158495,1012,138,1308,0.8800000000,0.4362068966,0.5832853026
0.9856135249,1012,139,1308,0.8792354474,0.4362068966,0.5831172573
0.9856035709,1013,139,1307,0.8793402778,0.4366379310,0.5835253456
0.9855946302,1014,139,1306,0.8794449263,0.4370689655,0.5839331990
0.9855939746,1015,139,1305,0.8795493934,0.4375000000,0.5843408175
0.9855926633,1016,139,1304,0.8796536797,0.4379310345,0.5847482014
0.9855782986,1018,139,1302,0.8798617113,0.4387931034,0.5855622663
0.9855636358,1019,139,1301,0.8799654577,0.4392241379,0.5859689477
0.9855601192,1020,139,1300,0.8800690250,0.4396551724,0.5863753952
0.9855528474,1021,139,1299,0.8801724138,0.4400862069,0.5867816092
0.9855419397,1022,139,1298,0.8802756245,0.4405172414,0.5871875898
0.9855386019,1023,139,1297,0.8803786575,0.4409482759,0.5875933372
0.9855357409,1023,140,1297,0.8796216681,0.4409482759,0.5874246339
0.9855332971,1024,140,1296,0.8797250859,0.4413793103,0.5878300804
0.9855136871,1025,140,1295,0.8798283262,0.4418103448,0.5882352941
0.9855121970,1025,141,1295,0.8790737564,0.4418103448,0.5880665519
0.9855099916,1026,141,1294,0.8791773779,0.4422413793,0.5884714654
0.9855073690,1028,141,1292,0.8793840890,0.4431034483,0.5892805962
0.9854969382,1029,141,1291,0.8794871795,0.4435344828,0.5896848138
0.9854953289,1030,141,1290,0.8795900939,0.4439655172,0.5900887998
0.9854899645,1030,142,1290,0.8788395904,0.4439655172,0.5899198167
0.9854878783,1030,143,1290,0.8780903666,0.4439655172,0.5897509304
0.9854855537,1031,143,1289,0.8781942078,0.4443965517,0.5901545507
0.9854829311,1031,144,1289,0.8774468085,0.4443965517,0.5899856938
0.9854824543,1031,145,1289,0.8767006803,0.4443965517,0.5898169336
0.9854818583,1032,145,1288,0.8768054376,0.4448275862,0.5902201887
0.9854796529,1033,145,1287,0.8769100170,0.4452586207,0.5906232133
0.9854795337,1034,145,1286,0.8770144190,0.4456896552,0.5910260074
0.9854789972,1035,145,1285,0.8771186441,0.4461206897,0.5914285714
0.9854765534,1036,145,1284,0.8772226926,0.4465517241,0.5918309055
0.9854750633,1037,145,1283,0.8773265651,0.4469827586,0.5922330097
0.9854734540,1038,145,1282,0.8774302620,0.4474137931,0.5926348844
0.9854715466,1038,146,1282,0.8766891892,0.4474137931,0.5924657534
0.9854609370,1039,146,1281,0.8767932489,0.4478448276,0.5928673324
0.9854574800,1040,146,1280,0.8768971332,0.4482758621,0.5932686823
0.9854562879,1041,146,1279,0.8770008425,0.4487068966,0.5936698033
0.9854530692,1042,146,1278,0.8771043771,0.4491379310,0.5940706956
0.9854485393,1043,146,1277,0.8772077376,0.4495689655,0.5944713594
0.9854436517,1044,146,1276,0.8773109244,0.4500000000,0.5948717949
0.9854407907,1045,146,1275,0.8774139379,0.4504310345,0.5952720023
0.9854382277,1046,146,1274,0.8775167785,0.4508620690,0.5956719818
0.9854381084,1047,146,1273,0.8776194468,0.4512931034,0.5960717336
0.9854288697,1048,146,1272,0.8777219430,0.4517241379,0.5964712578
0.9854254723,1049,146,1271,0.8778242678,0.4521551724,0.5968705548
0.9854248166,1050,146,1270,0.8779264214,0.4525862069,0.5972696246
0.9854232073,1052,146,1268,0.8781302170,0.4534482759,0.5980670836
0.9854179621,1053,146,1267,0.8782318599,0.4538793103,0.5984654731
0.9854170680,1054,146,1266,0.8783333333,0.4543103448,0.5988636364
0.9854127765,1055,146,1265,0.8784346378,0.4547413793,0.5992615734
0.9854056835,1056,146,1264,0.8785357737,0.4551724138,0.5996592845
0.9854014516,1057,146,1263,0.8786367415,0.4556034483,0.6000567698
0.9853833914,1058,146,1262,0.8787375415,0.4560344828,0.6004540295
0.9853738546,1058,147,1262,0.8780082988,0.4560344828,0.6002836879
0.9853727221,1058,148,1262,0.8772802653,0.4560344828,0.6001134430
0.9853670597,1058,149,1262,0.8765534383,0.4560344828,0.5999432946
0.9853667021,1059,149,1261,0.8766556291,0.4564655172,0.6003401361
0.9853628874,1060,149,1260,0.8767576510,0.4568965517,0.6007367526
0.9853608012,1061,149,1259,0.8768595041,0.4573275862,0.6011331445
0.9853589535,1061,150,1259,0.8761354253,0.4573275862,0.6009629000
0.9853492379,1062,150,1258,0.8762376238,0.4577586207,0.6013590034
0.9853470325,1062,151,1258,0.8755152514,0.4577586207,0.6011887914
0.9853059053,1063,151,1257,0.8756177924,0.4581896552,0.6015846067
0.9853029251,1064,151,1256,0.8757201646,0.4586206897,0.6019801980
0.9853008389,1065,151,1255,0.8758223684,0.4590517241,0.6023755656
0.9852916002,1066,151,1254,0.8759244043,0.4594827586,0.6027707096
0.9852890372,1067,151,1253,0.8760262726,0.4599137931,0.6031656303
0.9852887988,1068,151,1252,0.8761279737,0.4603448276,0.6035603278
0.9852821827,1069,151,1251,0.8762295082,0.4607758621,0.6039548023
0.9852810502,1069,152,1251,0.8755118755,0.4607758621,0.6037842417
0.9852747917,1070,153,1250,0.8748977923,0.4612068966,0.6040079029
0.9852694869,1071,153,1249,0.8750000000,0.4616379310,0.6044018059
0.9852523804,1072,153,1248,0.8751020408,0.4620689655,0.6047954866
0.9852448106,1073,153,1247,0.8752039152,0.4625000000,0.6051889453
0.9852437973,1073,154,1247,0.8744906275,0.4625000000,0.6050183253
0.9852429628,1074,154,1246,0.8745928339,0.4629310345,0.6054114994
0.9852417111,1075,154,1245,0.8746948739,0.4633620690,0.6058044520
0.9852192402,1076,154,1244,0.8747967480,0.4637931034,0.6061971831
0.9852181077,1078,154,1242,0.8750000000,0.4646551724,0.6069819820
0.9852120876,1078,155,1242,0.8742903487,0.4646551724,0.6068111455
0.9852085114,1078,156,1242,0.8735818476,0.4646551724,0.6066404052
0.9852012992,1079,156,1241,0.8736842105,0.4650862069,0.6070323488
0.9851890802,1079,157,1241,0.8729773463,0.4650862069,0.6068616423
0.9851859212,1080,157,1240,0.8730800323,0.4655172414,0.6072533033
0.9851830602,1081,157,1239,0.8731825525,0.4659482759,0.6076447442
0.9851725101,1082,157,1238,0.8732849072,0.4663793103,0.6080359652
0.9851721525,1083,157,1237,0.8733870968,0.4668103448,0.6084269663
0.9851650000,1084,157,1236,0.8734891217,0.4672413793,0.6088177478
0.9851580262,1084,158,1236,0.8727858293,0.4672413793,0.6086468276
0.9851552844,1085,158,1235,0.8728881738,0.4676724138,0.6090373281
0.9851535559,1087,158,1233,0.8730923695,0.4685344828,0.6098176718
0.9851387143,1089,158,1231,0.8732959102,0.4693965517,0.6105971405
0.9851219654,1090,158,1230,0.8733974359,0.4698275862,0.6109865471
0.9851218462,1091,158,1229,0.8734987990,0.4702586207,0.6113757355
0.9851208925,1092,158,1228,0.8736000000,0.4706896552,0.6117647059
0.9851159453,1093,158,1227,0.8737010392,0.4711206897,0.6121534584
0.9851124883,1094,158,1226,0.8738019169,0.4715517241,0.6125419933
0.9851077199,1095,158,1225,0.8739026337,0.4719827586,0.6129303107
0.9851033092,1096,158,1224,0.8740031898,0.4724137931,0.6133184107
0.9851031899,1096,159,1224,0.8733067729,0.4724137931,0.6131468531
0.9850959182,1096,160,1224,0.8726114650,0.4724137931,0.6129753915
0.9850878119,1097,160,1223,0.8727128083,0.4728448276,0.6133631535
0.9850813746,1098,160,1222,0.8728139905,0.4732758621,0.6137506987
0.9850656390,1099,160,1221,0.8729150119,0.4737068966,0.6141380274
0.9850631952,1099,161,1221,0.8722222222,0.4737068966,0.6139664804
0.9850583076,1100,161,1220,0.8723235527,0.4741379310,0.6143535325
0.9850581884,1101,161,1219,0.8724247227,0.4745689655,0.6147403685
0.9850364923,1102,161,1218,0.8725257324,0.4750000000,0.6151269886
0.9850226045,1103,161,1217,0.8726265823,0.4754310345,0.6155133929
0.9850215316,1104,161,1216,0.8727272727,0.4758620690,0.6158995816
0.9850128889,1105,161,1215,0.8728278041,0.4762931034,0.6162855549
0.9850038290,1107,161,1213,0.8730283912,0.4771551724,0.6170568562
0.9850018620,1108,161,1212,0.8731284476,0.4775862069,0.6174421845
0.9849991202,1110,161,1210,0.8733280881,0.4784482759,0.6182121972
0.9849861264,1111,161,1209,0.8734276730,0.4788793103,0.6185968820
0.9849827886,1111,162,1209,0.8727415554,0.4788793103,0.6184247147
0.9849805832,1112,162,1208,0.8728414443,0.4793103448,0.6188091263
0.9849789739,1112,163,1208,0.8721568627,0.4793103448,0.6186369958
0.9849725962,1112,164,1208,0.8714733542,0.4793103448,0.6184649611
0.9849631190,1113,164,1207,0.8715740016,0.4797413793,0.6188490409
0.9849543571,1114,164,1206,0.8716744914,0.4801724138,0.6192329072
0.9849404693,1115,164,1205,0.8717748241,0.4806034483,0.6196165602
0.9849274158,1116,164,1204,0.8718750000,0.4810344828,0.6200000000
0.9849213958,1116,165,1204,0.8711943794,0.4810344828,0.6198278256
0.9849156141,1117,165,1203,0.8712948518,0.4814655172,0.6202109939
0.9849056602,1117,166,1203,0.8706157443,0.4814655172,0.6200388565
0.9849020839,1117,167,1203,0.8699376947,0.4814655172,0.6198668147
0.9848983884,1118,167,1202,0.8700389105,0.4818965517,0.6202496533
0.9848949313,1120,167,1200,0.8702408702,0.4827586207,0.6210146937
0.9848948121,1121,167,1199,0.8703416149,0.4831896552,0.6213968958
0.9848855734,1122,167,1198,0.8704422033,0.4836206897,0.6217788861
0.9848826528,1124,167,1196,0.8706429125,0.4844827586,0.6225422321
0.9848762751,1125,167,1195,0.8707430341,0.4849137931,0.6229235880
0.9848469496,1126,167,1194,0.8708430008,0.4853448276,0.6233047329
0.9848462343,1127,167,1193,0.8709428130,0.4857758621,0.6236856669
0.9848399758,1128,167,1192,0.8710424710,0.4862068966,0.6240663900
0.9848390818,1129,167,1191,0.8711419753,0.4866379310,0.6244469027
0.9848346710,1130,167,1190,0.8712413261,0.4870689655,0.6248272049
0.9848209023,1130,168,1190,0.8705701079,0.4870689655,0.6246545053
0.9848113060,1130,169,1190,0.8698999230,0.4870689655,0.6244819011
0.9847977757,1130,170,1190,0.8692307692,0.4870689655,0.6243093923
0.9847929478,1131,170,1189,0.8693312836,0.4875000000,0.6246893123
0.9847916365,1131,171,1189,0.8686635945,0.4875000000,0.6245168415
0.9847871661,1132,171,1188,0.8687643899,0.4879310345,0.6248964946
0.9847833514,1133,171,1187,0.8688650307,0.4883620690,0.6252759382
0.9847832322,1133,172,1187,0.8681992337,0.4883620690,0.6251034483
0.9847785830,1134,172,1186,0.8683001531,0.4887931034,0.6254826255
0.9847346544,1135,172,1185,0.8684009181,0.4892241379,0.6258615936
0.9847313166,1136,172,1184,0.8685015291,0.4896551724,0.6262403528
0.9847298265,1137,172,1183,0.8686019862,0.4900862069,0.6266189033
0.9847275019,1137,173,1183,0.8679389313,0.4900862069,0.6264462810
0.9847273827,1138,173,1182,0.8680396644,0.4905172414,0.6268245662
0.9847234488,1138,174,1182,0.8673780488,0.4905172414,0.6266519824
0.9847212434,1139,174,1181,0.8674790556,0.4909482759,0.6270300028
0.9847196341,1140,174,1180,0.8675799087,0.4913793103,0.6274078151
0.9846903682,1141,174,1179,0.8676806084,0.4918103448,0.6277854195
0.9846785069,1141,175,1179,0.8670212766,0.4918103448,0.6276127613
0.9846761823,1141,176,1179,0.8663629461,0.4918103448,0.6274401980
0.9846753478,1141,177,1179,0.8657056146,0.4918103448,0.6272677295
0.9846750498,1141,178,1179,0.8650492798,0.4918103448,0.6270953559
0.9846658707,1142,178,1178,0.8651515152,0.4922413793,0.6274725275
0.9846637845,1143,178,1177,0.8652535958,0.4926724138,0.6278494919
0.9846626520,1144,179,1176,0.8647014361,0.4931034483,0.6280538018
0.9846286774,1145,179,1175,0.8648036254,0.4935344828,0.6284302964
0.9846285582,1146,179,1174,0.8649056604,0.4939655172,0.6288065844
0.9846262336,1147,179,1173,0.8650075415,0.4943965517,0.6291826659
0.9846195579,1148,179,1172,0.8651092690,0.4948275862,0.6295585413
0.9846093655,1149,179,1171,0.8652108434,0.4952586207,0.6299342105
0.9846061468,1150,179,1170,0.8653122649,0.4956896552,0.6303096739
0.9845998883,1151,179,1169,0.8654135338,0.4961206897,0.6306849315
0.9845982790,1152,179,1168,0.8655146506,0.4965517241,0.6310599836
0.9845799208,1153,179,1167,0.8656156156,0.4969827586,0.6314348302
0.9845770001,1154,179,1166,0.8657164291,0.4974137931,0.6318094717
0.9845709801,1155,179,1165,0.8658170915,0.4978448276,0.6321839080
0.9845706820,1156,179,1164,0.8659176030,0.4982758621,0.6325581395
0.9845656753,1157,179,1163,0.8660179641,0.4987068966,0.6329321663
0.9845556617,1157,180,1163,0.8653702319,0.4987068966,0.6327590922
0.9845406413,1158,180,1162,0.8654708520,0.4991379310,0.6331328595
0.9845367074,1167,180,1153,0.8663697105,0.5030172414,0.6364875920
0.9845304489,1169,180,1151,0.8665678280,0.5038793103,0.6372308531
0.9845269918,1170,181,1150,0.8660251665,0.5043103448,0.6374284936
0.9845232964,1171,181,1149,0.8661242604,0.5047413793,0.6377995643
0.9845150709,1172,181,1148,0.8662232077,0.5051724138,0.6381704329
0.9845073223,1173,181,1147,0.8663220089,0.5056034483,0.6385410996
0.9844969511,1174,182,1146,0.8657817109,0.5060344828,0.6387377584
0.9844954610,1175,182,1145,0.8658806190,0.5064655172,0.6391079685
0.9844949841,1176,182,1144,0.8659793814,0.5068965517,0.6394779772
0.9844864011,1177,182,1143,0.8660779985,0.5073275862,0.6398477847
0.9844843745,1178,182,1142,0.8661764706,0.5077586207,0.6402173913
0.9844824076,1179,182,1141,0.8662747979,0.5081896552,0.6405867971
0.9844790101,1179,183,1141,0.8656387665,0.5081896552,0.6404128191
0.9844750166,1180,183,1140,0.8657373441,0.5086206897,0.6407819712
0.9844737053,1180,184,1140,0.8651026393,0.5086206897,0.6406080347
0.9844526649,1181,184,1139,0.8652014652,0.5090517241,0.6409769335
0.9844501615,1182,184,1138,0.8653001464,0.5094827586,0.6413456321
0.9844398499,1183,184,1137,0.8653986832,0.5099137931,0.6417141307
0.9844372272,1184,184,1136,0.8654970760,0.5103448276,0.6420824295
0.9844300747,1185,184,1135,0.8655953251,0.5107758621,0.6424505286
0.9843916893,1186,184,1134,0.8656934307,0.5112068966,0.6428184282
0.9843879938,1187,184,1133,0.8657913931,0.5116379310,0.6431861284
0.9843685627,1188,184,1132,0.8658892128,0.5120689655,0.6435536295
0.9843668342,1189,184,1131,0.8659868900,0.5125000000,0.6439209315
0.9843646884,1190,184,1130,0.8660844250,0.5129310345,0.6442880347
0.9843445420,1190,185,1130,0.8654545455,0.5129310345,0.6441136671
0.9843420386,1191,185,1129,0.8655523256,0.5133620690,0.6444805195
0.9843297601,1192,185,1128,0.8656499637,0.5137931034,0.6448471734
0.9843191504,1193,185,1127,0.8657474601,0.5142241379,0.6452136290
0.9843165874,1194,185,1126,0.8658448151,0.5146551724,0.6455798865
0.9843162894,1195,185,1125,0.8659420290,0.5150862069,0.6459459459
0.9843149781,1196,185,1124,0.8660391021,0.5155172414,0.6463118076
0.9843078256,1197,185,1123,0.8661360347,0.5159482759,0.6466774716
0.9843036532,1199,186,1121,0.8657039711,0.5168103448,0.6472334683
0.9842965007,1200,186,1120,0.8658008658,0.5172413793,0.6475984889
0.9842625856,1201,186,1119,0.8658976208,0.5176724138,0.6479633127
0.9842473269,1201,187,1119,0.8652737752,0.5176724138,0.6477885653
0.9842435122,1202,187,1118,0.8653707703,0.5181034483,0.6481531410
0.9842387438,1203,187,1117,0.8654676259,0.5185344828,0.6485175202
0.9842070341,1204,187,1116,0.8655643422,0.5189655172,0.6488817030
0.9842036963,1205,187,1115,0.8656609195,0.5193965517,0.6492456897
0.9842006564,1206,187,1114,0.8657573582,0.5198275862,0.6496094802
0.9841963053,1207,187,1113,0.8658536585,0.5202586207,0.6499730749
0.9841905236,1208,187,1112,0.8659498208,0.5206896552,0.6503364738
0.9841835499,1209,187,1111,0.8660458453,0.5211206897,0.6506996771
0.9841766357,1210,187,1110,0.8661417323,0.5215517241,0.6510626850
0.9841592312,1211,187,1109,0.8662374821,0.5219827586,0.6514254976
0.9841581583,1211,188,1109,0.8656182988,0.5219827586,0.6512503361
0.9841526151,1212,188,1108,0.8657142857,0.5224137931,0.6516129032
0.9841355681,1213,188,1107,0.8658101356,0.5228448276,0.6519752755
0.9841332436,1214,188,1106,0.8659058488,0.5232758621,0.6523374530
0.9841190577,1215,188,1105,0.8660014255,0.5237068966,0.6526994359
0.9841146469,1215,189,1105,0.8653846154,0.5237068966,0.6525241676
0.9841139317,1216,189,1104,0.8654804270,0.5241379310,0.6528859060
0.9841107130,1217,189,1103,0.8655761024,0.5245689655,0.6532474503
0.9840983748,1218,189,1102,0.8656716418,0.5250000000,0.6536088006
0.9840975404,1219,189,1101,0.8657670455,0.5254310345,0.6539699571
0.9840864539,1221,189,1099,0.8659574468,0.5262931034,0.6546916890
0.9840791821,1222,189,1098,0.8660524451,0.5267241379,0.6550522648
0.9840767980,1223,189,1097,0.8661473088,0.5271551724,0.6554126474
0.9840757251,1224,190,1096,0.8656294201,0.5275862069,0.6555972148
0.9840745926,1225,190,1095,0.8657243816,0.5280172414,0.6559571620
0.9840690494,1226,190,1094,0.8658192090,0.5284482759,0.6563169165
0.9840674400,1227,190,1093,0.8659139026,0.5288793103,0.6566764785
0.9840556383,1228,190,1092,0.8660084626,0.5293103448,0.6570358480
0.9840536714,1229,190,1091,0.8661028894,0.5297413793,0.6573950254
0.9840293527,1230,190,1090,0.8661971831,0.5301724138,0.6577540107
0.9840190411,1231,190,1089,0.8662913441,0.5306034483,0.6581128041
0.9840054512,1232,190,1088,0.8663853727,0.5310344828,0.6584714057
0.9839965701,1233,190,1087,0.8664792691,0.5314655172,0.6588298157
0.9839832783,1233,191,1087,0.8658707865,0.5314655172,0.6586538462
0.9839826822,1234,191,1086,0.8659649123,0.5318965517,0.6590120160
0.9839443564,1234,192,1086,0.8653576438,0.5318965517,0.6588360918
0.9839385152,1234,193,1086,0.8647512263,0.5318965517,0.6586602615
0.9839316010,1235,193,1085,0.8648459384,0.5323275862,0.6590181430
0.9839279056,1236,193,1084,0.8649405178,0.5327586207,0.6593758336
0.9839225411,1237,193,1083,0.8650349650,0.5331896552,0.6597333333
0.9839210510,1237,194,1083,0.8644304682,0.5331896552,0.6595574513
0.9839148521,1238,194,1082,0.8645251397,0.5336206897,0.6599147122
0.9838868976,1239,194,1081,0.8646196790,0.5340517241,0.6602717826
0.9838824272,1239,195,1081,0.8640167364,0.5340517241,0.6600958977
0.9838643074,1240,195,1080,0.8641114983,0.5344827586,0.6604527297
0.9838573933,1240,196,1080,0.8635097493,0.5344827586,0.6602768903
0.9838549495,1241,196,1079,0.8636047321,0.5349137931,0.6606334842
0.9838535786,1242,196,1078,0.8636995828,0.5353448276,0.6609898882
0.9838418961,1243,196,1077,0.8637943016,0.5357758621,0.6613461027
0.9838383198,1245,196,1075,0.8639833449,0.5366379310,0.6620579633
0.9838330150,1245,197,1075,0.8633841886,0.5366379310,0.6618819777
0.9838281870,1246,197,1074,0.8634788635,0.5370689655,0.6622375764
0.9838019609,1247,197,1073,0.8635734072,0.5375000000,0.6625929862
0.9837821126,1247,198,1073,0.8629757785,0.5375000000,0.6624169987
0.9837790132,1248,198,1072,0.8630705394,0.5379310345,0.6627721721
0.9837691188,1249,198,1071,0.8631651693,0.5383620690,0.6631271569
0.9837647080,1250,198,1070,0.8632596685,0.5387931034,0.6634819533
0.9837644696,1250,199,1070,0.8626639061,0.5387931034,0.6633059167
0.9837639332,1251,199,1069,0.8627586207,0.5392241379,0.6636604775
0.9837581515,1253,199,1067,0.8629476584,0.5400862069,0.6643690350
0.9837536216,1255,199,1065,0.8631361761,0.5409482759,0.6650768415
0.9837412834,1255,200,1065,0.8625429553,0.5409482759,0.6649006623
0.9837411642,1256,200,1064,0.8626373626,0.5413793103,0.6652542373
0.9837363362,1260,200,1060,0.8630136986,0.5431034483,0.6666666667
0.9837344885,1261,200,1059,0.8631074606,0.5435344828,0.6670193071
0.9837126732,1261,201,1059,0.8625170999,0.5435344828,0.6668429402
0.9837094545,1262,201,1058,0.8626110731,0.5439655172,0.6671953476
0.9836935401,1263,201,1057,0.8627049180,0.5443965517,0.6675475687
0.9836888313,1264,201,1056,0.8627986348,0.5448275862,0.6678996037
0.9836856723,1264,202,1056,0.8622100955,0.5448275862,0.6677231907
0.9836627245,1265,202,1055,0.8623040218,0.5452586207,0.6680749934
0.9836544394,1265,203,1055,0.8617166213,0.5452586207,0.6678986272
0.9836484194,1266,203,1054,0.8618107556,0.5456896552,0.6682501979
0.9836456776,1267,203,1053,0.8619047619,0.5461206897,0.6686015831
0.9836010337,1268,203,1052,0.8619986404,0.5465517241,0.6689527829
0.9835736156,1269,203,1051,0.8620923913,0.5469827586,0.6693037975
0.9835506678,1270,203,1050,0.8621860149,0.5474137931,0.6696546269
0.9835489988,1271,203,1049,0.8622795115,0.5478448276,0.6700052715
0.9835477471,1272,203,1048,0.8623728814,0.5482758621,0.6703557312
0.9835230708,1272,204,1048,0.8617886179,0.5482758621,0.6701791359
0.9835109711,1273,204,1047,0.8618821936,0.5487068966,0.6705293653
0.9834986329,1274,204,1046,0.8619756428,0.5491379310,0.6708794102
0.9834973812,1277,204,1043,0.8622552330,0.5504310345,0.6719284399
0.9834575653,1278,204,1042,0.8623481781,0.5508620690,0.6722777486
0.9834567904,1279,204,1041,0.8624409980,0.5512931034,0.6726268735
0.9834554195,1280,204,1040,0.8625336927,0.5517241379,0.6729758149
0.9834471941,1280,205,1040,0.8619528620,0.5517241379,0.6727989488
0.9834460616,1280,206,1040,0.8613728129,0.5517241379,0.6726221755
0.9834274650,1280,207,1040,0.8607935440,0.5517241379,0.6724454951
0.9834228754,1281,207,1039,0.8608870968,0.5521551724,0.6727941176
0.9834185243,1282,207,1038,0.8609805238,0.5525862069,0.6731425571
0.9833995700,1282,208,1038,0.8604026846,0.5525862069,0.6729658793
0.9833976626,1283,208,1037,0.8604963112,0.5530172414,0.6733140908
0.9833956957,1284,209,1036,0.8600133958,0.5534482759,0.6734854445
0.9833955765,1285,209,1035,0.8601070950,0.5538793103,0.6738332459
0.9833822846,1288,209,1032,0.8603874415,0.5551724138,0.6748755567
0.9833800197,1289,209,1031,0.8604806409,0.5556034483,0.6752226296
0.9833635092,1289,210,1031,0.8599066044,0.5556034483,0.6750458235
0.9833539724,1290,210,1030,0.8600000000,0.5560344828,0.6753926702
0.9833520055,1291,210,1029,0.8600932712,0.5564655172,0.6757393353
0.9833508134,1292,211,1028,0.8596141051,0.5568965517,0.6759089720
0.9833420515,1293,211,1027,0.8597074468,0.5573275862,0.6762552301
0.9833301902,1294,211,1026,0.8598006645,0.5577586207,0.6766013072
0.9833242297,1295,212,1025,0.8593231586,0.5581896552,0.6767703162
0.9833193421,1296,212,1024,0.8594164456,0.5586206897,0.6771159875
0.9833071232,1297,212,1023,0.8595096090,0.5590517241,0.6774614782
0.9833045006,1298,212,1022,0.8596026490,0.5594827586,0.6778067885
0.9833022952,1299,212,1021,0.8596955659,0.5599137931,0.6781519186
0.9832900763,1300,212,1020,0.8597883598,0.5603448276,0.6784968685
0.9832890630,1301,212,1019,0.8598810311,0.5607758621,0.6788416384
0.9832694530,1301,213,1019,0.8593130779,0.5607758621,0.6786645801
0.9832540154,1302,213,1018,0.8594059406,0.5612068966,0.6790091265
0.9832474589,1303,213,1017,0.8594986807,0.5616379310,0.6793534932
0.9832042456,1304,213,1016,0.8595912986,0.5620689655,0.6796976805
0.9832005501,1305,213,1015,0.8596837945,0.5625000000,0.6800416884
0.9831950068,1306,213,1014,0.8597761685,0.5629310345,0.6803855171
0.9831831455,1307,213,1013,0.8598684211,0.5633620690,0.6807291667
0.9831559658,1308,213,1012,0.8599605523,0.5637931034,0.6810726373
0.9831528068,1309,213,1011,0.8600525624,0.5642241379,0.6814159292
0.9831454754,1310,213,1010,0.8601444517,0.5646551724,0.6817590424
0.9831369519,1311,213,1009,0.8602362205,0.5650862069,0.6821019771
0.9831194282,1312,213,1008,0.8603278689,0.5655172414,0.6824447334
0.9831178188,1313,213,1007,0.8604193971,0.5659482759,0.6827873115
0.9831171036,1313,214,1007,0.8598559267,0.5659482759,0.6826098258
0.9830969572,1314,214,1006,0.8599476440,0.5663793103,0.6829521830
0.9830930233,1315,214,1005,0.8600392413,0.5668103448,0.6832943622
0.9830885530,1317,214,1003,0.8602220771,0.5676724138,0.6839781875
0.9830763340,1318,214,1002,0.8603133159,0.5681034483,0.6843198339
0.9830616713,1319,214,1001,0.8604044357,0.5685344828,0.6846613029
0.9830590487,1320,214,1000,0.8604954368,0.5689655172,0.6850025947
0.9830515385,1321,214,999,0.8605863192,0.5693965517,0.6853437095
0.9830500484,1322,214,998,0.8606770833,0.5698275862,0.6856846473
0.9830495119,1322,215,998,0.8601171113,0.5698275862,0.6855068706
0.9830414057,1323,215,997,0.8602080624,0.5702586207,0.6858475894
0.9830403924,1324,215,996,0.8602988954,0.5706896552,0.6861881316
0.9830275774,1325,215,995,0.8603896104,0.5711206897,0.6865284974
0.9830242395,1326,215,994,0.8604802077,0.5715517241,0.6868686869
0.9830130935,1326,216,994,0.8599221790,0.5715517241,0.6866908338
0.9829997420,1327,216,993,0.8600129618,0.5719827586,0.6870308051
0.9829797745,1328,216,992,0.8601036269,0.5724137931,0.6873706004
0.9829764366,1329,216,991,0.8601941748,0.5728448276,0.6877102199
0.9829751849,1330,216,990,0.8602846054,0.5732758621,0.6880496637
0.9829519391,1331,216,989,0.8603749192,0.5737068966,0.6883889320
0.9829280972,1332,216,988,0.8604651163,0.5741379310,0.6887280248
0.9829244018,1333,216,987,0.8605551969,0.5745689655,0.6890669424
0.9829181433,1333,217,987,0.8600000000,0.5745689655,0.6888888889
0.9829026461,1333,218,987,0.8594455190,0.5745689655,0.6887109274
0.9828925133,1334,218,986,0.8595360825,0.5750000000,0.6890495868
0.9828877449,1335,218,985,0.8596265293,0.5754310345,0.6893880713
0.9828806520,1335,219,985,0.8590733591,0.5754310345,0.6892101187
0.9828752279,1336,219,984,0.8591639871,0.5758620690,0.6895483871
0.9828699231,1336,220,984,0.8586118252,0.5758620690,0.6893704850
0.9828542471,1337,220,983,0.8587026333,0.5762931034,0.6897085375
0.9828292727,1338,220,982,0.8587933248,0.5767241379,0.6900464157
0.9828221202,1339,220,981,0.8588838999,0.5771551724,0.6903841196
0.9828147292,1340,220,980,0.8589743590,0.5775862069,0.6907216495
0.9828113914,1341,220,979,0.8590647021,0.5780172414,0.6910590054
0.9827977419,1342,220,978,0.8591549296,0.5784482759,0.6913961875
0.9827883840,1342,221,978,0.8586052463,0.5784482759,0.6912181303
0.9827802181,1343,221,977,0.8586956522,0.5788793103,0.6915550978
0.9827772379,1344,221,976,0.8587859425,0.5793103448,0.6918918919
0.9827749133,1345,221,975,0.8588761175,0.5797413793,0.6922285126
0.9827702045,1346,221,974,0.8589661774,0.5801724138,0.6925649601
0.9827582240,1346,222,974,0.8584183673,0.5801724138,0.6923868313
0.9827395678,1347,222,973,0.8585086042,0.5806034483,0.6927230651
0.9827328920,1348,222,972,0.8585987261,0.5810344828,0.6930591260
0.9827306867,1349,222,971,0.8586887333,0.5814655172,0.6933950141
0.9827297926,1349,223,971,0.8581424936,0.5814655172,0.6932168551
0.9827206731,1350,223,970,0.8582326764,0.5818965517,0.6935525302
0.9827179313,1351,223,969,0.8583227446,0.5823275862,0.6938880329
0.9827151895,1352,223,968,0.8584126984,0.5827586207,0.6942233633
0.9827123880,1353,223,967,0.8585025381,0.5831896552,0.6945585216
0.9827075601,1354,223,966,0.8585922638,0.5836206897,0.6948935078
0.9826968908,1356,223,964,0.8587713743,0.5844827586,0.6955629649
0.9826768041,1356,224,964,0.8582278481,0.5844827586,0.6953846154
0.9826706052,1357,224,963,0.8583175206,0.5849137931,0.6957190464
0.9826534390,1358,224,962,0.8584070796,0.5853448276,0.6960533060
0.9826449752,1359,224,961,0.8584965256,0.5857758621,0.6963873943
0.9826369882,1359,225,961,0.8579545455,0.5857758621,0.6962090164
0.9826042056,1360,225,960,0.8580441640,0.5862068966,0.6965428937
0.9826023579,1361,225,959,0.8581336696,0.5866379310,0.6968766001
0.9826017618,1361,226,959,0.8575929427,0.5866379310,0.6966982339
0.9825952053,1361,227,959,0.8570528967,0.5866379310,0.6965199591
0.9825822115,1362,227,958,0.8571428571,0.5870689655,0.6968534152
0.9825819731,1363,228,957,0.8566939032,0.5875000000,0.6970084377
0.9825739264,1364,228,956,0.8567839196,0.5879310345,0.6973415133
0.9825654030,1365,228,955,0.8568738230,0.5883620690,0.6976744186
0.9825631976,1366,228,954,0.8569636136,0.5887931034,0.6980071538
0.9825587273,1367,228,953,0.8570532915,0.5892241379,0.6983397190
0.9825528860,1368,228,952,0.8571428571,0.5896551724,0.6986721144
0.9825504422,1369,228,951,0.8572323106,0.5900862069,0.6990043401
0.9825434089,1370,228,950,0.8573216521,0.5905172414,0.6993363961
0.9825388193,1371,228,949,0.8574108818,0.5909482759,0.6996682827
0.9824886322,1372,228,948,0.8575000000,0.5913793103,0.7000000000
0.9824790955,1373,228,947,0.8575890069,0.5918103448,0.7003315481
0.9824741483,1374,228,946,0.8576779026,0.5922413793,0.7006629271
0.9824640155,1375,228,945,0.8577666875,0.5926724138,0.7009941371
0.9824522734,1376,228,944,0.8578553616,0.5931034483,0.7013251784
0.9824455976,1377,228,943,0.8579439252,0.5935344828,0.7016560510
0.9824365377,1378,228,942,0.8580323786,0.5939655172,0.7019867550
0.9824340940,1378,229,942,0.8574984443,0.5939655172,0.7018079959
0.9824314713,1379,229,941,0.8575870647,0.5943965517,0.7021384929
0.9824255705,1382,229,938,0.8578522657,0.5956896552,0.7031289748
0.9824113250,1383,229,937,0.8579404467,0.5961206897,0.7034587996
0.9824075103,1384,229,936,0.8580285183,0.5965517241,0.7037884566
0.9824031591,1385,229,935,0.8581164808,0.5969827586,0.7041179461
0.9823915362,1386,229,934,0.8582043344,0.5974137931,0.7044472681
0.9823892713,1387,229,933,0.8582920792,0.5978448276,0.7047764228
0.9823827147,1388,229,932,0.8583797155,0.5982758621,0.7051054102
0.9823776484,1389,229,931,0.8584672435,0.5987068966,0.7054342306
0.9823561311,1390,229,930,0.8585546634,0.5991379310,0.7057628840
0.9823530912,1391,229,929,0.8586419753,0.5995689655,0.7060913706
0.9823523164,1392,229,928,0.8587291795,0.6000000000,0.7064196904
0.9823480844,1393,229,927,0.8588162762,0.6004310345,0.7067478437
0.9823474884,1394,229,926,0.8589032656,0.6008620690,0.7070758306
0.9823452830,1395,229,925,0.8589901478,0.6012931034,0.7074036511
0.9823296666,1395,230,925,0.8584615385,0.6012931034,0.7072243346
0.9823226333,1396,230,924,0.8585485855,0.6017241379,0.7075519513
0.9823185802,1397,230,923,0.8586355255,0.6021551724,0.7078794021
0.9823170900,1398,230,922,0.8587223587,0.6025862069,0.7082066869
0.9823166728,1398,231,922,0.8581952118,0.6025862069,0.7080273487
0.9823111296,1400,231,920,0.8583690987,0.6034482759,0.7086813465
0.9823036790,1401,231,919,0.8584558824,0.6038793103,0.7090080972
0.9823020697,1401,232,919,0.8579301898,0.6038793103,0.7088287377
0.9822997451,1402,232,918,0.8580171359,0.6043103448,0.7091552858
0.9822991490,1403,232,917,0.8581039755,0.6047413793,0.7094816688
0.9822940826,1404,232,916,0.8581907090,0.6051724138,0.7098078868
0.9822888374,1404,233,916,0.8576664630,0.6051724138,0.7096285064
0.9822834134,1405,233,915,0.8577533578,0.6056034483,0.7099545225
0.9822821617,1406,233,914,0.8578401464,0.6060344828,0.7102803738
0.9822791815,1407,233,913,0.8579268293,0.6064655172,0.7106060606
0.9822722673,1409,233,911,0.8580998782,0.6073275862,0.7112569409
0.9822638631,1410,234,910,0.8576642336,0.6077586207,0.7114026236
0.9822618961,1410,235,910,0.8571428571,0.6077586207,0.7112232030
0.9822607636,1411,235,909,0.8572296476,0.6081896552,0.7115481594
0.9822521210,1412,235,908,0.8573163327,0.6086206897,0.7118729519
0.9822461605,1413,235,907,0.8574029126,0.6090517241,0.7121975806
0.9822459221,1414,235,906,0.8574893875,0.6094827586,0.7125220459
0.9822008610,1415,235,905,0.8575757576,0.6099137931,0.7128463476
0.9821953177,1416,235,904,0.8576620230,0.6103448276,0.7131704860
0.9821935892,1416,236,904,0.8571428571,0.6103448276,0.7129909366
0.9821903706,1416,237,904,0.8566243194,0.6103448276,0.7128114775
0.9821872711,1416,238,904,0.8561064087,0.6103448276,0.7126321087
0.9821866751,1417,238,903,0.8561933535,0.6107758621,0.7129559748
0.9821795821,1418,238,902,0.8562801932,0.6112068966,0.7132796781
0.9821695685,1419,238,901,0.8563669282,0.6116379310,0.7136032185
0.9821519852,1420,238,900,0.8564535585,0.6120689655,0.7139265963
0.9821202159,1421,239,899,0.8560240964,0.6125000000,0.7140703518
0.9821026325,1422,239,898,0.8561107766,0.6129310345,0.7143933685
0.9820901155,1423,239,897,0.8561973526,0.6133620690,0.7147162230
0.9820753932,1424,239,896,0.8562838244,0.6137931034,0.7150389154
0.9820672274,1424,240,896,0.8557692308,0.6137931034,0.7148594378
0.9820354581,1425,240,895,0.8558558559,0.6142241379,0.7151819322
0.9820252657,1426,240,894,0.8559423770,0.6146551724,0.7155042649
0.9820178747,1427,240,893,0.8560287942,0.6150862069,0.7158264359
0.9820113182,1430,241,890,0.8557749850,0.6163793103,0.7166123779
0.9819892645,1431,241,889,0.8558612440,0.6168103448,0.7169338677
0.9819745421,1432,241,888,0.8559473999,0.6172413793,0.7172551966
0.9819681048,1432,242,888,0.8554360812,0.6172413793,0.7170756134
0.9819627404,1433,242,887,0.8555223881,0.6176724138,0.7173967459
0.9819496274,1435,242,885,0.8556946929,0.6185344828,0.7180385289
0.9819428325,1435,243,885,0.8551847437,0.6185344828,0.7178589295
0.9819269776,1436,243,884,0.8552709946,0.6189655172,0.7181795449
0.9819060564,1437,243,883,0.8553571429,0.6193965517,0.7185000000
0.9818680286,1438,243,882,0.8554431886,0.6198275862,0.7188202949
0.9818675518,1439,243,881,0.8555291320,0.6202586207,0.7191404298
0.9818609953,1440,243,880,0.8556149733,0.6206896552,0.7194604047
0.9818098545,1440,244,880,0.8551068884,0.6206896552,0.7192807193
0.9818058610,1441,244,879,0.8551928783,0.6211206897,0.7196004994
0.9818034172,1442,244,878,0.8552787663,0.6215517241,0.7199201198
0.9818004370,1443,244,877,0.8553645525,0.6219827586,0.7202395807
0.9817892909,1444,244,876,0.8554502370,0.6224137931,0.7205588822
0.9817875624,1445,244,875,0.8555358200,0.6228448276,0.7208780244
0.9817624092,1445,245,875,0.8550295858,0.6228448276,0.7206982544
0.9817479253,1446,245,874,0.8551153164,0.6232758621,0.7210172027
0.9817064404,1447,245,873,0.8552009456,0.6237068966,0.7213359920
0.9817039371,1448,245,872,0.8552864737,0.6241379310,0.7216546225
0.9816868305,1449,245,871,0.8553719008,0.6245689655,0.7219730942
0.9816849828,1450,245,870,0.8554572271,0.6250000000,0.7222914072
0.9816789031,1451,245,869,0.8555424528,0.6254310345,0.7226095618
0.9816750884,1451,246,869,0.8550383029,0.6254310345,0.7224296739
0.9816432595,1451,247,869,0.8545347468,0.6254310345,0.7222498756
0.9816346765,1451,248,869,0.8540317834,0.6254310345,0.7220701667
0.9816312194,1452,248,868,0.8541176471,0.6258620690,0.7223880597
0.9816132784,1453,248,867,0.8542034098,0.6262931034,0.7227057946
0.9816023707,1453,249,867,0.8537015276,0.6262931034,0.7225261064
0.9815905690,1454,249,866,0.8537874339,0.6267241379,0.7228436490
0.9815815687,1454,250,866,0.8532863850,0.6267241379,0.7226640159
0.9815770984,1455,250,865,0.8533724340,0.6271551724,0.7229813665
0.9815659523,1456,250,864,0.8534583822,0.6275862069,0.7232985594
0.9815620780,1457,250,863,0.8535442296,0.6280172414,0.7236155947
0.9815477133,1458,250,862,0.8536299766,0.6284482759,0.7239324727
0.9815458655,1459,250,861,0.8537156232,0.6288793103,0.7242491933
0.9815443754,1460,250,860,0.8538011696,0.6293103448,0.7245657568
0.9815210700,1462,250,858,0.8539719626,0.6301724138,0.7251984127
0.9815133810,1463,250,857,0.8540572096,0.6306034483,0.7255145053
0.9815053344,1464,251,856,0.8536443149,0.6310344828,0.7256505576
0.9814707637,1465,251,855,0.8537296037,0.6314655172,0.7259663033
0.9814706445,1466,251,854,0.8538147932,0.6318965517,0.7262818925
0.9814661741,1466,252,854,0.8533178114,0.6318965517,0.7261020307
0.9814513326,1467,252,853,0.8534031414,0.6323275862,0.7264174301
0.9814420342,1468,252,852,0.8534883721,0.6327586207,0.7267326733
0.9814343452,1468,253,852,0.8529924463,0.6327586207,0.7265528335
0.9814134836,1469,253,851,0.8530778165,0.6331896552,0.7268678872
0.9814064503,1470,253,850,0.8531630876,0.6336206897,0.7271827851
0.9813893437,1470,254,850,0.8526682135,0.6336206897,0.7270029674
0.9813742042,1471,254,849,0.8527536232,0.6340517241,0.7273176761
0.9813736081,1471,255,849,0.8522595597,0.6340517241,0.7271379140
0.9813649058,1471,256,849,0.8517660683,0.6340517241,0.7269582407
0.9813637733,1471,257,849,0.8512731481,0.6340517241,0.7267786561
0.9813531637,1472,257,848,0.8513591671,0.6344827586,0.7270931094
0.9813455939,1473,257,847,0.8514450867,0.6349137931,0.7274074074
0.9813443422,1473,258,847,0.8509532062,0.6349137931,0.7272278450
0.9813375473,1474,258,846,0.8510392610,0.6353448276,0.7275419546
0.9813281298,1475,258,845,0.8511252164,0.6357758621,0.7278559092
0.9813235402,1476,258,844,0.8512110727,0.6362068966,0.7281697089
0.9813112617,1477,258,843,0.8512968300,0.6366379310,0.7284833539
0.9813089967,1478,258,842,0.8513824885,0.6370689655,0.7287968442
0.9813045263,1479,258,841,0.8514680484,0.6375000000,0.7291101799
0.9812840819,1480,258,840,0.8515535098,0.6379310345,0.7294233613
0.9812713265,1481,258,839,0.8516388729,0.6383620690,0.7297363883
0.9812637568,1482,258,838,0.8517241379,0.6387931034,0.7300492611
0.9812394381,1482,259,838,0.8512349225,0.6387931034,0.7298694903
0.9812229276,1483,259,837,0.8513203215,0.6392241379,0.7301821763
0.9812005162,1484,259,836,0.8514056225,0.6396551724,0.7304947083
0.9811940789,1485,260,835,0.8510028653,0.6400862069,0.7306273063
0.9811929464,1486,260,834,0.8510882016,0.6405172414,0.7309394983
0.9811723828,1486,261,834,0.8506010303,0.6405172414,0.7307597738
0.9811607003,1487,261,833,0.8506864989,0.6409482759,0.7310717797
0.9811393619,1488,261,832,0.8507718696,0.6413793103,0.7313836323
0.9811228514,1489,261,831,0.8508571429,0.6418103448,0.7316953317
0.9811060429,1490,261,830,0.8509423187,0.6422413793,0.7320068779
0.9810984731,1491,261,829,0.8510273973,0.6426724138,0.7323182711
0.9810757637,1492,261,828,0.8511123788,0.6431034483,0.7326295114
0.9810756445,1494,261,826,0.8512820513,0.6439655172,0.7332515337
0.9810676575,1494,262,826,0.8507972665,0.6439655172,0.7330716389
0.9810663462,1494,263,826,0.8503130336,0.6439655172,0.7328918322
0.9810650945,1495,263,825,0.8503981797,0.6443965517,0.7332025503
0.9810603857,1496,263,824,0.8504832291,0.6448275862,0.7335131160
0.9810494781,1497,263,823,0.8505681818,0.6452586207,0.7338235294
0.9810398817,1497,264,823,0.8500851789,0.6452586207,0.7336437148
0.9809902906,1498,264,822,0.8501702611,0.6456896552,0.7339539441
0.9809746742,1499,264,821,0.8502552467,0.6461206897,0.7342640216
0.9809412360,1501,264,819,0.8504249292,0.6469827586,0.7348837209
0.9809381962,1502,264,818,0.8505096263,0.6474137931,0.7351933431
0.9809355736,1503,264,817,0.8505942275,0.6478448276,0.7355028138
0.9809289575,1504,264,816,0.8506787330,0.6482758621,0.7358121331
0.9809009433,1505,264,815,0.8507631430,0.6487068966,0.7361213011
0.9808850884,1506,264,814,0.8508474576,0.6491379310,0.7364303178
0.9808812141,1507,264,813,0.8509316770,0.6495689655,0.7367391836
0.9808787107,1508,264,812,0.8510158014,0.6500000000,0.7370478983
0.9808728695,1509,264,811,0.8510998308,0.6504310345,0.7373564623
0.9808722734,1509,265,811,0.8506200676,0.6504310345,0.7371763556
0.9808592200,1510,265,810,0.8507042254,0.6508620690,0.7374847375
0.9808568954,1511,265,809,0.8507882883,0.6512931034,0.7377929688
0.9807965755,1511,266,809,0.8503095104,0.6512931034,0.7376128875
0.9807901382,1511,267,809,0.8498312711,0.6512931034,0.7374328941
0.9807764888,1512,267,808,0.8499156830,0.6517241379,0.7377409124
0.9807738662,1513,267,807,0.8500000000,0.6521551724,0.7380487805
0.9807720184,1513,268,807,0.8495227400,0.6521551724,0.7378688125
0.9807597995,1514,268,806,0.8496071829,0.6525862069,0.7381764993
0.9807432890,1514,269,806,0.8491306786,0.6525862069,0.7379965879
0.9807354808,1514,270,806,0.8486547085,0.6525862069,0.7378167641
0.9807251692,1515,270,805,0.8487394958,0.6530172414,0.7381242387
0.9807127714,1515,271,805,0.8482642777,0.6530172414,0.7379444715
0.9807118177,1516,271,804,0.8483491886,0.6534482759,0.7382517653
0.9806936383,1517,271,803,0.8484340045,0.6538793103,0.7385589094
0.9806919098,1517,272,803,0.8479597541,0.6538793103,0.7383791677
0.9806830883,1518,272,802,0.8480446927,0.6543103448,0.7386861314
0.9806383848,1521,272,799,0.8482989403,0.6556034483,0.7396061269
0.9806137085,1522,272,798,0.8483835006,0.6560344828,0.7399124939
0.9806116223,1523,272,797,0.8484679666,0.6564655172,0.7402187120
0.9806094766,1524,272,796,0.8485523385,0.6568965517,0.7405247813
0.9805681109,1525,272,795,0.8486366166,0.6573275862,0.7408307020
0.9805527329,1525,273,795,0.8481646274,0.6573275862,0.7406508014
0.9805511236,1526,273,794,0.8482490272,0.6577586207,0.7409565429
0.9805414677,1526,274,794,0.8477777778,0.6577586207,0.7407766990
0.9805354476,1527,274,793,0.8478622987,0.6581896552,0.7410822616
0.9805189371,1528,275,792,0.8474764282,0.6586206897,0.7412078584
0.9805176854,1529,275,791,0.8475609756,0.6590517241,0.7415130941
0.9805072546,1530,275,790,0.8476454294,0.6594827586,0.7418181818
0.9804967046,1531,275,789,0.8477297896,0.6599137931,0.7421231217
0.9804587364,1532,275,788,0.8478140564,0.6603448276,0.7424279137
0.9804551005,1533,275,787,0.8478982301,0.6607758621,0.7427325581
0.9804462790,1533,276,787,0.8474295191,0.6607758621,0.7425526762
0.9804418087,1533,277,787,0.8469613260,0.6607758621,0.7423728814
0.9804410934,1534,277,786,0.8470458310,0.6612068966,0.7426773178
0.9804179668,1534,278,786,0.8465783664,0.6612068966,0.7424975799
0.9804038405,1534,279,786,0.8461114175,0.6612068966,0.7423179289
0.9803938866,1535,279,785,0.8461962514,0.6616379310,0.7426221577
0.9803792238,1536,279,784,0.8462809917,0.6620689655,0.7429262394
0.9803395867,1537,279,783,0.8463656388,0.6625000000,0.7432301741
0.9803384542,1538,279,782,0.8464501926,0.6629310345,0.7435339618
0.9803322554,1539,279,781,0.8465346535,0.6633620690,0.7438376027
0.9802950025,1540,279,780,0.8466190214,0.6637931034,0.7441410969
0.9802717566,1540,280,780,0.8461538462,0.6637931034,0.7439613527
0.9802556038,1540,281,780,0.8456891818,0.6637931034,0.7437816952
0.9802536964,1541,281,779,0.8457738749,0.6642241379,0.7440849831
0.9802035093,1541,282,779,0.8453099287,0.6642241379,0.7439053826
0.9801938534,1543,282,777,0.8454794521,0.6650862069,0.7445114596
0.9801852703,1544,282,776,0.8455640745,0.6655172414,0.7448142788
0.9801732898,1544,283,776,0.8451012589,0.6655172414,0.7446346757
0.9801663756,1544,284,776,0.8446389497,0.6655172414,0.7444551591
0.9801644683,1545,284,775,0.8447238928,0.6659482759,0.7447577730
0.9801257253,1546,284,774,0.8448087432,0.6663793103,0.7450602410
0.9801241159,1547,285,773,0.8444323144,0.6668103448,0.7451830443
0.9801178575,1547,286,773,0.8439716312,0.6668103448,0.7450036118
0.9800998569,1548,286,772,0.8440567067,0.6672413793,0.7453057294
0.9800962806,1548,287,772,0.8435967302,0.6672413793,0.7451263538
0.9800934196,1549,287,771,0.8436819172,0.6676724138,0.7454282964
0.9800884128,1550,287,770,0.8437670114,0.6681034483,0.7457300938
0.9800186753,1551,287,769,0.8438520131,0.6685344828,0.7460317460
0.9800072312,1551,288,769,0.8433931485,0.6685344828,0.7458523684
0.9799892306,1552,288,768,0.8434782609,0.6689655172,0.7461538462
0.9799822569,1552,289,768,0.8430200978,0.6689655172,0.7459745254
0.9799262881,1552,290,768,0.8425624321,0.6689655172,0.7457952907
0.9798801541,1553,290,767,0.8426478568,0.6693965517,0.7460965650
0.9798749089,1554,290,766,0.8427331887,0.6698275862,0.7463976945
0.9798380136,1555,290,765,0.8428184282,0.6702586207,0.7466986795
0.9798187017,1556,290,764,0.8429035753,0.6706896552,0.7469995199
0.9798066616,1557,290,763,0.8429886302,0.6711206897,0.7473002160
0.9797921181,1558,290,762,0.8430735931,0.6715517241,0.7476007678
0.9797909856,1558,291,762,0.8426176312,0.6715517241,0.7474214440
0.9797719121,1559,291,761,0.8427027027,0.6719827586,0.7477218225
0.9797629714,1561,291,759,0.8428725702,0.6728448276,0.7483221477
0.9797604680,1562,291,758,0.8429573664,0.6732758621,0.7486220944
0.9797344804,1563,291,757,0.8430420712,0.6737068966,0.7489218975
0.9797120690,1563,292,757,0.8425876011,0.6737068966,0.7487425150
0.9797010422,1564,292,756,0.8426724138,0.6741379310,0.7490421456
0.9796962738,1565,292,755,0.8427571352,0.6745689655,0.7493416328
0.9796684384,1566,292,754,0.8428417653,0.6750000000,0.7496409765
0.9796682000,1567,292,753,0.8429263045,0.6754310345,0.7499401771
0.9796485305,1567,293,753,0.8424731183,0.6754310345,0.7497607656
0.9796136618,1567,294,753,0.8420204191,0.6754310345,0.7495814398
0.9796041250,1568,294,752,0.8421052632,0.6758620690,0.7498804400
0.9795942903,1568,295,752,0.8416532475,0.6758620690,0.7497011714
0.9795910120,1568,296,752,0.8412017167,0.6758620690,0.7495219885
0.9795886874,1569,296,751,0.8412868633,0.6762931034,0.7498207885
0.9795824289,1569,297,751,0.8408360129,0.6762931034,0.7496416627
0.9795058966,1570,297,750,0.8409212641,0.6767241379,0.7499402914
0.9795000553,1571,297,749,0.8410064240,0.6771551724,0.7502387775
0.9794841409,1571,298,749,0.8405564473,0.6771551724,0.7500596801
0.9794416428,1571,299,749,0.8401069519,0.6771551724,0.7498806683
0.9794125557,1572,299,748,0.8401924105,0.6775862069,0.7501789549
0.9793946147,1573,299,747,0.8402777778,0.6780172414,0.7504770992
0.9793933630,1573,300,747,0.8398291511,0.6780172414,0.7502981159
0.9793739319,1574,300,746,0.8399146211,0.6784482759,0.7505960897
0.9793378115,1575,300,745,0.8400000000,0.6788793103,0.7508939213
0.9793367386,1576,300,744,0.8400852878,0.6793103448,0.7511916111
0.9793144464,1577,300,743,0.8401704848,0.6797413793,0.7514891589
0.9793084264,1578,300,742,0.8402555911,0.6801724138,0.7517865650
0.9792925119,1579,300,741,0.8403406067,0.6806034483,0.7520838295
0.9792891145,1580,300,740,0.8404255319,0.6810344828,0.7523809524
0.9792764187,1581,300,739,0.8405103668,0.6814655172,0.7526779338
0.9792753458,1582,300,738,0.8405951116,0.6818965517,0.7529747739
0.9792743325,1583,300,737,0.8406797663,0.6823275862,0.7532714728
0.9792737961,1583,301,737,0.8402335456,0.6823275862,0.7530922931
0.9792719483,1584,301,736,0.8403183024,0.6827586207,0.7533888228
0.9792586565,1585,301,735,0.8404029692,0.6831896552,0.7536852116
0.9792202711,1585,302,735,0.8399576047,0.6831896552,0.7535060613
0.9791998267,1585,303,735,0.8395127119,0.6831896552,0.7533269962
0.9791912436,1586,303,734,0.8395976707,0.6836206897,0.7536231884
0.9791908860,1587,303,733,0.8396825397,0.6840517241,0.7539192399
0.9791806340,1587,304,733,0.8392384981,0.6840517241,0.7537402042
0.9791721702,1588,304,732,0.8393234672,0.6844827586,0.7540360874
0.9791589975,1589,304,731,0.8394083465,0.6849137931,0.7543318300
0.9791530967,1590,304,730,0.8394931362,0.6853448276,0.7546274324
0.9791455269,1591,304,729,0.8395778364,0.6857758621,0.7549228944
0.9791440368,1592,304,728,0.8396624473,0.6862068966,0.7552182163
0.9791398048,1593,304,727,0.8397469689,0.6866379310,0.7555133982
0.9790817499,1594,304,726,0.8398314015,0.6870689655,0.7558084400
0.9790773988,1595,304,725,0.8399157451,0.6875000000,0.7561033420
0.9790748954,1596,304,724,0.8400000000,0.6879310345,0.7563981043
0.9790640473,1597,304,723,0.8400841662,0.6883620690,0.7566927268
0.9790593386,1598,304,722,0.8401682440,0.6887931034,0.7569872099
0.9790518284,1600,304,720,0.8403361345,0.6896551724,0.7575757576
0.9790478349,1601,304,719,0.8404199475,0.6900862069,0.7578698225
0.9790338874,1602,304,718,0.8405036726,0.6905172414,0.7581637482
0.9790275693,1603,304,717,0.8405873099,0.6909482759,0.7584575349
0.9790191650,1603,305,717,0.8401467505,0.6909482759,0.7582781457
0.9790155888,1604,305,716,0.8402304872,0.6913793103,0.7585717664
0.9790065885,1605,305,715,0.8403141361,0.6918103448,0.7588652482
0.9789961576,1606,305,714,0.8403976975,0.6922413793,0.7591585913
0.9789599776,1607,305,713,0.8404811715,0.6926724138,0.7594517958
0.9789277315,1608,305,712,0.8405645583,0.6931034483,0.7597448618
0.9788876176,1609,305,711,0.8406478579,0.6935344828,0.7600377893
0.9788684249,1611,305,709,0.8408141962,0.6943965517,0.7606232295
0.9788674116,1611,307,709,0.8399374348,0.6943965517,0.7602642756
0.9788520932,1612,307,708,0.8400208442,0.6948275862,0.7605567351
0.9788190126,1612,308,708,0.8395833333,0.6948275862,0.7603773585
0.9788147807,1612,309,708,0.8391462780,0.6948275862,0.7601980665
0.9787907600,1614,309,706,0.8393135725,0.6956896552,0.7607824652
0.9787744284,1614,310,706,0.8388773389,0.6956896552,0.7606032045
0.9787706733,1614,311,706,0.8384415584,0.6956896552,0.7604240283
0.9787217975,1614,312,706,0.8380062305,0.6956896552,0.7602449364
0.9786923528,1615,312,705,0.8380902958,0.6961206897,0.7605368495
0.9786863923,1616,312,704,0.8381742739,0.6965517241,0.7608286252
0.9786810279,1617,312,703,0.8382581649,0.6969827586,0.7611202636
0.9786509275,1617,313,703,0.8378238342,0.6969827586,0.7609411765
0.9786298871,1618,313,702,0.8379078198,0.6974137931,0.7612326511
0.9786238670,1618,314,702,0.8374741201,0.6974137931,0.7610536218
0.9786092043,1619,315,701,0.8371251293,0.6978448276,0.7611659614
0.9785988331,1620,315,700,0.8372093023,0.6982758621,0.7614571093
0.9785882235,1621,315,699,0.8372933884,0.6987068966,0.7617481203
0.9785875678,1622,315,698,0.8373773877,0.6991379310,0.7620389946
0.9785757661,1623,315,697,0.8374613003,0.6995689655,0.7623297323
0.9785203338,1623,316,697,0.8370293966,0.6995689655,0.7621507396
0.9784958959,1624,316,696,0.8371134021,0.7000000000,0.7624413146
0.9784864187,1625,316,695,0.8371973210,0.7004310345,0.7627317531
0.9784520268,1627,316,693,0.8373648996,0.7012931034,0.7633122214
0.9784321785,1628,316,692,0.8374485597,0.7017241379,0.7636022514
0.9784270525,1628,317,692,0.8370179949,0.7017241379,0.7634232122
0.9784064293,1629,317,691,0.8371017472,0.7021551724,0.7637130802
0.9783664942,1630,317,690,0.8371854135,0.7025862069,0.7640028123
0.9783640504,1632,317,688,0.8373524885,0.7034482759,0.7645818693
0.9783605337,1633,317,687,0.8374358974,0.7038793103,0.7648711944
0.9783602953,1634,317,686,0.8375192209,0.7043103448,0.7651603840
0.9783581495,1635,317,685,0.8376024590,0.7047413793,0.7654494382
0.9783182144,1635,318,685,0.8371735791,0.7047413793,0.7652703019
0.9783107638,1636,318,684,0.8372569089,0.7051724138,0.7655591951
0.9783081412,1637,319,683,0.8369120654,0.7056034483,0.7656688494
0.9783066511,1637,320,683,0.8364844149,0.7056034483,0.7654898293
0.9782958627,1638,320,682,0.8365679265,0.7060344828,0.7657784011
0.9782879949,1638,321,682,0.8361408882,0.7060344828,0.7655994391
0.9782628417,1639,321,681,0.8362244898,0.7064655172,0.7658878505
0.9782490730,1640,321,680,0.8363080061,0.7068965517,0.7661761271
0.9782190323,1641,321,679,0.8363914373,0.7073275862,0.7664642690
0.9782059193,1642,321,678,0.8364747835,0.7077586207,0.7667522764
0.9781555533,1642,322,678,0.8360488798,0.7077586207,0.7665732960
0.9781477451,1643,322,677,0.8361323155,0.7081896552,0.7668611435
0.9781100154,1644,322,676,0.8362156663,0.7086206897,0.7671488567
0.9781012535,1645,322,675,0.8362989324,0.7090517241,0.7674364357
0.9780992866,1646,322,674,0.8363821138,0.7094827586,0.7677238806
0.9780786633,1647,322,673,0.8364652108,0.7099137931,0.7680111914
0.9780766964,1648,322,672,0.8365482234,0.7103448276,0.7682983683
0.9780719280,1649,322,671,0.8366311517,0.7107758621,0.7685854113
0.9780281186,1649,323,671,0.8362068966,0.7107758621,0.7684063374
0.9780206084,1650,323,670,0.8362899138,0.7112068966,0.7686932215
0.9780101180,1650,324,670,0.8358662614,0.7112068966,0.7685142059
0.9780022502,1651,324,669,0.8359493671,0.7116379310,0.7688009313
0.9779912829,1652,324,668,0.8360323887,0.7120689655,0.7690875233
0.9779865146,1653,324,667,0.8361153263,0.7125000000,0.7693739818
0.9779705405,1654,324,666,0.8361981800,0.7129310345,0.7696603071
0.9779314399,1655,324,665,0.8362809500,0.7133620690,0.7699464992
0.9779307842,1656,324,664,0.8363636364,0.7137931034,0.7702325581
0.9779177904,1657,324,663,0.8364462393,0.7142241379,0.7705184841
0.9779011011,1657,325,663,0.8360242180,0.7142241379,0.7703393770
0.9778931737,1658,325,662,0.8361069087,0.7146551724,0.7706251452
0.9778698683,1658,326,662,0.8356854839,0.7146551724,0.7704460967
0.9778647423,1658,327,662,0.8352644836,0.7146551724,0.7702671312
0.9778368473,1659,327,661,0.8353474320,0.7150862069,0.7705527171
0.9778296351,1660,327,660,0.8354302969,0.7155172414,0.7708381704
0.9778198600,1661,327,659,0.8355130785,0.7159482759,0.7711234912
0.9778032303,1661,328,659,0.8350930116,0.7159482759,0.7709445347
0.9777932763,1661,329,659,0.8346733668,0.7159482759,0.7707656613
0.9777141213,1662,329,658,0.8347564038,0.7163793103,0.7710508003
0.9777016640,1663,329,657,0.8348393574,0.7168103448,0.7713358071
0.9776967764,1663,330,657,0.8344204717,0.7168103448,0.7711569673
0.9776580334,1664,330,656,0.8345035105,0.7172413793,0.7714418173
0.9775950313,1665,330,655,0.8345864662,0.7176724138,0.7717265353
0.9775670171,1666,330,654,0.8346693387,0.7181034483,0.7720111214
0.9775566459,1667,330,653,0.8347521282,0.7185344828,0.7722955756
0.9775545597,1667,331,653,0.8343343343,0.7185344828,0.7721167207
0.9775303006,1668,331,652,0.8344172086,0.7189655172,0.7724010188
0.9775257707,1669,331,651,0.8345000000,0.7193965517,0.7726851852
0.9775204062,1669,332,651,0.8340829585,0.7193965517,0.7725063643
0.9775131345,1670,332,650,0.8341658342,0.7198275862,0.7727903748
0.9775068760,1671,332,649,0.8342486271,0.7202586207,0.7730742540
0.9774797559,1671,333,649,0.8338323353,0.7202586207,0.7728954672
0.9774795175,1672,333,648,0.8339152120,0.7206896552,0.7731791908
0.9774611592,1672,334,648,0.8334995015,0.7206896552,0.7730004623
0.9774272442,1673,334,647,0.8335824614,0.7211206897,0.7732840305
0.9774188399,1674,334,646,0.8336653386,0.7215517241,0.7735674677
0.9774166346,1675,334,645,0.8337481334,0.7219827586,0.7738507739
0.9774082303,1676,334,644,0.8338308458,0.7224137931,0.7741339492
0.9774001241,1677,334,643,0.8339134759,0.7228448276,0.7744169938
0.9773976207,1678,334,642,0.8339960239,0.7232758621,0.7746999077
0.9773966074,1678,335,642,0.8335817188,0.7232758621,0.7745211170
0.9773155451,1679,335,641,0.8336643496,0.7237068966,0.7748038763
0.9772924185,1681,335,639,0.8338293651,0.7245689655,0.7753690037
0.9772741795,1682,335,638,0.8339117501,0.7250000000,0.7756513719
0.9772648811,1683,335,637,0.8339940535,0.7254310345,0.7759336100
0.9772552848,1683,336,637,0.8335809807,0.7254310345,0.7757547822
0.9772442579,1684,336,636,0.8336633663,0.7258620690,0.7760368664
0.9772285223,1685,336,635,0.8337456705,0.7262931034,0.7763188205
0.9772225022,1686,336,634,0.8338278932,0.7267241379,0.7766006449
0.9772055745,1687,336,633,0.8339100346,0.7271551724,0.7768823394
0.9772031307,1688,336,632,0.8339920949,0.7275862069,0.7771639042
0.9771906137,1689,336,631,0.8340740741,0.7280172414,0.7774453395
0.9771770835,1690,336,630,0.8341559724,0.7284482759,0.7777266452
0.9771530628,1691,336,629,0.8342377898,0.7288793103,0.7780078215
0.9771499038,1692,336,628,0.8343195266,0.7293103448,0.7782888684
0.9771372676,1692,337,628,0.8339083292,0.7293103448,0.7781099103
0.9770653248,1692,338,628,0.8334975369,0.7293103448,0.7779310345
0.9770368934,1693,338,627,0.8335795175,0.7297413793,0.7782119053
0.9770345092,1694,338,626,0.8336614173,0.7301724138,0.7784926471
0.9770210385,1694,339,626,0.8332513527,0.7301724138,0.7783138066
0.9770208001,1695,339,625,0.8333333333,0.7306034483,0.7785943960
0.9770125151,1696,339,624,0.8334152334,0.7310344828,0.7788748565
0.9770051241,1696,340,624,0.8330058939,0.7310344828,0.7786960514
0.9769644737,1696,341,624,0.8325969563,0.7310344828,0.7785173284
0.9769574404,1697,341,623,0.8326790972,0.7314655172,0.7787976136
0.9768654108,1697,342,623,0.8322707209,0.7314655172,0.7786189493
0.9768579006,1697,343,623,0.8318627451,0.7314655172,0.7784403670
0.9768299460,1698,343,622,0.8319451249,0.7318965517,0.7787204770
0.9768102169,1699,343,621,0.8320274241,0.7323275862,0.7790004585
0.9768013954,1700,343,620,0.8321096427,0.7327586207,0.7792803117
0.9768004417,1701,343,619,0.8321917808,0.7331896552,0.7795600367
0.9767817855,1701,344,619,0.8317848411,0.7331896552,0.7793814433
0.9767791629,1701,345,619,0.8313782991,0.7331896552,0.7792029317
0.9767722487,1701,346,619,0.8309721544,0.7331896552,0.7790245019
0.9767459631,1702,346,618,0.8310546875,0.7336206897,0.7793040293
0.9767206311,1703,346,617,0.8311371401,0.7340517241,0.7795834287
0.9767156243,1703,347,617,0.8307317073,0.7340517241,0.7794050343
0.9767068624,1703,348,617,0.8303266699,0.7340517241,0.7792267216
0.9767012596,1703,349,617,0.8299220273,0.7340517241,0.7790484904
0.9766934514,1703,350,617,0.8295177789,0.7340517241,0.7788703407
0.9766680598,1703,351,617,0.8291139241,0.7340517241,0.7786922725
0.9766634107,1703,352,617,0.8287104623,0.7340517241,0.7785142857
0.9766567945,1704,352,616,0.8287937743,0.7344827586,0.7787934186
0.9766343236,1705,352,615,0.8288770053,0.7349137931,0.7790724240
0.9766262174,1706,352,614,0.8289601555,0.7353448276,0.7793513020
0.9766241908,1706,353,614,0.8285575522,0.7353448276,0.7791733272
0.9766232967,1706,354,614,0.8281553398,0.7353448276,0.7789954338
0.9765974879,1707,354,613,0.8282387191,0.7357758621,0.7792741383
0.9765729308,1707,355,613,0.8278370514,0.7357758621,0.7790963031
0.9765427709,1707,356,613,0.8274357731,0.7357758621,0.7789185489
0.9765276909,1707,357,613,0.8270348837,0.7357758621,0.7787408759
0.9765268564,1708,357,612,0.8271186441,0.7362068966,0.7790193843
0.9765069485,1709,357,611,0.8272023233,0.7366379310,0.7792977656
0.9765031338,1710,357,610,0.8272859216,0.7370689655,0.7795760201
0.9765021801,1710,358,610,0.8268858801,0.7370689655,0.7793983592
0.9764693379,1711,358,609,0.8269695505,0.7375000000,0.7796764639
0.9764661789,1711,359,609,0.8265700483,0.7375000000,0.7794988610
0.9763799906,1711,360,609,0.8261709319,0.7375000000,0.7793213391
0.9763793349,1712,360,608,0.8262548263,0.7379310345,0.7795992714
0.9763403535,1712,361,608,0.8258562470,0.7379310345,0.7794218074
0.9762274027,1712,362,608,0.8254580521,0.7379310345,0.7792444242
0.9762169719,1713,362,607,0.8255421687,0.7383620690,0.7795221843
0.9762168527,1714,362,606,0.8256262042,0.7387931034,0.7797998180
0.9761739373,1715,362,605,0.8257101589,0.7392241379,0.7800773254
0.9761732221,1716,362,604,0.8257940327,0.7396551724,0.7803547067
0.9761728048,1716,363,604,0.8253968254,0.7396551724,0.7801773130
0.9761717319,1717,363,603,0.8254807692,0.7400862069,0.7804545455
0.9761372209,1717,364,603,0.8250840942,0.7400862069,0.7802772097
0.9761366844,1718,364,602,0.8251681076,0.7405172414,0.7805542935
0.9761225581,1719,364,601,0.8252520403,0.7409482759,0.7808312514
0.9761103988,1720,364,600,0.8253358925,0.7413793103,0.7811080836
0.9760996103,1720,365,600,0.8249400480,0.7413793103,0.7809307605
0.9760866761,1721,365,599,0.8250239693,0.7418103448,0.7812074444
0.9760547876,1721,366,599,0.8246286536,0.7418103448,0.7810301793
0.9760404825,1722,366,598,0.8247126437,0.7422413793,0.7813067151
0.9760111570,1723,367,597,0.8244019139,0.7426724138,0.7814058957
0.9759949446,1723,368,597,0.8240076518,0.7426724138,0.7812287463
0.9759790301,1723,369,597,0.8236137667,0.7426724138,0.7810516772
0.9759355187,1723,370,597,0.8232202580,0.7426724138,0.7808746884
0.9759272337,1723,371,597,0.8228271251,0.7426724138,0.7806977798
0.9759223461,1724,371,596,0.8229116945,0.7431034483,0.7809739524
0.9759131670,1725,371,595,0.8229961832,0.7435344828,0.7812500000
0.9758785367,1726,371,594,0.8230805913,0.7439655172,0.7815259226
0.9758360982,1726,372,594,0.8226882745,0.7439655172,0.7813490267
0.9757959843,1727,372,593,0.8227727489,0.7443965517,0.7816248020
0.9757717252,1728,372,592,0.8228571429,0.7448275862,0.7819004525
0.9757412076,1729,372,591,0.8229414564,0.7452586207,0.7821759783
0.9757261872,1730,372,590,0.8230256898,0.7456896552,0.7824513795
0.9757245183,1730,373,590,0.8226343319,0.7456896552,0.7822744743
0.9757183790,1730,374,590,0.8222433460,0.7456896552,0.7820976492
0.9757054448,1731,374,589,0.8223277910,0.7461206897,0.7823728814
0.9756754637,1731,375,589,0.8219373219,0.7461206897,0.7821961139
0.9756708145,1732,375,588,0.8220218320,0.7465517241,0.7824711995
0.9756651521,1733,375,587,0.8221062619,0.7469827586,0.7827461608
0.9756607413,1734,375,586,0.8221906117,0.7474137931,0.7830209980
0.9755765200,1734,376,586,0.8218009479,0.7474137931,0.7828442438
0.9755687118,1735,376,585,0.8218853624,0.7478448276,0.7831189348
0.9755562544,1736,376,584,0.8219696970,0.7482758621,0.7833935018
0.9754632115,1737,376,583,0.8220539517,0.7487068966,0.7836679450
0.9754001498,1737,377,583,0.8216650899,0.7487068966,0.7834912043
0.9753505588,1737,378,583,0.8212765957,0.7487068966,0.7833145434
0.9753469229,1738,378,582,0.8213610586,0.7491379310,0.7835888188
0.9753423929,1738,379,582,0.8209730751,0.7491379310,0.7834122155
0.9753141999,1739,379,581,0.8210576015,0.7495689655,0.7836863452
0.9753115773,1739,380,581,0.8206701274,0.7495689655,0.7835097995
0.9752503633,1739,381,581,0.8202830189,0.7495689655,0.7833333333
0.9752335548,1740,381,580,0.8203677511,0.7500000000,0.7836072957
0.9752272367,1741,381,579,0.8204524034,0.7504310345,0.7838811346
0.9752165675,1742,381,578,0.8205369760,0.7508620690,0.7841548503
0.9752128124,1742,382,578,0.8201506591,0.7508620690,0.7839783978
0.9751425385,1742,383,578,0.8197647059,0.7508620690,0.7838020247
0.9750431180,1743,383,577,0.8198494826,0.7512931034,0.7840755735
0.9750150442,1743,384,577,0.8194640339,0.7512931034,0.7838992579
0.9749451876,1743,385,577,0.8190789474,0.7512931034,0.7837230216
0.9749413729,1743,386,577,0.8186942226,0.7512931034,0.7835468645
0.9749402404,1744,386,576,0.8187793427,0.7517241379,0.7838202247
0.9749367237,1745,386,575,0.8188643829,0.7521551724,0.7840934621
0.9749273062,1745,387,575,0.8184803002,0.7521551724,0.7839173405
0.9748905897,1745,388,575,0.8180965776,0.7521551724,0.7837412980
0.9748739600,1746,388,574,0.8181818182,0.7525862069,0.7840143691
0.9748581052,1747,388,573,0.8182669789,0.7530172414,0.7842873176
0.9748411179,1747,389,573,0.8178838951,0.7530172414,0.7841113106
0.9748016596,1747,390,573,0.8175011699,0.7530172414,0.7839353825
0.9747972488,1748,390,572,0.8175865295,0.7534482759,0.7842081651
0.9747716784,1749,390,571,0.8176718093,0.7538793103,0.7844808253
0.9747704268,1749,391,571,0.8172897196,0.7538793103,0.7843049327
0.9747635126,1750,391,570,0.8173750584,0.7543103448,0.7845774490
0.9747238755,1750,392,570,0.8169934641,0.7543103448,0.7844016136
0.9746696949,1750,393,570,0.8166122259,0.7543103448,0.7842258570
0.9746416211,1751,393,569,0.8166977612,0.7547413793,0.7844982079
0.9746323228,1752,393,568,0.8167832168,0.7551724138,0.7847704367
0.9746320248,1754,393,566,0.8169538891,0.7560344828,0.7853145288
0.9746314287,1755,393,565,0.8170391061,0.7564655172,0.7855863921
0.9745723605,1755,394,565,0.8166589111,0.7564655172,0.7854106064
0.9745313525,1756,394,564,0.8167441860,0.7568965517,0.7856823266
0.9744496346,1756,395,564,0.8163644816,0.7568965517,0.7855065981
0.9744283557,1756,396,564,0.8159851301,0.7568965517,0.7853309481
0.9744026661,1757,396,563,0.8160705992,0.7573275862,0.7856025039
0.9743663073,1758,396,562,0.8161559889,0.7577586207,0.7858739383
0.9743490815,1759,396,561,0.8162412993,0.7581896552,0.7861452514
0.9743369818,1760,396,560,0.8163265306,0.7586206897,0.7864164433
0.9743182063,1761,396,559,0.8164116829,0.7590517241,0.7866875140
0.9742904902,1761,397,559,0.8160333642,0.7590517241,0.7865118356
0.9742469192,1761,398,559,0.8156553960,0.7590517241,0.7863362358
0.9742334485,1761,399,559,0.8152777778,0.7590517241,0.7861607143
0.9741688371,1762,399,558,0.8153632578,0.7594827586,0.7864316001
0.9741011858,1764,399,556,0.8155339806,0.7603448276,0.7869730091
0.9740806222,1765,399,555,0.8156192237,0.7607758621,0.7872435326
0.9740406871,1765,400,555,0.8152424942,0.7607758621,0.7870680045
0.9740139246,1766,400,554,0.8153277932,0.7612068966,0.7873383861
0.9740033746,1767,400,553,0.8154130134,0.7616379310,0.7876086472
0.9739708304,1768,400,552,0.8154981550,0.7620689655,0.7878787879
0.9739383459,1769,400,551,0.8155832181,0.7625000000,0.7881488082
0.9739252329,1770,400,550,0.8156682028,0.7629310345,0.7884187082
0.9739055634,1771,400,549,0.8157531092,0.7633620690,0.7886884881
0.9738938212,1771,401,549,0.8153775322,0.7633620690,0.7885129118
0.9738655686,1771,402,549,0.8150023010,0.7633620690,0.7883374138
0.9738283157,1772,402,548,0.8150873965,0.7637931034,0.7886070316
0.9738163352,1772,403,548,0.8147126437,0.7637931034,0.7884315907
0.9738040566,1773,403,547,0.8147977941,0.7642241379,0.7887010676
0.9738020301,1775,403,545,0.8149678604,0.7650862069,0.7892396621
0.9737805128,1775,404,545,0.8145938504,0.7650862069,0.7890642365
0.9737746716,1776,404,544,0.8146788991,0.7655172414,0.7893333333
0.9737498760,1777,404,543,0.8147638698,0.7659482759,0.7896023106
0.9737343788,1777,405,543,0.8143904675,0.7659482759,0.7894269214
0.9736788273,1777,406,543,0.8140174072,0.7659482759,0.7892516100
0.9736343026,1778,406,542,0.8141025641,0.7663793103,0.7895204263
0.9736199379,1778,407,542,0.8137299771,0.7663793103,0.7893451720
0.9736163020,1779,407,541,0.8138151876,0.7668103448,0.7896138482
0.9736099839,1780,407,540,0.8139003201,0.7672413793,0.7898824051
0.9735886455,1781,407,539,0.8139853748,0.7676724138,0.7901508429
0.9735701084,1782,407,538,0.8140703518,0.7681034483,0.7904191617
0.9735304117,1782,408,538,0.8136986301,0.7681034483,0.7902439024
0.9735234380,1782,409,538,0.8133272478,0.7681034483,0.7900687209
0.9733527303,1782,410,538,0.8129562044,0.7681034483,0.7898936170
0.9733326435,1782,411,538,0.8125854993,0.7681034483,0.7897185907
0.9732992053,1783,411,537,0.8126709207,0.7685344828,0.7899867080
0.9732969403,1784,411,536,0.8127562642,0.7689655172,0.7902547065
0.9732495546,1784,412,536,0.8123861566,0.7689655172,0.7900797166
0.9731951952,1785,412,535,0.8124715521,0.7693965517,0.7903475758
0.9731841683,1785,413,535,0.8121019108,0.7693965517,0.7901726428
0.9731817842,1785,414,535,0.8117326057,0.7693965517,0.7899977871
0.9731812477,1785,415,535,0.8113636364,0.7693965517,0.7898230088
0.9731702805,1786,415,534,0.8114493412,0.7698275862,0.7900906879
0.9731700420,1786,416,534,0.8110808356,0.7698275862,0.7899159664
0.9731422663,1786,417,534,0.8107126645,0.7698275862,0.7897413221
0.9730956554,1786,418,534,0.8103448276,0.7698275862,0.7895667551
0.9730537534,1787,418,533,0.8104308390,0.7702586207,0.7898342541
0.9730471373,1787,419,533,0.8100634633,0.7702586207,0.7896597437
0.9730070233,1787,420,533,0.8096964205,0.7702586207,0.7894853104
0.9729686975,1787,421,533,0.8093297101,0.7702586207,0.7893109541
0.9729654193,1788,421,532,0.8094160254,0.7706896552,0.7895782733
0.9729397893,1788,422,532,0.8090497738,0.7706896552,0.7894039735
0.9728507400,1788,423,532,0.8086838535,0.7706896552,0.7892297506
0.9728118181,1789,423,531,0.8087703436,0.7711206897,0.7894969109
0.9728109241,1790,423,530,0.8088567555,0.7715517241,0.7897639532
0.9728097916,1791,423,529,0.8089430894,0.7719827586,0.7900308778
0.9727762938,1792,423,528,0.8090293454,0.7724137931,0.7902976847
0.9726981521,1793,423,527,0.8091155235,0.7728448276,0.7905643739
0.9726869464,1793,424,527,0.8087505638,0.7728448276,0.7903901256
0.9726865292,1794,424,526,0.8088367899,0.7732758621,0.7906566770
0.9726845026,1795,424,525,0.8089229383,0.7737068966,0.7909231108
0.9726794362,1796,424,524,0.8090090090,0.7741379310,0.7911894273
0.9726685882,1796,425,524,0.8086447546,0.7741379310,0.7910151949
0.9726489782,1797,425,523,0.8087308731,0.7745689655,0.7912813738
0.9725612402,1797,426,523,0.8083670715,0.7745689655,0.7911071979
0.9725441933,1797,427,523,0.8080035971,0.7745689655,0.7909330986
0.9725421667,1798,427,522,0.8080898876,0.7750000000,0.7911991199
0.9725301266,1799,427,521,0.8081761006,0.7754310345,0.7914650242
0.9725130796,1799,428,521,0.8078132016,0.7754310345,0.7912909611
0.9724574685,1799,429,521,0.8074506284,0.7754310345,0.7911169745
0.9724225402,1800,429,520,0.8075370121,0.7758620690,0.7913827215
0.9724050760,1801,429,519,0.8076233184,0.7762931034,0.7916483516
0.9723324776,1802,429,518,0.8077095473,0.7767241379,0.7919138651
0.9723269939,1803,429,517,0.8077956989,0.7771551724,0.7921792619
0.9723115563,1804,429,516,0.8078817734,0.7775862069,0.7924445421
0.9722961187,1804,430,516,0.8075201432,0.7775862069,0.7922705314
0.9722946286,1804,431,516,0.8071588367,0.7775862069,0.7920965971
0.9722195864,1804,432,516,0.8067978533,0.7775862069,0.7919227392
0.9722059369,1805,432,515,0.8068842199,0.7780172414,0.7921878429
0.9722036719,1806,432,514,0.8069705094,0.7784482759,0.7924528302
0.9721978307,1806,433,514,0.8066100938,0.7784482759,0.7922790086
0.9721879363,1807,433,513,0.8066964286,0.7788793103,0.7925438596
0.9721786976,1808,433,512,0.8067826863,0.7793103448,0.7928085946
0.9721320271,1808,434,512,0.8064228368,0.7793103448,0.7926348093
0.9721040726,1808,435,512,0.8060633081,0.7793103448,0.7924611002
0.9720830321,1808,436,512,0.8057040998,0.7793103448,0.7922874671
0.9719882011,1808,437,512,0.8053452116,0.7793103448,0.7921139102
0.9719854593,1808,438,512,0.8049866429,0.7793103448,0.7919404293
0.9719647765,1808,439,512,0.8046283934,0.7793103448,0.7917670243
0.9719593525,1808,440,512,0.8042704626,0.7793103448,0.7915936953
0.9719473124,1808,441,512,0.8039128502,0.7793103448,0.7914204421
0.9719358087,1808,443,512,0.8031985784,0.7793103448,0.7910741632
0.9719008207,1809,443,511,0.8032859680,0.7797413793,0.7913385827
0.9718891978,1810,443,510,0.8033732801,0.7801724138,0.7916028865
0.9718350172,1811,443,509,0.8034605146,0.7806034483,0.7918670748
0.9718284011,1811,444,509,0.8031042129,0.7806034483,0.7916939891
0.9718277454,1812,444,508,0.8031914894,0.7810344828,0.7919580420
0.9717674851,1813,444,507,0.8032786885,0.7814655172,0.7922219795
0.9717316031,1813,445,507,0.8029229407,0.7814655172,0.7920489297
0.9717066884,1813,446,507,0.8025675077,0.7814655172,0.7918759554
0.9716932178,1813,447,507,0.8022123894,0.7814655172,0.7917030568
0.9716927409,1813,448,507,0.8018575851,0.7814655172,0.7915302336
0.9716925025,1814,448,506,0.8019451813,0.7818965517,0.7917939764
0.9716061950,1814,449,506,0.8015908087,0.7818965517,0.7916212088
0.9715893269,1815,449,505,0.8016784452,0.7823275862,0.7918848168
0.9715567827,1816,449,504,0.8017660044,0.7827586207,0.7921483097
0.9715417027,1817,449,503,0.8018534863,0.7831896552,0.7924116877
0.9715360999,1817,450,503,0.8014997794,0.7831896552,0.7922389361
0.9715343118,1817,451,503,0.8011463845,0.7831896552,0.7920662598
0.9715148211,1817,452,503,0.8007933010,0.7831896552,0.7918936587
0.9714980721,1818,452,502,0.8008810573,0.7836206897,0.7921568627
0.9714915752,1819,453,501,0.8006161972,0.7840517241,0.7922473868
0.9714615345,1820,453,500,0.8007039155,0.7844827586,0.7925103418
0.9714476466,1821,453,499,0.8007915567,0.7849137931,0.7927731824
0.9714377522,1821,454,499,0.8004395604,0.7849137931,0.7926006529
0.9714291096,1821,455,499,0.8000878735,0.7849137931,0.7924281984
0.9714050293,1821,456,499,0.7997364954,0.7849137931,0.7922558190
0.9714033604,1821,457,499,0.7993854258,0.7849137931,0.7920835146
0.9713982940,1822,457,498,0.7994734533,0.7853448276,0.7923461622
0.9713622928,1823,457,497,0.7995614035,0.7857758621,0.7926086957
0.9713038206,1825,458,495,0.7993867718,0.7866379310,0.7929611123
0.9712358713,1826,458,494,0.7994746060,0.7870689655,0.7932232841
0.9711434841,1826,459,494,0.7991247265,0.7870689655,0.7930510315
0.9711354971,1827,459,493,0.7992125984,0.7875000000,0.7933130699
0.9711019993,1827,460,493,0.7988631395,0.7875000000,0.7931408726
0.9710379839,1828,460,492,0.7989510490,0.7879310345,0.7934027778
0.9710311294,1829,460,491,0.7990388816,0.7883620690,0.7936645693
0.9710078835,1829,461,491,0.7986899563,0.7883620690,0.7934924078
0.9709920287,1830,461,490,0.7987778263,0.7887931034,0.7937540664
0.9709917903,1831,461,489,0.7988656195,0.7892241379,0.7940156114
0.9709299803,1832,461,488,0.7989533362,0.7896551724,0.7942770431
0.9709250331,1832,462,488,0.7986050567,0.7896551724,0.7941048981
0.9708740115,1833,462,487,0.7986928105,0.7900862069,0.7943661972
0.9708520174,1833,463,487,0.7983449477,0.7900862069,0.7941941075
0.9708185196,1833,464,487,0.7979973879,0.7900862069,0.7940220923
0.9708098769,1834,464,486,0.7980852916,0.7905172414,0.7942832395
0.9707587361,1834,465,486,0.7977381470,0.7905172414,0.7941112795
0.9707406759,1835,465,485,0.7978260870,0.7909482759,0.7943722944
0.9706733823,1835,466,485,0.7974793568,0.7909482759,0.7942003895
0.9706595540,1836,466,484,0.7975673328,0.7913793103,0.7944612722
0.9706496000,1837,466,483,0.7976552323,0.7918103448,0.7947220420
0.9706360102,1837,467,483,0.7973090278,0.7918103448,0.7945501730
0.9706286788,1838,467,482,0.7973969631,0.7922413793,0.7948108108
0.9706208110,1839,467,481,0.7974848222,0.7926724138,0.7950713359
0.9705567360,1840,467,480,0.7975726051,0.7931034483,0.7953317484
0.9705261588,1840,468,480,0.7972270364,0.7931034483,0.7951598963
0.9705097675,1840,469,480,0.7968817670,0.7931034483,0.7949881184
0.9704222083,1840,470,480,0.7965367965,0.7931034483,0.7948164147
0.9704149961,1840,471,480,0.7961921246,0.7931034483,0.7946447851
0.9703915715,1840,472,480,0.7958477509,0.7931034483,0.7944732297
0.9702119827,1840,474,480,0.7951598963,0.7931034483,0.7941303410
0.9701735973,1840,475,480,0.7948164147,0.7931034483,0.7939590076
0.9701659679,1841,475,479,0.7949050086,0.7935344828,0.7942191544
0.9701544046,1842,475,478,0.7949935261,0.7939655172,0.7944791891
0.9700402021,1843,475,477,0.7950819672,0.7943965517,0.7947391117
0.9700077772,1844,475,476,0.7951703320,0.7948275862,0.7949989222
0.9700012803,1844,476,476,0.7948275862,0.7948275862,0.7948275862
0.9699758291,1845,476,475,0.7949159845,0.7952586207,0.7950872657
0.9699688554,1846,476,474,0.7950043066,0.7956896552,0.7953468333
0.9699653983,1847,476,473,0.7950925527,0.7961206897,0.7956062890
0.9699253440,1848,476,472,0.7951807229,0.7965517241,0.7958656331
0.9698700905,1848,477,472,0.7948387097,0.7965517241,0.7956942949
0.9698694944,1848,478,472,0.7944969905,0.7965517241,0.7955230306
0.9698422551,1849,478,471,0.7945853030,0.7969827586,0.7957822251
0.9698131084,1851,478,469,0.7947617003,0.7978448276,0.7963002796
0.9695916176,1853,478,467,0.7949377949,0.7987068966,0.7968178886
0.9695474505,1854,478,466,0.7950257290,0.7991379310,0.7970765262
0.9695391655,1854,479,466,0.7946849550,0.7991379310,0.7969052224
0.9694756269,1854,480,466,0.7943444730,0.7991379310,0.7967339923
0.9694209695,1854,481,466,0.7940042827,0.7991379310,0.7965628357
0.9693098664,1855,481,465,0.7940924658,0.7995689655,0.7968213058
0.9692989588,1856,481,464,0.7941805734,0.8000000000,0.7970796650
0.9692320228,1856,482,464,0.7938408896,0.8000000000,0.7969085444
0.9692126513,1857,482,463,0.7939290295,0.8004310345,0.7971667740
0.9691627026,1858,482,462,0.7940170940,0.8008620690,0.7974248927
0.9691548347,1858,483,462,0.7936779154,0.8008620690,0.7972538082
0.9690947533,1858,484,462,0.7933390265,0.8008620690,0.7970827971
0.9690884352,1858,485,462,0.7930004268,0.8008620690,0.7969118593
0.9690686464,1859,485,461,0.7930887372,0.8012931034,0.7971698113
0.9690582156,1859,486,461,0.7927505330,0.8012931034,0.7969989282
0.9690491557,1860,486,460,0.7928388747,0.8017241379,0.7972567510
0.9690248966,1860,487,460,0.7925010652,0.8017241379,0.7970859224
0.9690216184,1860,488,460,0.7921635434,0.8017241379,0.7969151671
0.9690206051,1860,489,460,0.7918263091,0.8017241379,0.7967444849
0.9689801931,1861,489,459,0.7919148936,0.8021551724,0.7970021413
0.9689764977,1862,489,458,0.7920034028,0.8025862069,0.7972596874
0.9689640999,1862,490,458,0.7916666667,0.8025862069,0.7970890411
0.9689424634,1863,490,457,0.7917552061,0.8030172414,0.7973464584
0.9689043164,1864,490,456,0.7918436703,0.8034482759,0.7976037655
0.9688821435,1865,490,455,0.7919320594,0.8038793103,0.7978609626
0.9688471556,1865,491,455,0.7915959253,0.8038793103,0.7976903336
0.9688464999,1865,492,455,0.7912600764,0.8038793103,0.7975197776
0.9688242078,1866,492,454,0.7913486005,0.8043103448,0.7977768277
0.9688122272,1866,493,454,0.7910131412,0.8043103448,0.7976063261
0.9687971473,1867,493,453,0.7911016949,0.8047413793,0.7978632479
0.9687955379,1867,494,453,0.7907666243,0.8047413793,0.7976928007
0.9687836170,1868,494,452,0.7908552075,0.8051724138,0.7979495942
0.9687604308,1868,495,452,0.7905205248,0.8051724138,0.7977792014
0.9687590003,1869,495,451,0.7906091371,0.8056034483,0.7980358668
0.9687505960,1869,496,451,0.7902748414,0.8056034483,0.7978655283
0.9687424302,1870,497,450,0.7900295733,0.8060344828,0.7979517815
0.9687073827,1870,498,450,0.7896959459,0.8060344828,0.7977815700
0.9687022567,1871,498,449,0.7897847193,0.8064655172,0.7980379612
0.9686594009,1872,498,448,0.7898734177,0.8068965517,0.7982942431
0.9685840607,1873,498,447,0.7899620413,0.8073275862,0.7985504157
0.9685776830,1874,498,446,0.7900505902,0.8077586207,0.7988064791
0.9684824944,1874,499,446,0.7897176570,0.8077586207,0.7986362668
0.9684666395,1875,499,445,0.7898062342,0.8081896552,0.7988922028
0.9683834314,1876,499,444,0.7898947368,0.8086206897,0.7991480298
0.9683395028,1877,499,443,0.7899831650,0.8090517241,0.7994037479
0.9683101177,1878,499,442,0.7900715187,0.8094827586,0.7996593570
0.9682826996,1879,499,441,0.7901597981,0.8099137931,0.7999148574
0.9682682157,1880,499,440,0.7902480034,0.8103448276,0.8001702490
0.9682402611,1880,500,440,0.7899159664,0.8103448276,0.8000000000
0.9682360291,1880,501,440,0.7895842083,0.8103448276,0.7998298234
0.9681972265,1881,501,439,0.7896725441,0.8107758621,0.8000850702
0.9681872725,1881,502,439,0.7893411666,0.8107758621,0.7999149479
0.9681413770,1882,502,438,0.7894295302,0.8112068966,0.8001700680
0.9680281878,1882,503,438,0.7890985325,0.8112068966,0.8000000000
0.9679836035,1882,504,438,0.7887678122,0.8112068966,0.7998300042
0.9679768085,1882,505,438,0.7884373691,0.8112068966,0.7996600807
0.9679559469,1882,506,438,0.7881072027,0.8112068966,0.7994902294
0.9679223299,1882,507,438,0.7877773127,0.8112068966,0.7993204502
0.9679179192,1883,508,437,0.7875365956,0.8116379310,0.7994056464
0.9679162502,1883,509,437,0.7872073579,0.8116379310,0.7992359932
0.9678993225,1883,510,437,0.7868783953,0.8116379310,0.7990664121
0.9678924680,1884,510,436,0.7869674185,0.8120689655,0.7993211710
0.9678851366,1884,511,436,0.7866388309,0.8120689655,0.7991516437
0.9678747058,1884,512,436,0.7863105175,0.8120689655,0.7989821883
0.9678623080,1885,512,435,0.7863996662,0.8125000000,0.7992368031
0.9678470492,1885,513,435,0.7860717264,0.8125000000,0.7990674014
0.9677730203,1885,514,435,0.7857440600,0.8125000000,0.7988980716
0.9677672982,1885,515,435,0.7854166667,0.8125000000,0.7987288136
0.9677664042,1886,515,434,0.7855060392,0.8129310345,0.7989832663
0.9677139521,1886,516,434,0.7851790175,0.8129310345,0.7988140618
0.9676738977,1887,516,433,0.7852684145,0.8133620690,0.7990683887
0.9676445127,1888,516,432,0.7853577371,0.8137931034,0.7993226080
0.9676107168,1888,517,432,0.7850311850,0.8137931034,0.7991534392
0.9676055312,1888,518,432,0.7847049044,0.8137931034,0.7989843419
0.9676053524,1888,519,432,0.7843788949,0.8137931034,0.7988153163
0.9675890207,1888,520,432,0.7840531561,0.8137931034,0.7986463621
0.9674860239,1889,520,431,0.7841427978,0.8142241379,0.7989004018
0.9674594998,1890,520,430,0.7842323651,0.8146551724,0.7991543340
0.9674357176,1891,520,429,0.7843218582,0.8150862069,0.7994081590
0.9674023390,1892,520,428,0.7844112769,0.8155172414,0.7996618766
0.9673632979,1892,521,428,0.7840861998,0.8155172414,0.7994929220
0.9672602415,1893,521,427,0.7841756421,0.8159482759,0.7997465146
0.9672398567,1894,521,426,0.7842650104,0.8163793103,0.8000000000
0.9671822786,1895,521,425,0.7843543046,0.8168103448,0.8002533784
0.9671639204,1895,522,425,0.7840297890,0.8168103448,0.8000844416
0.9670568705,1895,523,425,0.7837055418,0.8168103448,0.7999155762
0.9670493603,1896,523,424,0.7837949566,0.8172413793,0.8001688120
0.9670080543,1896,524,424,0.7834710744,0.8172413793,0.8000000000
0.9669747949,1896,525,424,0.7831474597,0.8172413793,0.7998312592
0.9669450521,1896,526,424,0.7828241123,0.8172413793,0.7996625896
0.9669413567,1896,527,424,0.7825010318,0.8172413793,0.7994939911
0.9669177532,1896,528,424,0.7821782178,0.8172413793,0.7993254637
0.9668911099,1897,528,423,0.7822680412,0.8176724138,0.7995785037
0.9668625593,1897,529,423,0.7819455894,0.8176724138,0.7994100295
0.9668043852,1898,529,422,0.7820354347,0.8181034483,0.7996629450
0.9667201638,1899,529,421,0.7821252059,0.8185344828,0.7999157540
0.9667115808,1899,530,421,0.7818032112,0.8185344828,0.7997473152
0.9667069316,1899,531,421,0.7814814815,0.8185344828,0.7995789474
0.9666849971,1899,532,421,0.7811600165,0.8185344828,0.7994106504
0.9665535688,1899,533,421,0.7808388158,0.8185344828,0.7992424242
0.9664953947,1899,534,421,0.7805178792,0.8185344828,0.7990742689
0.9664732814,1899,535,421,0.7801972062,0.8185344828,0.7989061843
0.9664693475,1899,536,421,0.7798767967,0.8185344828,0.7987381703
0.9664523005,1899,537,421,0.7795566502,0.8185344828,0.7985702271
0.9663766026,1899,538,421,0.7792367665,0.8185344828,0.7984023544
0.9662560821,1900,538,420,0.7793273175,0.8189655172,0.7986548970
0.9662441611,1902,538,418,0.7795081967,0.8198275862,0.7991596639
0.9661895037,1902,539,418,0.7791888570,0.8198275862,0.7989918084
0.9661726952,1903,539,417,0.7792792793,0.8202586207,0.7992440151
0.9661322236,1904,539,416,0.7793696275,0.8206896552,0.7994961159
0.9660384059,1904,540,416,0.7790507365,0.8206896552,0.7993282955
0.9660345912,1905,540,415,0.7791411043,0.8211206897,0.7995802728
0.9660064578,1906,540,414,0.7792313982,0.8215517241,0.7998321444
0.9660011530,1907,540,413,0.7793216183,0.8219827586,0.8000839102
0.9659599662,1908,540,412,0.7794117647,0.8224137931,0.8003355705
0.9659299254,1909,540,411,0.7795018375,0.8228448276,0.8005871252
0.9657987356,1909,541,411,0.7791836735,0.8228448276,0.8004192872
0.9657649398,1910,541,410,0.7792737658,0.8232758621,0.8006707189
0.9657559395,1910,542,410,0.7789559543,0.8232758621,0.8005029338
0.9656836390,1910,543,410,0.7786384020,0.8232758621,0.8003352189
0.9656583071,1910,544,410,0.7783211084,0.8232758621,0.8001675744
0.9656544924,1911,544,409,0.7784114053,0.8237068966,0.8004188482
0.9656187296,1912,544,408,0.7785016287,0.8241379310,0.8006700168
0.9655978084,1912,545,408,0.7781847782,0.8241379310,0.8005024074
0.9655976295,1913,545,407,0.7782750203,0.8245689655,0.8007534533
0.9655637145,1914,545,406,0.7783651891,0.8250000000,0.8010043942
0.9654898047,1914,546,406,0.7780487805,0.8250000000,0.8008368201
0.9654302597,1915,546,405,0.7781389679,0.8254310345,0.8010876386
0.9653750062,1915,547,405,0.7778229082,0.8254310345,0.8009201171
0.9653726816,1915,548,405,0.7775071052,0.8254310345,0.8007526657
0.9653270245,1915,549,405,0.7771915584,0.8254310345,0.8005852843
0.9653231502,1916,549,404,0.7772819473,0.8258620690,0.8008359457
0.9652238488,1916,550,404,0.7769667478,0.8258620690,0.8006686168
0.9652008414,1916,551,404,0.7766518038,0.8258620690,0.8005013578
0.9651904106,1916,552,404,0.7763371151,0.8258620690,0.8003341688
0.9651838541,1917,552,403,0.7764277035,0.8262931034,0.8005846732
0.9651651978,1918,552,402,0.7765182186,0.8267241379,0.8008350731
0.9651234746,1919,552,401,0.7766086605,0.8271551724,0.8010853684
0.9650886059,1919,553,401,0.7762944984,0.8271551724,0.8009181970
0.9650223255,1919,554,401,0.7759805904,0.8271551724,0.8007510953
0.9650214314,1920,554,400,0.7760711399,0.8275862069,0.8010012516
0.9650154114,1921,554,399,0.7761616162,0.8280172414,0.8012513034
0.9649307132,1922,554,398,0.7762520194,0.8284482759,0.8015012510
0.9648132920,1923,554,397,0.7763423496,0.8288793103,0.8017510944
0.9647912383,1923,555,397,0.7760290557,0.8288793103,0.8015839933
0.9647352099,1924,555,396,0.7761194030,0.8293103448,0.8018337154
0.9646739364,1924,556,396,0.7758064516,0.8293103448,0.8016666667
0.9646280408,1925,557,395,0.7755842063,0.8297413793,0.8017492711
0.9646263719,1926,557,394,0.7756745872,0.8301724138,0.8019987508
0.9646167159,1927,557,393,0.7757648953,0.8306034483,0.8022481266
0.9645864367,1927,558,393,0.7754527163,0.8306034483,0.8020811655
0.9645556211,1927,559,393,0.7751407884,0.8306034483,0.8019142738
0.9645441771,1927,560,393,0.7748291114,0.8306034483,0.8017474516
0.9644823074,1927,561,393,0.7745176849,0.8306034483,0.8015806988
0.9644676447,1928,561,392,0.7746082764,0.8310344828,0.8018299023
0.9644664526,1929,561,391,0.7746987952,0.8314655172,0.8020790021
0.9644404054,1929,562,391,0.7743877961,0.8314655172,0.8019122843
0.9642480612,1930,562,390,0.7744783307,0.8318965517,0.8021612635
0.9641651511,1932,562,388,0.7746591820,0.8327586207,0.8026589115
0.9641642570,1932,563,388,0.7743486974,0.8327586207,0.8024922118
0.9641605020,1933,563,387,0.7744391026,0.8331896552,0.8027408638
0.9641589522,1933,564,387,0.7741289547,0.8331896552,0.8025742163
0.9640825987,1933,565,387,0.7738190552,0.8331896552,0.8024076380
0.9640225172,1934,565,386,0.7739095638,0.8336206897,0.8026561527
0.9640143514,1934,566,386,0.7736000000,0.8336206897,0.8024896266
0.9640128016,1935,566,385,0.7736905238,0.8340517241,0.8027380212
0.9640029669,1935,567,385,0.7733812950,0.8340517241,0.8025715471
0.9639797807,1935,568,385,0.7730723132,0.8340517241,0.8024051420
0.9638130665,1935,569,385,0.7727635783,0.8340517241,0.8022388060
0.9638012648,1935,570,385,0.7724550898,0.8340517241,0.8020725389
0.9636545181,1935,571,385,0.7721468476,0.8340517241,0.8019063407
0.9636300802,1936,571,384,0.7722377343,0.8344827586,0.8021545473
0.9635347724,1942,572,378,0.7724741448,0.8370689655,0.8034753827
0.9635315537,1942,573,378,0.7721669980,0.8370689655,0.8033092037
0.9635014534,1942,574,378,0.7718600954,0.8370689655,0.8031430935
0.9634618759,1943,574,377,0.7719507350,0.8375000000,0.8033905313
0.9634598494,1943,575,377,0.7716441620,0.8375000000,0.8032244729
0.9634255767,1943,576,377,0.7713378325,0.8375000000,0.8030584832
0.9634213448,1943,577,377,0.7710317460,0.8375000000,0.8028925620
0.9631758928,1943,578,377,0.7707259024,0.8375000000,0.8027267094
0.9631674886,1943,579,377,0.7704203013,0.8375000000,0.8025609252
0.9631452560,1944,579,376,0.7705112961,0.8379310345,0.8028081767
0.9629780650,1945,580,375,0.7702970297,0.8383620690,0.8028895769
0.9629237056,1945,581,375,0.7699920823,0.8383620690,0.8027238960
0.9628162980,1946,581,374,0.7700831025,0.8387931034,0.8029709098
0.9627568126,1946,582,374,0.7697784810,0.8387931034,0.8028052805
0.9627375007,1947,582,373,0.7698695136,0.8392241379,0.8030521757
0.9627081156,1948,582,372,0.7699604743,0.8396551724,0.8032989691
0.9626851082,1948,583,372,0.7696562623,0.8396551724,0.8031333746
0.9625776410,1949,583,371,0.7697472354,0.8400862069,0.8033800495
0.9624814391,1949,584,371,0.7694433478,0.8400862069,0.8032145065
0.9624406695,1949,585,371,0.7691397001,0.8400862069,0.8030490317
0.9623824954,1949,586,371,0.7688362919,0.8400862069,0.8028836251
0.9623069763,1950,586,370,0.7689274448,0.8405172414,0.8031301483
0.9622479081,1950,587,370,0.7686243595,0.8405172414,0.8029647931
0.9621815681,1950,588,370,0.7683215130,0.8405172414,0.8027995060
0.9621803761,1951,588,369,0.7684127609,0.8409482759,0.8030458942
0.9620432258,1951,589,369,0.7681102362,0.8409482759,0.8028806584
0.9619484544,1952,589,368,0.7682014955,0.8413793103,0.8031269286
0.9619404078,1953,590,367,0.7679905623,0.8418103448,0.8032078964
0.9619160295,1954,590,366,0.7680817610,0.8422413793,0.8034539474
0.9618715644,1959,591,361,0.7682352941,0.8443965517,0.8045174538
0.9616798162,1960,591,360,0.7683261466,0.8448275862,0.8047628824
0.9616310000,1961,591,359,0.7684169279,0.8452586207,0.8050082102
0.9615889788,1962,591,358,0.7685076381,0.8456896552,0.8052534373
0.9615585804,1962,592,358,0.7682067345,0.8456896552,0.8050882232
0.9615300298,1963,592,357,0.7682974560,0.8461206897,0.8053333333
0.9615145922,1963,593,357,0.7679968701,0.8461206897,0.8051681706
0.9614899755,1963,594,357,0.7676965194,0.8461206897,0.8050030757
0.9614491463,1963,595,357,0.7673964034,0.8461206897,0.8048380484
0.9614456892,1963,596,357,0.7670965221,0.8461206897,0.8046730887
0.9614177346,1964,596,356,0.7671875000,0.8465517241,0.8049180328
0.9614115357,1964,597,356,0.7668879344,0.8465517241,0.8047531244
0.9613851905,1965,597,355,0.7669789227,0.8469827586,0.8049979517
0.9612934589,1965,598,355,0.7666796723,0.8469827586,0.8048330944
0.9612745047,1966,598,354,0.7667706708,0.8474137931,0.8050778051
0.9611227512,1967,598,353,0.7668615984,0.8478448276,0.8053224156
0.9611221552,1967,599,353,0.7665627436,0.8478448276,0.8051575931
0.9610502720,1967,600,353,0.7662641215,0.8478448276,0.8049928381
0.9609922767,1968,601,352,0.7660568315,0.8482758621,0.8050726120
0.9608953595,1968,602,352,0.7657587549,0.8482758621,0.8049079755
0.9608885646,1969,602,351,0.7658498639,0.8487068966,0.8051523206
0.9608449936,1969,603,351,0.7655520995,0.8487068966,0.8049877351
0.9606945515,1970,603,350,0.7656432180,0.8491379310,0.8052319640
0.9606836438,1970,604,350,0.7653457653,0.8491379310,0.8050674295
0.9606707692,1970,605,350,0.7650485437,0.8491379310,0.8049029622
0.9606657028,1971,605,349,0.7651397516,0.8495689655,0.8051470588
0.9605543017,1972,605,348,0.7652308886,0.8500000000,0.8053910557
0.9604898095,1972,606,348,0.7649340574,0.8500000000,0.8052266231
0.9604352713,1972,607,348,0.7646374564,0.8500000000,0.8050622576
0.9603641629,1973,607,347,0.7647286822,0.8504310345,0.8053061224
0.9602628946,1974,607,346,0.7648198373,0.8508620690,0.8055498878
0.9599423409,1974,608,346,0.7645236251,0.8508620690,0.8053855569
0.9598014355,1975,608,345,0.7646147890,0.8512931034,0.8056292066
0.9596589208,1976,608,344,0.7647058824,0.8517241379,0.8058727569
0.9596424699,1976,609,344,0.7644100580,0.8517241379,0.8057084608
0.9595411420,1977,609,343,0.7645011601,0.8521551724,0.8059518956
0.9594970345,1977,610,343,0.7642056436,0.8521551724,0.8057876503
0.9593728781,1978,610,342,0.7642967543,0.8525862069,0.8060309698
0.9592884183,1983,610,337,0.7647512534,0.8547413793,0.8072460818
0.9592754841,1983,611,337,0.7644564379,0.8547413793,0.8070818071
0.9591333270,1983,612,337,0.7641618497,0.8547413793,0.8069175992
0.9590928555,1984,612,336,0.7642526965,0.8551724138,0.8071602929
0.9590756297,1984,613,336,0.7639584136,0.8551724138,0.8069961359
0.9590301514,1985,613,335,0.7640492687,0.8556034483,0.8072387149
0.9589970708,1985,614,335,0.7637552905,0.8556034483,0.8070746087
0.9587514400,1985,615,335,0.7634615385,0.8556034483,0.8069105691
0.9587205052,1985,616,335,0.7631680123,0.8556034483,0.8067465962
0.9587050676,1986,616,334,0.7632590315,0.8560344828,0.8069890289
0.9586853385,1986,617,334,0.7629658087,0.8560344828,0.8068251066
0.9586558938,1986,618,334,0.7626728111,0.8560344828,0.8066612510
0.9586557746,1987,618,333,0.7627639155,0.8564655172,0.8069035533
0.9585761428,1987,619,333,0.7624712203,0.8564655172,0.8067397483
0.9585280418,1988,619,332,0.7625623322,0.8568965517,0.8069819363
0.9585187435,1989,620,331,0.7623610579,0.8573275862,0.8070602556
0.9583725333,1989,621,331,0.7620689655,0.8573275862,0.8068965517
0.9583343267,1989,622,331,0.7617770969,0.8573275862,0.8067329142
0.9582800269,2000,645,320,0.7561436673,0.8620689655,0.8056394763
0.9582430124,2000,646,320,0.7558578987,0.8620689655,0.8054772453
0.9582246542,2001,646,319,0.7559501322,0.8625000000,0.8057177371
0.9580938816,2001,647,319,0.7556646526,0.8625000000,0.8055555556
0.9580276608,2001,648,319,0.7553793884,0.8625000000,0.8053934393
0.9579018354,2001,649,319,0.7550943396,0.8625000000,0.8052313883
0.9578872919,2001,650,319,0.7548095058,0.8625000000,0.8050694025
0.9578768015,2001,651,319,0.7545248869,0.8625000000,0.8049074819
0.9578528404,2002,651,318,0.7546174142,0.8629310345,0.8051477981
0.9577437043,2002,652,318,0.7543330821,0.8629310345,0.8049859268
0.9576965570,2002,653,318,0.7540489642,0.8629310345,0.8048241206
0.9575703144,2002,654,318,0.7537650602,0.8629310345,0.8046623794
0.9575165510,2002,655,318,0.7534813700,0.8629310345,0.8045007032
0.9574195743,2003,655,317,0.7535741159,0.8633620690,0.8047408598
0.9573523998,2004,655,316,0.7536667920,0.8637931034,0.8049809199
0.9573490024,2004,656,316,0.7533834586,0.8637931034,0.8048192771
0.9572789669,2005,656,315,0.7534761368,0.8642241379,0.8050592251
0.9571886659,2006,656,314,0.7535687453,0.8646551724,0.8052990767
0.9570905566,2006,657,314,0.7532857679,0.8646551724,0.8051374674
0.9568884969,2006,658,314,0.7530030030,0.8646551724,0.8049759230
0.9568484426,2007,658,313,0.7530956848,0.8650862069,0.8052156469
0.9567584991,2007,659,313,0.7528132033,0.8650862069,0.8050541516
0.9566575885,2008,659,312,0.7529058868,0.8655172414,0.8052937638
0.9566280246,2009,659,311,0.7529985007,0.8659482759,0.8055332799
0.9564903975,2009,660,311,0.7527163732,0.8659482759,0.8053718180
0.9564516544,2009,661,311,0.7524344569,0.8659482759,0.8052104208
0.9563323855,2009,662,311,0.7521527518,0.8659482759,0.8050490884
0.9562352300,2010,662,310,0.7522455090,0.8663793103,0.8052884615
0.9561079144,2010,663,310,0.7519640853,0.8663793103,0.8051271780
0.9560682774,2011,663,309,0.7520568437,0.8668103448,0.8053664397
0.9560387135,2012,663,308,0.7521495327,0.8672413793,0.8056056056
0.9560319781,2012,664,308,0.7518684604,0.8672413793,0.8054443555
0.9560174942,2012,665,308,0.7515875981,0.8672413793,0.8052831699
0.9559856653,2012,666,308,0.7513069455,0.8672413793,0.8051220488
0.9559578896,2012,667,308,0.7510265024,0.8672413793,0.8049609922
0.9558744431,2013,667,307,0.7511194030,0.8676724138,0.8052000000
0.9557080269,2014,667,306,0.7512122342,0.8681034483,0.8054389122
0.9556565285,2014,668,306,0.7509321402,0.8681034483,0.8052778888
0.9555934072,2015,668,305,0.7510249720,0.8685344828,0.8055166900
0.9555831552,2016,668,304,0.7511177347,0.8689655172,0.8057553957
0.9555300474,2017,668,303,0.7512104283,0.8693965517,0.8059940060
0.9555298686,2018,668,302,0.7513030529,0.8698275862,0.8062325210
0.9555171132,2018,669,302,0.7510234462,0.8698275862,0.8060714999
0.9554784894,2018,670,302,0.7507440476,0.8698275862,0.8059105431
0.9552959204,2018,671,302,0.7504648568,0.8698275862,0.8057496506
0.9552805424,2018,672,302,0.7501858736,0.8698275862,0.8055888224
0.9552209377,2018,673,302,0.7499070977,0.8698275862,0.8054280583
0.9551067352,2018,674,302,0.7496285290,0.8698275862,0.8052673583
0.9550971985,2018,675,302,0.7493501671,0.8698275862,0.8051067225
0.9550889134,2018,676,302,0.7490720119,0.8698275862,0.8049461508
0.9550585747,2019,676,301,0.7491651206,0.8702586207,0.8051844467
0.9550427794,2021,676,299,0.7493511309,0.8711206897,0.8056607534
0.9550183415,2022,676,298,0.7494440326,0.8715517241,0.8058987644
0.9549396038,2022,677,298,0.7491663579,0.8715517241,0.8057381949
0.9547578096,2022,678,298,0.7488888889,0.8715517241,0.8055776892
0.9547191262,2022,679,298,0.7486116253,0.8715517241,0.8054172476
0.9547155499,2022,680,298,0.7483345670,0.8715517241,0.8052568698
0.9546330571,2022,681,298,0.7480577137,0.8715517241,0.8050965558
0.9544883966,2022,682,298,0.7477810651,0.8715517241,0.8049363057
0.9544343948,2022,683,298,0.7475046211,0.8715517241,0.8047761194
0.9541319609,2022,684,298,0.7472283814,0.8715517241,0.8046159968
0.9541192651,2022,685,298,0.7469523458,0.8715517241,0.8044559379
0.9541015625,2022,686,298,0.7466765140,0.8715517241,0.8042959427
0.9540894032,2022,687,298,0.7464008859,0.8715517241,0.8041360111
0.9538249373,2023,687,297,0.7464944649,0.8719827586,0.8043737575
0.9538147449,2024,687,296,0.7465879749,0.8724137931,0.8046114093
0.9537903666,2024,688,296,0.7463126844,0.8724137931,0.8044515103
0.9537709355,2025,688,295,0.7464061924,0.8728448276,0.8046890523
0.9537136555,2026,688,294,0.7464996315,0.8732758621,0.8049264998
0.9536550045,2027,688,293,0.7465930018,0.8737068966,0.8051638530
0.9536411166,2028,688,292,0.7466863034,0.8741379310,0.8054011120
0.9535951614,2028,689,292,0.7464114833,0.8741379310,0.8052412150
0.9535589814,2028,690,292,0.7461368653,0.8741379310,0.8050813815
0.9535372853,2028,691,292,0.7458624494,0.8741379310,0.8049216114
0.9534281492,2029,691,291,0.7459558824,0.8745689655,0.8051587302
0.9532374740,2029,692,291,0.7456817347,0.8745689655,0.8049990081
0.9531234503,2029,693,291,0.7454077884,0.8745689655,0.8048393495
0.9530277848,2029,694,291,0.7451340433,0.8745689655,0.8046797541
0.9529352784,2029,695,291,0.7448604993,0.8745689655,0.8045202220
0.9529350400,2029,696,291,0.7445871560,0.8745689655,0.8043607532
0.9528977871,2030,697,290,0.7444077741,0.8750000000,0.8044382802
0.9526826739,2031,697,289,0.7445014663,0.8754310345,0.8046751189
0.9526540041,2032,697,288,0.7445950898,0.8758620690,0.8049118637
0.9525756836,2032,698,288,0.7443223443,0.8758620690,0.8047524752
0.9523114562,2032,699,288,0.7440497986,0.8758620690,0.8045931499
0.9522698522,2032,700,288,0.7437774524,0.8758620690,0.8044338876
0.9521761537,2033,700,287,0.7438712038,0.8762931034,0.8046704928
0.9521369934,2035,700,285,0.7440585009,0.8771551724,0.8051434224
0.9520713091,2035,701,285,0.7437865497,0.8771551724,0.8049841772
0.9519979358,2035,702,285,0.7435147972,0.8771551724,0.8048249951
0.9519575238,2035,703,285,0.7432432432,0.8771551724,0.8046658758
0.9519032240,2035,704,285,0.7429718876,0.8771551724,0.8045068195
0.9517973661,2035,705,285,0.7427007299,0.8771551724,0.8043478261
0.9517726302,2035,706,285,0.7424297702,0.8771551724,0.8041888955
0.9517303109,2036,706,284,0.7425237053,0.8775862069,0.8044251284
0.9516485929,2036,707,284,0.7422530077,0.8775862069,0.8042662453
0.9516248107,2036,708,284,0.7419825073,0.8775862069,0.8041074250
0.9516090751,2037,708,283,0.7420765027,0.8780172414,0.8043435341
0.9514874220,2038,708,282,0.7421704297,0.8784482759,0.8045795499
0.9513613582,2038,709,282,0.7419002548,0.8784482759,0.8044207618
0.9512954354,2039,709,281,0.7419941776,0.8788793103,0.8046566693
0.9510530829,2039,710,281,0.7417242634,0.8788793103,0.8044979286
0.9510396123,2040,710,280,0.7418181818,0.8793103448,0.8047337278
0.9510011673,2040,711,280,0.7415485278,0.8793103448,0.8045750345
0.9508531094,2040,712,280,0.7412790698,0.8793103448,0.8044164038
0.9507572055,2040,713,280,0.7410098075,0.8793103448,0.8042578356
0.9506613016,2040,714,280,0.7407407407,0.8793103448,0.8040993299
0.9505067468,2040,715,280,0.7404718693,0.8793103448,0.8039408867
0.9503202438,2040,716,280,0.7402031930,0.8793103448,0.8037825059
0.9501520395,2041,716,279,0.7402974247,0.8797413793,0.8040181209
0.9500342011,2041,717,279,0.7400290065,0.8797413793,0.8038597873
0.9497458339,2041,718,279,0.7397607829,0.8797413793,0.8037015160
0.9497354627,2042,718,278,0.7398550725,0.8801724138,0.8039370079
0.9496405721,2042,719,278,0.7395871061,0.8801724138,0.8037787837
0.9493358731,2042,720,278,0.7393193338,0.8801724138,0.8036206218
0.9493002892,2043,720,277,0.7394136808,0.8806034483,0.8038559906
0.9491539001,2043,721,277,0.7391461650,0.8806034483,0.8036978757
0.9489960670,2043,722,277,0.7388788427,0.8806034483,0.8035398230
0.9489936233,2043,723,277,0.7386117137,0.8806034483,0.8033818325
0.9489919543,2043,724,277,0.7383447777,0.8806034483,0.8032239041
0.9489213228,2043,725,277,0.7380780347,0.8806034483,0.8030660377
0.9488279819,2043,726,277,0.7378114843,0.8806034483,0.8029082334
0.9488158226,2044,726,276,0.7379061372,0.8810344828,0.8031434185
0.9487326741,2044,727,276,0.7376398412,0.8810344828,0.8029856610
0.9486566186,2044,729,276,0.7371078255,0.8810344828,0.8026703318
0.9486525059,2044,730,276,0.7368421053,0.8810344828,0.8025127601
0.9485509396,2045,730,275,0.7369369369,0.8814655172,0.8027477920
0.9484223723,2046,730,274,0.7370317003,0.8818965517,0.8029827316
0.9483912587,2046,731,274,0.7367662946,0.8818965517,0.8028251913
0.9483662844,2047,731,273,0.7368610511,0.8823275862,0.8030600235
0.9483611584,2048,731,272,0.7369557395,0.8827586207,0.8032947637
0.9482617378,2049,731,271,0.7370503597,0.8831896552,0.8035294118
0.9482492208,2049,732,271,0.7367853290,0.8831896552,0.8033718879
0.9481138587,2050,732,270,0.7368799425,0.8836206897,0.8036064289
0.9480009079,2052,733,268,0.7368043088,0.8844827586,0.8039177277
0.9479625821,2052,734,268,0.7365398421,0.8844827586,0.8037602820
0.9478619099,2052,735,268,0.7362755651,0.8844827586,0.8036028980
0.9478470087,2052,736,268,0.7360114778,0.8844827586,0.8034455756
0.9476839900,2053,736,267,0.7361061312,0.8849137931,0.8036797808
0.9474827051,2054,736,266,0.7362007168,0.8853448276,0.8039138943
0.9474010468,2055,736,265,0.7362952347,0.8857758621,0.8041479163
0.9473688006,2055,737,265,0.7360315186,0.8857758621,0.8039906103
0.9472332597,2056,737,264,0.7361260294,0.8862068966,0.8042245257
0.9472168088,2056,738,264,0.7358625626,0.8862068966,0.8040672663
0.9472145438,2056,739,264,0.7355992844,0.8862068966,0.8039100684
0.9471854568,2056,740,264,0.7353361946,0.8862068966,0.8037529320
0.9470992684,2056,741,264,0.7350732928,0.8862068966,0.8035958569
0.9470390081,2056,742,264,0.7348105790,0.8862068966,0.8034388433
0.9469301701,2056,743,264,0.7345480529,0.8862068966,0.8032818910
0.9469292164,2057,743,263,0.7346428571,0.8866379310,0.8035156250
0.9468005896,2058,743,262,0.7347375937,0.8870689655,0.8037492677
0.9467142820,2059,743,261,0.7348322627,0.8875000000,0.8039828192
0.9466744065,2059,744,261,0.7345701035,0.8875000000,0.8038258833
0.9465588331,2060,744,260,0.7346647646,0.8879310345,0.8040593286
0.9465097189,2060,745,260,0.7344028520,0.8879310345,0.8039024390
0.9464990497,2060,746,260,0.7341411262,0.8879310345,0.8037456106
0.9464233518,2060,747,260,0.7338795867,0.8879310345,0.8035888434
0.9464205503,2061,747,259,0.7339743590,0.8883620690,0.8038221529
0.9462682009,2061,748,259,0.7337130651,0.8883620690,0.8036654319
0.9462450147,2061,749,259,0.7334519573,0.8883620690,0.8035087719
0.9461257458,2061,750,259,0.7331910352,0.8883620690,0.8033521731
0.9459573627,2061,751,259,0.7329302987,0.8883620690,0.8031956352
0.9458011389,2061,752,259,0.7326697476,0.8883620690,0.8030391584
0.9457979202,2062,752,258,0.7327647477,0.8887931034,0.8032723023
0.9457955956,2062,753,258,0.7325044405,0.8887931034,0.8031158715
0.9457648396,2062,754,258,0.7322443182,0.8887931034,0.8029595016
0.9457537532,2062,755,258,0.7319843805,0.8887931034,0.8028031925
0.9457364678,2062,756,258,0.7317246274,0.8887931034,0.8026469443
0.9457240105,2062,757,258,0.7314650585,0.8887931034,0.8024907570
0.9456911683,2063,757,257,0.7315602837,0.8892241379,0.8027237354
0.9454424977,2063,758,257,0.7313009571,0.8892241379,0.8025675939
0.9453810453,2063,759,257,0.7310418143,0.8892241379,0.8024115130
0.9453108311,2064,759,256,0.7311370882,0.8896551724,0.8026443710
0.9452418089,2064,760,256,0.7308781870,0.8896551724,0.8024883359
0.9451301098,2064,761,256,0.7306194690,0.8896551724,0.8023323615
0.9450752735,2065,761,255,0.7307147912,0.8900862069,0.8025650991
0.9449636936,2066,761,254,0.7308100460,0.8905172414,0.8027977463
0.9447939396,2066,762,254,0.7305516266,0.8905172414,0.8026418026
0.9447222948,2066,763,254,0.7302933899,0.8905172414,0.8024859196
0.9445689321,2066,764,254,0.7300353357,0.8905172414,0.8023300971
0.9443992972,2067,764,253,0.7301306959,0.8909482759,0.8025626092
0.9443824291,2067,765,253,0.7298728814,0.8909482759,0.8024068323
0.9442857504,2067,766,253,0.7296152489,0.8909482759,0.8022511159
0.9441658854,2067,767,253,0.7293577982,0.8909482759,0.8020954598
0.9440824986,2067,768,253,0.7291005291,0.8909482759,0.8019398642
0.9440785646,2067,769,253,0.7288434415,0.8909482759,0.8017843289
0.9440141320,2067,770,253,0.7285865351,0.8909482759,0.8016288540
0.9439045191,2068,770,252,0.7286821705,0.8913793103,0.8018611865
0.9438877702,2068,771,252,0.7284255019,0.8913793103,0.8017057569
0.9438819289,2068,772,252,0.7281690141,0.8913793103,0.8015503876
0.9438345432,2068,773,252,0.7279127068,0.8913793103,0.8013950785
0.9437807202,2068,774,252,0.7276565799,0.8913793103,0.8012398295
0.9437676668,2069,774,251,0.7277523743,0.8918103448,0.8014720124
0.9435450435,2069,775,251,0.7274964838,0.8918103448,0.8013168087
0.9435279369,2069,776,251,0.7272407733,0.8918103448,0.8011616651
0.9432032108,2069,777,251,0.7269852424,0.8918103448,0.8010065815
0.9430990815,2069,778,251,0.7267298911,0.8918103448,0.8008515580
0.9429892302,2069,779,251,0.7264747191,0.8918103448,0.8006965944
0.9429746270,2069,780,251,0.7262197262,0.8918103448,0.8005416908
0.9428704381,2069,781,251,0.7259649123,0.8918103448,0.8003868472
0.9428599477,2069,782,251,0.7257102771,0.8918103448,0.8002320634
0.9424254298,2069,783,251,0.7254558205,0.8918103448,0.8000773395
0.9423966408,2069,784,251,0.7252015422,0.8918103448,0.7999226754
0.9423146844,2070,784,250,0.7252978276,0.8922413793,0.8001546193
0.9421747923,2070,785,250,0.7250437828,0.8922413793,0.8000000000
0.9418327808,2071,785,249,0.7251400560,0.8926724138,0.8002318393
0.9416830540,2071,786,249,0.7248862443,0.8926724138,0.8000772648
0.9416725039,2072,786,248,0.7249825052,0.8931034483,0.8003089996
0.9414653778,2073,786,247,0.7250786988,0.8935344828,0.8005406449
0.9414623976,2073,787,247,0.7248251748,0.8935344828,0.8003861004
0.9413722754,2073,788,247,0.7245718280,0.8935344828,0.8002316155
0.9413688183,2073,789,247,0.7243186583,0.8935344828,0.8000771903
0.9412773252,2073,790,247,0.7240656654,0.8935344828,0.7999228246
0.9412399530,2073,791,247,0.7238128492,0.8935344828,0.7997685185
0.9411773086,2074,791,246,0.7239092496,0.8939655172,0.8000000000
0.9411413074,2075,791,245,0.7240055827,0.8943965517,0.8002313922
0.9411184192,2075,792,245,0.7237530520,0.8943965517,0.8000771159
0.9411017299,2075,793,245,0.7235006974,0.8943965517,0.7999228990
0.9408661127,2075,794,245,0.7232485186,0.8943965517,0.7997687416
0.9407014251,2076,794,244,0.7233449477,0.8948275862,0.8000000000
0.9406628013,2076,795,244,0.7230929990,0.8948275862,0.7998458871
0.9406196475,2077,795,243,0.7231894150,0.8952586207,0.8000770416
0.9406052232,2077,796,243,0.7229376958,0.8952586207,0.7999229732
0.9405550361,2077,797,243,0.7226861517,0.8952586207,0.7997689642
0.9403764009,2077,798,243,0.7224347826,0.8952586207,0.7996150144
0.9402765036,2077,799,243,0.7221835883,0.8952586207,0.7994611239
0.9402059913,2078,799,242,0.7222801529,0.8956896552,0.7996921301
0.9401737452,2078,800,242,0.7220291869,0.8956896552,0.7995382840
0.9401640296,2079,800,241,0.7221257381,0.8961206897,0.7997691864
0.9400103092,2080,800,240,0.7222222222,0.8965517241,0.8000000000
0.9399746060,2080,801,240,0.7219715377,0.8965517241,0.7998461834
0.9396685362,2080,802,240,0.7217210271,0.8965517241,0.7996924260
0.9395620227,2080,803,240,0.7214706903,0.8965517241,0.7995387277
0.9394763708,2081,803,239,0.7215672677,0.8969827586,0.7997694081
0.9393769503,2081,804,239,0.7213171577,0.8969827586,0.7996157541
0.9390698671,2081,806,239,0.7208174576,0.8969827586,0.7993086230
0.9390160441,2082,806,238,0.7209141274,0.8974137931,0.7995391705
0.9390090108,2082,807,238,0.7206645898,0.8974137931,0.7993856786
0.9389294386,2082,808,238,0.7204152249,0.8974137931,0.7992322457
0.9389004707,2082,809,238,0.7201660325,0.8974137931,0.7990788716
0.9388558865,2082,810,238,0.7199170124,0.8974137931,0.7989255564
0.9388039112,2082,811,238,0.7196681645,0.8974137931,0.7987723000
0.9386284351,2083,811,237,0.7197650311,0.8978448276,0.7990026851
0.9382528067,2083,812,237,0.7195164076,0.8978448276,0.7988494727
0.9381431937,2083,813,237,0.7192679558,0.8978448276,0.7986963190
0.9380957484,2084,813,236,0.7193648602,0.8982758621,0.7989265862
0.9380707741,2084,814,236,0.7191166322,0.8982758621,0.7987734764
0.9378240108,2084,815,236,0.7188685754,0.8982758621,0.7986204254
0.9373922348,2084,816,236,0.7186206897,0.8982758621,0.7984674330
0.9371905327,2084,817,236,0.7183729748,0.8982758621,0.7983144991
0.9371619821,2085,817,235,0.7184700207,0.8987068966,0.7985446189
0.9370688796,2085,818,235,0.7182225284,0.8987068966,0.7983917289
0.9369388819,2085,819,235,0.7179752066,0.8987068966,0.7982388974
0.9368678331,2085,820,235,0.7177280551,0.8987068966,0.7980861244
0.9365150928,2085,821,235,0.7174810736,0.8987068966,0.7979334099
0.9363031983,2085,822,235,0.7172342621,0.8987068966,0.7977807538
0.9362141490,2085,823,235,0.7169876204,0.8987068966,0.7976281561
0.9360368848,2085,824,235,0.7167411482,0.8987068966,0.7974756168
0.9356971383,2086,824,234,0.7168384880,0.8991379310,0.7977055449
0.9355357885,2087,824,233,0.7169357609,0.8995689655,0.7979353852
0.9354959130,2087,825,233,0.7166895604,0.8995689655,0.7977828746
0.9354264736,2087,826,233,0.7164435290,0.8995689655,0.7976304223
0.9352510571,2087,827,233,0.7161976664,0.8995689655,0.7974780283
0.9352282882,2087,828,233,0.7159519726,0.8995689655,0.7973256925
0.9350814223,2088,828,232,0.7160493827,0.9000000000,0.7975553858
0.9350330830,2088,829,232,0.7158039081,0.9000000000,0.7974030934
0.9348710179,2088,830,232,0.7155586018,0.9000000000,0.7972508591
0.9348169565,2088,831,232,0.7153134635,0.9000000000,0.7970986830
0.9347960949,2088,832,232,0.7150684932,0.9000000000,0.7969465649
0.9346720576,2089,832,231,0.7151660390,0.9004310345,0.7971761114
0.9346476197,2089,833,231,0.7149212868,0.9004310345,0.7970240366
0.9344849586,2089,834,231,0.7146767020,0.9004310345,0.7968720198
0.9343591332,2089,835,231,0.7144322845,0.9004310345,0.7967200610
0.9343501925,2089,836,231,0.7141880342,0.9004310345,0.7965681602
0.9341506958,2089,838,231,0.7137000342,0.9004310345,0.7962645321
0.9340386987,2089,839,231,0.7134562842,0.9004310345,0.7961128049
0.9339907169,2090,839,230,0.7135541140,0.9008620690,0.7963421604
0.9338746071,2091,839,229,0.7136518771,0.9012931034,0.7965714286
0.9336735606,2092,839,228,0.7137495735,0.9017241379,0.7968006094
0.9336180687,2092,840,228,0.7135061392,0.9017241379,0.7966488957
0.9336103201,2093,840,227,0.7136038186,0.9021551724,0.7968779745
0.9335319400,2094,841,226,0.7134582624,0.9025862069,0.7969552807
0.9331238270,2094,842,226,0.7132152589,0.9025862069,0.7968036530
0.9327257276,2094,843,226,0.7129724208,0.9025862069,0.7966520829
0.9326606989,2095,843,225,0.7130701157,0.9030172414,0.7968809433
0.9324287176,2095,844,225,0.7128274923,0.9030172414,0.7967294162
0.9323872328,2096,844,224,0.7129251701,0.9034482759,0.7969581749
0.9320083261,2097,844,223,0.7130227814,0.9038793103,0.7971868466
0.9319895506,2097,845,223,0.7127804215,0.9038793103,0.7970353478
0.9318310022,2097,846,223,0.7125382263,0.9038793103,0.7968839065
0.9318301678,2097,847,223,0.7122961957,0.9038793103,0.7967325228
0.9318267107,2097,848,223,0.7120543294,0.9038793103,0.7965811966
0.9315958619,2098,848,222,0.7121520706,0.9043103448,0.7968097227
0.9314475060,2098,849,222,0.7119104174,0.9043103448,0.7966584393
0.9314014912,2098,850,222,0.7116689281,0.9043103448,0.7965072134
0.9311124682,2098,851,222,0.7114276026,0.9043103448,0.7963560448
0.9310473204,2098,852,222,0.7111864407,0.9043103448,0.7962049336
0.9309930801,2098,853,222,0.7109454422,0.9043103448,0.7960538797
0.9309385419,2098,854,222,0.7107046070,0.9043103448,0.7959028832
0.9309227467,2099,854,221,0.7108025737,0.9047413793,0.7961312346
0.9307669401,2100,854,220,0.7109004739,0.9051724138,0.7963594994
0.9307600260,2100,855,220,0.7106598985,0.9051724138,0.7962085308
0.9307294488,2101,855,219,0.7107577808,0.9056034483,0.7964366945
0.9303222895,2101,856,219,0.7105174163,0.9056034483,0.7962857684
0.9300329685,2101,857,219,0.7102772143,0.9056034483,0.7961348996
0.9296658039,2101,858,219,0.7100371747,0.9056034483,0.7959840879
0.9296247959,2101,859,219,0.7097972973,0.9056034483,0.7958333333
0.9294749498,2101,860,219,0.7095575819,0.9056034483,0.7956826359
0.9294132590,2101,861,219,0.7093180284,0.9056034483,0.7955319955
0.9293203950,2101,862,219,0.7090786365,0.9056034483,0.7953814121
0.9287541509,2103,862,217,0.7092748735,0.9064655172,0.7958372753
0.9285830259,2103,863,217,0.7090357384,0.9064655172,0.7956867196
0.9284438491,2103,864,217,0.7087967644,0.9064655172,0.7955362209
0.9283207655,2103,865,217,0.7085579515,0.9064655172,0.7953857791
0.9282751679,2103,866,217,0.7083192994,0.9064655172,0.7952353942
0.9279813170,2104,866,216,0.7084175084,0.9068965517,0.7954631380
0.9279440045,2105,866,215,0.7085156513,0.9073275862,0.7956907957
0.9279068112,2105,867,215,0.7082772544,0.9073275862,0.7955404384
0.9277492762,2105,868,215,0.7080390178,0.9073275862,0.7953901379
0.9274171591,2106,868,214,0.7081371890,0.9077586207,0.7956176804
0.9271590710,2106,869,214,0.7078991597,0.9077586207,0.7954674221
0.9271133542,2106,870,214,0.7076612903,0.9077586207,0.7953172205
0.9270519018,2106,871,214,0.7074235808,0.9077586207,0.7951670757
0.9269617200,2106,872,214,0.7071860309,0.9077586207,0.7950169875
0.9268857241,2107,872,213,0.7072843236,0.9081896552,0.7952443857
0.9268147945,2107,873,213,0.7070469799,0.9081896552,0.7950943396
0.9267197847,2107,874,213,0.7068097954,0.9081896552,0.7949443501
0.9266750216,2107,875,213,0.7065727700,0.9081896552,0.7947944172
0.9266417623,2107,876,213,0.7063359035,0.9081896552,0.7946445408
0.9262995720,2107,877,213,0.7060991957,0.9081896552,0.7944947210
0.9262606502,2107,878,213,0.7058626466,0.9081896552,0.7943449576
0.9262388349,2107,879,213,0.7056262559,0.9081896552,0.7941952507
0.9262299538,2107,880,213,0.7053900234,0.9081896552,0.7940456002
0.9262188673,2107,881,213,0.7051539491,0.9081896552,0.7938960060
0.9261449575,2108,881,212,0.7052525928,0.9086206897,0.7941231870
0.9260600209,2109,881,211,0.7053511706,0.9090517241,0.7943502825
0.9259750247,2109,882,211,0.7051153460,0.9090517241,0.7942007155
0.9259606600,2109,883,211,0.7048796791,0.9090517241,0.7940512048
0.9256890416,2109,884,211,0.7046441697,0.9090517241,0.7939017504
0.9256028533,2110,884,210,0.7047428190,0.9094827586,0.7941287166
0.9252926707,2111,884,209,0.7048414023,0.9099137931,0.7943555974
0.9249534011,2112,884,208,0.7049399199,0.9103448276,0.7945823928
0.9246146679,2112,885,208,0.7047047047,0.9103448276,0.7944329509
0.9246104956,2113,885,207,0.7048032021,0.9107758621,0.7946596465
0.9243288636,2114,885,206,0.7049016339,0.9112068966,0.7948862568
0.9242476225,2116,885,204,0.7050983006,0.9120689655,0.7953392220
0.9239425063,2116,886,204,0.7048634244,0.9120689655,0.7951897783
0.9238557220,2116,887,204,0.7046287046,0.9120689655,0.7950403908
0.9238287210,2117,887,203,0.7047270306,0.9125000000,0.7952667168
0.9237065911,2118,887,202,0.7048252912,0.9129310345,0.7954929577
0.9234270453,2118,888,202,0.7045908184,0.9129310345,0.7953435974
0.9233206511,2119,888,201,0.7046890589,0.9133620690,0.7955697391
0.9233102798,2120,888,200,0.7047872340,0.9137931034,0.7957957958
0.9232523441,2121,888,199,0.7048853440,0.9142241379,0.7960217677
0.9231840372,2122,888,198,0.7049833887,0.9146551724,0.7962476548
0.9230970144,2122,889,198,0.7047492527,0.9146551724,0.7960982930
0.9230262041,2123,889,197,0.7048472776,0.9150862069,0.7963240810
0.9229919910,2123,890,197,0.7046133422,0.9150862069,0.7961747609
0.9227918386,2123,891,197,0.7043795620,0.9150862069,0.7960254968
0.9225181341,2123,892,197,0.7041459370,0.9150862069,0.7958762887
0.9223610163,2123,893,197,0.7039124668,0.9150862069,0.7957271364
0.9223502874,2123,894,197,0.7036791515,0.9150862069,0.7955780401
0.9223434925,2124,894,196,0.7037773360,0.9155172414,0.7958036718
0.9221181870,2124,895,196,0.7035442199,0.9155172414,0.7956546170
0.9219987988,2124,896,196,0.7033112583,0.9155172414,0.7955056180
0.9213055968,2124,897,196,0.7030784508,0.9155172414,0.7953566748
0.9211762547,2124,898,196,0.7028457975,0.9155172414,0.7952077873
0.9208781719,2124,899,196,0.7026132980,0.9155172414,0.7950589556
0.9208668470,2124,900,196,0.7023809524,0.9155172414,0.7949101796
0.9208033681,2124,901,196,0.7021487603,0.9155172414,0.7947614593
0.9206654429,2124,902,196,0.7019167217,0.9155172414,0.7946127946
0.9205247760,2124,903,196,0.7016848365,0.9155172414,0.7944641855
0.9204724431,2124,904,196,0.7014531044,0.9155172414,0.7943156320
0.9204379320,2124,905,196,0.7012215253,0.9155172414,0.7941671340
0.9202355742,2124,906,196,0.7009900990,0.9155172414,0.7940186916
0.9202331305,2124,907,196,0.7007588255,0.9155172414,0.7938703046
0.9200114012,2124,908,196,0.7005277045,0.9155172414,0.7937219731
0.9199804664,2124,909,196,0.7002967359,0.9155172414,0.7935736970
0.9199303985,2124,910,196,0.7000659196,0.9155172414,0.7934254763
0.9195403457,2124,911,196,0.6998352554,0.9155172414,0.7932773109
0.9195070863,2124,912,196,0.6996047431,0.9155172414,0.7931292009
0.9194997549,2124,913,196,0.6993743826,0.9155172414,0.7929811462
0.9191752076,2124,914,196,0.6991441738,0.9155172414,0.7928331467
0.9190825820,2124,916,196,0.6986842105,0.9155172414,0.7925373134
0.9184870124,2125,916,195,0.6987832950,0.9159482759,0.7927625443
0.9176915884,2126,916,194,0.6988823143,0.9163793103,0.7929876912
0.9176281691,2126,917,194,0.6986526454,0.9163793103,0.7928398285
0.9175899029,2126,918,194,0.6984231275,0.9163793103,0.7926920209
0.9175778031,2126,919,194,0.6981937603,0.9163793103,0.7925442684
0.9174911976,2126,920,194,0.6979645437,0.9163793103,0.7923965710
0.9173820019,2126,921,194,0.6977354775,0.9163793103,0.7922489286
0.9173627496,2126,922,194,0.6975065617,0.9163793103,0.7921013413
0.9172238111,2127,922,193,0.6976057724,0.9168103448,0.7923263178
0.9172022343,2128,922,192,0.6977049180,0.9172413793,0.7925512104
0.9172020555,2129,922,191,0.6978039987,0.9176724138,0.7927760194
0.9170565605,2129,923,191,0.6975753604,0.9176724138,0.7926284438
0.9168458581,2130,923,190,0.6976744186,0.9181034483,0.7928531547
0.9167681336,2130,924,190,0.6974459725,0.9181034483,0.7927056197
0.9163861275,2130,925,190,0.6972176759,0.9181034483,0.7925581395
0.9161367416,2131,925,189,0.6973167539,0.9185344828,0.7927827381
0.9161257744,2131,926,189,0.6970886490,0.9185344828,0.7926352985
0.9159435034,2131,927,189,0.6968606933,0.9185344828,0.7924879137
0.9158940911,2131,928,189,0.6966328866,0.9185344828,0.7923405838
0.9153885841,2131,929,189,0.6964052288,0.9185344828,0.7921933086
0.9150476456,2131,930,189,0.6961777197,0.9185344828,0.7920460881
0.9149563313,2132,930,188,0.6962769432,0.9189655172,0.7922705314
0.9149315953,2132,931,188,0.6960496246,0.9189655172,0.7921233513
0.9148635268,2132,932,188,0.6958224543,0.9189655172,0.7919762259
0.9148483872,2132,933,188,0.6955954323,0.9189655172,0.7918291551
0.9147911072,2133,933,187,0.6956947162,0.9193965517,0.7920534720
0.9147312641,2133,934,187,0.6954678839,0.9193965517,0.7919064414
0.9142499566,2134,934,186,0.6955671447,0.9198275862,0.7921306607
0.9142205715,2135,934,185,0.6956663408,0.9202586207,0.7923547968
0.9141625762,2135,935,185,0.6954397394,0.9202586207,0.7922077922
0.9140021205,2135,936,185,0.6952132856,0.9202586207,0.7920608421
0.9139944315,2135,938,185,0.6947608200,0.9202586207,0.7917671055
0.9135094285,2135,939,185,0.6945348081,0.9202586207,0.7916203189
0.9134256840,2135,940,185,0.6943089431,0.9202586207,0.7914735867
0.9130160809,2135,941,185,0.6940832250,0.9202586207,0.7913269088
0.9125543237,2135,942,185,0.6938576536,0.9202586207,0.7911802853
0.9123848081,2135,943,185,0.6936322287,0.9202586207,0.7910337162
0.9122969508,2135,944,185,0.6934069503,0.9202586207,0.7908872013
0.9122545123,2135,945,185,0.6931818182,0.9202586207,0.7907407407
0.9122436047,2135,946,185,0.6929568322,0.9202586207,0.7905943344
0.9120706916,2135,947,185,0.6927319922,0.9202586207,0.7904479822
0.9119498134,2135,948,185,0.6925072981,0.9202586207,0.7903016842
0.9117271304,2135,949,185,0.6922827497,0.9202586207,0.7901554404
0.9116228223,2136,949,184,0.6923824959,0.9206896552,0.7903792784
0.9113140106,2137,949,183,0.6924821776,0.9211206897,0.7906030337
0.9109630585,2137,950,183,0.6922578555,0.9211206897,0.7904568152
0.9101808667,2137,951,183,0.6920336788,0.9211206897,0.7903106509
0.9100759625,2137,952,183,0.6918096471,0.9211206897,0.7901645406
0.9097861052,2138,952,182,0.6919093851,0.9215517241,0.7903881701
0.9097503424,2138,953,182,0.6916855387,0.9215517241,0.7902420994
0.9096407890,2139,953,181,0.6917852523,0.9219827586,0.7904656319
0.9095740914,2139,954,181,0.6915615907,0.9219827586,0.7903196010
0.9095503092,2139,955,181,0.6913380737,0.9219827586,0.7901736239
0.9094319940,2139,956,181,0.6911147011,0.9219827586,0.7900277008
0.9093370438,2139,957,181,0.6908914729,0.9219827586,0.7898818316
0.9092960358,2139,958,181,0.6906683888,0.9219827586,0.7897360162
0.9091800451,2139,959,181,0.6904454487,0.9219827586,0.7895902547
0.9083717465,2139,960,181,0.6902226525,0.9219827586,0.7894445470
0.9083091021,2139,961,181,0.6900000000,0.9219827586,0.7892988930
0.9082180262,2139,962,181,0.6897774911,0.9219827586,0.7891532928
0.9078948498,2139,963,181,0.6895551257,0.9219827586,0.7890077462
0.9078296423,2139,964,181,0.6893329036,0.9219827586,0.7888622534
0.9076820016,2139,965,181,0.6891108247,0.9219827586,0.7887168142
0.9074074626,2139,966,181,0.6888888889,0.9219827586,0.7885714286
0.9073901772,2140,966,180,0.6889890534,0.9224137931,0.7887946922
0.9073768258,2140,967,180,0.6887672996,0.9224137931,0.7886493459
0.9073033333,2140,968,180,0.6885456885,0.9224137931,0.7885040531
0.9072589874,2140,969,180,0.6883242200,0.9224137931,0.7883588138
0.9070518613,2140,970,180,0.6881028939,0.9224137931,0.7882136280
0.9070054889,2140,971,180,0.6878817101,0.9224137931,0.7880684957
0.9066646099,2141,971,179,0.6879820051,0.9228448276,0.7882916053
0.9059876800,2141,972,179,0.6877610022,0.9228448276,0.7881465121
0.9057466388,2141,973,179,0.6875401413,0.9228448276,0.7880014722
0.9056428075,2141,974,179,0.6873194222,0.9228448276,0.7878564857
0.9056307077,2142,974,178,0.6874197689,0.9232758621,0.7880794702
0.9056143761,2142,975,178,0.6871992300,0.9232758621,0.7879345227
0.9052166343,2142,976,178,0.6869788326,0.9232758621,0.7877896285
0.9049109817,2142,977,178,0.6867585765,0.9232758621,0.7876447876
0.9049037695,2142,978,178,0.6865384615,0.9232758621,0.7875000000
0.9047855735,2143,978,177,0.6866388978,0.9237068966,0.7877228451
0.9045774341,2143,979,177,0.6864189622,0.9237068966,0.7875780963
0.9045159817,2143,980,177,0.6861991675,0.9237068966,0.7874334007
0.9042072296,2143,981,177,0.6859795134,0.9237068966,0.7872887583
0.9035874009,2143,982,177,0.6857600000,0.9237068966,0.7871441690
0.9032555223,2143,983,177,0.6855406270,0.9237068966,0.7869996328
0.9029958248,2143,984,177,0.6853213943,0.9237068966,0.7868551496
0.9029355645,2143,985,177,0.6851023018,0.9237068966,0.7867107195
0.9029146433,2143,986,177,0.6848833493,0.9237068966,0.7865663424
0.9028056264,2143,987,177,0.6846645367,0.9237068966,0.7864220183
0.9027618170,2144,987,176,0.6847652507,0.9241379310,0.7866446524
0.9027558565,2144,988,176,0.6845466156,0.9241379310,0.7865003668
0.9024157524,2144,989,176,0.6843281200,0.9241379310,0.7863561342
0.9024118185,2144,990,176,0.6841097639,0.9241379310,0.7862119545
0.9022688270,2144,991,176,0.6838915470,0.9241379310,0.7860678277
0.9021512866,2144,992,176,0.6836734694,0.9241379310,0.7859237537
0.9020495415,2144,993,176,0.6834555308,0.9241379310,0.7857797325
0.9012673497,2145,993,175,0.6835564054,0.9245689655,0.7860021986
0.9009800553,2145,994,175,0.6833386429,0.9245689655,0.7858582158
0.9009253979,2145,995,175,0.6831210191,0.9245689655,0.7857142857
0.9007718563,2145,996,175,0.6829035339,0.9245689655,0.7855704084
0.9007077217,2145,997,175,0.6826861871,0.9245689655,0.7854265837
0.9006054997,2145,998,175,0.6824689787,0.9245689655,0.7852828116
0.9005532265,2145,999,175,0.6822519084,0.9245689655,0.7851390922
0.9005391598,2145,1000,175,0.6820349762,0.9245689655,0.7849954254
0.9005005956,2145,1001,175,0.6818181818,0.9245689655,0.7848518112
0.9001262784,2145,1002,175,0.6816015253,0.9245689655,0.7847082495
0.8998615146,2146,1002,174,0.6817026684,0.9250000000,0.7849305048
0.8998576403,2146,1003,174,0.6814861861,0.9250000000,0.7847869812
0.8997409344,2146,1004,174,0.6812698413,0.9250000000,0.7846435101
0.8995828032,2147,1004,173,0.6813709933,0.9254310345,0.7848656553
0.8995827436,2148,1004,172,0.6814720812,0.9258620690,0.7850877193
0.8989730477,2148,1005,172,0.6812559467,0.9258620690,0.7849442719
0.8985697031,2148,1006,172,0.6810399493,0.9258620690,0.7848008769
0.8984559178,2149,1006,171,0.6811410460,0.9262931034,0.7850228311
0.8982660174,2149,1007,171,0.6809252218,0.9262931034,0.7848794741
0.8980608582,2149,1008,171,0.6807095344,0.9262931034,0.7847361694
0.8980093598,2149,1009,171,0.6804939835,0.9262931034,0.7845929171
0.8976331353,2149,1010,171,0.6802785692,0.9262931034,0.7844497171
0.8973644972,2150,1010,170,0.6803797468,0.9267241379,0.7846715328
0.8968811035,2151,1010,169,0.6804808605,0.9271551724,0.7848932677
0.8967966437,2151,1011,169,0.6802656546,0.9271551724,0.7847500912
0.8966435790,2151,1012,169,0.6800505849,0.9271551724,0.7846069670
0.8965166807,2152,1012,168,0.6801517067,0.9275862069,0.7848285923
0.8962749839,2153,1012,167,0.6802527646,0.9280172414,0.7850501367
0.8960452676,2153,1013,167,0.6800379027,0.9280172414,0.7849070361
0.8958044648,2154,1013,166,0.6801389327,0.9284482759,0.7851284855
0.8957995176,2154,1014,166,0.6799242424,0.9284482759,0.7849854227
0.8957310319,2154,1015,166,0.6797096876,0.9284482759,0.7848424121
0.8956593275,2154,1016,166,0.6794952681,0.9284482759,0.7846994536
0.8956292868,2154,1017,166,0.6792809839,0.9284482759,0.7845565471
0.8955609798,2154,1018,166,0.6790668348,0.9284482759,0.7844136926
0.8955291510,2154,1019,166,0.6788528207,0.9284482759,0.7842708902
0.8952538371,2154,1020,166,0.6786389414,0.9284482759,0.7841281398
0.8948889971,2154,1021,166,0.6784251969,0.9284482759,0.7839854413
0.8941693902,2154,1022,166,0.6782115869,0.9284482759,0.7838427948
0.8936213851,2154,1023,166,0.6779981114,0.9284482759,0.7837002001
0.8933200240,2154,1024,166,0.6777847703,0.9284482759,0.7835576573
0.8933013678,2154,1025,166,0.6775715634,0.9284482759,0.7834151664
0.8933002949,2154,1026,166,0.6773584906,0.9284482759,0.7832727273
0.8932748437,2154,1027,166,0.6771455517,0.9284482759,0.7831303399
0.8922898769,2155,1027,165,0.6772470145,0.9288793103,0.7833515085
0.8920327425,2155,1028,165,0.6770342444,0.9288793103,0.7832091586
0.8918513060,2155,1029,165,0.6768216080,0.9288793103,0.7830668605
0.8917111158,2155,1030,165,0.6766091052,0.9288793103,0.7829246140
0.8910466433,2155,1031,165,0.6763967357,0.9288793103,0.7827824192
0.8907099366,2155,1032,165,0.6761844995,0.9288793103,0.7826402760
0.8898727298,2155,1033,165,0.6759723965,0.9288793103,0.7824981845
0.8897204995,2155,1034,165,0.6757604265,0.9288793103,0.7823561445
0.8895794749,2155,1035,165,0.6755485893,0.9288793103,0.7822141561
0.8894946575,2155,1036,165,0.6753368850,0.9288793103,0.7820722192
0.8894100785,2155,1037,165,0.6751253133,0.9288793103,0.7819303338
0.8892749548,2155,1038,165,0.6749138741,0.9288793103,0.7817884999
0.8891137838,2155,1039,165,0.6747025673,0.9288793103,0.7816467174
0.8890846372,2155,1040,165,0.6744913928,0.9288793103,0.7815049864
0.8889248967,2156,1040,164,0.6745932416,0.9293103448,0.7817258883
0.8881811500,2156,1041,164,0.6743822333,0.9293103448,0.7815841943
0.8881715536,2156,1042,164,0.6741713571,0.9293103448,0.7814425516
0.8877967596,2157,1042,163,0.6742732104,0.9297413793,0.7816633448
0.8868067265,2157,1043,163,0.6740625000,0.9297413793,0.7815217391
0.8865159750,2157,1044,163,0.6738519213,0.9297413793,0.7813801847
0.8862954974,2157,1045,163,0.6736414741,0.9297413793,0.7812386816
0.8860577345,2157,1046,163,0.6734311583,0.9297413793,0.7810972298
0.8858506680,2157,1047,163,0.6732209738,0.9297413793,0.7809558291
0.8858472109,2158,1047,162,0.6733229329,0.9301724138,0.7811764706
0.8854129910,2158,1048,162,0.6731129133,0.9301724138,0.7810351068
0.8852237463,2158,1049,162,0.6729030246,0.9301724138,0.7808937941
0.8848572969,2158,1050,162,0.6726932668,0.9301724138,0.7807525326
0.8847857118,2158,1051,162,0.6724836398,0.9301724138,0.7806113221
0.8846932054,2158,1052,162,0.6722741433,0.9301724138,0.7804701627
0.8844329715,2158,1053,162,0.6720647773,0.9301724138,0.7803290544
0.8837386370,2158,1054,162,0.6718555417,0.9301724138,0.7801879971
0.8835372329,2159,1054,161,0.6719576720,0.9306034483,0.7804084583
0.8832283616,2160,1054,160,0.6720597386,0.9310344828,0.7806288399
0.8830913901,2160,1055,160,0.6718506998,0.9310344828,0.7804878049
0.8820887208,2160,1056,160,0.6716417910,0.9310344828,0.7803468208
0.8818148971,2160,1057,160,0.6714330121,0.9310344828,0.7802058877
0.8810386658,2160,1059,160,0.6710158434,0.9310344828,0.7799241740
0.8804528713,2160,1060,160,0.6708074534,0.9310344828,0.7797833935
0.8802989125,2160,1061,160,0.6705991928,0.9310344828,0.7796426638
0.8793634176,2160,1062,160,0.6703910615,0.9310344828,0.7795019848
0.8790431619,2160,1063,160,0.6701830593,0.9310344828,0.7793613567
0.8790153861,2160,1064,160,0.6699751861,0.9310344828,0.7792207792
0.8775265217,2160,1065,160,0.6697674419,0.9310344828,0.7790802525
0.8764121532,2160,1066,160,0.6695598264,0.9310344828,0.7789397764
0.8762817383,2160,1067,160,0.6693523396,0.9310344828,0.7787993510
0.8762680888,2160,1068,160,0.6691449814,0.9310344828,0.7786589762
0.8761984110,2160,1069,160,0.6689377516,0.9310344828,0.7785186520
0.8757874370,2160,1070,160,0.6687306502,0.9310344828,0.7783783784
0.8749641776,2160,1071,160,0.6685236769,0.9310344828,0.7782381553
0.8743756413,2161,1071,159,0.6686262376,0.9314655172,0.7784582133
0.8743419647,2161,1072,159,0.6684194247,0.9314655172,0.7783180263
0.8743259907,2161,1073,159,0.6682127396,0.9314655172,0.7781778898
0.8739534616,2162,1073,158,0.6683153014,0.9318965517,0.7783978398
0.8732456565,2162,1074,158,0.6681087763,0.9318965517,0.7782577394
0.8724356294,2163,1074,157,0.6682113068,0.9323275862,0.7784775958
0.8723242283,2163,1075,157,0.6680049413,0.9323275862,0.7783375315
0.8721069098,2163,1076,157,0.6677987033,0.9323275862,0.7781975175
0.8719474673,2163,1077,157,0.6675925926,0.9323275862,0.7780575540
0.8716790080,2163,1078,157,0.6673866091,0.9323275862,0.7779176407
0.8715205193,2163,1079,157,0.6671807526,0.9323275862,0.7777777778
0.8711926937,2163,1080,157,0.6669750231,0.9323275862,0.7776379651
0.8711148500,2163,1081,157,0.6667694205,0.9323275862,0.7774982027
0.8708997965,2164,1081,156,0.6668721109,0.9327586207,0.7777178796
0.8705721498,2164,1082,156,0.6666666667,0.9327586207,0.7775781531
0.8704316020,2164,1083,156,0.6664613489,0.9327586207,0.7774384767
0.8704115748,2164,1084,156,0.6662561576,0.9327586207,0.7772988506
0.8702886701,2164,1085,156,0.6660510926,0.9327586207,0.7771592746
0.8702377677,2165,1085,155,0.6661538462,0.9331896552,0.7773788151
0.8701985478,2165,1086,155,0.6659489388,0.9331896552,0.7772392748
0.8701092005,2165,1087,155,0.6657441574,0.9331896552,0.7770997846
0.8699574471,2165,1088,155,0.6655395020,0.9331896552,0.7769603445
0.8698968887,2165,1089,155,0.6653349723,0.9331896552,0.7768209544
0.8697335720,2165,1090,155,0.6651305684,0.9331896552,0.7766816143
0.8693559170,2165,1091,155,0.6649262899,0.9331896552,0.7765423242
0.8691846728,2165,1092,155,0.6647221369,0.9331896552,0.7764030841
0.8690876961,2165,1093,155,0.6645181093,0.9331896552,0.7762638939
0.8686633110,2165,1094,155,0.6643142068,0.9331896552,0.7761247535
0.8683621883,2165,1095,155,0.6641104294,0.9331896552,0.7759856631
0.8683087826,2165,1096,155,0.6639067771,0.9331896552,0.7758466225
0.8683063984,2165,1097,155,0.6637032495,0.9331896552,0.7757076317
0.8680167198,2165,1098,155,0.6634998468,0.9331896552,0.7755686907
0.8680094481,2165,1099,155,0.6632965686,0.9331896552,0.7754297994
0.8679380417,2165,1100,155,0.6630934150,0.9331896552,0.7752909579
0.8677774072,2165,1101,155,0.6628903858,0.9331896552,0.7751521661
0.8673168421,2166,1101,154,0.6629935721,0.9336206897,0.7753713979
0.8671333194,2166,1102,154,0.6627906977,0.9336206897,0.7752326414
0.8670320511,2166,1103,154,0.6625879474,0.9336206897,0.7750939345
0.8668968678,2166,1104,154,0.6623853211,0.9336206897,0.7749552773
0.8665503860,2166,1105,154,0.6621828187,0.9336206897,0.7748166696
0.8660794497,2166,1106,154,0.6619804401,0.9336206897,0.7746781116
0.8658068776,2166,1107,154,0.6617781852,0.9336206897,0.7745396031
0.8653450012,2166,1108,154,0.6615760538,0.9336206897,0.7744011441
0.8652509451,2166,1109,154,0.6613740458,0.9336206897,0.7742627346
0.8649101853,2166,1110,154,0.6611721612,0.9336206897,0.7741243746
0.8644415140,2166,1111,154,0.6609703998,0.9336206897,0.7739860640
0.8640012741,2166,1112,154,0.6607687614,0.9336206897,0.7738478028
0.8639077544,2166,1113,154,0.6605672461,0.9336206897,0.7737095910
0.8638888001,2167,1113,153,0.6606707317,0.9340517241,0.7739285714
0.8632412553,2167,1114,153,0.6604693691,0.9340517241,0.7737903946
0.8632300496,2168,1114,152,0.6605728215,0.9344827586,0.7740092824
0.8631857038,2168,1115,152,0.6603716113,0.9344827586,0.7738711405
0.8630792499,2168,1116,152,0.6601705238,0.9344827586,0.7737330478
0.8630385399,2168,1117,152,0.6599695586,0.9344827586,0.7735950045
0.8624336123,2168,1118,152,0.6597687158,0.9344827586,0.7734570103
0.8619052768,2169,1118,151,0.6598722239,0.9349137931,0.7736757624
0.8618665934,2169,1119,151,0.6596715328,0.9349137931,0.7735378031
0.8618528843,2169,1120,151,0.6594709638,0.9349137931,0.7733998930
0.8617988825,2169,1121,151,0.6592705167,0.9349137931,0.7732620321
0.8612042069,2169,1122,151,0.6590701914,0.9349137931,0.7731242203
0.8609575629,2169,1123,151,0.6588699878,0.9349137931,0.7729864576
0.8604896665,2169,1124,151,0.6586699059,0.9349137931,0.7728487440
0.8599685431,2169,1125,151,0.6584699454,0.9349137931,0.7727110794
0.8589587808,2169,1126,151,0.6582701062,0.9349137931,0.7725734639
0.8589274287,2169,1127,151,0.6580703883,0.9349137931,0.7724358974
0.8585705161,2169,1128,151,0.6578707916,0.9349137931,0.7722983799
0.8584079742,2169,1129,151,0.6576713159,0.9349137931,0.7721609114
0.8579754829,2169,1130,151,0.6574719612,0.9349137931,0.7720234917
0.8577287793,2169,1131,151,0.6572727273,0.9349137931,0.7718861210
0.8575908542,2169,1132,151,0.6570736141,0.9349137931,0.7717487991
0.8571126461,2169,1133,151,0.6568746214,0.9349137931,0.7716115261
0.8568853736,2169,1134,151,0.6566757493,0.9349137931,0.7714743020
0.8563690782,2169,1135,151,0.6564769976,0.9349137931,0.7713371266
0.8563628793,2169,1136,151,0.6562783661,0.9349137931,0.7712000000
0.8562386632,2169,1137,151,0.6560798548,0.9349137931,0.7710629221
0.8549208045,2169,1138,151,0.6558814636,0.9349137931,0.7709258930
0.8546777964,2169,1139,151,0.6556831923,0.9349137931,0.7707889126
0.8546720743,2169,1140,151,0.6554850408,0.9349137931,0.7706519808
0.8542919755,2169,1141,151,0.6552870091,0.9349137931,0.7705150977
0.8540636301,2169,1142,151,0.6550890969,0.9349137931,0.7703782632
0.8535714149,2170,1142,150,0.6551932367,0.9353448276,0.7705965909
0.8535159826,2170,1143,150,0.6549954724,0.9353448276,0.7704597905
0.8534618020,2170,1144,150,0.6547978274,0.9353448276,0.7703230387
0.8532211781,2170,1145,150,0.6546003017,0.9353448276,0.7701863354
0.8531860709,2170,1146,150,0.6544028951,0.9353448276,0.7700496806
0.8527516127,2170,1147,150,0.6542056075,0.9353448276,0.7699130743
0.8517272472,2170,1148,150,0.6540084388,0.9353448276,0.7697765165
0.8516775370,2170,1149,150,0.6538113890,0.9353448276,0.7696400071
0.8499214053,2170,1150,150,0.6536144578,0.9353448276,0.7695035461
0.8482657671,2170,1151,150,0.6534176453,0.9353448276,0.7693671335
0.8479872346,2170,1152,150,0.6532209512,0.9353448276,0.7692307692
0.8479167223,2170,1153,150,0.6530243756,0.9353448276,0.7690944533
0.8473810554,2170,1154,150,0.6528279182,0.9353448276,0.7689581857
0.8473716974,2170,1155,150,0.6526315789,0.9353448276,0.7688219663
0.8469511271,2170,1156,150,0.6524353578,0.9353448276,0.7686857953
0.8466253877,2170,1157,150,0.6522392546,0.9353448276,0.7685496724
0.8465323448,2170,1158,150,0.6520432692,0.9353448276,0.7684135977
0.8454787135,2170,1159,150,0.6518474016,0.9353448276,0.7682775713
0.8454049230,2170,1160,150,0.6516516517,0.9353448276,0.7681415929
0.8447975516,2171,1161,149,0.6515606242,0.9357758621,0.7682236377
0.8443797231,2171,1162,149,0.6513651365,0.9357758621,0.7680877410
0.8442842960,2172,1162,148,0.6514697061,0.9362068966,0.7683056243
0.8441627622,2172,1163,148,0.6512743628,0.9362068966,0.7681697613
0.8438628912,2172,1164,148,0.6510791367,0.9362068966,0.7680339463
0.8435344696,2172,1165,148,0.6508840276,0.9362068966,0.7678981792
0.8433641791,2173,1165,147,0.6509886159,0.9366379310,0.7681159420
0.8428060412,2173,1166,147,0.6507936508,0.9366379310,0.7679802085
0.8427438140,2173,1167,147,0.6505988024,0.9366379310,0.7678445230
0.8420648575,2173,1168,147,0.6504040706,0.9366379310,0.7677088854
0.8415664434,2173,1169,147,0.6502094554,0.9366379310,0.7675732957
0.8413763642,2173,1170,147,0.6500149566,0.9366379310,0.7674377538
0.8411883116,2173,1171,147,0.6498205742,0.9366379310,0.7673022599
0.8408515453,2173,1172,147,0.6496263079,0.9366379310,0.7671668138
0.8407915235,2173,1173,147,0.6494321578,0.9366379310,0.7670314155
0.8403860927,2173,1174,147,0.6492381237,0.9366379310,0.7668960649
0.8402010798,2173,1175,147,0.6490442055,0.9366379310,0.7667607622
0.8400369287,2173,1176,147,0.6488504031,0.9366379310,0.7666255071
0.8399495482,2173,1177,147,0.6486567164,0.9366379310,0.7664902998
0.8392502069,2173,1178,147,0.6484631453,0.9366379310,0.7663551402
0.8390961885,2173,1179,147,0.6482696897,0.9366379310,0.7662200282
0.8389351368,2173,1180,147,0.6480763495,0.9366379310,0.7660849639
0.8389222026,2173,1181,147,0.6478831246,0.9366379310,0.7659499471
0.8384953141,2173,1182,147,0.6476900149,0.9366379310,0.7658149780
0.8384800553,2173,1183,147,0.6474970203,0.9366379310,0.7656800564
0.8382690549,2174,1183,146,0.6476020256,0.9370689655,0.7658974811
0.8380229473,2174,1184,146,0.6474091721,0.9370689655,0.7657625925
0.8374609947,2174,1185,146,0.6472164335,0.9370689655,0.7656277514
0.8374390602,2174,1186,146,0.6470238095,0.9370689655,0.7654929577
0.8371509910,2174,1187,146,0.6468313002,0.9370689655,0.7653582116
0.8365553617,2174,1188,146,0.6466389054,0.9370689655,0.7652235128
0.8362231851,2174,1189,146,0.6464466250,0.9370689655,0.7650888615
0.8359018564,2174,1190,146,0.6462544590,0.9370689655,0.7649542576
0.8354766369,2174,1191,146,0.6460624071,0.9370689655,0.7648197010
0.8353936076,2174,1192,146,0.6458704694,0.9370689655,0.7646851917
0.8350810409,2174,1193,146,0.6456786457,0.9370689655,0.7645507297
0.8348277211,2174,1194,146,0.6454869359,0.9370689655,0.7644163150
0.8345801830,2174,1195,146,0.6452953399,0.9370689655,0.7642819476
0.8342629075,2174,1196,146,0.6451038576,0.9370689655,0.7641476274
0.8340488672,2174,1197,146,0.6449124889,0.9370689655,0.7640133544
0.8336330056,2174,1198,146,0.6447212337,0.9370689655,0.7638791286
0.8330869079,2174,1199,146,0.6445300919,0.9370689655,0.7637449499
0.8324027658,2174,1200,146,0.6443390634,0.9370689655,0.7636108184
0.8323663473,2174,1201,146,0.6441481481,0.9370689655,0.7634767340
0.8323301673,2174,1202,146,0.6439573460,0.9370689655,0.7633426966
0.8307136297,2175,1202,145,0.6440627776,0.9375000000,0.7635597683
0.8305847049,2175,1203,145,0.6438721137,0.9375000000,0.7634257634
0.8305449486,2175,1204,145,0.6436815626,0.9375000000,0.7632918056
0.8303508759,2175,1205,145,0.6434911243,0.9375000000,0.7631578947
0.8303190470,2175,1206,145,0.6433007986,0.9375000000,0.7630240309
0.8298763633,2175,1207,145,0.6431105855,0.9375000000,0.7628902140
0.8293668628,2175,1208,145,0.6429204848,0.9375000000,0.7627564440
0.8293365240,2175,1209,145,0.6427304965,0.9375000000,0.7626227209
0.8293000460,2175,1210,145,0.6425406204,0.9375000000,0.7624890447
0.8292801976,2175,1211,145,0.6423508565,0.9375000000,0.7623554154
0.8292405605,2175,1212,145,0.6421612046,0.9375000000,0.7622218328
0.8290893435,2175,1213,145,0.6419716647,0.9375000000,0.7620882971
0.8286783099,2175,1214,145,0.6417822366,0.9375000000,0.7619548082
0.8276808262,2175,1215,145,0.6415929204,0.9375000000,0.7618213660
0.8275868297,2175,1216,145,0.6414037157,0.9375000000,0.7616879706
0.8271399736,2175,1217,145,0.6412146226,0.9375000000,0.7615546218
0.8259365559,2175,1218,145,0.6410256410,0.9375000000,0.7614213198
0.8248683214,2175,1219,145,0.6408367708,0.9375000000,0.7612880644
0.8246864080,2175,1220,145,0.6406480118,0.9375000000,0.7611548556
0.8233812451,2175,1221,145,0.6404593640,0.9375000000,0.7610216935
0.8231921792,2175,1222,145,0.6402708272,0.9375000000,0.7608885779
0.8229265809,2175,1223,145,0.6400824014,0.9375000000,0.7607555089
0.8226417303,2175,1224,145,0.6398940865,0.9375000000,0.7606224864
0.8224920034,2175,1225,145,0.6397058824,0.9375000000,0.7604895105
0.8223460317,2175,1226,145,0.6395177889,0.9375000000,0.7603565810
0.8220498562,2175,1227,145,0.6393298060,0.9375000000,0.7602236980
0.8219140768,2175,1228,145,0.6391419336,0.9375000000,0.7600908614
0.8209192157,2175,1229,145,0.6389541716,0.9375000000,0.7599580713
0.8207792044,2175,1230,145,0.6387665198,0.9375000000,0.7598253275
0.8203801513,2175,1231,145,0.6385789783,0.9375000000,0.7596926301
0.8199560642,2175,1232,145,0.6383915468,0.9375000000,0.7595599790
0.8199386597,2176,1232,144,0.6384976526,0.9379310345,0.7597765363
0.8194442987,2176,1233,144,0.6383103549,0.9379310345,0.7596439169
0.8194437623,2176,1234,144,0.6381231672,0.9379310345,0.7595113438
0.8193571568,2176,1235,144,0.6379360891,0.9379310345,0.7593788170
0.8190703392,2176,1236,144,0.6377491208,0.9379310345,0.7592463364
0.8183590770,2177,1236,143,0.6378552593,0.9383620690,0.7594627595
0.8179064393,2177,1237,143,0.6376684241,0.9383620690,0.7593303104
0.8176482320,2177,1238,143,0.6374816984,0.9383620690,0.7591979076
0.8167248368,2177,1239,143,0.6372950820,0.9383620690,0.7590655509
0.8164768219,2177,1240,143,0.6371085748,0.9383620690,0.7589332404
0.8161690831,2177,1241,143,0.6369221767,0.9383620690,0.7588009759
0.8150564432,2177,1242,143,0.6367358877,0.9383620690,0.7586687576
0.8145117164,2177,1243,143,0.6365497076,0.9383620690,0.7585365854
0.8143807054,2177,1247,143,0.6358060748,0.9383620690,0.7580083565
0.8141043782,2177,1248,143,0.6356204380,0.9383620690,0.7578764143
0.8133655190,2177,1249,143,0.6354349095,0.9383620690,0.7577445179
0.8131886721,2177,1250,143,0.6352494893,0.9383620690,0.7576126675
0.8131701350,2177,1251,143,0.6350641774,0.9383620690,0.7574808629
0.8123090267,2177,1252,143,0.6348789735,0.9383620690,0.7573491042
0.8121359944,2178,1252,142,0.6349854227,0.9387931034,0.7575652174
0.8112941384,2178,1253,142,0.6348003498,0.9387931034,0.7574334898
0.8110834360,2178,1254,142,0.6346153846,0.9387931034,0.7573018081
0.8104940653,2178,1255,142,0.6344305272,0.9387931034,0.7571701721
0.8097718358,2178,1256,142,0.6342457775,0.9387931034,0.7570385819
0.8090560436,2178,1257,142,0.6340611354,0.9387931034,0.7569070374
0.8080427051,2178,1258,142,0.6338766007,0.9387931034,0.7567755386
0.8075095415,2182,1278,138,0.6306358382,0.9405172414,0.7550173010
0.8069279194,2182,1279,138,0.6304536261,0.9405172414,0.7548866978
0.8062735796,2182,1280,138,0.6302715194,0.9405172414,0.7547561397
0.8057302833,2182,1281,138,0.6300895178,0.9405172414,0.7546256268
0.8051322103,2182,1282,138,0.6299076212,0.9405172414,0.7544951591
0.8042566776,2183,1282,137,0.6300144300,0.9409482759,0.7547104581
0.8036182523,2183,1283,137,0.6298326601,0.9409482759,0.7545800207
0.8035389185,2183,1284,137,0.6296509951,0.9409482759,0.7544496285
0.8030115366,2183,1285,137,0.6294694348,0.9409482759,0.7543192813
0.8026076555,2183,1286,137,0.6292879792,0.9409482759,0.7541889791
0.8024616838,2184,1286,136,0.6293948127,0.9413793103,0.7544041451
0.8018360138,2184,1287,136,0.6292134831,0.9413793103,0.7542738733
0.8014329076,2184,1288,136,0.6290322581,0.9413793103,0.7541436464
0.8012809753,2184,1289,136,0.6288511373,0.9413793103,0.7540134645
0.8008117676,2184,1290,136,0.6286701209,0.9413793103,0.7538833276
0.8007618189,2184,1291,136,0.6284892086,0.9413793103,0.7537532355
0.8005067706,2184,1292,136,0.6283084005,0.9413793103,0.7536231884
0.8001542091,2184,1293,136,0.6281276963,0.9413793103,0.7534931861
0.7988748550,2184,1294,136,0.6279470960,0.9413793103,0.7533632287
0.7988243699,2184,1295,136,0.6277665996,0.9413793103,0.7532333161
0.7985048294,2184,1296,136,0.6275862069,0.9413793103,0.7531034483
0.7982843518,2184,1297,136,0.6274059178,0.9413793103,0.7529736252
0.7974277139,2184,1298,136,0.6272257323,0.9413793103,0.7528438469
0.7973243594,2184,1299,136,0.6270456503,0.9413793103,0.7527141134
0.7971443534,2184,1300,136,0.6268656716,0.9413793103,0.7525844245
0.7968201637,2184,1301,136,0.6266857963,0.9413793103,0.7524547804
0.7958678007,2184,1302,136,0.6265060241,0.9413793103,0.7523251808
0.7958379388,2184,1303,136,0.6263263550,0.9413793103,0.7521956260
0.7957314253,2184,1304,136,0.6261467890,0.9413793103,0.7520661157
0.7950199246,2184,1305,136,0.6259673259,0.9413793103,0.7519366500
0.7948004007,2184,1306,136,0.6257879656,0.9413793103,0.7518072289
0.7940509319,2185,1306,135,0.6258951590,0.9418103448,0.7520220272
0.7939150929,2185,1307,135,0.6257159221,0.9418103448,0.7518926359
0.7938069105,2185,1308,135,0.6255367879,0.9418103448,0.7517632892
0.7935739756,2185,1309,135,0.6253577562,0.9418103448,0.7516339869
0.7924880385,2185,1310,135,0.6251788269,0.9418103448,0.7515047291
0.7918843031,2185,1311,135,0.6250000000,0.9418103448,0.7513755158
0.7913507223,2185,1312,135,0.6248212754,0.9418103448,0.7512463469
0.7912644148,2186,1312,134,0.6249285306,0.9422413793,0.7514609832
0.7908123732,2186,1313,134,0.6247499286,0.9422413793,0.7513318440
0.7900733948,2186,1314,134,0.6245714286,0.9422413793,0.7512027491
0.7899932265,2186,1315,134,0.6243930306,0.9422413793,0.7510736987
0.7897028923,2186,1316,134,0.6242147344,0.9422413793,0.7509446925
0.7894425392,2186,1317,134,0.6240365401,0.9422413793,0.7508157307
0.7891538739,2187,1317,133,0.6241438356,0.9426724138,0.7510302198
0.7882764935,2187,1318,133,0.6239657632,0.9426724138,0.7509012876
0.7879925966,2187,1319,133,0.6237877924,0.9426724138,0.7507723996
0.7874967456,2187,1320,133,0.6236099230,0.9426724138,0.7506435559
0.7873584032,2187,1321,133,0.6234321551,0.9426724138,0.7505147563
0.7873443961,2187,1322,133,0.6232544885,0.9426724138,0.7503860010
0.7852189541,2187,1323,133,0.6230769231,0.9426724138,0.7502572899
0.7848184109,2187,1324,133,0.6228994588,0.9426724138,0.7501286229
0.7847653031,2187,1325,133,0.6227220957,0.9426724138,0.7500000000
0.7842953205,2187,1326,133,0.6225448335,0.9426724138,0.7498714212
0.7828388214,2187,1327,133,0.6223676722,0.9426724138,0.7497428865
0.7814845443,2187,1328,133,0.6221906117,0.9426724138,0.7496143959
0.7813916206,2187,1329,133,0.6220136519,0.9426724138,0.7494859493
0.7788404226,2187,1330,133,0.6218367927,0.9426724138,0.7493575467
0.7783471346,2187,1331,133,0.6216600341,0.9426724138,0.7492291881
0.7779623270,2187,1332,133,0.6214833760,0.9426724138,0.7491008734
0.7773060203,2187,1333,133,0.6213068182,0.9426724138,0.7489726027
0.7769290209,2187,1334,133,0.6211303607,0.9426724138,0.7488443760
0.7768958211,2187,1335,133,0.6209540034,0.9426724138,0.7487161931
0.7767368555,2187,1336,133,0.6207777462,0.9426724138,0.7485880541
0.7762603164,2187,1337,133,0.6206015891,0.9426724138,0.7484599589
0.7761791945,2187,1338,133,0.6204255319,0.9426724138,0.7483319076
0.7757730484,2187,1339,133,0.6202495746,0.9426724138,0.7482039001
0.7757582664,2187,1340,133,0.6200737170,0.9426724138,0.7480759364
0.7756915689,2187,1341,133,0.6198979592,0.9426724138,0.7479480164
0.7752535939,2187,1342,133,0.6197223009,0.9426724138,0.7478201402
0.7744969130,2187,1343,133,0.6195467422,0.9426724138,0.7476923077
0.7738238573,2188,1343,132,0.6196544888,0.9431034483,0.7479063408
0.7731472254,2188,1344,132,0.6194790487,0.9431034483,0.7477785373
0.7723746300,2188,1345,132,0.6193037079,0.9431034483,0.7476507774
0.7718488574,2188,1346,132,0.6191284663,0.9431034483,0.7475230612
0.7714356780,2188,1347,132,0.6189533239,0.9431034483,0.7473953886
0.7713428736,2188,1348,132,0.6187782805,0.9431034483,0.7472677596
0.7707737088,2188,1349,132,0.6186033362,0.9431034483,0.7471401742
0.7704018354,2188,1350,132,0.6184284907,0.9431034483,0.7470126323
0.7692790031,2188,1351,132,0.6182537440,0.9431034483,0.7468851340
0.7691858411,2188,1352,132,0.6180790960,0.9431034483,0.7467576792
0.7689025998,2188,1353,132,0.6179045467,0.9431034483,0.7466302679
0.7689022422,2188,1354,132,0.6177300960,0.9431034483,0.7465029000
0.7687296271,2188,1355,132,0.6175557437,0.9431034483,0.7463755756
0.7678795457,2188,1356,132,0.6173814898,0.9431034483,0.7462482947
0.7671588659,2188,1357,132,0.6172073343,0.9431034483,0.7461210571
0.7667047381,2188,1358,132,0.6170332769,0.9431034483,0.7459938629
0.7656983733,2188,1359,132,0.6168593177,0.9431034483,0.7458667121
0.7651847601,2188,1360,132,0.6166854566,0.9431034483,0.7457396046
0.7650664449,2188,1361,132,0.6165116934,0.9431034483,0.7456125405
0.7646648884,2188,1362,132,0.6163380282,0.9431034483,0.7454855196
0.7645090222,2188,1363,132,0.6161644607,0.9431034483,0.7453585420
0.7637168169,2188,1364,132,0.6159909910,0.9431034483,0.7452316076
0.7635657191,2188,1365,132,0.6158176189,0.9431034483,0.7451047165
0.7632273436,2188,1366,132,0.6156443444,0.9431034483,0.7449778686
0.7627760172,2188,1367,132,0.6154711674,0.9431034483,0.7448510638
0.7623965144,2188,1368,132,0.6152980877,0.9431034483,0.7447243022
0.7623463869,2188,1369,132,0.6151251054,0.9431034483,0.7445975838
0.7622262836,2188,1370,132,0.6149522203,0.9431034483,0.7444709085
0.7621965408,2188,1371,132,0.6147794324,0.9431034483,0.7443442762
0.7621648908,2188,1372,132,0.6146067416,0.9431034483,0.7442176871
0.7613438964,2188,1373,132,0.6144341477,0.9431034483,0.7440911410
0.7611355186,2188,1374,132,0.6142616508,0.9431034483,0.7439646379
0.7609038353,2188,1375,132,0.6140892506,0.9431034483,0.7438381778
0.7589188218,2189,1375,131,0.6141975309,0.9435344828,0.7440516655
0.7584158778,2189,1376,131,0.6140252454,0.9435344828,0.7439252336
0.7576757073,2189,1377,131,0.6138530566,0.9435344828,0.7437988447
0.7572889924,2189,1378,131,0.6136809644,0.9435344828,0.7436724987
0.7554804087,2189,1379,131,0.6135089686,0.9435344828,0.7435461957
0.7540388107,2189,1380,131,0.6133370692,0.9435344828,0.7434199355
0.7537645102,2189,1381,131,0.6131652661,0.9435344828,0.7432937182
0.7531471848,2189,1382,131,0.6129935592,0.9435344828,0.7431675437
0.7529222369,2189,1383,131,0.6128219485,0.9435344828,0.7430414121
0.7527805567,2189,1384,131,0.6126504338,0.9435344828,0.7429153233
0.7525378466,2189,1385,131,0.6124790151,0.9435344828,0.7427892772
0.7521483302,2189,1386,131,0.6123076923,0.9435344828,0.7426632740
0.7520823479,2189,1387,131,0.6121364653,0.9435344828,0.7425373134
0.7515248656,2189,1388,131,0.6119653341,0.9435344828,0.7424113956
0.7510514259,2189,1389,131,0.6117942985,0.9435344828,0.7422855205
0.7507647276,2189,1390,131,0.6116233585,0.9435344828,0.7421596881
0.7501732111,2190,1390,130,0.6117318436,0.9439655172,0.7423728814
0.7481972575,2190,1391,130,0.6115610165,0.9439655172,0.7422470768
0.7480714917,2190,1392,130,0.6113902848,0.9439655172,0.7421213148
0.7471314669,2190,1393,130,0.6112196483,0.9439655172,0.7419955955
0.7468070388,2190,1394,130,0.6110491071,0.9439655172,0.7418699187
0.7464935184,2190,1395,130,0.6108786611,0.9439655172,0.7417442845
0.7444590330,2190,1396,130,0.6107083101,0.9439655172,0.7416186929
0.7436339855,2190,1397,130,0.6105380541,0.9439655172,0.7414931437
0.7431205511,2190,1398,130,0.6103678930,0.9439655172,0.7413676371
0.7430482507,2191,1398,129,0.6104764558,0.9443965517,0.7415806397
0.7425616980,2191,1399,129,0.6103064067,0.9443965517,0.7414551607
0.7420695424,2191,1400,129,0.6101364522,0.9443965517,0.7413297242
0.7413679957,2191,1401,129,0.6099665924,0.9443965517,0.7412043302
0.7406627536,2191,1402,129,0.6097968272,0.9443965517,0.7410789785
0.7403792143,2191,1403,129,0.6096271564,0.9443965517,0.7409536693
0.7384744883,2191,1404,129,0.6094575800,0.9443965517,0.7408284024
0.7381422520,2191,1405,129,0.6092880979,0.9443965517,0.7407031778
0.7373629212,2191,1406,129,0.6091187100,0.9443965517,0.7405779956
0.7368441820,2191,1407,129,0.6089494163,0.9443965517,0.7404528557
0.7364688516,2191,1408,129,0.6087802167,0.9443965517,0.7403277581
0.7362594008,2191,1409,129,0.6086111111,0.9443965517,0.7402027027
0.7360005975,2191,1410,129,0.6084420994,0.9443965517,0.7400776896
0.7355049253,2191,1411,129,0.6082731816,0.9443965517,0.7399527187
0.7354523540,2191,1412,129,0.6081043575,0.9443965517,0.7398277900
0.7346901298,2191,1413,129,0.6079356271,0.9443965517,0.7397029034
0.7328321338,2191,1414,129,0.6077669903,0.9443965517,0.7395780591
0.7327153683,2191,1415,129,0.6075984470,0.9443965517,0.7394532568
0.7325758934,2191,1416,129,0.6074299972,0.9443965517,0.7393284967
0.7325433493,2192,1416,128,0.6075388027,0.9448275862,0.7395411606
0.7317390442,2192,1417,128,0.6073704627,0.9448275862,0.7394164277
0.7311869264,2192,1418,128,0.6072022161,0.9448275862,0.7392917369
0.7302597761,2192,1419,128,0.6070340626,0.9448275862,0.7391670882
0.7300584316,2192,1420,128,0.6068660022,0.9448275862,0.7390424815
0.7300204635,2192,1421,128,0.6066980349,0.9448275862,0.7389179167
0.7300062180,2192,1422,128,0.6065301605,0.9448275862,0.7387933940
0.7284237742,2193,1422,127,0.6066390041,0.9452586207,0.7390058972
0.7277620435,2193,1423,127,0.6064712389,0.9452586207,0.7388814016
0.7273589969,2193,1424,127,0.6063035665,0.9452586207,0.7387569480
0.7268797755,2193,1425,127,0.6061359867,0.9452586207,0.7386325362
0.7265779376,2193,1426,127,0.6059684996,0.9452586207,0.7385081664
0.7258999348,2193,1427,127,0.6058011050,0.9452586207,0.7383838384
0.7247350216,2193,1428,127,0.6056338028,0.9452586207,0.7382595523
0.7241832018,2193,1429,127,0.6054665930,0.9452586207,0.7381353080
0.7227797508,2193,1430,127,0.6052994756,0.9452586207,0.7380111055
0.7226344347,2193,1431,127,0.6051324503,0.9452586207,0.7378869448
0.7225049734,2193,1432,127,0.6049655172,0.9452586207,0.7377628259
0.7221511006,2193,1433,127,0.6047986762,0.9452586207,0.7376387487
0.7217974067,2193,1434,127,0.6046319272,0.9452586207,0.7375147133
0.7217137814,2193,1435,127,0.6044652701,0.9452586207,0.7373907196
0.7214977145,2193,1436,127,0.6042987049,0.9452586207,0.7372667675
0.7202783227,2193,1437,127,0.6041322314,0.9452586207,0.7371428571
0.7194266319,2193,1438,127,0.6039658496,0.9452586207,0.7370189884
0.7193750143,2193,1439,127,0.6037995595,0.9452586207,0.7368951613
0.7187750936,2193,1440,127,0.6036333609,0.9452586207,0.7367713758
0.7181465626,2193,1441,127,0.6034672537,0.9452586207,0.7366476318
0.7181336284,2193,1442,127,0.6033012380,0.9452586207,0.7365239295
0.7175580263,2193,1443,127,0.6031353135,0.9452586207,0.7364002686
0.7168969512,2194,1443,126,0.6032444322,0.9456896552,0.7366123888
0.7167788744,2194,1444,126,0.6030786146,0.9456896552,0.7364887546
0.7162045836,2194,1445,126,0.6029128882,0.9456896552,0.7363651619
0.7158961296,2194,1446,126,0.6027472527,0.9456896552,0.7362416107
0.7139559388,2194,1447,126,0.6025817083,0.9456896552,0.7361181010
0.7114653587,2195,1447,125,0.6026908292,0.9461206897,0.7363300906
0.7101945877,2195,1448,125,0.6025253912,0.9461206897,0.7362066074
0.7097554803,2195,1449,125,0.6023600439,0.9461206897,0.7360831657
0.7092134356,2195,1450,125,0.6021947874,0.9461206897,0.7359597653
0.7089062333,2196,1451,124,0.6021387442,0.9465517241,0.7360482655
0.7061136365,2196,1452,124,0.6019736842,0.9465517241,0.7359249330
0.7052655220,2196,1453,124,0.6018087147,0.9465517241,0.7358016418
0.7048103809,2196,1454,124,0.6016438356,0.9465517241,0.7356783920
0.7032578588,2196,1455,124,0.6014790468,0.9465517241,0.7355551834
0.7026050687,2196,1456,124,0.6013143483,0.9465517241,0.7354320161
0.7017857432,2196,1457,124,0.6011497399,0.9465517241,0.7353088900
0.7016333938,2196,1458,124,0.6009852217,0.9465517241,0.7351858052
0.7011065483,2196,1459,124,0.6008207934,0.9465517241,0.7350627615
0.7010523677,2196,1460,124,0.6006564551,0.9465517241,0.7349397590
0.6996120214,2196,1461,124,0.6004922067,0.9465517241,0.7348167977
0.6963015795,2196,1462,124,0.6003280481,0.9465517241,0.7346938776
0.6961768270,2196,1463,124,0.6001639792,0.9465517241,0.7345709985
0.6961390972,2196,1464,124,0.6000000000,0.9465517241,0.7344481605
0.6960725188,2196,1465,124,0.5998361104,0.9465517241,0.7343253637
0.6955894232,2196,1466,124,0.5996723102,0.9465517241,0.7342026078
0.6927809715,2196,1467,124,0.5995085995,0.9465517241,0.7340798930
0.6914892197,2196,1468,124,0.5993449782,0.9465517241,0.7339572193
0.6914778352,2196,1469,124,0.5991814461,0.9465517241,0.7338345865
0.6909341216,2196,1470,124,0.5990180033,0.9465517241,0.7337119947
0.6898912787,2197,1470,123,0.5991273521,0.9469827586,0.7339235009
0.6896966696,2197,1471,123,0.5989640131,0.9469827586,0.7338009352
0.6894329786,2197,1472,123,0.5988007632,0.9469827586,0.7336784104
0.6892614365,2197,1473,123,0.5986376022,0.9469827586,0.7335559265
0.6888437271,2197,1474,123,0.5984745301,0.9469827586,0.7334334836
0.6886569858,2197,1475,123,0.5983115468,0.9469827586,0.7333110814
0.6884232759,2197,1476,123,0.5981486523,0.9469827586,0.7331887202
0.6879502535,2197,1477,123,0.5979858465,0.9469827586,0.7330663997
0.6865965128,2197,1478,123,0.5978231293,0.9469827586,0.7329441201
0.6864210963,2197,1479,123,0.5976605005,0.9469827586,0.7328218813
0.6863018274,2197,1480,123,0.5974979603,0.9469827586,0.7326996832
0.6845468879,2197,1481,123,0.5973355084,0.9469827586,0.7325775258
0.6828486919,2197,1482,123,0.5971731449,0.9469827586,0.7324554092
0.6827342510,2197,1483,123,0.5970108696,0.9469827586,0.7323333333
0.6827266812,2198,1483,122,0.5971203477,0.9474137931,0.7325445759
0.6807940602,2198,1484,122,0.5969581749,0.9474137931,0.7324225258
0.6799535751,2198,1485,122,0.5967960901,0.9474137931,0.7323005164
0.6794201136,2198,1486,122,0.5966340934,0.9474137931,0.7321785476
0.6790842414,2198,1487,122,0.5964721845,0.9474137931,0.7320566195
0.6777750254,2198,1488,122,0.5963103635,0.9474137931,0.7319347319
0.6775727272,2198,1489,122,0.5961486303,0.9474137931,0.7318128850
0.6770839095,2198,1490,122,0.5959869848,0.9474137931,0.7316910786
0.6770542860,2198,1491,122,0.5958254269,0.9474137931,0.7315693127
0.6769934297,2198,1492,122,0.5956639566,0.9474137931,0.7314475874
0.6759268641,2198,1493,122,0.5955025738,0.9474137931,0.7313259025
0.6758312583,2198,1494,122,0.5953412784,0.9474137931,0.7312042582
0.6749622226,2198,1495,122,0.5951800704,0.9474137931,0.7310826542
0.6749402285,2198,1496,122,0.5950189496,0.9474137931,0.7309610908
0.6744775176,2198,1497,122,0.5948579161,0.9474137931,0.7308395677
0.6736901402,2198,1498,122,0.5946969697,0.9474137931,0.7307180851
0.6727825403,2198,1499,122,0.5945361104,0.9474137931,0.7305966428
0.6725494862,2198,1500,122,0.5943753380,0.9474137931,0.7304752409
0.6723654270,2198,1501,122,0.5942146526,0.9474137931,0.7303538794
0.6712188125,2198,1502,122,0.5940540541,0.9474137931,0.7302325581
0.6683670878,2198,1503,122,0.5938935423,0.9474137931,0.7301112772
0.6659470797,2198,1504,122,0.5937331172,0.9474137931,0.7299900365
0.6656460166,2198,1505,122,0.5935727788,0.9474137931,0.7298688361
0.6650984883,2198,1506,122,0.5934125270,0.9474137931,0.7297476760
0.6636543274,2198,1507,122,0.5932523617,0.9474137931,0.7296265560
0.6635920405,2198,1508,122,0.5930922828,0.9474137931,0.7295054763
0.6634168029,2198,1509,122,0.5929322903,0.9474137931,0.7293844367
0.6631792188,2198,1510,122,0.5927723840,0.9474137931,0.7292634373
0.6612234116,2198,1511,122,0.5926125640,0.9474137931,0.7291424780
0.6607318521,2198,1512,122,0.5924528302,0.9474137931,0.7290215589
0.6607003808,2198,1513,122,0.5922931824,0.9474137931,0.7289006798
0.6606149077,2198,1514,122,0.5921336207,0.9474137931,0.7287798408
0.6605887413,2198,1515,122,0.5919741449,0.9474137931,0.7286590419
0.6599393487,2198,1516,122,0.5918147550,0.9474137931,0.7285382831
0.6598678231,2198,1517,122,0.5916554509,0.9474137931,0.7284175642
0.6562531590,2199,1517,121,0.5917653391,0.9478448276,0.7286282306
0.6558586359,2199,1518,121,0.5916061340,0.9478448276,0.7285075369
0.6550388336,2199,1519,121,0.5914470145,0.9478448276,0.7283868831
0.6550368667,2199,1520,121,0.5912879806,0.9478448276,0.7282662692
0.6549149752,2199,1521,121,0.5911290323,0.9478448276,0.7281456954
0.6543898582,2199,1522,121,0.5909701693,0.9478448276,0.7280251614
0.6541743875,2199,1523,121,0.5908113917,0.9478448276,0.7279046673
0.6541510820,2199,1524,121,0.5906526994,0.9478448276,0.7277842131
0.6530433893,2199,1525,121,0.5904940924,0.9478448276,0.7276637988
0.6521268487,2199,1526,121,0.5903355705,0.9478448276,0.7275434243
0.6507532001,2199,1527,121,0.5901771337,0.9478448276,0.7274230896
0.6488316059,2199,1528,121,0.5900187819,0.9478448276,0.7273027948
0.6471369863,2199,1529,121,0.5898605150,0.9478448276,0.7271825397
0.6466354728,2199,1530,121,0.5897023331,0.9478448276,0.7270623244
0.6452143788,2199,1531,121,0.5895442359,0.9478448276,0.7269421488
0.6451734900,2199,1532,121,0.5893862235,0.9478448276,0.7268220129
0.6451640129,2199,1533,121,0.5892282958,0.9478448276,0.7267019167
0.6448302269,2199,1534,121,0.5890704527,0.9478448276,0.7265818602
0.6444627643,2199,1536,121,0.5887550201,0.9478448276,0.7263418662
0.6435784101,2199,1537,121,0.5885974304,0.9478448276,0.7262219287
0.6423476934,2199,1538,121,0.5884399251,0.9478448276,0.7261020307
0.6412484646,2199,1539,121,0.5882825040,0.9478448276,0.7259821723
0.6411917806,2199,1540,121,0.5881251672,0.9478448276,0.7258623535
0.6396380663,2199,1541,121,0.5879679144,0.9478448276,0.7257425743
0.6395564675,2199,1542,121,0.5878107458,0.9478448276,0.7256228345
0.6394874454,2199,1543,121,0.5876536611,0.9478448276,0.7255031343
0.6386851668,2199,1544,121,0.5874966604,0.9478448276,0.7253834735
0.6380560398,2199,1545,121,0.5873397436,0.9478448276,0.7252638522
0.6380051374,2199,1546,121,0.5871829105,0.9478448276,0.7251442704
0.6371986866,2199,1547,121,0.5870261612,0.9478448276,0.7250247280
0.6371796131,2199,1548,121,0.5868694956,0.9478448276,0.7249052250
0.6368229985,2199,1549,121,0.5867129136,0.9478448276,0.7247857614
0.6344097853,2199,1550,121,0.5865564150,0.9478448276,0.7246663371
0.6328434944,2199,1551,121,0.5864000000,0.9478448276,0.7245469522
0.6327801943,2199,1552,121,0.5862436684,0.9478448276,0.7244276067
0.6309782863,2199,1553,121,0.5860874200,0.9478448276,0.7243083004
0.6308769584,2199,1554,121,0.5859312550,0.9478448276,0.7241890334
0.6305834055,2199,1555,121,0.5857751731,0.9478448276,0.7240698057
0.6289072633,2199,1556,121,0.5856191744,0.9478448276,0.7239506173
0.6286565661,2199,1557,121,0.5854632588,0.9478448276,0.7238314681
0.6250279546,2199,1558,121,0.5853074261,0.9478448276,0.7237123581
0.6242792606,2199,1559,121,0.5851516764,0.9478448276,0.7235932873
0.6241654754,2199,1560,121,0.5849960096,0.9478448276,0.7234742556
0.6238703728,2199,1561,121,0.5848404255,0.9478448276,0.7233552632
0.6226546764,2199,1562,121,0.5846849242,0.9478448276,0.7232363098
0.6222735047,2199,1563,121,0.5845295056,0.9478448276,0.7231173956
0.6220771074,2199,1564,121,0.5843741695,0.9478448276,0.7229985205
0.6216159463,2199,1565,121,0.5842189160,0.9478448276,0.7228796844
0.6207742691,2199,1566,121,0.5840637450,0.9478448276,0.7227608874
0.6174495816,2199,1567,121,0.5839086564,0.9478448276,0.7226421295
0.6170094013,2199,1568,121,0.5837536501,0.9478448276,0.7225234105
0.6163728833,2199,1569,121,0.5835987261,0.9478448276,0.7224047306
0.6161819100,2199,1570,121,0.5834438843,0.9478448276,0.7222860897
0.6158413291,2199,1571,121,0.5832891247,0.9478448276,0.7221674877
0.6152125001,2199,1572,121,0.5831344471,0.9478448276,0.7220489246
0.6143062115,2199,1573,121,0.5829798515,0.9478448276,0.7219304005
0.6135177016,2199,1574,121,0.5828253379,0.9478448276,0.7218119153
0.6131202579,2199,1575,121,0.5826709062,0.9478448276,0.7216934690
0.6129222512,2199,1576,121,0.5825165563,0.9478448276,0.7215750615
0.6126459241,2199,1577,121,0.5823622881,0.9478448276,0.7214566929
0.6114698648,2199,1578,121,0.5822081017,0.9478448276,0.7213383631
0.6080046892,2199,1579,121,0.5820539968,0.9478448276,0.7212200722
0.6063923240,2199,1580,121,0.5818999735,0.9478448276,0.7211018200
0.6025738716,2199,1581,121,0.5817460317,0.9478448276,0.7209836066
0.6014023423,2199,1582,121,0.5815921714,0.9478448276,0.7208654319
0.6006983519,2199,1583,121,0.5814383924,0.9478448276,0.7207472960
0.5987293720,2199,1584,121,0.5812846947,0.9478448276,0.7206291988
0.5984892845,2199,1585,121,0.5811310782,0.9478448276,0.7205111402
0.5950976014,2199,1586,121,0.5809775429,0.9478448276,0.7203931204
0.5929784179,2199,1587,121,0.5808240887,0.9478448276,0.7202751392
0.5922204256,2199,1588,121,0.5806707156,0.9478448276,0.7201571967
0.5920115113,2199,1589,121,0.5805174234,0.9478448276,0.7200392927
0.5918907523,2199,1590,121,0.5803642122,0.9478448276,0.7199214274
0.5917968750,2199,1591,121,0.5802110818,0.9478448276,0.7198036007
0.5904504061,2199,1592,121,0.5800580322,0.9478448276,0.7196858125
0.5901323557,2199,1593,121,0.5799050633,0.9478448276,0.7195680628
0.5899432898,2199,1594,121,0.5797521751,0.9478448276,0.7194503517
0.5894212127,2199,1595,121,0.5795993674,0.9478448276,0.7193326791
0.5890668631,2199,1596,121,0.5794466403,0.9478448276,0.7192150450
0.5869572759,2199,1597,121,0.5792939937,0.9478448276,0.7190974493
0.5866909623,2199,1598,121,0.5791414274,0.9478448276,0.7189798921
0.5854185224,2199,1599,121,0.5789889415,0.9478448276,0.7188623733
0.5845945477,2199,1600,121,0.5788365359,0.9478448276,0.7187448930
0.5841587186,2200,1600,120,0.5789473684,0.9482758621,0.7189542484
0.5836480856,2200,1601,120,0.5787950539,0.9482758621,0.7188367914
0.5828759074,2200,1602,120,0.5786428196,0.9482758621,0.7187193728
0.5810408592,2200,1603,120,0.5784906653,0.9482758621,0.7186019925
0.5808915496,2200,1604,120,0.5783385910,0.9482758621,0.7184846506
0.5802901387,2200,1605,120,0.5781865966,0.9482758621,0.7183673469
0.5797862411,2200,1606,120,0.5780346821,0.9482758621,0.7182500816
0.5793777108,2200,1607,120,0.5778828474,0.9482758621,0.7181328546
0.5782705545,2200,1608,120,0.5777310924,0.9482758621,0.7180156658
0.5781804323,2200,1609,120,0.5775794172,0.9482758621,0.7178985153
0.5780811906,2200,1610,120,0.5774278215,0.9482758621,0.7177814029
0.5778220892,2200,1611,120,0.5772763054,0.9482758621,0.7176643288
0.5758431554,2201,1611,119,0.5773871983,0.9487068966,0.7178734508
0.5736618042,2201,1612,119,0.5772357724,0.9487068966,0.7177563998
0.5725398660,2201,1613,119,0.5770844258,0.9487068966,0.7176393870
0.5722986460,2201,1614,119,0.5769331586,0.9487068966,0.7175224124
0.5696491599,2201,1615,119,0.5767819706,0.9487068966,0.7174054759
0.5690069795,2201,1616,119,0.5766308619,0.9487068966,0.7172885775
0.5682958961,2201,1617,119,0.5764798324,0.9487068966,0.7171717172
0.5655941963,2201,1618,119,0.5763288819,0.9487068966,0.7170548949
0.5655545592,2201,1619,119,0.5761780105,0.9487068966,0.7169381107
0.5634405613,2201,1620,119,0.5760272180,0.9487068966,0.7168213646
0.5633905530,2201,1621,119,0.5758765044,0.9487068966,0.7167046565
0.5626157522,2201,1622,119,0.5757258697,0.9487068966,0.7165879863
0.5622269511,2201,1623,119,0.5755753138,0.9487068966,0.7164713542
0.5619017482,2202,1623,118,0.5756862745,0.9491379310,0.7166802278
0.5608505607,2202,1624,118,0.5755358076,0.9491379310,0.7165636186
0.5599218011,2202,1625,118,0.5753854194,0.9491379310,0.7164470473
0.5584155917,2202,1626,118,0.5752351097,0.9491379310,0.7163305140
0.5574319959,2202,1627,118,0.5750848786,0.9491379310,0.7162140185
0.5548700094,2202,1628,118,0.5749347258,0.9491379310,0.7160975610
0.5545062423,2202,1629,118,0.5747846515,0.9491379310,0.7159811413
0.5534408689,2202,1630,118,0.5746346555,0.9491379310,0.7158647594
0.5533902645,2202,1631,118,0.5744847378,0.9491379310,0.7157484154
0.5533322692,2202,1632,118,0.5743348983,0.9491379310,0.7156321092
0.5526521206,2202,1633,118,0.5741851369,0.9491379310,0.7155158408
0.5523927212,2203,1633,117,0.5742961418,0.9495689655,0.7157244964
0.5521944165,2203,1634,117,0.5741464686,0.9495689655,0.7156082508
0.5519518256,2203,1635,117,0.5739968734,0.9495689655,0.7154920429
0.5519503951,2203,1636,117,0.5738473561,0.9495689655,0.7153758727
0.5503771305,2203,1637,117,0.5736979167,0.9495689655,0.7152597403
0.5501364470,2203,1638,117,0.5735485551,0.9495689655,0.7151436455
0.5493088365,2203,1639,117,0.5733992712,0.9495689655,0.7150275884
0.5483118296,2203,1640,117,0.5732500651,0.9495689655,0.7149115690
0.5481387377,2203,1641,117,0.5731009365,0.9495689655,0.7147955873
0.5478171706,2203,1642,117,0.5729518856,0.9495689655,0.7146796431
0.5467725396,2203,1643,117,0.5728029121,0.9495689655,0.7145637366
0.5466914773,2203,1644,117,0.5726540161,0.9495689655,0.7144478677
0.5465328693,2203,1645,117,0.5725051975,0.9495689655,0.7143320363
0.5464528203,2203,1646,117,0.5723564562,0.9495689655,0.7142162425
0.5438516140,2203,1647,117,0.5722077922,0.9495689655,0.7141004862
0.5436958075,2203,1648,117,0.5720592054,0.9495689655,0.7139847675
0.5418044925,2203,1649,117,0.5719106957,0.9495689655,0.7138690862
0.5414279103,2204,1649,116,0.5720218012,0.9500000000,0.7140774340
0.5401869416,2204,1650,116,0.5718733783,0.9500000000,0.7139617752
0.5396195650,2204,1651,116,0.5717250324,0.9500000000,0.7138461538
0.5389701128,2204,1652,116,0.5715767635,0.9500000000,0.7137305699
0.5385157466,2204,1653,116,0.5714285714,0.9500000000,0.7136150235
0.5379864573,2204,1654,116,0.5712804562,0.9500000000,0.7134995144
0.5377734303,2204,1655,116,0.5711324177,0.9500000000,0.7133840427
0.5369324088,2204,1656,116,0.5709844560,0.9500000000,0.7132686084
0.5368061066,2204,1657,116,0.5708365708,0.9500000000,0.7131532115
0.5351992249,2204,1658,116,0.5706887623,0.9500000000,0.7130378518
0.5346696377,2204,1659,116,0.5705410303,0.9500000000,0.7129225295
0.5345336795,2204,1660,116,0.5703933747,0.9500000000,0.7128072445
0.5343188047,2204,1661,116,0.5702457956,0.9500000000,0.7126919968
0.5339007378,2204,1662,116,0.5700982928,0.9500000000,0.7125767863
0.5319805741,2204,1663,116,0.5699508663,0.9500000000,0.7124616131
0.5312425494,2204,1664,116,0.5698035160,0.9500000000,0.7123464771
0.5268587470,2204,1665,116,0.5696562419,0.9500000000,0.7122313783
0.5246864557,2204,1666,116,0.5695090439,0.9500000000,0.7121163166
0.5246762633,2205,1666,115,0.5696202532,0.9504310345,0.7123243418
0.5214286447,2205,1667,115,0.5694731405,0.9504310345,0.7122093023
0.5210860968,2206,1667,114,0.5695843016,0.9508620690,0.7124172453
0.5210341215,2206,1668,114,0.5694372741,0.9508620690,0.7123022280
0.5208588839,2206,1669,114,0.5692903226,0.9508620690,0.7121872478
0.5198539495,2206,1670,114,0.5691434469,0.9508620690,0.7120723047
0.5184835196,2206,1671,114,0.5689966469,0.9508620690,0.7119573987
0.5170767903,2206,1672,114,0.5688499226,0.9508620690,0.7118425298
0.5133104324,2206,1673,114,0.5687032740,0.9508620690,0.7117276980
0.5122427940,2206,1674,114,0.5685567010,0.9508620690,0.7116129032
0.5112822056,2206,1675,114,0.5684102036,0.9508620690,0.7114981455
0.5093649626,2206,1676,114,0.5682637816,0.9508620690,0.7113834247
0.5055378675,2206,1677,114,0.5681174350,0.9508620690,0.7112687409
0.5055232644,2206,1678,114,0.5679711637,0.9508620690,0.7111540941
0.5048094392,2206,1679,114,0.5678249678,0.9508620690,0.7110394843
0.5042086244,2206,1680,114,0.5676788471,0.9508620690,0.7109249114
0.5038122535,2206,1681,114,0.5675328016,0.9508620690,0.7108103754
0.5033878684,2206,1682,114,0.5673868313,0.9508620690,0.7106958763
0.5029766560,2206,1683,114,0.5672409360,0.9508620690,0.7105814141
0.5010598302,2206,1684,114,0.5670951157,0.9508620690,0.7104669887
0.5004907846,2206,1685,114,0.5669493703,0.9508620690,0.7103526002
0.4976373315,2206,1686,114,0.5668036999,0.9508620690,0.7102382486
0.4971040189,2206,1687,114,0.5666581043,0.9508620690,0.7101239337
0.4951811731,2206,1688,114,0.5665125835,0.9508620690,0.7100096556
0.4931638539,2206,1689,114,0.5663671374,0.9508620690,0.7098954143
0.4926250577,2206,1690,114,0.5662217659,0.9508620690,0.7097812098
0.4923691154,2206,1691,114,0.5660764691,0.9508620690,0.7096670420
0.4914105833,2206,1692,114,0.5659312468,0.9508620690,0.7095529109
0.4899957180,2206,1693,114,0.5657860990,0.9508620690,0.7094388165
0.4885859191,2206,1694,114,0.5656410256,0.9508620690,0.7093247588
0.4852570891,2206,1695,114,0.5654960267,0.9508620690,0.7092107378
0.4847555757,2206,1696,114,0.5653511020,0.9508620690,0.7090967535
0.4833329320,2206,1697,114,0.5652062516,0.9508620690,0.7089828057
0.4830584228,2206,1698,114,0.5650614754,0.9508620690,0.7088688946
0.4798491299,2206,1699,114,0.5649167734,0.9508620690,0.7087550201
0.4788025916,2206,1700,114,0.5647721454,0.9508620690,0.7086411821
0.4787465334,2206,1701,114,0.5646275915,0.9508620690,0.7085273808
0.4785481989,2206,1702,114,0.5644831116,0.9508620690,0.7084136159
0.4784134626,2206,1703,114,0.5643387056,0.9508620690,0.7082998876
0.4781534970,2206,1704,114,0.5641943734,0.9508620690,0.7081861958
0.4780414104,2206,1705,114,0.5640501151,0.9508620690,0.7080725405
0.4742755294,2206,1706,114,0.5639059305,0.9508620690,0.7079589217
0.4729370177,2206,1707,114,0.5637618196,0.9508620690,0.7078453393
0.4715316892,2206,1708,114,0.5636177823,0.9508620690,0.7077317934
0.4705730379,2206,1709,114,0.5634738186,0.9508620690,0.7076182839
0.4691587985,2206,1710,114,0.5633299285,0.9508620690,0.7075048108
0.4689941406,2206,1711,114,0.5631861118,0.9508620690,0.7073913741
0.4663119912,2206,1712,114,0.5630423686,0.9508620690,0.7072779737
0.4659608006,2206,1713,114,0.5628986986,0.9508620690,0.7071646097
0.4638744593,2206,1714,114,0.5627551020,0.9508620690,0.7070512821
0.4634184837,2206,1715,114,0.5626115787,0.9508620690,0.7069379907
0.4610827267,2206,1716,114,0.5624681285,0.9508620690,0.7068247357
0.4609354734,2206,1717,114,0.5623247515,0.9508620690,0.7067115169
0.4603307247,2206,1718,114,0.5621814475,0.9508620690,0.7065983344
0.4579296410,2206,1719,114,0.5620382166,0.9508620690,0.7064851882
0.4575610161,2206,1720,114,0.5618950586,0.9508620690,0.7063720781
0.4568900168,2206,1721,114,0.5617519735,0.9508620690,0.7062590043
0.4556866884,2206,1722,114,0.5616089613,0.9508620690,0.7061459667
0.4556627274,2206,1723,114,0.5614660219,0.9508620690,0.7060329653
0.4555100203,2207,1723,113,0.5615776081,0.9512931034,0.7062400000
0.4547649622,2207,1724,113,0.5614347494,0.9512931034,0.7061270197
0.4545775354,2207,1725,113,0.5612919634,0.9512931034,0.7060140755
0.4533738792,2207,1726,113,0.5611492499,0.9512931034,0.7059011674
0.4507765770,2207,1727,113,0.5610066090,0.9512931034,0.7057882955
0.4497675896,2207,1728,113,0.5608640407,0.9512931034,0.7056754596
0.4488348365,2207,1729,113,0.5607215447,0.9512931034,0.7055626598
0.4483208954,2207,1730,113,0.5605791212,0.9512931034,0.7054498961
0.4475981593,2208,1730,112,0.5606907059,0.9517241379,0.7056567593
0.4457611442,2208,1731,112,0.5605483625,0.9517241379,0.7055440166
0.4456496537,2208,1732,112,0.5604060914,0.9517241379,0.7054313099
0.4455980361,2208,1733,112,0.5602638924,0.9517241379,0.7053186392
0.4442979991,2208,1734,112,0.5601217656,0.9517241379,0.7052060045
0.4438746870,2208,1735,112,0.5599797109,0.9517241379,0.7050934057
0.4434022903,2208,1736,112,0.5598377282,0.9517241379,0.7049808429
0.4411680102,2208,1737,112,0.5596958175,0.9517241379,0.7048683160
0.4382749796,2208,1738,112,0.5595539787,0.9517241379,0.7047558251
0.4379713237,2208,1739,112,0.5594122118,0.9517241379,0.7046433700
0.4372920990,2208,1740,112,0.5592705167,0.9517241379,0.7045309509
0.4370932579,2208,1741,112,0.5591288934,0.9517241379,0.7044185676
0.4364491999,2208,1742,112,0.5589873418,0.9517241379,0.7043062201
0.4359447956,2208,1743,112,0.5588458618,0.9517241379,0.7041939085
0.4349921346,2208,1744,112,0.5587044534,0.9517241379,0.7040816327
0.4346619844,2208,1745,112,0.5585631166,0.9517241379,0.7039693926
0.4344819486,2208,1747,112,0.5582806574,0.9517241379,0.7037450199
0.4343685508,2208,1748,112,0.5581395349,0.9517241379,0.7036328872
0.4336753488,2208,1749,112,0.5579984837,0.9517241379,0.7035207902
0.4335466325,2208,1750,112,0.5578575038,0.9517241379,0.7034087289
0.4327999353,2208,1751,112,0.5577165951,0.9517241379,0.7032967033
0.4312321842,2208,1752,112,0.5575757576,0.9517241379,0.7031847134
0.4311316013,2208,1753,112,0.5574349912,0.9517241379,0.7030727591
0.4292033017,2208,1754,112,0.5572942958,0.9517241379,0.7029608405
0.4280255139,2208,1755,112,0.5571536715,0.9517241379,0.7028489575
0.4266393185,2208,1756,112,0.5570131181,0.9517241379,0.7027371101
0.4266011119,2208,1757,112,0.5568726356,0.9517241379,0.7026252983
0.4254217446,2208,1758,112,0.5567322239,0.9517241379,0.7025135221
0.4243740141,2208,1759,112,0.5565918830,0.9517241379,0.7024017815
0.4242611229,2208,1760,112,0.5564516129,0.9517241379,0.7022900763
0.4241356552,2208,1762,112,0.5561712846,0.9517241379,0.7020667727
0.4227482677,2209,1763,111,0.5561430010,0.9521551724,0.7021614749
0.4222203195,2209,1764,111,0.5560030204,0.9521551724,0.7020498967
0.4210822582,2209,1765,111,0.5558631102,0.9521551724,0.7019383540
0.4210812151,2209,1766,111,0.5557232704,0.9521551724,0.7018268467
0.4207852483,2209,1767,111,0.5555835010,0.9521551724,0.7017153748
0.4201008976,2209,1768,111,0.5554438019,0.9521551724,0.7016039384
0.4198175073,2210,1768,110,0.5555555556,0.9525862069,0.7018100984
0.4197790325,2210,1769,110,0.5554159337,0.9525862069,0.7016986823
0.4194640517,2210,1770,110,0.5552763819,0.9525862069,0.7015873016
0.4194237888,2210,1771,110,0.5551369003,0.9525862069,0.7014759562
0.4188503921,2210,1772,110,0.5549974887,0.9525862069,0.7013646461
0.4187641442,2210,1773,110,0.5548581471,0.9525862069,0.7012533714
0.4183858037,2210,1774,110,0.5547188755,0.9525862069,0.7011421320
0.4182625413,2210,1775,110,0.5545796738,0.9525862069,0.7010309278
0.4164161980,2210,1776,110,0.5544405419,0.9525862069,0.7009197590
0.4155634046,2210,1777,110,0.5543014798,0.9525862069,0.7008086253
0.4136579335,2210,1778,110,0.5541624875,0.9525862069,0.7006975269
0.4122296870,2210,1779,110,0.5540235648,0.9525862069,0.7005864638
0.4120742679,2210,1780,110,0.5538847118,0.9525862069,0.7004754358
0.4115366638,2210,1781,110,0.5537459283,0.9525862069,0.7003644430
0.4089528024,2210,1782,110,0.5536072144,0.9525862069,0.7002534854
0.4086439013,2210,1783,110,0.5534685700,0.9525862069,0.7001425630
0.4074799418,2210,1784,110,0.5533299950,0.9525862069,0.7000316756
0.4056551158,2210,1785,110,0.5531914894,0.9525862069,0.6999208234
0.4042573273,2210,1786,110,0.5530530531,0.9525862069,0.6998100063
0.4036360085,2210,1787,110,0.5529146860,0.9525862069,0.6996992243
0.4031355679,2210,1788,110,0.5527763882,0.9525862069,0.6995884774
0.4000279307,2210,1789,110,0.5526381595,0.9525862069,0.6994777655
0.3997571766,2210,1790,110,0.5525000000,0.9525862069,0.6993670886
0.3985370994,2210,1791,110,0.5523619095,0.9525862069,0.6992564468
0.3969215453,2210,1792,110,0.5522238881,0.9525862069,0.6991458399
0.3959961534,2210,1793,110,0.5520859355,0.9525862069,0.6990352681
0.3943851590,2210,1794,110,0.5519480519,0.9525862069,0.6989247312
0.3939736187,2210,1795,110,0.5518102372,0.9525862069,0.6988142292
0.3927959800,2210,1796,110,0.5516724913,0.9525862069,0.6987037623
0.3913870752,2210,1797,110,0.5515348141,0.9525862069,0.6985933302
0.3912021518,2210,1798,110,0.5513972056,0.9525862069,0.6984829330
0.3893463016,2210,1799,110,0.5512596658,0.9525862069,0.6983725707
0.3890529871,2210,1800,110,0.5511221945,0.9525862069,0.6982622433
0.3857895434,2210,1801,110,0.5509847918,0.9525862069,0.6981519507
0.3857781291,2210,1802,110,0.5508474576,0.9525862069,0.6980416930
0.3852382898,2210,1803,110,0.5507101919,0.9525862069,0.6979314701
0.3842664063,2210,1804,110,0.5505729945,0.9525862069,0.6978212820
0.3811977804,2210,1805,110,0.5504358655,0.9525862069,0.6977111287
0.3794239759,2210,1806,110,0.5502988048,0.9525862069,0.6976010101
0.3789127171,2210,1807,110,0.5501618123,0.9525862069,0.6974909263
0.3784919977,2210,1808,110,0.5500248880,0.9525862069,0.6973808772
0.3769101799,2210,1809,110,0.5498880318,0.9525862069,0.6972708629
0.3752981126,2210,1810,110,0.5497512438,0.9525862069,0.6971608833
0.3752503395,2210,1811,110,0.5496145238,0.9525862069,0.6970509383
0.3752497137,2210,1812,110,0.5494778717,0.9525862069,0.6969410281
0.3749660850,2210,1813,110,0.5493412876,0.9525862069,0.6968311525
0.3747302890,2211,1813,109,0.5494532803,0.9530172414,0.6970365700
0.3716344535,2211,1814,109,0.5493167702,0.9530172414,0.6969267139
0.3712356985,2211,1815,109,0.5491803279,0.9530172414,0.6968168925
0.3694890738,2211,1816,109,0.5490439533,0.9530172414,0.6967071057
0.3665363193,2211,1817,109,0.5489076465,0.9530172414,0.6965973535
0.3665108681,2211,1818,109,0.5487714073,0.9530172414,0.6964876358
0.3663636744,2211,1819,109,0.5486352357,0.9530172414,0.6963779528
0.3662948310,2211,1820,109,0.5484991317,0.9530172414,0.6962683042
0.3661770523,2211,1821,109,0.5483630952,0.9530172414,0.6961586902
0.3634723425,2211,1822,109,0.5482271262,0.9530172414,0.6960491107
0.3600079417,2211,1823,109,0.5480912246,0.9530172414,0.6959395656
0.3596569896,2211,1824,109,0.5479553903,0.9530172414,0.6958300551
0.3577206135,2211,1825,109,0.5478196234,0.9530172414,0.6957205790
0.3570418060,2211,1826,109,0.5476839237,0.9530172414,0.6956111373
0.3566878438,2211,1827,109,0.5475482912,0.9530172414,0.6955017301
0.3561386168,2211,1828,109,0.5474127259,0.9530172414,0.6953923573
0.3560031652,2211,1829,109,0.5472772277,0.9530172414,0.6952830189
0.3541501760,2211,1830,109,0.5471417966,0.9530172414,0.6951737148
0.3538155556,2211,1831,109,0.5470064325,0.9530172414,0.6950644451
0.3514825702,2211,1832,109,0.5468711353,0.9530172414,0.6949552098
0.3513522744,2211,1833,109,0.5467359050,0.9530172414,0.6948460088
0.3491721749,2211,1834,109,0.5466007417,0.9530172414,0.6947368421
0.3478465080,2211,1835,109,0.5464656451,0.9530172414,0.6946277097
0.3474215865,2211,1836,109,0.5463306153,0.9530172414,0.6945186116
0.3473103046,2211,1837,109,0.5461956522,0.9530172414,0.6944095477
0.3453316391,2211,1838,109,0.5460607557,0.9530172414,0.6943005181
0.3451488316,2211,1839,109,0.5459259259,0.9530172414,0.6941915228
0.3446215689,2211,1840,109,0.5457911627,0.9530172414,0.6940825616
0.3445974290,2211,1841,109,0.5456564659,0.9530172414,0.6939736347
0.3445023894,2211,1842,109,0.5455218357,0.9530172414,0.6938647419
0.3420035243,2211,1843,109,0.5453872718,0.9530172414,0.6937558833
0.3397770524,2211,1844,109,0.5452527744,0.9530172414,0.6936470588
0.3395370245,2211,1845,109,0.5451183432,0.9530172414,0.6935382685
0.3364697099,2211,1846,109,0.5449839783,0.9530172414,0.6934295123
0.3360943794,2211,1847,109,0.5448496796,0.9530172414,0.6933207902
0.3347308636,2211,1848,109,0.5447154472,0.9530172414,0.6932121022
0.3337060213,2211,1849,109,0.5445812808,0.9530172414,0.6931034483
0.3332258463,2211,1850,109,0.5444471805,0.9530172414,0.6929948284
0.3322747648,2211,1851,109,0.5443131462,0.9530172414,0.6928862426
0.3314300179,2211,1852,109,0.5441791779,0.9530172414,0.6927776907
0.3304040134,2211,1853,109,0.5440452756,0.9530172414,0.6926691729
0.3293861449,2211,1854,109,0.5439114391,0.9530172414,0.6925606891
0.3291666806,2211,1855,109,0.5437776685,0.9530172414,0.6924522393
0.3289842904,2211,1856,109,0.5436439636,0.9530172414,0.6923438234
0.3286206424,2212,1856,108,0.5437561455,0.9534482759,0.6925485285
0.3272931576,2225,1872,95,0.5430803027,0.9590517241,0.6934704691
0.3272145987,2225,1873,95,0.5429477794,0.9590517241,0.6933624182
0.3271160126,2225,1874,95,0.5428153208,0.9590517241,0.6932544010
0.3267799020,2225,1875,95,0.5426829268,0.9590517241,0.6931464174
0.3255233765,2225,1876,95,0.5425505974,0.9590517241,0.6930384675
0.3234953284,2225,1877,95,0.5424183325,0.9590517241,0.6929305512
0.3225255013,2225,1878,95,0.5422861321,0.9590517241,0.6928226685
0.3218359053,2225,1879,95,0.5421539961,0.9590517241,0.6927148194
0.3211052418,2225,1880,95,0.5420219245,0.9590517241,0.6926070039
0.3189758360,2225,1881,95,0.5418899172,0.9590517241,0.6924992219
0.3178604841,2225,1882,95,0.5417579742,0.9590517241,0.6923914735
0.3166277707,2225,1883,95,0.5416260954,0.9590517241,0.6922837586
0.3162267208,2225,1884,95,0.5414942808,0.9590517241,0.6921760772
0.3148399591,2225,1885,95,0.5413625304,0.9590517241,0.6920684292
0.3140075803,2225,1887,95,0.5410992218,0.9590517241,0.6918532338
0.3138884008,2225,1888,95,0.5409676635,0.9590517241,0.6917456863
0.3130533397,2225,1889,95,0.5408361692,0.9590517241,0.6916381722
0.3121361136,2225,1890,95,0.5407047388,0.9590517241,0.6915306915
0.3120742142,2225,1891,95,0.5405733722,0.9590517241,0.6914232443
0.3114005923,2225,1892,95,0.5404420695,0.9590517241,0.6913158304
0.3112776875,2225,1893,95,0.5403108305,0.9590517241,0.6912084498
0.3109802902,2225,1894,95,0.5401796553,0.9590517241,0.6911011027
0.3105682433,2225,1895,95,0.5400485437,0.9590517241,0.6909937888
0.3101715446,2225,1896,95,0.5399174958,0.9590517241,0.6908865083
0.3085412681,2225,1897,95,0.5397865114,0.9590517241,0.6907792611
0.3078917861,2225,1898,95,0.5396555906,0.9590517241,0.6906720472
0.3069716692,2225,1899,95,0.5395247333,0.9590517241,0.6905648665
0.3064801991,2225,1900,95,0.5393939394,0.9590517241,0.6904577192
0.3055391908,2225,1901,95,0.5392632089,0.9590517241,0.6903506050
0.3033967912,2225,1902,95,0.5391325418,0.9590517241,0.6902435241
0.3032535315,2225,1903,95,0.5390019380,0.9590517241,0.6901364764
0.3031356633,2225,1904,95,0.5388713974,0.9590517241,0.6900294619
0.3023367226,2225,1905,95,0.5387409201,0.9590517241,0.6899224806
0.3020077944,2225,1906,95,0.5386105059,0.9590517241,0.6898155325
0.3007079959,2225,1907,95,0.5384801549,0.9590517241,0.6897086175
0.3003014624,2225,1908,95,0.5383498669,0.9590517241,0.6896017356
0.2994583845,2225,1909,95,0.5382196420,0.9590517241,0.6894948869
0.2974048853,2225,1910,95,0.5380894800,0.9590517241,0.6893880713
0.2971537113,2225,1911,95,0.5379593810,0.9590517241,0.6892812887
0.2970066667,2225,1912,95,0.5378293449,0.9590517241,0.6891745393
0.2948728800,2225,1913,95,0.5376993717,0.9590517241,0.6890678229
0.2939871550,2225,1914,95,0.5375694612,0.9590517241,0.6889611395
0.2928129137,2225,1915,95,0.5374396135,0.9590517241,0.6888544892
0.2920747697,2225,1916,95,0.5373098285,0.9590517241,0.6887478718
0.2917296886,2225,1917,95,0.5371801062,0.9590517241,0.6886412875
0.2915838361,2225,1918,95,0.5370504465,0.9590517241,0.6885347362
0.2915158570,2225,1919,95,0.5369208494,0.9590517241,0.6884282178
0.2906881869,2225,1920,95,0.5367913148,0.9590517241,0.6883217324
0.2905094624,2226,1920,94,0.5369030391,0.9594827586,0.6885245902
0.2898195684,2226,1921,94,0.5367735713,0.9594827586,0.6884181228
0.2878506780,2226,1922,94,0.5366441659,0.9594827586,0.6883116883
0.2864919901,2226,1923,94,0.5365148228,0.9594827586,0.6882052868
0.2864312232,2226,1924,94,0.5363855422,0.9594827586,0.6880989181
0.2864307463,2226,1925,94,0.5362563238,0.9594827586,0.6879925823
0.2855365872,2226,1926,94,0.5361271676,0.9594827586,0.6878862794
0.2846910655,2226,1927,94,0.5359980737,0.9594827586,0.6877800093
0.2839387655,2226,1928,94,0.5358690419,0.9594827586,0.6876737720
0.2837004066,2226,1929,94,0.5357400722,0.9594827586,0.6875675676
0.2821561396,2227,1929,93,0.5358517806,0.9599137931,0.6877702285
0.2817406058,2227,1930,93,0.5357228771,0.9599137931,0.6876640420
0.2817257345,2227,1931,93,0.5355940356,0.9599137931,0.6875578882
0.2813194990,2227,1932,93,0.5354652561,0.9599137931,0.6874517672
0.2800192237,2227,1933,93,0.5353365385,0.9599137931,0.6873456790
0.2798317671,2227,1934,93,0.5352078827,0.9599137931,0.6872396235
0.2770258784,2227,1935,93,0.5350792888,0.9599137931,0.6871336007
0.2767840922,2227,1936,93,0.5349507567,0.9599137931,0.6870276107
0.2756005526,2227,1937,93,0.5348222863,0.9599137931,0.6869216533
0.2746258080,2227,1938,93,0.5346938776,0.9599137931,0.6868157286
0.2731686831,2227,1939,93,0.5345655305,0.9599137931,0.6867098366
0.2701607347,2227,1940,93,0.5344372450,0.9599137931,0.6866039772
0.2698864341,2227,1941,93,0.5343090211,0.9599137931,0.6864981504
0.2687759101,2227,1942,93,0.5341808587,0.9599137931,0.6863923563
0.2684523463,2227,1943,93,0.5340527578,0.9599137931,0.6862865948
0.2681814730,2227,1944,93,0.5339247183,0.9599137931,0.6861808658
0.2678028345,2227,1945,93,0.5337967402,0.9599137931,0.6860751694
0.2676363587,2227,1946,93,0.5336688234,0.9599137931,0.6859695056
0.2674386501,2227,1947,93,0.5335409679,0.9599137931,0.6858638743
0.2655012906,2227,1948,93,0.5334131737,0.9599137931,0.6857582756
0.2648552358,2227,1949,93,0.5332854406,0.9599137931,0.6856527094
0.2646908462,2227,1950,93,0.5331577687,0.9599137931,0.6855471756
0.2639019787,2227,1953,93,0.5327751196,0.9599137931,0.6852307692
0.2637664676,2227,1954,93,0.5326476919,0.9599137931,0.6851253653
0.2637199759,2227,1955,93,0.5325203252,0.9599137931,0.6850199938
0.2633700669,2227,1956,93,0.5323930194,0.9599137931,0.6849146548
0.2630712688,2227,1957,93,0.5322657744,0.9599137931,0.6848093481
0.2628793120,2227,1958,93,0.5321385902,0.9599137931,0.6847040738
0.2605733871,2227,1959,93,0.5320114668,0.9599137931,0.6845988318
0.2601781189,2227,1960,93,0.5318844041,0.9599137931,0.6844936223
0.2574621737,2227,1961,93,0.5317574021,0.9599137931,0.6843884450
0.2559979260,2227,1962,93,0.5316304607,0.9599137931,0.6842833000
0.2557121217,2228,1962,92,0.5317422434,0.9603448276,0.6844854071
0.2535973191,2228,1963,92,0.5316153663,0.9603448276,0.6843802795
0.2530359626,2228,1964,92,0.5314885496,0.9603448276,0.6842751843
0.2529457808,2228,1965,92,0.5313617935,0.9603448276,0.6841701213
0.2524937689,2228,1966,92,0.5312350978,0.9603448276,0.6840650906
0.2502246201,2228,1967,92,0.5311084625,0.9603448276,0.6839600921
0.2492666543,2228,1968,92,0.5309818875,0.9603448276,0.6838551258
0.2486716807,2228,1969,92,0.5308553729,0.9603448276,0.6837501918
0.2476470768,2228,1970,92,0.5307289185,0.9603448276,0.6836452900
0.2472140044,2228,1971,92,0.5306025244,0.9603448276,0.6835404203
0.2455535382,2228,1972,92,0.5304761905,0.9603448276,0.6834355828
0.2440889478,2228,1973,92,0.5303499167,0.9603448276,0.6833307775
0.2440175712,2228,1974,92,0.5302237030,0.9603448276,0.6832260043
0.2434941679,2228,1975,92,0.5300975494,0.9603448276,0.6831212632
0.2428454906,2228,1976,92,0.5299714558,0.9603448276,0.6830165543
0.2426934838,2229,1976,91,0.5300832342,0.9607758621,0.6832183908
0.2425862551,2229,1977,91,0.5299572040,0.9607758621,0.6831136990
0.2425117195,2229,1978,91,0.5298312337,0.9607758621,0.6830090394
0.2425112724,2229,1979,91,0.5297053232,0.9607758621,0.6829044118
0.2424504310,2229,1980,91,0.5295794726,0.9607758621,0.6827998162
0.2408983409,2229,1981,91,0.5294536817,0.9607758621,0.6826952527
0.2404881418,2229,1982,91,0.5293279506,0.9607758621,0.6825907212
0.2402623296,2229,1983,91,0.5292022792,0.9607758621,0.6824862217
0.2396171689,2229,1984,91,0.5290766675,0.9607758621,0.6823817542
0.2389595956,2229,1985,91,0.5289511153,0.9607758621,0.6822773186
0.2383167148,2229,1986,91,0.5288256228,0.9607758621,0.6821729151
0.2378335893,2229,1987,91,0.5287001898,0.9607758621,0.6820685435
0.2373809218,2229,1988,91,0.5285748162,0.9607758621,0.6819642038
0.2373356670,2230,1988,90,0.5286865813,0.9612068966,0.6821657999
0.2369863689,2230,1989,90,0.5285612704,0.9612068966,0.6820614773
0.2368947864,2230,1990,90,0.5284360190,0.9612068966,0.6819571865
0.2365708202,2230,1991,90,0.5283108268,0.9612068966,0.6818529277
0.2352578342,2230,1992,90,0.5281856940,0.9612068966,0.6817487007
0.2349444628,2230,1993,90,0.5280606204,0.9612068966,0.6816445056
0.2348800153,2230,1994,90,0.5279356061,0.9612068966,0.6815403423
0.2340282053,2230,1995,90,0.5278106509,0.9612068966,0.6814362108
0.2338226885,2230,1996,90,0.5276857549,0.9612068966,0.6813321112
0.2336670756,2231,1996,89,0.5277974923,0.9616379310,0.6815335268
0.2335221320,2231,1997,89,0.5276726585,0.9616379310,0.6814294441
0.2325135469,2231,1998,89,0.5275478837,0.9616379310,0.6813253932
0.2320182770,2231,2002,89,0.5270493740,0.9616379310,0.6809095071
0.2319826037,2231,2003,89,0.5269248937,0.9616379310,0.6808056149
0.2306634337,2231,2004,89,0.5268004723,0.9616379310,0.6807017544
0.2302027494,2231,2005,89,0.5266761095,0.9616379310,0.6805979256
0.2282959074,2231,2006,89,0.5265518055,0.9616379310,0.6804941284
0.2274819463,2231,2007,89,0.5264275602,0.9616379310,0.6803903629
0.2269748598,2231,2008,89,0.5263033734,0.9616379310,0.6802866291
0.2267533094,2231,2009,89,0.5261792453,0.9616379310,0.6801829268
0.2233733684,2231,2010,89,0.5260551757,0.9616379310,0.6800792562
0.2230681330,2231,2011,89,0.5259311645,0.9616379310,0.6799756172
0.2224881500,2231,2012,89,0.5258072119,0.9616379310,0.6798720098
0.2221263200,2231,2013,89,0.5256833176,0.9616379310,0.6797684339
0.2208701968,2231,2014,89,0.5255594817,0.9616379310,0.6796648896
0.2204290777,2231,2015,89,0.5254357042,0.9616379310,0.6795613768
0.2197727114,2231,2016,89,0.5253119849,0.9616379310,0.6794578955
0.2196595073,2231,2017,89,0.5251883239,0.9616379310,0.6793544458
0.2169539928,2231,2018,89,0.5250647211,0.9616379310,0.6792510276
0.2166060209,2231,2019,89,0.5249411765,0.9616379310,0.6791476408
0.2159102708,2231,2020,89,0.5248176900,0.9616379310,0.6790442855
0.2153052390,2231,2021,89,0.5246942615,0.9616379310,0.6789409617
0.2136976421,2232,2021,88,0.5248060193,0.9620689655,0.6791419443
0.2128394544,2232,2022,88,0.5246826516,0.9620689655,0.6790386371
0.2120238692,2232,2023,88,0.5245593420,0.9620689655,0.6789353612
0.2118338794,2232,2024,88,0.5244360902,0.9620689655,0.6788321168
0.2104274333,2232,2025,88,0.5243128964,0.9620689655,0.6787289038
0.2097168267,2232,2026,88,0.5241897605,0.9620689655,0.6786257221
0.2093176693,2232,2027,88,0.5240666823,0.9620689655,0.6785225718
0.2082216442,2232,2028,88,0.5239436620,0.9620689655,0.6784194529
0.2075642049,2232,2029,88,0.5238206994,0.9620689655,0.6783163653
0.2074590474,2232,2030,88,0.5236977945,0.9620689655,0.6782133090
0.2071582973,2232,2031,88,0.5235749472,0.9620689655,0.6781102841
0.2066576481,2232,2032,88,0.5234521576,0.9620689655,0.6780072904
0.2061914057,2232,2033,88,0.5233294256,0.9620689655,0.6779043280
0.2058980614,2232,2034,88,0.5232067511,0.9620689655,0.6778013969
0.2045276016,2232,2035,88,0.5230841341,0.9620689655,0.6776984970
0.2041751295,2232,2036,88,0.5229615745,0.9620689655,0.6775956284
0.2037777454,2232,2037,88,0.5228390724,0.9620689655,0.6774927910
0.2033890337,2232,2038,88,0.5227166276,0.9620689655,0.6773899848
0.2029905468,2232,2039,88,0.5225942402,0.9620689655,0.6772872098
0.2022935599,2232,2040,88,0.5224719101,0.9620689655,0.6771844660
0.2016071826,2232,2041,88,0.5223496373,0.9620689655,0.6770817534
0.2009439617,2232,2042,88,0.5222274216,0.9620689655,0.6769790719
0.2006500810,2232,2043,88,0.5221052632,0.9620689655,0.6768764215
0.2000108808,2232,2044,88,0.5219831618,0.9620689655,0.6767738023
0.1974767148,2232,2045,88,0.5218611176,0.9620689655,0.6766712142
0.1958773434,2232,2046,88,0.5217391304,0.9620689655,0.6765686572
0.1950244009,2232,2047,88,0.5216172003,0.9620689655,0.6764661312
0.1944725811,2232,2048,88,0.5214953271,0.9620689655,0.6763636364
0.1942353845,2232,2049,88,0.5213735109,0.9620689655,0.6762611725
0.1939081699,2232,2050,88,0.5212517515,0.9620689655,0.6761587398
0.1926364899,2232,2051,88,0.5211300490,0.9620689655,0.6760563380
0.1922208667,2232,2052,88,0.5210084034,0.9620689655,0.6759539673
0.1914555430,2232,2053,88,0.5208868145,0.9620689655,0.6758516276
0.1913266033,2232,2054,88,0.5207652823,0.9620689655,0.6757493188
0.1912640184,2232,2055,88,0.5206438069,0.9620689655,0.6756470410
0.1909644455,2232,2056,88,0.5205223881,0.9620689655,0.6755447942
0.1909145713,2232,2057,88,0.5204010259,0.9620689655,0.6754425783
0.1895824820,2232,2058,88,0.5202797203,0.9620689655,0.6753403933
0.1880067289,2232,2059,88,0.5201584712,0.9620689655,0.6752382393
0.1880064756,2232,2060,88,0.5200372787,0.9620689655,0.6751361162
0.1878036559,2232,2061,88,0.5199161426,0.9620689655,0.6750340239
0.1875426024,2232,2062,88,0.5197950629,0.9620689655,0.6749319625
0.1866326481,2232,2063,88,0.5196740396,0.9620689655,0.6748299320
0.1857754737,2232,2064,88,0.5195530726,0.9620689655,0.6747279323
0.1851647794,2232,2065,88,0.5194321620,0.9620689655,0.6746259634
0.1840674281,2232,2066,88,0.5193113076,0.9620689655,0.6745240254
0.1823142022,2232,2067,88,0.5191905094,0.9620689655,0.6744221181
0.1822981834,2232,2068,88,0.5190697674,0.9620689655,0.6743202417
0.1819780320,2232,2069,88,0.5189490816,0.9620689655,0.6742183960
0.1819448620,2232,2070,88,0.5188284519,0.9620689655,0.6741165811
0.1816111505,2232,2071,88,0.5187078782,0.9620689655,0.6740147969
0.1814687997,2232,2072,88,0.5185873606,0.9620689655,0.6739130435
0.1813944429,2232,2073,88,0.5184668990,0.9620689655,0.6738113208
0.1799837649,2232,2074,88,0.5183464933,0.9620689655,0.6737096287
0.1798684448,2232,2075,88,0.5182261435,0.9620689655,0.6736079674
0.1791546047,2232,2076,88,0.5181058496,0.9620689655,0.6735063368
0.1783910543,2232,2077,88,0.5179856115,0.9620689655,0.6734047368
0.1758707762,2232,2078,88,0.5178654292,0.9620689655,0.6733031674
0.1745797694,2232,2079,88,0.5177453027,0.9620689655,0.6732016287
0.1743799597,2232,2080,88,0.5176252319,0.9620689655,0.6731001206
0.1737553030,2232,2081,88,0.5175052168,0.9620689655,0.6729986431
0.1736182570,2232,2082,88,0.5173852573,0.9620689655,0.6728971963
0.1735314429,2232,2083,88,0.5172653534,0.9620689655,0.6727957800
0.1731441021,2232,2084,88,0.5171455051,0.9620689655,0.6726943942
0.1730377525,2232,2085,88,0.5170257123,0.9620689655,0.6725930390
0.1729691476,2232,2086,88,0.5169059750,0.9620689655,0.6724917144
0.1711853743,2232,2087,88,0.5167862931,0.9620689655,0.6723904202
0.1707121134,2232,2088,88,0.5166666667,0.9620689655,0.6722891566
0.1703435034,2232,2089,88,0.5165470956,0.9620689655,0.6721879235
0.1703184247,2232,2090,88,0.5164275798,0.9620689655,0.6720867209
0.1691381484,2232,2091,88,0.5163081194,0.9620689655,0.6719855487
0.1684987247,2232,2092,88,0.5161887142,0.9620689655,0.6718844070
0.1675373465,2232,2093,88,0.5160693642,0.9620689655,0.6717832957
0.1659487933,2232,2094,88,0.5159500693,0.9620689655,0.6716822149
0.1655743420,2232,2095,88,0.5158308297,0.9620689655,0.6715811644
0.1649820060,2232,2096,88,0.5157116451,0.9620689655,0.6714801444
0.1638865620,2232,2097,88,0.5155925156,0.9620689655,0.6713791548
0.1631408036,2232,2098,88,0.5154734411,0.9620689655,0.6712781955
0.1630778015,2232,2099,88,0.5153544216,0.9620689655,0.6711772666
0.1627802700,2232,2100,88,0.5152354571,0.9620689655,0.6710763680
0.1606463194,2232,2101,88,0.5151165474,0.9620689655,0.6709754998
0.1606214195,2232,2102,88,0.5149976927,0.9620689655,0.6708746619
0.1605008990,2232,2103,88,0.5148788927,0.9620689655,0.6707738542
0.1604075134,2232,2104,88,0.5147601476,0.9620689655,0.6706730769
0.1603504866,2232,2105,88,0.5146414572,0.9620689655,0.6705723299
0.1600385457,2232,2106,88,0.5145228216,0.9620689655,0.6704716131
0.1598724276,2232,2107,88,0.5144042406,0.9620689655,0.6703709266
0.1593355238,2232,2108,88,0.5142857143,0.9620689655,0.6702702703
0.1587686390,2232,2109,88,0.5141672426,0.9620689655,0.6701696442
0.1582470536,2232,2110,88,0.5140488254,0.9620689655,0.6700690483
0.1567761004,2232,2111,88,0.5139304628,0.9620689655,0.6699684827
0.1560381502,2232,2112,88,0.5138121547,0.9620689655,0.6698679472
0.1559604257,2232,2113,88,0.5136939010,0.9620689655,0.6697674419
0.1557718813,2232,2114,88,0.5135757018,0.9620689655,0.6696669667
0.1553559750,2232,2115,88,0.5134575569,0.9620689655,0.6695665217
0.1545527726,2232,2116,88,0.5133394664,0.9620689655,0.6694661068
0.1545095593,2232,2117,88,0.5132214302,0.9620689655,0.6693657220
0.1544632614,2232,2118,88,0.5131034483,0.9620689655,0.6692653673
0.1544149816,2232,2119,88,0.5129855206,0.9620689655,0.6691650427
0.1537627429,2232,2120,88,0.5128676471,0.9620689655,0.6690647482
0.1535424292,2232,2121,88,0.5127498277,0.9620689655,0.6689644837
0.1535370201,2232,2122,88,0.5126320625,0.9620689655,0.6688642493
0.1534535438,2232,2123,88,0.5125143513,0.9620689655,0.6687640449
0.1531008929,2232,2124,88,0.5123966942,0.9620689655,0.6686638706
0.1519032121,2232,2125,88,0.5122790911,0.9620689655,0.6685637262
0.1508370638,2232,2126,88,0.5121615420,0.9620689655,0.6684636119
0.1489094347,2232,2127,88,0.5120440468,0.9620689655,0.6683635275
0.1481636465,2232,2128,88,0.5119266055,0.9620689655,0.6682634731
0.1481449604,2232,2131,88,0.5115746046,0.9620689655,0.6679634895
0.1480663568,2232,2132,88,0.5114573786,0.9620689655,0.6678635548
0.1471572220,2232,2133,88,0.5113402062,0.9620689655,0.6677636500
0.1458697319,2232,2134,88,0.5112230875,0.9620689655,0.6676637751
0.1456402093,2232,2135,88,0.5111060224,0.9620689655,0.6675639300
0.1455074102,2232,2136,88,0.5109890110,0.9620689655,0.6674641148
0.1453661621,2232,2137,88,0.5108720531,0.9620689655,0.6673643295
0.1453311890,2232,2138,88,0.5107551487,0.9620689655,0.6672645740
0.1442403644,2232,2139,88,0.5106382979,0.9620689655,0.6671648483
0.1438172460,2232,2140,88,0.5105215005,0.9620689655,0.6670651524
0.1421612203,2232,2141,88,0.5104047565,0.9620689655,0.6669654863
0.1420670599,2232,2142,88,0.5102880658,0.9620689655,0.6668658500
0.1415602118,2232,2143,88,0.5101714286,0.9620689655,0.6667662435
0.1412166953,2232,2144,88,0.5100548446,0.9620689655,0.6666666667
0.1408603787,2232,2145,88,0.5099383139,0.9620689655,0.6665671196
0.1404610127,2232,2146,88,0.5098218365,0.9620689655,0.6664676023
0.1400411278,2232,2147,88,0.5097054122,0.9620689655,0.6663681146
0.1399589181,2232,2148,88,0.5095890411,0.9620689655,0.6662686567
0.1399369836,2232,2149,88,0.5094727231,0.9620689655,0.6661692285
0.1398783624,2232,2150,88,0.5093564582,0.9620689655,0.6660698299
0.1395565122,2232,2151,88,0.5092402464,0.9620689655,0.6659704610
0.1391213238,2232,2152,88,0.5091240876,0.9620689655,0.6658711217
0.1388871074,2232,2153,88,0.5090079818,0.9620689655,0.6657718121
0.1383261532,2232,2154,88,0.5088919289,0.9620689655,0.6656725321
0.1381229907,2232,2155,88,0.5087759289,0.9620689655,0.6655732816
0.1379214525,2232,2156,88,0.5086599818,0.9620689655,0.6654740608
0.1376549453,2233,2156,87,0.5087719298,0.9625000000,0.6656729766
0.1370372623,2233,2157,87,0.5086560364,0.9625000000,0.6655737705
0.1366741806,2233,2158,87,0.5085401959,0.9625000000,0.6654745940
0.1359995902,2233,2159,87,0.5084244080,0.9625000000,0.6653754470
0.1356747895,2233,2160,87,0.5083086729,0.9625000000,0.6652763295
0.1352650374,2233,2161,87,0.5081929904,0.9625000000,0.6651772416
0.1348826289,2233,2162,87,0.5080773606,0.9625000000,0.6650781832
0.1337099820,2233,2163,87,0.5079617834,0.9625000000,0.6649791543
0.1322758645,2233,2164,87,0.5078462588,0.9625000000,0.6648801548
0.1298238784,2233,2165,87,0.5077307867,0.9625000000,0.6647811849
0.1285630316,2233,2166,87,0.5076153671,0.9625000000,0.6646822444
0.1274898201,2233,2167,87,0.5075000000,0.9625000000,0.6645833333
0.1262807548,2233,2168,87,0.5073846853,0.9625000000,0.6644844517
0.1260728389,2233,2169,87,0.5072694230,0.9625000000,0.6643855995
0.1260080934,2233,2170,87,0.5071542130,0.9625000000,0.6642867767
0.1258604527,2233,2171,87,0.5070390554,0.9625000000,0.6641879833
0.1255265921,2233,2172,87,0.5069239501,0.9625000000,0.6640892193
0.1253164858,2233,2173,87,0.5068088970,0.9625000000,0.6639904847
0.1250323355,2233,2174,87,0.5066938961,0.9625000000,0.6638917794
0.1244622618,2233,2176,87,0.5064640508,0.9625000000,0.6636944568
0.1244126633,2233,2177,87,0.5063492063,0.9625000000,0.6635958395
0.1243896559,2233,2178,87,0.5062344140,0.9625000000,0.6634972515
0.1240630150,2233,2179,87,0.5061196736,0.9625000000,0.6633986928
0.1239462867,2233,2180,87,0.5060049853,0.9625000000,0.6633001634
0.1226832494,2233,2181,87,0.5058903489,0.9625000000,0.6632016632
0.1220813245,2233,2182,87,0.5057757644,0.9625000000,0.6631031923
0.1220176592,2233,2183,87,0.5056612319,0.9625000000,0.6630047506
0.1209944636,2233,2184,87,0.5055467512,0.9625000000,0.6629063381
0.1205653623,2233,2185,87,0.5054323223,0.9625000000,0.6628079549
0.1191979200,2233,2186,87,0.5053179452,0.9625000000,0.6627096008
0.1184039041,2233,2187,87,0.5052036199,0.9625000000,0.6626112760
0.1182155982,2233,2188,87,0.5050893463,0.9625000000,0.6625129803
0.1180621311,2233,2189,87,0.5049751244,0.9625000000,0.6624147137
0.1174644828,2233,2190,87,0.5048609541,0.9625000000,0.6623164763
0.1169385687,2233,2191,87,0.5047468354,0.9625000000,0.6622182681
0.1169109866,2233,2192,87,0.5046327684,0.9625000000,0.6621200890
0.1166438833,2233,2193,87,0.5045187528,0.9625000000,0.6620219389
0.1164075211,2233,2194,87,0.5044047888,0.9625000000,0.6619238180
0.1162398309,2233,2195,87,0.5042908762,0.9625000000,0.6618257261
0.1157056466,2233,2196,87,0.5041770151,0.9625000000,0.6617276634
0.1155200899,2233,2197,87,0.5040632054,0.9625000000,0.6616296296
0.1151163653,2233,2198,87,0.5039494471,0.9625000000,0.6615316249
0.1146289781,2233,2199,87,0.5038357401,0.9625000000,0.6614336493
0.1140210032,2233,2200,87,0.5037220844,0.9625000000,0.6613357027
0.1138700247,2233,2201,87,0.5036084799,0.9625000000,0.6612377850
0.1138327271,2233,2202,87,0.5034949267,0.9625000000,0.6611398964
0.1130385846,2233,2203,87,0.5033814247,0.9625000000,0.6610420367
0.1129903942,2233,2204,87,0.5032679739,0.9625000000,0.6609442060
0.1123825386,2233,2205,87,0.5031545741,0.9625000000,0.6608464043
0.1123014465,2233,2206,87,0.5030412255,0.9625000000,0.6607486315
0.1120807603,2233,2207,87,0.5029279279,0.9625000000,0.6606508876
0.1118576154,2233,2208,87,0.5028146814,0.9625000000,0.6605531726
0.1117956117,2233,2209,87,0.5027014858,0.9625000000,0.6604554865
0.1114958823,2233,2210,87,0.5025883412,0.9625000000,0.6603578294
0.1113970205,2234,2210,86,0.5027002700,0.9629310345,0.6605558841
0.1112945825,2234,2211,86,0.5025871766,0.9629310345,0.6604582409
0.1112740859,2234,2212,86,0.5024741341,0.9629310345,0.6603606267
0.1109548658,2234,2213,86,0.5023611423,0.9629310345,0.6602630412
0.1106292531,2234,2214,86,0.5022482014,0.9629310345,0.6601654846
0.1106252447,2234,2215,86,0.5021353113,0.9629310345,0.6600679569
0.1101029664,2234,2216,86,0.5020224719,0.9629310345,0.6599704579
0.1085942984,2234,2217,86,0.5019096832,0.9629310345,0.6598729877
0.1085443646,2234,2218,86,0.5017969452,0.9629310345,0.6597755464
0.1077025384,2234,2219,86,0.5016842578,0.9629310345,0.6596781338
0.1075642034,2234,2220,86,0.5015716210,0.9629310345,0.6595807499
0.1073040366,2234,2221,86,0.5014590348,0.9629310345,0.6594833948
0.1071665287,2234,2222,86,0.5013464991,0.9629310345,0.6593860685
0.1069739386,2234,2223,86,0.5012340139,0.9629310345,0.6592887708
0.1069125310,2234,2224,86,0.5011215792,0.9629310345,0.6591915019
0.1068569496,2234,2225,86,0.5010091949,0.9629310345,0.6590942617
0.1049750745,2234,2226,86,0.5008968610,0.9629310345,0.6589970501
0.1044428423,2234,2227,86,0.5007845774,0.9629310345,0.6588998673
0.1037135497,2234,2228,86,0.5006723442,0.9629310345,0.6588027131
0.1035600454,2234,2229,86,0.5005601613,0.9629310345,0.6587055875
0.1033214405,2235,2229,85,0.5006720430,0.9633620690,0.6589033019
0.1022984087,2235,2230,85,0.5005599104,0.9633620690,0.6588061901
0.1018267497,2235,2231,85,0.5004478280,0.9633620690,0.6587091070
0.1015155315,2236,2231,84,0.5005596597,0.9637931034,0.6589067335
0.1013434753,2236,2232,84,0.5004476276,0.9637931034,0.6588096641
0.1011973470,2236,2233,84,0.5003356456,0.9637931034,0.6587126234
0.1007651314,2236,2234,84,0.5002237136,0.9637931034,0.6586156112
0.1005949527,2236,2235,84,0.5001118318,0.9637931034,0.6585186276
0.1002978384,2236,2236,84,0.5000000000,0.9637931034,0.6584216726
0.1001812518,2236,2237,84,0.4998882182,0.9637931034,0.6583247461
0.0994804651,2236,2238,84,0.4997764864,0.9637931034,0.6582278481
0.0993514061,2236,2239,84,0.4996648045,0.9637931034,0.6581309787
0.0991567150,2236,2240,84,0.4995531725,0.9637931034,0.6580341377
0.0989424139,2236,2242,84,0.4993300581,0.9637931034,0.6578405413
0.0989012122,2236,2243,84,0.4992185756,0.9637931034,0.6577437859
0.0981155857,2236,2244,84,0.4991071429,0.9637931034,0.6576470588
0.0977193117,2236,2245,84,0.4989957599,0.9637931034,0.6575503602
0.0968578458,2236,2246,84,0.4988844266,0.9637931034,0.6574536901
0.0965814441,2236,2247,84,0.4987731430,0.9637931034,0.6573570484
0.0962257609,2236,2248,84,0.4986619090,0.9637931034,0.6572604350
0.0958657116,2236,2249,84,0.4985507246,0.9637931034,0.6571638501
0.0957219377,2236,2250,84,0.4984395898,0.9637931034,0.6570672936
0.0955739841,2236,2251,84,0.4983285046,0.9637931034,0.6569707654
0.0955572873,2236,2252,84,0.4982174688,0.9637931034,0.6568742656
0.0955054164,2236,2253,84,0.4981064825,0.9637931034,0.6567777941
0.0951197073,2236,2254,84,0.4979955457,0.9637931034,0.6566813510
0.0949207917,2236,2255,84,0.4978846582,0.9637931034,0.6565849361
0.0945970565,2236,2256,84,0.4977738201,0.9637931034,0.6564885496
0.0943668336,2236,2257,84,0.4976630314,0.9637931034,0.6563921914
0.0939358845,2236,2258,84,0.4975522919,0.9637931034,0.6562958615
0.0933665857,2236,2259,84,0.4974416018,0.9637931034,0.6561995598
0.0928135216,2236,2260,84,0.4973309609,0.9637931034,0.6561032864
0.0926980898,2236,2261,84,0.4972203691,0.9637931034,0.6560070412
0.0925828516,2236,2262,84,0.4971098266,0.9637931034,0.6559108243
0.0924549773,2236,2263,84,0.4969993332,0.9637931034,0.6558146356
0.0924211964,2236,2264,84,0.4968888889,0.9637931034,0.6557184751
0.0922124684,2236,2265,84,0.4967784937,0.9637931034,0.6556223428
0.0918591991,2236,2266,84,0.4966681475,0.9637931034,0.6555262386
0.0918167979,2236,2267,84,0.4965578503,0.9637931034,0.6554301627
0.0912656114,2236,2268,84,0.4964476021,0.9637931034,0.6553341149
0.0912126377,2236,2269,84,0.4963374029,0.9637931034,0.6552380952
0.0902226418,2236,2270,84,0.4962272526,0.9637931034,0.6551421037
0.0893642604,2236,2272,84,0.4960070985,0.9637931034,0.6549502050
0.0886357352,2236,2273,84,0.4958970947,0.9637931034,0.6548542978
0.0883727297,2236,2274,84,0.4957871397,0.9637931034,0.6547584187
0.0883399099,2236,2275,84,0.4956772334,0.9637931034,0.6546625677
0.0880994052,2237,2275,83,0.4957890071,0.9642241379,0.6548594848
0.0876032487,2237,2276,83,0.4956791491,0.9642241379,0.6547636470
0.0860295668,2237,2277,83,0.4955693398,0.9642241379,0.6546678373
0.0858524665,2237,2278,83,0.4954595792,0.9642241379,0.6545720556
0.0857027024,2237,2279,83,0.4953498671,0.9642241379,0.6544763019
0.0845263451,2237,2280,83,0.4952402037,0.9642241379,0.6543805763
0.0843084008,2237,2281,83,0.4951305888,0.9642241379,0.6542848786
0.0840901658,2237,2282,83,0.4950210224,0.9642241379,0.6541892089
0.0840831101,2237,2283,83,0.4949115044,0.9642241379,0.6540935673
0.0839396492,2237,2284,83,0.4948020349,0.9642241379,0.6539979535
0.0839151591,2237,2285,83,0.4946926139,0.9642241379,0.6539023677
0.0838470384,2237,2286,83,0.4945832412,0.9642241379,0.6538068099
0.0837547854,2237,2287,83,0.4944739169,0.9642241379,0.6537112800
0.0833985955,2237,2288,83,0.4943646409,0.9642241379,0.6536157779
0.0831960663,2237,2289,83,0.4942554132,0.9642241379,0.6535203038
0.0829982013,2237,2290,83,0.4941462337,0.9642241379,0.6534248576
0.0825328007,2237,2291,83,0.4940371025,0.9642241379,0.6533294393
0.0820709392,2237,2292,83,0.4939280194,0.9642241379,0.6532340488
0.0817887112,2237,2293,83,0.4938189845,0.9642241379,0.6531386861
0.0816529021,2238,2293,82,0.4939306996,0.9646551724,0.6533352795
0.0815385804,2238,2294,82,0.4938217123,0.9646551724,0.6532399299
0.0809750631,2238,2295,82,0.4937127730,0.9646551724,0.6531446082
0.0807078779,2238,2296,82,0.4936038818,0.9646551724,0.6530493143
0.0805741698,2238,2297,82,0.4934950386,0.9646551724,0.6529540481
0.0805519521,2238,2298,82,0.4933862434,0.9646551724,0.6528588098
0.0802376121,2238,2299,82,0.4932774961,0.9646551724,0.6527635992
0.0795541331,2238,2300,82,0.4931687968,0.9646551724,0.6526684164
0.0787601545,2238,2301,82,0.4930601454,0.9646551724,0.6525732614
0.0787230060,2238,2302,82,0.4929515419,0.9646551724,0.6524781341
0.0783509240,2238,2303,82,0.4928429861,0.9646551724,0.6523830345
0.0783135667,2238,2304,82,0.4927344782,0.9646551724,0.6522879627
0.0780829713,2238,2305,82,0.4926260180,0.9646551724,0.6521929185
0.0773567706,2238,2306,82,0.4925176056,0.9646551724,0.6520979021
0.0765614882,2238,2307,82,0.4924092409,0.9646551724,0.6520029133
0.0764627531,2238,2308,82,0.4923009239,0.9646551724,0.6519079522
0.0763222873,2238,2309,82,0.4921926545,0.9646551724,0.6518130188
0.0762411132,2238,2310,82,0.4920844327,0.9646551724,0.6517181130
0.0762327164,2238,2311,82,0.4919762585,0.9646551724,0.6516232348
0.0761128217,2238,2312,82,0.4918681319,0.9646551724,0.6515283843
0.0761003420,2238,2313,82,0.4917600527,0.9646551724,0.6514335613
0.0754431933,2238,2314,82,0.4916520211,0.9646551724,0.6513387660
0.0751207247,2238,2315,82,0.4915440369,0.9646551724,0.6512439983
0.0750888288,2238,2316,82,0.4914361001,0.9646551724,0.6511492581
0.0746110678,2238,2317,82,0.4913282108,0.9646551724,0.6510545455
0.0745197833,2238,2318,82,0.4912203687,0.9646551724,0.6509598604
0.0743248165,2238,2319,82,0.4911125741,0.9646551724,0.6508652029
0.0741089433,2239,2320,81,0.4911164729,0.9650862069,0.6509667103
0.0740895420,2239,2321,81,0.4910087719,0.9650862069,0.6508720930
0.0736475587,2239,2322,81,0.4909011182,0.9650862069,0.6507775033
0.0736125261,2239,2323,81,0.4907935116,0.9650862069,0.6506829410
0.0729641914,2239,2324,81,0.4906859522,0.9650862069,0.6505884062
0.0725289807,2239,2325,81,0.4905784400,0.9650862069,0.6504938989
0.0716881305,2239,2326,81,0.4904709748,0.9650862069,0.6503994190
0.0715244636,2239,2327,81,0.4903635567,0.9650862069,0.6503049666
0.0715021864,2239,2328,81,0.4902561857,0.9650862069,0.6502105416
0.0714479834,2239,2329,81,0.4901488616,0.9650862069,0.6501161440
0.0713905245,2239,2330,81,0.4900415846,0.9650862069,0.6500217738
0.0711678192,2239,2331,81,0.4899343545,0.9650862069,0.6499274311
0.0708635598,2240,2331,80,0.4900459418,0.9655172414,0.6501233493
0.0707011372,2240,2332,80,0.4899387577,0.9655172414,0.6500290192
0.0706967190,2240,2333,80,0.4898316204,0.9655172414,0.6499347164
0.0704137310,2240,2334,80,0.4897245300,0.9655172414,0.6498404410
0.0704000816,2240,2335,80,0.4896174863,0.9655172414,0.6497461929
0.0703228638,2240,2336,80,0.4895104895,0.9655172414,0.6496519722
0.0702961832,2240,2337,80,0.4894035394,0.9655172414,0.6495577787
0.0700397715,2240,2338,80,0.4892966361,0.9655172414,0.6494636126
0.0700075999,2240,2339,80,0.4891897794,0.9655172414,0.6493694738
0.0696421564,2240,2340,80,0.4890829694,0.9655172414,0.6492753623
0.0694140866,2240,2341,80,0.4889762061,0.9655172414,0.6491812781
0.0691052601,2240,2342,80,0.4888694893,0.9655172414,0.6490872211
0.0690487921,2240,2343,80,0.4887628191,0.9655172414,0.6489931914
0.0690007657,2240,2344,80,0.4886561955,0.9655172414,0.6488991889
0.0688489601,2240,2345,80,0.4885496183,0.9655172414,0.6488052136
0.0686247870,2240,2346,80,0.4884430877,0.9655172414,0.6487112656
0.0685645565,2240,2347,80,0.4883366034,0.9655172414,0.6486173447
0.0682093352,2240,2348,80,0.4882301656,0.9655172414,0.6485234511
0.0681444854,2240,2349,80,0.4881237742,0.9655172414,0.6484295846
0.0675560981,2240,2350,80,0.4880174292,0.9655172414,0.6483357453
0.0669747964,2240,2351,80,0.4879111305,0.9655172414,0.6482419332
0.0669250339,2240,2352,80,0.4878048780,0.9655172414,0.6481481481
0.0668217167,2240,2353,80,0.4876986719,0.9655172414,0.6480543903
0.0666830689,2240,2354,80,0.4875925120,0.9655172414,0.6479606595
0.0666754916,2241,2354,79,0.4877040261,0.9659482759,0.6481561822
0.0666061714,2241,2355,79,0.4875979112,0.9659482759,0.6480624639
0.0664503798,2241,2356,79,0.4874918425,0.9659482759,0.6479687726
0.0661425740,2241,2357,79,0.4873858199,0.9659482759,0.6478751084
0.0656957999,2241,2358,79,0.4872798434,0.9659482759,0.6477814713
0.0655072182,2241,2359,79,0.4871739130,0.9659482759,0.6476878613
0.0652968362,2241,2360,79,0.4870680287,0.9659482759,0.6475942783
0.0650253817,2241,2361,79,0.4869621904,0.9659482759,0.6475007223
0.0648626834,2241,2362,79,0.4868563980,0.9659482759,0.6474071934
0.0648028702,2241,2363,79,0.4867506516,0.9659482759,0.6473136915
0.0645756349,2241,2364,79,0.4866449511,0.9659482759,0.6472202166
0.0645254180,2241,2365,79,0.4865392966,0.9659482759,0.6471267687
0.0644970313,2241,2366,79,0.4864336879,0.9659482759,0.6470333478
0.0642157570,2241,2367,79,0.4863281250,0.9659482759,0.6469399538
0.0641777739,2241,2368,79,0.4862226079,0.9659482759,0.6468465868
0.0641759709,2241,2369,79,0.4861171367,0.9659482759,0.6467532468
0.0641712472,2241,2370,79,0.4860117111,0.9659482759,0.6466599336
0.0640055910,2241,2371,79,0.4859063313,0.9659482759,0.6465666474
0.0638795123,2241,2372,79,0.4858009972,0.9659482759,0.6464733881
0.0636744350,2241,2373,79,0.4856957087,0.9659482759,0.6463801558
0.0636245310,2241,2374,79,0.4855904659,0.9659482759,0.6462869503
0.0633845627,2241,2375,79,0.4854852686,0.9659482759,0.6461937716
0.0630875006,2241,2376,79,0.4853801170,0.9659482759,0.6461006199
0.0630823597,2241,2377,79,0.4852750108,0.9659482759,0.6460074950
0.0628209785,2241,2378,79,0.4851699502,0.9659482759,0.6459143969
0.0627909675,2241,2379,79,0.4850649351,0.9659482759,0.6458213256
0.0625623018,2241,2380,79,0.4849599654,0.9659482759,0.6457282812
0.0621085055,2241,2381,79,0.4848550411,0.9659482759,0.6456352636
0.0615738928,2241,2382,79,0.4847501622,0.9659482759,0.6455422728
0.0614764318,2241,2383,79,0.4846453287,0.9659482759,0.6454493088
0.0614632778,2241,2384,79,0.4845405405,0.9659482759,0.6453563715
0.0612826385,2241,2385,79,0.4844357977,0.9659482759,0.6452634610
0.0610684007,2241,2386,79,0.4843311001,0.9659482759,0.6451705772
0.0607015565,2241,2387,79,0.4842264477,0.9659482759,0.6450777202
0.0606509745,2242,2387,78,0.4843378700,0.9663793103,0.6452727011
0.0606501177,2242,2388,78,0.4842332613,0.9663793103,0.6451798561
0.0602533147,2242,2389,78,0.4841286979,0.9663793103,0.6450870378
0.0602219850,2243,2389,77,0.4842400691,0.9668103448,0.6452819333
0.0600713566,2243,2390,77,0.4841355493,0.9668103448,0.6451891270
0.0600348935,2243,2391,77,0.4840310747,0.9668103448,0.6450963474
0.0599630550,2243,2392,77,0.4839266451,0.9668103448,0.6450035945
0.0599004552,2243,2393,77,0.4838222606,0.9668103448,0.6449108683
0.0598678924,2243,2394,77,0.4837179211,0.9668103448,0.6448181688
0.0596751235,2243,2395,77,0.4836136266,0.9668103448,0.6447254958
0.0595787726,2243,2396,77,0.4835093770,0.9668103448,0.6446328495
0.0594730377,2243,2397,77,0.4834051724,0.9668103448,0.6445402299
0.0594515465,2243,2398,77,0.4833010127,0.9668103448,0.6444476368
0.0591860935,2243,2399,77,0.4831968979,0.9668103448,0.6443550704
0.0591533259,2243,2400,77,0.4830928279,0.9668103448,0.6442625305
0.0585760511,2243,2401,77,0.4829888028,0.9668103448,0.6441700172
0.0585370399,2243,2402,77,0.4828848224,0.9668103448,0.6440775305
0.0585162565,2243,2403,77,0.4827808868,0.9668103448,0.6439850703
0.0584328473,2243,2404,77,0.4826769959,0.9668103448,0.6438926367
0.0581600070,2243,2405,77,0.4825731497,0.9668103448,0.6438002296
0.0579442680,2243,2406,77,0.4824693482,0.9668103448,0.6437078490
0.0579153560,2243,2407,77,0.4823655914,0.9668103448,0.6436154950
0.0577656031,2243,2408,77,0.4822618792,0.9668103448,0.6435231674
0.0576577187,2243,2409,77,0.4821582115,0.9668103448,0.6434308663
0.0576505028,2243,2410,77,0.4820545884,0.9668103448,0.6433385917
0.0575438552,2243,2411,77,0.4819510099,0.9668103448,0.6432463436
0.0569051392,2243,2412,77,0.4818474758,0.9668103448,0.6431541219
0.0564864278,2243,2413,77,0.4817439863,0.9668103448,0.6430619266
0.0561551228,2243,2414,77,0.4816405411,0.9668103448,0.6429697578
0.0556015335,2243,2415,77,0.4815371404,0.9668103448,0.6428776154
0.0555555820,2243,2416,77,0.4814337841,0.9668103448,0.6427854994
0.0555550978,2243,2417,77,0.4813304721,0.9668103448,0.6426934097
0.0554241687,2243,2418,77,0.4812272045,0.9668103448,0.6426013465
0.0551448502,2243,2419,77,0.4811239811,0.9668103448,0.6425093097
0.0544621684,2243,2420,77,0.4810208021,0.9668103448,0.6424172992
0.0541531108,2243,2421,77,0.4809176672,0.9668103448,0.6423253150
0.0537303388,2243,2422,77,0.4808145766,0.9668103448,0.6422333572
0.0535776503,2243,2423,77,0.4807115302,0.9668103448,0.6421414257
0.0532256402,2243,2424,77,0.4806085280,0.9668103448,0.6420495205
0.0531454682,2243,2425,77,0.4805055698,0.9668103448,0.6419576417
0.0530309007,2243,2426,77,0.4804026558,0.9668103448,0.6418657891
0.0529615879,2243,2427,77,0.4802997859,0.9668103448,0.6417739628
0.0529334657,2243,2428,77,0.4801969600,0.9668103448,0.6416821628
0.0522141717,2243,2429,77,0.4800941781,0.9668103448,0.6415903890
0.0521834418,2243,2430,77,0.4799914402,0.9668103448,0.6414986415
0.0521181375,2243,2431,77,0.4798887463,0.9668103448,0.6414069202
0.0520205386,2243,2432,77,0.4797860963,0.9668103448,0.6413152252
0.0515409596,2243,2433,77,0.4796834902,0.9668103448,0.6412235563
0.0513864271,2243,2434,77,0.4795809279,0.9668103448,0.6411319137
0.0512771867,2243,2435,77,0.4794784096,0.9668103448,0.6410402972
0.0510328785,2243,2436,77,0.4793759350,0.9668103448,0.6409487070
0.0507569164,2243,2437,77,0.4792735043,0.9668103448,0.6408571429
0.0506934188,2243,2438,77,0.4791711173,0.9668103448,0.6407656049
0.0505658574,2243,2439,77,0.4790687740,0.9668103448,0.6406740931
0.0504577570,2243,2440,77,0.4789664745,0.9668103448,0.6405826075
0.0502282642,2243,2441,77,0.4788642186,0.9668103448,0.6404911479
0.0500095598,2243,2442,77,0.4787620064,0.9668103448,0.6403997145
0.0497198030,2243,2443,77,0.4786598378,0.9668103448,0.6403083072
0.0496140160,2243,2444,77,0.4785577128,0.9668103448,0.6402169259
0.0495919883,2243,2445,77,0.4784556314,0.9668103448,0.6401255708
0.0493674800,2243,2446,77,0.4783535935,0.9668103448,0.6400342417
0.0491171367,2243,2447,77,0.4782515991,0.9668103448,0.6399429387
0.0487801470,2243,2448,77,0.4781496483,0.9668103448,0.6398516617
0.0483401418,2243,2450,77,0.4779458768,0.9668103448,0.6396691858
0.0482706614,2243,2451,77,0.4778440562,0.9668103448,0.6395779869
0.0479588434,2243,2452,77,0.4777422790,0.9668103448,0.6394868140
0.0476416908,2243,2453,77,0.4776405451,0.9668103448,0.6393956670
0.0475794971,2243,2454,77,0.4775388546,0.9668103448,0.6393045461
0.0475039817,2243,2455,77,0.4774372073,0.9668103448,0.6392134511
0.0473506376,2244,2455,76,0.4775484146,0.9672413793,0.6394073230
0.0472515151,2244,2456,76,0.4774468085,0.9672413793,0.6393162393
0.0472055599,2244,2457,76,0.4773452457,0.9672413793,0.6392251816
0.0471857116,2244,2458,76,0.4772437261,0.9672413793,0.6391341498
0.0471329689,2244,2459,76,0.4771422496,0.9672413793,0.6390431440
0.0470811091,2244,2460,76,0.4770408163,0.9672413793,0.6389521640
0.0469929390,2244,2461,76,0.4769394261,0.9672413793,0.6388612100
0.0469078720,2249,2484,71,0.4751743080,0.9693965517,0.6377428045
0.0468356535,2249,2486,71,0.4749736008,0.9693965517,0.6375620128
0.0467832312,2249,2487,71,0.4748733108,0.9693965517,0.6374716553
0.0464928523,2249,2488,71,0.4747730631,0.9693965517,0.6373813235
0.0464546531,2249,2489,71,0.4746728577,0.9693965517,0.6372910173
0.0462715700,2249,2490,71,0.4745726947,0.9693965517,0.6372007366
0.0462558977,2249,2491,71,0.4744725738,0.9693965517,0.6371104816
0.0462356210,2249,2492,71,0.4743724953,0.9693965517,0.6370202521
0.0460753813,2249,2493,71,0.4742724589,0.9693965517,0.6369300481
0.0457832143,2249,2494,71,0.4741724647,0.9693965517,0.6368398697
0.0457503088,2249,2495,71,0.4740725126,0.9693965517,0.6367497169
0.0457495749,2249,2496,71,0.4739726027,0.9693965517,0.6366595895
0.0456445478,2249,2497,71,0.4738727349,0.9693965517,0.6365694877
0.0456025451,2249,2498,71,0.4737729092,0.9693965517,0.6364794113
0.0454468355,2249,2499,71,0.4736731255,0.9693965517,0.6363893605
0.0454108380,2249,2500,71,0.4735733839,0.9693965517,0.6362993351
0.0454103015,2249,2501,71,0.4734736842,0.9693965517,0.6362093352
0.0452157669,2249,2502,71,0.4733740265,0.9693965517,0.6361193608
0.0448872820,2249,2503,71,0.4732744108,0.9693965517,0.6360294118
0.0448615775,2249,2504,71,0.4731748369,0.9693965517,0.6359394882
0.0445157140,2249,2505,71,0.4730753050,0.9693965517,0.6358495900
0.0441743173,2249,2506,71,0.4729758149,0.9693965517,0.6357597173
0.0441645049,2249,2507,71,0.4728763667,0.9693965517,0.6356698700
0.0441423990,2249,2508,71,0.4727769603,0.9693965517,0.6355800480
0.0440263860,2249,2509,71,0.4726775956,0.9693965517,0.6354902515
0.0437923111,2249,2510,71,0.4725782727,0.9693965517,0.6354004803
0.0433573723,2249,2511,71,0.4724789916,0.9693965517,0.6353107345
0.0433513410,2249,2512,71,0.4723797522,0.9693965517,0.6352210140
0.0431707352,2249,2513,71,0.4722805544,0.9693965517,0.6351313188
0.0430517457,2249,2514,71,0.4721813983,0.9693965517,0.6350416490
0.0428578481,2249,2515,71,0.4720822838,0.9693965517,0.6349520045
0.0428551808,2249,2516,71,0.4719832109,0.9693965517,0.6348623853
0.0428184830,2249,2517,71,0.4718841796,0.9693965517,0.6347727914
0.0422752164,2249,2518,71,0.4717851898,0.9693965517,0.6346832228
0.0421824828,2249,2519,71,0.4716862416,0.9693965517,0.6345936795
0.0421380140,2249,2520,71,0.4715873349,0.9693965517,0.6345041614
0.0419700295,2249,2521,71,0.4714884696,0.9693965517,0.6344146685
0.0419497006,2249,2522,71,0.4713896458,0.9693965517,0.6343252010
0.0419005118,2249,2523,71,0.4712908634,0.9693965517,0.6342357586
0.0413652845,2249,2524,71,0.4711921224,0.9693965517,0.6341463415
0.0410498232,2249,2525,71,0.4710934227,0.9693965517,0.6340569495
0.0408240333,2249,2526,71,0.4709947644,0.9693965517,0.6339675828
0.0407813974,2249,2527,71,0.4708961474,0.9693965517,0.6338782413
0.0404335745,2249,2528,71,0.4707975717,0.9693965517,0.6337889249
0.0404317081,2249,2529,71,0.4706990373,0.9693965517,0.6336996337
0.0401500016,2249,2530,71,0.4706005440,0.9693965517,0.6336103677
0.0401301533,2249,2531,71,0.4705020921,0.9693965517,0.6335211268
0.0400260799,2249,2532,71,0.4704036812,0.9693965517,0.6334319110
0.0399765112,2249,2533,71,0.4703053116,0.9693965517,0.6333427204
0.0396340638,2249,2534,71,0.4702069831,0.9693965517,0.6332535548
0.0394516289,2249,2535,71,0.4701086957,0.9693965517,0.6331644144
0.0393942222,2249,2536,71,0.4700104493,0.9693965517,0.6330752991
0.0393316485,2249,2537,71,0.4699122440,0.9693965517,0.6329862088
0.0392470248,2249,2538,71,0.4698140798,0.9693965517,0.6328971437
0.0391351096,2249,2539,71,0.4697159566,0.9693965517,0.6328081035
0.0390237272,2249,2540,71,0.4696178743,0.9693965517,0.6327190885
0.0390211754,2249,2541,71,0.4695198330,0.9693965517,0.6326300985
0.0388494246,2249,2542,71,0.4694218326,0.9693965517,0.6325411335
0.0387337282,2249,2543,71,0.4693238731,0.9693965517,0.6324521935
0.0387322195,2249,2544,71,0.4692259545,0.9693965517,0.6323632785
0.0386659801,2249,2545,71,0.4691280768,0.9693965517,0.6322743885
0.0385178849,2249,2546,71,0.4690302398,0.9693965517,0.6321855235
0.0385146849,2249,2547,71,0.4689324437,0.9693965517,0.6320966835
0.0381519645,2249,2548,71,0.4688346883,0.9693965517,0.6320078685
0.0379579328,2249,2549,71,0.4687369737,0.9693965517,0.6319190784
0.0374408774,2249,2550,71,0.4686392999,0.9693965517,0.6318303132
0.0373218730,2249,2551,71,0.4685416667,0.9693965517,0.6317415730
0.0367118716,2249,2552,71,0.4684440742,0.9693965517,0.6316528577
0.0366471224,2249,2553,71,0.4683465223,0.9693965517,0.6315641674
0.0365393385,2249,2554,71,0.4682490110,0.9693965517,0.6314755019
0.0365319289,2249,2555,71,0.4681515404,0.9693965517,0.6313868613
0.0364130698,2249,2556,71,0.4680541103,0.9693965517,0.6312982456
0.0364091583,2249,2557,71,0.4679567208,0.9693965517,0.6312096548
0.0362148359,2249,2558,71,0.4678593717,0.9693965517,0.6311210888
0.0359223373,2249,2559,71,0.4677620632,0.9693965517,0.6310325477
0.0358383656,2249,2560,71,0.4676647952,0.9693965517,0.6309440314
0.0357743874,2249,2561,71,0.4675675676,0.9693965517,0.6308555400
0.0356863774,2249,2562,71,0.4674703804,0.9693965517,0.6307670733
0.0356617384,2249,2563,71,0.4673732336,0.9693965517,0.6306786315
0.0353969857,2249,2564,71,0.4672761272,0.9693965517,0.6305902145
0.0353066213,2249,2565,71,0.4671790611,0.9693965517,0.6305018223
0.0352964737,2249,2566,71,0.4670820353,0.9693965517,0.6304134548
0.0352895968,2249,2567,71,0.4669850498,0.9693965517,0.6303251121
0.0351629891,2249,2568,71,0.4668881046,0.9693965517,0.6302367942
0.0351563320,2249,2569,71,0.4667911997,0.9693965517,0.6301485010
0.0350104198,2249,2570,71,0.4666943349,0.9693965517,0.6300602325
0.0350020900,2249,2571,71,0.4665975104,0.9693965517,0.6299719888
0.0348231457,2250,2571,70,0.4667081518,0.9698275862,0.6301638426
0.0348200276,2261,2599,59,0.4652263374,0.9745689655,0.6298050139
0.0347148031,2261,2600,59,0.4651306316,0.9745689655,0.6297173096
0.0346324444,2261,2601,59,0.4650349650,0.9745689655,0.6296296296
0.0341362506,2261,2602,59,0.4649393379,0.9745689655,0.6295419741
0.0340926982,2261,2603,59,0.4648437500,0.9745689655,0.6294543430
0.0338117443,2261,2604,59,0.4647482014,0.9745689655,0.6293667363
0.0337536745,2261,2605,59,0.4646526921,0.9745689655,0.6292791539
0.0336648934,2261,2606,59,0.4645572221,0.9745689655,0.6291915959
0.0335869826,2261,2607,59,0.4644617913,0.9745689655,0.6291040623
0.0335859470,2261,2608,59,0.4643663997,0.9745689655,0.6290165531
0.0332745612,2261,2609,59,0.4642710472,0.9745689655,0.6289290682
0.0332416371,2261,2610,59,0.4641757339,0.9745689655,0.6288416076
0.0330684930,2261,2611,59,0.4640804598,0.9745689655,0.6287541713
0.0329947434,2261,2612,59,0.4639852247,0.9745689655,0.6286667593
0.0329334624,2261,2613,59,0.4638900287,0.9745689655,0.6285793717
0.0328152478,2261,2614,59,0.4637948718,0.9745689655,0.6284920083
0.0327695124,2261,2615,59,0.4636997539,0.9745689655,0.6284046693
0.0325328708,2261,2616,59,0.4636046750,0.9745689655,0.6283173545
0.0323036499,2261,2617,59,0.4635096351,0.9745689655,0.6282300639
0.0320271663,2262,2617,58,0.4636195942,0.9750000000,0.6284206140
0.0318195671,2262,2618,58,0.4635245902,0.9750000000,0.6283333333
0.0317686908,2262,2619,58,0.4634296251,0.9750000000,0.6282460769
0.0316311717,2262,2620,58,0.4633346989,0.9750000000,0.6281588448
0.0315920636,2262,2621,58,0.4632398116,0.9750000000,0.6280716368
0.0315320566,2262,2622,58,0.4631449631,0.9750000000,0.6279844531
0.0314699635,2262,2623,58,0.4630501535,0.9750000000,0.6278972935
0.0314189382,2262,2624,58,0.4629553827,0.9750000000,0.6278101582
0.0312559493,2262,2625,58,0.4628606507,0.9750000000,0.6277230470
0.0312137622,2262,2626,58,0.4627659574,0.9750000000,0.6276359600
0.0310968179,2262,2627,58,0.4626713029,0.9750000000,0.6275488972
0.0310401749,2262,2628,58,0.4625766871,0.9750000000,0.6274618585
0.0309956670,2262,2629,58,0.4624821100,0.9750000000,0.6273748440
0.0309807397,2262,2630,58,0.4623875715,0.9750000000,0.6272878536
0.0309043732,2262,2631,58,0.4622930717,0.9750000000,0.6272008873
0.0305043776,2262,2632,58,0.4621986105,0.9750000000,0.6271139451
0.0304231439,2262,2633,58,0.4621041879,0.9750000000,0.6270270270
0.0304084457,2262,2634,58,0.4620098039,0.9750000000,0.6269401330
0.0302871317,2262,2635,58,0.4619154584,0.9750000000,0.6268532631
0.0302519295,2262,2636,58,0.4618211515,0.9750000000,0.6267664173
0.0302321147,2262,2637,58,0.4617268830,0.9750000000,0.6266795955
0.0301220454,2262,2638,58,0.4616326531,0.9750000000,0.6265927978
0.0297456738,2262,2639,58,0.4615384615,0.9750000000,0.6265060241
0.0297442079,2262,2640,58,0.4614443084,0.9750000000,0.6264192744
0.0296365246,2262,2641,58,0.4613501938,0.9750000000,0.6263325488
0.0294780843,2262,2642,58,0.4612561175,0.9750000000,0.6262458472
0.0294676218,2262,2643,58,0.4611620795,0.9750000000,0.6261591696
0.0294665899,2262,2644,58,0.4610680799,0.9750000000,0.6260725159
0.0291398969,2262,2645,58,0.4609741186,0.9750000000,0.6259858863
0.0291307699,2262,2646,58,0.4608801956,0.9750000000,0.6258992806
0.0290906783,2262,2647,58,0.4607863109,0.9750000000,0.6258126989
0.0290666334,2262,2648,58,0.4606924644,0.9750000000,0.6257261411
0.0288624987,2262,2649,58,0.4605986561,0.9750000000,0.6256396072
0.0288579017,2262,2650,58,0.4605048860,0.9750000000,0.6255530973
0.0288262591,2262,2651,58,0.4604111541,0.9750000000,0.6254666114
0.0285837986,2262,2652,58,0.4603174603,0.9750000000,0.6253801493
0.0284758061,2262,2653,58,0.4602238047,0.9750000000,0.6252937111
0.0283683389,2262,2654,58,0.4601301871,0.9750000000,0.6252072968
0.0282367226,2262,2655,58,0.4600366077,0.9750000000,0.6251209065
0.0281248353,2262,2656,58,0.4599430663,0.9750000000,0.6250345399
0.0280125961,2262,2657,58,0.4598495629,0.9750000000,0.6249481973
0.0277677085,2262,2658,58,0.4597560976,0.9750000000,0.6248618785
0.0277459156,2262,2659,58,0.4596626702,0.9750000000,0.6247755835
0.0276882499,2262,2660,58,0.4595692808,0.9750000000,0.6246893123
0.0276554115,2262,2661,58,0.4594759293,0.9750000000,0.6246030650
0.0275465772,2262,2662,58,0.4593826158,0.9750000000,0.6245168415
0.0275267754,2262,2663,58,0.4592893401,0.9750000000,0.6244306418
0.0275077596,2262,2664,58,0.4591961023,0.9750000000,0.6243444659
0.0274739657,2262,2665,58,0.4591029024,0.9750000000,0.6242583138
0.0274148472,2262,2666,58,0.4590097403,0.9750000000,0.6241721854
0.0272813756,2262,2667,58,0.4589166159,0.9750000000,0.6240860808
0.0272723604,2262,2668,58,0.4588235294,0.9750000000,0.6240000000
0.0272423122,2262,2669,58,0.4587304806,0.9750000000,0.6239139429
0.0271088406,2262,2670,58,0.4586374696,0.9750000000,0.6238279095
0.0270894673,2262,2671,58,0.4585444962,0.9750000000,0.6237418999
0.0270297881,2262,2672,58,0.4584515606,0.9750000000,0.6236559140
0.0270247199,2262,2673,58,0.4583586626,0.9750000000,0.6235699518
0.0269298870,2263,2689,57,0.4569870759,0.9754310345,0.6223872387
0.0268915966,2263,2690,57,0.4568948112,0.9754310345,0.6223016637
0.0268035475,2263,2691,57,0.4568025838,0.9754310345,0.6222161122
0.0267992765,2263,2692,57,0.4567103935,0.9754310345,0.6221305842
0.0267892964,2263,2693,57,0.4566182405,0.9754310345,0.6220450797
0.0267710928,2263,2694,57,0.4565261247,0.9754310345,0.6219595987
0.0264083389,2263,2695,57,0.4564340460,0.9754310345,0.6218741412
0.0263392217,2263,2696,57,0.4563420044,0.9754310345,0.6217887072
0.0261818245,2263,2697,57,0.4562500000,0.9754310345,0.6217032967
0.0261765551,2263,2698,57,0.4561580327,0.9754310345,0.6216179096
0.0261176564,2263,2699,57,0.4560661024,0.9754310345,0.6215325460
0.0259287041,2263,2700,57,0.4559742091,0.9754310345,0.6214472058
0.0259018429,2264,2700,56,0.4560838034,0.9758620690,0.6216364635
0.0258786250,2264,2701,56,0.4559919436,0.9758620690,0.6215511325
0.0258678049,2264,2702,56,0.4559001208,0.9758620690,0.6214658249
0.0258310623,2264,2703,56,0.4558083350,0.9758620690,0.6213805407
0.0257811081,2264,2704,56,0.4557165862,0.9758620690,0.6212952799
0.0256428868,2264,2705,56,0.4556248742,0.9758620690,0.6212100425
0.0252913646,2264,2706,56,0.4555331992,0.9758620690,0.6211248285
0.0252687614,2264,2707,56,0.4554415611,0.9758620690,0.6210396379
0.0252040420,2264,2708,56,0.4553499598,0.9758620690,0.6209544707
0.0251307022,2264,2710,56,0.4551668677,0.9758620690,0.6207842062
0.0250780806,2264,2711,56,0.4550753769,0.9758620690,0.6206991090
0.0250045303,2269,2742,51,0.4528038316,0.9780172414,0.6190151412
0.0249371827,2269,2743,51,0.4527134876,0.9780172414,0.6189307147
0.0249118600,2269,2744,51,0.4526231797,0.9780172414,0.6188463112
0.0249027666,2269,2745,51,0.4525329079,0.9780172414,0.6187619307
0.0248210710,2269,2746,51,0.4524426720,0.9780172414,0.6186775733
0.0246572811,2269,2747,51,0.4523524721,0.9780172414,0.6185932388
0.0246376432,2269,2748,51,0.4522623082,0.9780172414,0.6185089274
0.0245790873,2270,2748,50,0.4523714627,0.9784482759,0.6186971927
0.0244177971,2270,2749,50,0.4522813309,0.9784482759,0.6186128900
0.0244002417,2270,2750,50,0.4521912351,0.9784482759,0.6185286104
0.0242215358,2270,2751,50,0.4521011751,0.9784482759,0.6184443536
0.0241801534,2270,2752,50,0.4520111509,0.9784482759,0.6183601199
0.0240497496,2271,2752,49,0.4521202469,0.9788793103,0.6185482773
0.0240417477,2271,2753,49,0.4520302548,0.9788793103,0.6184640523
0.0240108352,2271,2754,49,0.4519402985,0.9788793103,0.6183798502
0.0239518452,2271,2755,49,0.4518503780,0.9788793103,0.6182956711
0.0239308532,2271,2756,49,0.4517604933,0.9788793103,0.6182115149
0.0239043925,2271,2757,49,0.4516706444,0.9788793103,0.6181273816
0.0238808710,2271,2758,49,0.4515808312,0.9788793103,0.6180432712
0.0238726661,2271,2759,49,0.4514910537,0.9788793103,0.6179591837
0.0238573495,2271,2760,49,0.4514013119,0.9788793103,0.6178751190
0.0238393564,2271,2761,49,0.4513116057,0.9788793103,0.6177910773
0.0237539057,2271,2762,49,0.4512219352,0.9788793103,0.6177070583
0.0237484965,2271,2763,49,0.4511323004,0.9788793103,0.6176230623
0.0237251204,2271,2764,49,0.4510427011,0.9788793103,0.6175390891
0.0235501863,2271,2765,49,0.4509531374,0.9788793103,0.6174551387
0.0235422663,2271,2766,49,0.4508636093,0.9788793103,0.6173712111
0.0235388856,2271,2767,49,0.4507741167,0.9788793103,0.6172873063
0.0234781336,2271,2768,49,0.4506846597,0.9788793103,0.6172034244
0.0234309733,2271,2769,49,0.4505952381,0.9788793103,0.6171195652
0.0232353546,2271,2770,49,0.4505058520,0.9788793103,0.6170357288
0.0231694970,2271,2771,49,0.4504165014,0.9788793103,0.6169519152
0.0230145045,2271,2772,49,0.4503271862,0.9788793103,0.6168681244
0.0229129083,2271,2773,49,0.4502379064,0.9788793103,0.6167843563
0.0228311177,2271,2774,49,0.4501486620,0.9788793103,0.6167006110
0.0225407071,2271,2775,49,0.4500594530,0.9788793103,0.6166168884
0.0225063358,2271,2776,49,0.4499702794,0.9788793103,0.6165331885
0.0225031208,2271,2777,49,0.4498811410,0.9788793103,0.6164495114
0.0224303044,2271,2778,49,0.4497920380,0.9788793103,0.6163658570
0.0223929398,2271,2779,49,0.4497029703,0.9788793103,0.6162822252
0.0222231448,2271,2780,49,0.4496139378,0.9788793103,0.6161986162
0.0221242514,2271,2781,49,0.4495249406,0.9788793103,0.6161150298
0.0219968464,2271,2782,49,0.4494359786,0.9788793103,0.6160314662
0.0219822805,2271,2783,49,0.4493470518,0.9788793103,0.6159479251
0.0218073316,2272,2783,48,0.4494559842,0.9793103448,0.6161355932
0.0216691568,2272,2784,48,0.4493670886,0.9793103448,0.6160520607
0.0214973111,2272,2785,48,0.4492782282,0.9793103448,0.6159685509
0.0214205440,2272,2786,48,0.4491894029,0.9793103448,0.6158850637
0.0212708451,2272,2787,48,0.4491006128,0.9793103448,0.6158015991
0.0212135836,2272,2788,48,0.4490118577,0.9793103448,0.6157181572
0.0211501438,2272,2789,48,0.4489231377,0.9793103448,0.6156347378
0.0210915022,2272,2790,48,0.4488344528,0.9793103448,0.6155513411
0.0210269392,2272,2791,48,0.4487458029,0.9793103448,0.6154679670
0.0208616704,2272,2792,48,0.4486571880,0.9793103448,0.6153846154
0.0208346527,2272,2793,48,0.4485686081,0.9793103448,0.6153012864
0.0207522530,2272,2794,48,0.4484800632,0.9793103448,0.6152179800
0.0206231810,2272,2795,48,0.4483915532,0.9793103448,0.6151346961
0.0205387417,2272,2796,48,0.4483030781,0.9793103448,0.6150514348
0.0204914343,2272,2797,48,0.4482146380,0.9793103448,0.6149681960
0.0204446297,2272,2798,48,0.4481262327,0.9793103448,0.6148849797
0.0204281900,2272,2799,48,0.4480378624,0.9793103448,0.6148017860
0.0204246994,2272,2800,48,0.4479495268,0.9793103448,0.6147186147
0.0203711372,2272,2801,48,0.4478612261,0.9793103448,0.6146354660
0.0203354117,2272,2802,48,0.4477729602,0.9793103448,0.6145523397
0.0202891491,2272,2803,48,0.4476847291,0.9793103448,0.6144692360
0.0202437341,2272,2804,48,0.4475965327,0.9793103448,0.6143861547
0.0202071201,2272,2805,48,0.4475083711,0.9793103448,0.6143030958
0.0201689862,2272,2806,48,0.4474202442,0.9793103448,0.6142200595
0.0201375186,2272,2807,48,0.4473321520,0.9793103448,0.6141370455
0.0201073661,2272,2808,48,0.4472440945,0.9793103448,0.6140540541
0.0199991800,2272,2809,48,0.4471560716,0.9793103448,0.6139710850
0.0199662354,2272,2810,48,0.4470680834,0.9793103448,0.6138881383
0.0199559331,2272,2811,48,0.4469801298,0.9793103448,0.6138052141
0.0198208038,2272,2812,48,0.4468922109,0.9793103448,0.6137223123
0.0198150892,2272,2813,48,0.4468043265,0.9793103448,0.6136394328
0.0198142454,2272,2814,48,0.4467164766,0.9793103448,0.6135565757
0.0198104382,2272,2815,48,0.4466286613,0.9793103448,0.6134737411
0.0197656471,2272,2816,48,0.4465408805,0.9793103448,0.6133909287
0.0197622422,2272,2817,48,0.4464531342,0.9793103448,0.6133081388
0.0196968112,2272,2818,48,0.4463654224,0.9793103448,0.6132253711
0.0196198057,2272,2819,48,0.4462777450,0.9793103448,0.6131426258
0.0195488986,2272,2820,48,0.4461901021,0.9793103448,0.6130599029
0.0195351318,2272,2821,48,0.4461024936,0.9793103448,0.6129772022
0.0194551628,2272,2822,48,0.4460149195,0.9793103448,0.6128945239
0.0193733294,2272,2823,48,0.4459273798,0.9793103448,0.6128118678
0.0193032473,2272,2824,48,0.4458398744,0.9793103448,0.6127292341
0.0192525554,2272,2825,48,0.4457524034,0.9793103448,0.6126466226
0.0192256402,2272,2826,48,0.4456649667,0.9793103448,0.6125640334
0.0190489572,2272,2827,48,0.4455775642,0.9793103448,0.6124814665
0.0190343596,2272,2828,48,0.4454901961,0.9793103448,0.6123989218
0.0187581163,2272,2829,48,0.4454028622,0.9793103448,0.6123163994
0.0187312867,2272,2830,48,0.4453155625,0.9793103448,0.6122338992
0.0186960790,2272,2831,48,0.4452282971,0.9793103448,0.6121514213
0.0185143892,2272,2832,48,0.4451410658,0.9793103448,0.6120689655
0.0185084250,2272,2833,48,0.4450538688,0.9793103448,0.6119865320
0.0185062643,2272,2834,48,0.4449667058,0.9793103448,0.6119041207
0.0184864998,2272,2835,48,0.4448795771,0.9793103448,0.6118217315
0.0184139013,2272,2836,48,0.4447924824,0.9793103448,0.6117393646
0.0183689706,2272,2837,48,0.4447054218,0.9793103448,0.6116570198
0.0183400493,2272,2838,48,0.4446183953,0.9793103448,0.6115746972
0.0183065627,2272,2839,48,0.4445314029,0.9793103448,0.6114923967
0.0182583835,2272,2840,48,0.4444444444,0.9793103448,0.6114101184
0.0182228349,2272,2841,48,0.4443575200,0.9793103448,0.6113278622
0.0182119850,2272,2842,48,0.4442706296,0.9793103448,0.6112456282
0.0181940086,2272,2843,48,0.4441837732,0.9793103448,0.6111634163
0.0181635916,2272,2844,48,0.4440969507,0.9793103448,0.6110812265
0.0181041975,2273,2844,47,0.4442055892,0.9797413793,0.6112679844
0.0180344265,2273,2845,47,0.4441187964,0.9797413793,0.6111858026
0.0179845076,2273,2846,47,0.4440320375,0.9797413793,0.6111036430
0.0178819373,2273,2847,47,0.4439453125,0.9797413793,0.6110215054
0.0178660676,2273,2848,47,0.4438586214,0.9797413793,0.6109393899
0.0178630631,2273,2849,47,0.4437719641,0.9797413793,0.6108572964
0.0178602953,2273,2850,47,0.4436853406,0.9797413793,0.6107752250
0.0177312568,2273,2851,47,0.4435987510,0.9797413793,0.6106931757
0.0177244823,2273,2852,47,0.4435121951,0.9797413793,0.6106111484
0.0177117679,2273,2853,47,0.4434256730,0.9797413793,0.6105291432
0.0177021399,2273,2854,47,0.4433391847,0.9797413793,0.6104471599
0.0176503509,2274,2854,46,0.4434477379,0.9801724138,0.6106337272
0.0175762009,2274,2855,46,0.4433612790,0.9801724138,0.6105517519
0.0174618643,2274,2856,46,0.4432748538,0.9801724138,0.6104697987
0.0174298715,2274,2857,46,0.4431884623,0.9801724138,0.6103878674
0.0174077954,2274,2858,46,0.4431021044,0.9801724138,0.6103059581
0.0173317399,2274,2859,46,0.4430157802,0.9801724138,0.6102240708
0.0173078887,2274,2860,46,0.4429294897,0.9801724138,0.6101422055
0.0172205381,2274,2861,46,0.4428432327,0.9801724138,0.6100603622
0.0171774719,2274,2862,46,0.4427570093,0.9801724138,0.6099785408
0.0171754863,2274,2863,46,0.4426708195,0.9801724138,0.6098967413
0.0171394628,2274,2864,46,0.4425846633,0.9801724138,0.6098149638
0.0171370208,2274,2865,46,0.4424985406,0.9801724138,0.6097332082
0.0171310306,2274,2866,46,0.4424124514,0.9801724138,0.6096514745
0.0171051566,2274,2867,46,0.4423263956,0.9801724138,0.6095697628
0.0170846600,2274,2868,46,0.4422403734,0.9801724138,0.6094880729
0.0170126166,2274,2869,46,0.4421543846,0.9801724138,0.6094064049
0.0170032959,2274,2870,46,0.4420684292,0.9801724138,0.6093247588
0.0169809945,2274,2871,46,0.4419825073,0.9801724138,0.6092431346
0.0169436261,2286,2900,34,0.4408021597,0.9853448276,0.6091127098
0.0169101469,2286,2901,34,0.4407171776,0.9853448276,0.6090315705
0.0168896932,2286,2902,34,0.4406322282,0.9853448276,0.6089504529
0.0168820284,2286,2903,34,0.4405473116,0.9853448276,0.6088693568
0.0168079473,2286,2904,34,0.4404624277,0.9853448276,0.6087882823
0.0167453066,2286,2905,34,0.4403775766,0.9853448276,0.6087072294
0.0167416781,2286,2906,34,0.4402927581,0.9853448276,0.6086261981
0.0167415850,2286,2907,34,0.4402079723,0.9853448276,0.6085451883
0.0167270806,2286,2908,34,0.4401232191,0.9853448276,0.6084642002
0.0166535173,2286,2909,34,0.4400384986,0.9853448276,0.6083832335
0.0166163594,2286,2910,34,0.4399538106,0.9853448276,0.6083022885
0.0165551417,2286,2911,34,0.4398691553,0.9853448276,0.6082213649
0.0165297911,2286,2912,34,0.4397845325,0.9853448276,0.6081404629
0.0165190939,2286,2913,34,0.4396999423,0.9853448276,0.6080595824
0.0164704211,2286,2914,34,0.4396153846,0.9853448276,0.6079787234
0.0164403152,2286,2915,34,0.4395308595,0.9853448276,0.6078978859
0.0163390618,2286,2916,34,0.4394463668,0.9853448276,0.6078170699
0.0163342115,2286,2917,34,0.4393619066,0.9853448276,0.6077362754
0.0162833799,2286,2918,34,0.4392774789,0.9853448276,0.6076555024
0.0162479300,2286,2919,34,0.4391930836,0.9853448276,0.6075747508
0.0162194576,2286,2920,34,0.4391087207,0.9853448276,0.6074940207
0.0162088946,2286,2921,34,0.4390243902,0.9853448276,0.6074133121
0.0160959028,2286,2922,34,0.4389400922,0.9853448276,0.6073326249
0.0160488207,2286,2923,34,0.4388558265,0.9853448276,0.6072519591
0.0159766022,2286,2924,34,0.4387715931,0.9853448276,0.6071713147
0.0159682985,2286,2925,34,0.4386873921,0.9853448276,0.6070906918
0.0159551147,2286,2926,34,0.4386032233,0.9853448276,0.6070100903
0.0159304719,2286,2927,34,0.4385190869,0.9853448276,0.6069295102
0.0159065705,2286,2928,34,0.4384349827,0.9853448276,0.6068489514
0.0158485156,2286,2929,34,0.4383509108,0.9853448276,0.6067684141
0.0157624204,2286,2930,34,0.4382668712,0.9853448276,0.6066878981
0.0157408919,2286,2931,34,0.4381828637,0.9853448276,0.6066074035
0.0156994127,2286,2932,34,0.4380988885,0.9853448276,0.6065269302
0.0156934522,2286,2933,34,0.4380149454,0.9853448276,0.6064464783
0.0156896152,2286,2934,34,0.4379310345,0.9853448276,0.6063660477
0.0156531241,2286,2935,34,0.4378471557,0.9853448276,0.6062856385
0.0156338494,2286,2936,34,0.4377633091,0.9853448276,0.6062052506
0.0156287346,2286,2937,34,0.4376794945,0.9853448276,0.6061248840
0.0155172423,2286,2938,34,0.4375957121,0.9853448276,0.6060445387
0.0154883070,2286,2939,34,0.4375119617,0.9853448276,0.6059642147
0.0154139251,2286,2940,34,0.4374282434,0.9853448276,0.6058839120
0.0153316017,2286,2941,34,0.4373445571,0.9853448276,0.6058036306
0.0152777759,2286,2942,34,0.4372609028,0.9853448276,0.6057233704
0.0152172558,2286,2943,34,0.4371772806,0.9853448276,0.6056431315
0.0151614845,2286,2944,34,0.4370936902,0.9853448276,0.6055629139
0.0150828389,2286,2945,34,0.4370101319,0.9853448276,0.6054827175
0.0150785120,2286,2946,34,0.4369266055,0.9853448276,0.6054025424
0.0150595522,2286,2947,34,0.4368431110,0.9853448276,0.6053223885
0.0150565403,2286,2948,34,0.4367596485,0.9853448276,0.6052422558
0.0150202988,2286,2949,34,0.4366762178,0.9853448276,0.6051621443
0.0150202783,2286,2950,34,0.4365928189,0.9853448276,0.6050820540
0.0149974739,2286,2951,34,0.4365094520,0.9853448276,0.6050019849
0.0149828773,2286,2952,34,0.4364261168,0.9853448276,0.6049219370
0.0149496561,2286,2953,34,0.4363428135,0.9853448276,0.6048419103
0.0149240894,2286,2954,34,0.4362595420,0.9853448276,0.6047619048
0.0148611497,2286,2955,34,0.4361763022,0.9853448276,0.6046819204
0.0148071088,2286,2956,34,0.4360930942,0.9853448276,0.6046019572
0.0147567829,2286,2957,34,0.4360099180,0.9853448276,0.6045220151
0.0146575999,2286,2958,34,0.4359267735,0.9853448276,0.6044420941
0.0146453893,2286,2959,34,0.4358436606,0.9853448276,0.6043621943
0.0145682376,2286,2960,34,0.4357605795,0.9853448276,0.6042823156
0.0144969979,2286,2961,34,0.4356775300,0.9853448276,0.6042024580
0.0143782059,2286,2962,34,0.4355945122,0.9853448276,0.6041226216
0.0143658174,2286,2963,34,0.4355115260,0.9853448276,0.6040428062
0.0143371588,2286,2964,34,0.4354285714,0.9853448276,0.6039630119
0.0142896287,2286,2965,34,0.4353456484,0.9853448276,0.6038832387
0.0142069310,2286,2966,34,0.4352627570,0.9853448276,0.6038034865
0.0141431820,2286,2967,34,0.4351798972,0.9853448276,0.6037237554
0.0141252829,2286,2968,34,0.4350970689,0.9853448276,0.6036440454
0.0140847489,2286,2969,34,0.4350142721,0.9853448276,0.6035643564
0.0140782269,2286,2970,34,0.4349315068,0.9853448276,0.6034846885
0.0140384715,2286,2971,34,0.4348487731,0.9853448276,0.6034050416
0.0139978211,2286,2972,34,0.4347660707,0.9853448276,0.6033254157
0.0139955049,2286,2973,34,0.4346833999,0.9853448276,0.6032458108
0.0139620313,2286,2974,34,0.4346007605,0.9853448276,0.6031662269
0.0139102060,2286,2975,34,0.4345181524,0.9853448276,0.6030866640
0.0138591183,2286,2976,34,0.4344355758,0.9853448276,0.6030071221
0.0138338618,2286,2977,34,0.4343530306,0.9853448276,0.6029276012
0.0138208633,2286,2978,34,0.4342705167,0.9853448276,0.6028481013
0.0138202719,2286,2979,34,0.4341880342,0.9853448276,0.6027686223
0.0138182174,2286,2982,34,0.4339407745,0.9853448276,0.6025303110
0.0137857338,2286,2983,34,0.4338584172,0.9853448276,0.6024509158
0.0137727940,2286,2984,34,0.4337760911,0.9853448276,0.6023715415
0.0137629006,2286,2985,34,0.4336937962,0.9853448276,0.6022921881
0.0137469359,2286,2986,34,0.4336115326,0.9853448276,0.6022128556
0.0135445669,2286,2987,34,0.4335293002,0.9853448276,0.6021335441
0.0135405660,2286,2988,34,0.4334470990,0.9853448276,0.6020542534
0.0135133788,2286,2990,34,0.4332827900,0.9853448276,0.6018957346
0.0135075180,2286,2991,34,0.4332006822,0.9853448276,0.6018165065
0.0134901386,2286,2992,34,0.4331186055,0.9853448276,0.6017372993
0.0134457015,2286,2993,34,0.4330365600,0.9853448276,0.6016581129
0.0133810472,2286,2994,34,0.4329545455,0.9853448276,0.6015789474
0.0133099537,2286,2995,34,0.4328725620,0.9853448276,0.6014998027
0.0133013772,2286,2996,34,0.4327906096,0.9853448276,0.6014206788
0.0132322023,2286,2997,34,0.4327086882,0.9853448276,0.6013415757
0.0131615167,2286,2998,34,0.4326267979,0.9853448276,0.6012624934
0.0130441952,2286,2999,34,0.4325449385,0.9853448276,0.6011834320
0.0130375791,2286,3000,34,0.4324631101,0.9853448276,0.6011043913
0.0129209654,2286,3001,34,0.4323813127,0.9853448276,0.6010253714
0.0129023092,2286,3002,34,0.4322995461,0.9853448276,0.6009463722
0.0127709899,2286,3003,34,0.4322178106,0.9853448276,0.6008673939
0.0127491849,2286,3004,34,0.4321361059,0.9853448276,0.6007884363
0.0126252417,2286,3005,34,0.4320544321,0.9853448276,0.6007094994
0.0125980740,2286,3006,34,0.4319727891,0.9853448276,0.6006305833
0.0125944987,2286,3007,34,0.4318911770,0.9853448276,0.6005516879
0.0125881433,2286,3008,34,0.4318095958,0.9853448276,0.6004728132
0.0125464983,2286,3009,34,0.4317280453,0.9853448276,0.6003939593
0.0125322742,2286,3010,34,0.4316465257,0.9853448276,0.6003151261
0.0125230011,2286,3011,34,0.4315650368,0.9853448276,0.6002363135
0.0125094047,2286,3012,34,0.4314835787,0.9853448276,0.6001575217
0.0124184974,2286,3013,34,0.4314021513,0.9853448276,0.6000787505
0.0124129262,2286,3014,34,0.4313207547,0.9853448276,0.6000000000
0.0123901200,2286,3015,34,0.4312393888,0.9853448276,0.5999212702
0.0123759434,2286,3016,34,0.4311580536,0.9853448276,0.5998425610
0.0123684732,2286,3017,34,0.4310767490,0.9853448276,0.5997638725
0.0123422612,2286,3018,34,0.4309954751,0.9853448276,0.5996852046
0.0123313023,2286,3019,34,0.4309142319,0.9853448276,0.5996065574
0.0123282019,2286,3020,34,0.4308330192,0.9853448276,0.5995279308
0.0123029482,2286,3021,34,0.4307518372,0.9853448276,0.5994493248
0.0122487796,2286,3022,34,0.4306706858,0.9853448276,0.5993707394
0.0122419111,2286,3023,34,0.4305895649,0.9853448276,0.5992921746
0.0122268172,2286,3024,34,0.4305084746,0.9853448276,0.5992136304
0.0121158371,2286,3025,34,0.4304274148,0.9853448276,0.5991351068
0.0120767318,2286,3026,34,0.4303463855,0.9853448276,0.5990566038
0.0120722027,2286,3027,34,0.4302653868,0.9853448276,0.5989781213
0.0120421564,2286,3028,34,0.4301844185,0.9853448276,0.5988996594
0.0120302774,2286,3029,34,0.4301034807,0.9853448276,0.5988212181
0.0120294550,2286,3030,34,0.4300225734,0.9853448276,0.5987427973
0.0119938040,2286,3031,34,0.4299416964,0.9853448276,0.5986643970
0.0119568510,2286,3032,34,0.4298608499,0.9853448276,0.5985860173
0.0119220763,2286,3033,34,0.4297800338,0.9853448276,0.5985076581
0.0118997237,2292,3060,28,0.4282511211,0.9879310345,0.5974973931
0.0118634021,2292,3061,28,0.4281711190,0.9879310345,0.5974195230
0.0118552605,2292,3062,28,0.4280911468,0.9879310345,0.5973416732
0.0118239857,2292,3063,28,0.4280112045,0.9879310345,0.5972638436
0.0117728822,2292,3064,28,0.4279312920,0.9879310345,0.5971860344
0.0117587987,2292,3065,28,0.4278514094,0.9879310345,0.5971082454
0.0117072789,2292,3066,28,0.4277715566,0.9879310345,0.5970304767
0.0116748344,2292,3067,28,0.4276917335,0.9879310345,0.5969527282
0.0116716819,2292,3068,28,0.4276119403,0.9879310345,0.5968750000
0.0116715394,2292,3069,28,0.4275321768,0.9879310345,0.5967972920
0.0116618061,2292,3070,28,0.4274524431,0.9879310345,0.5967196043
0.0115841748,2292,3071,28,0.4273727391,0.9879310345,0.5966419367
0.0115741324,2292,3072,28,0.4272930649,0.9879310345,0.5965642894
0.0115417633,2292,3073,28,0.4272134203,0.9879310345,0.5964866623
0.0115183089,2292,3074,28,0.4271338054,0.9879310345,0.5964090554
0.0114703476,2292,3075,28,0.4270542202,0.9879310345,0.5963314687
0.0114598330,2292,3076,28,0.4269746647,0.9879310345,0.5962539022
0.0114360461,2292,3078,28,0.4268156425,0.9879310345,0.5960988296
0.0114125861,2292,3079,28,0.4267361758,0.9879310345,0.5960213236
0.0113573940,2292,3080,28,0.4266567386,0.9879310345,0.5959438378
0.0113447318,2292,3081,28,0.4265773311,0.9879310345,0.5958663720
0.0113073131,2292,3082,28,0.4264979531,0.9879310345,0.5957889264
0.0112952236,2292,3083,28,0.4264186047,0.9879310345,0.5957115010
0.0112864934,2292,3084,28,0.4263392857,0.9879310345,0.5956340956
0.0112771858,2292,3085,28,0.4262599963,0.9879310345,0.5955567104
0.0112426737,2292,3086,28,0.4261807363,0.9879310345,0.5954793453
0.0112006171,2292,3087,28,0.4261015059,0.9879310345,0.5954020003
0.0111997761,2292,3088,28,0.4260223048,0.9879310345,0.5953246753
0.0111843692,2292,3089,28,0.4259431332,0.9879310345,0.5952473705
0.0111234449,2292,3090,28,0.4258639911,0.9879310345,0.5951700857
0.0111182379,2292,3091,28,0.4257848783,0.9879310345,0.5950928210
0.0111119952,2292,3092,28,0.4257057949,0.9879310345,0.5950155763
0.0111106923,2292,3093,28,0.4256267409,0.9879310345,0.5949383517
0.0110942107,2292,3094,28,0.4255477163,0.9879310345,0.5948611472
0.0110633709,2292,3095,28,0.4254687210,0.9879310345,0.5947839626
0.0110455845,2292,3096,28,0.4253897550,0.9879310345,0.5947067981
0.0110412305,2292,3097,28,0.4253108183,0.9879310345,0.5946296537
0.0110138161,2292,3098,28,0.4252319109,0.9879310345,0.5945525292
0.0109777395,2292,3099,28,0.4251530328,0.9879310345,0.5944754247
0.0108943973,2292,3100,28,0.4250741840,0.9879310345,0.5943983402
0.0108689088,2292,3101,28,0.4249953644,0.9879310345,0.5943212758
0.0108037423,2292,3102,28,0.4249165740,0.9879310345,0.5942442313
0.0106711509,2292,3103,28,0.4248378128,0.9879310345,0.5941672067
0.0106677143,2292,3104,28,0.4247590808,0.9879310345,0.5940902022
0.0106560597,2292,3105,28,0.4246803780,0.9879310345,0.5940132176
0.0106341932,2292,3106,28,0.4246017043,0.9879310345,0.5939362529
0.0106255040,2292,3107,28,0.4245230598,0.9879310345,0.5938593082
0.0105863195,2292,3108,28,0.4244444444,0.9879310345,0.5937823834
0.0105655631,2292,3109,28,0.4243658582,0.9879310345,0.5937054786
0.0105548408,2292,3110,28,0.4242873010,0.9879310345,0.5936285936
0.0105387727,2292,3111,28,0.4242087729,0.9879310345,0.5935517286
0.0105031570,2292,3112,28,0.4241302739,0.9879310345,0.5934748835
0.0104528172,2292,3113,28,0.4240518039,0.9879310345,0.5933980583
0.0104472656,2292,3114,28,0.4239733629,0.9879310345,0.5933212529
0.0103328228,2292,3115,28,0.4238949510,0.9879310345,0.5932444675
0.0103192469,2292,3116,28,0.4238165680,0.9879310345,0.5931677019
0.0102970265,2292,3117,28,0.4237382141,0.9879310345,0.5930909561
0.0102846408,2292,3118,28,0.4236598891,0.9879310345,0.5930142303
0.0102295773,2292,3119,28,0.4235815931,0.9879310345,0.5929375243
0.0102026630,2292,3120,28,0.4235033259,0.9879310345,0.5928608381
0.0102011124,2292,3121,28,0.4234250878,0.9879310345,0.5927841717
0.0101921419,2292,3122,28,0.4233468785,0.9879310345,0.5927075252
0.0101726595,2292,3123,28,0.4232686981,0.9879310345,0.5926308985
0.0101121245,2292,3124,28,0.4231905465,0.9879310345,0.5925542916
0.0100604966,2292,3125,28,0.4231124239,0.9879310345,0.5924777045
0.0100542475,2292,3126,28,0.4230343300,0.9879310345,0.5924011372
0.0100375088,2292,3127,28,0.4229562650,0.9879310345,0.5923245897
0.0100124320,2292,3128,28,0.4228782288,0.9879310345,0.5922480620
0.0100007588,2292,3129,28,0.4228002214,0.9879310345,0.5921715541
0.0099827778,2292,3130,28,0.4227222427,0.9879310345,0.5920950659
0.0099618472,2292,3131,28,0.4226442928,0.9879310345,0.5920185974
0.0099472804,2292,3132,28,0.4225663717,0.9879310345,0.5919421488
0.0099376906,2292,3133,28,0.4224884793,0.9879310345,0.5918657198
0.0099370293,2292,3134,28,0.4224106156,0.9879310345,0.5917893106
0.0099249510,2292,3135,28,0.4223327805,0.9879310345,0.5917129211
0.0099120094,2292,3136,28,0.4222549742,0.9879310345,0.5916365514
0.0098958202,2292,3137,28,0.4221771965,0.9879310345,0.5915602013
0.0098682102,2292,3138,28,0.4220994475,0.9879310345,0.5914838710
0.0098666353,2292,3139,28,0.4220217271,0.9879310345,0.5914075603
0.0098644095,2292,3140,28,0.4219440353,0.9879310345,0.5913312693
0.0098442538,2292,3141,28,0.4218663722,0.9879310345,0.5912549981
0.0098087657,2292,3142,28,0.4217887376,0.9879310345,0.5911787465
0.0097243795,2292,3143,28,0.4217111316,0.9879310345,0.5911025145
0.0097165490,2292,3144,28,0.4216335541,0.9879310345,0.5910263022
0.0096304910,2292,3145,28,0.4215560051,0.9879310345,0.5909501096
0.0095764985,2292,3146,28,0.4214784847,0.9879310345,0.5908739366
0.0095593901,2292,3147,28,0.4214009928,0.9879310345,0.5907977832
0.0095444266,2292,3148,28,0.4213235294,0.9879310345,0.5907216495
0.0095366985,2292,3149,28,0.4212460945,0.9879310345,0.5906455354
0.0095225573,2292,3150,28,0.4211686880,0.9879310345,0.5905694409
0.0095149688,2292,3151,28,0.4210913099,0.9879310345,0.5904933660
0.0094994549,2292,3152,28,0.4210139603,0.9879310345,0.5904173107
0.0094798766,2292,3153,28,0.4209366391,0.9879310345,0.5903412750
0.0094629545,2292,3154,28,0.4208593463,0.9879310345,0.5902652588
0.0094326362,2292,3155,28,0.4207820819,0.9879310345,0.5901892623
0.0093977954,2292,3156,28,0.4207048458,0.9879310345,0.5901132853
0.0093765128,2292,3157,28,0.4206276381,0.9879310345,0.5900373278
0.0093617300,2292,3158,28,0.4205504587,0.9879310345,0.5899613900
0.0093521569,2292,3159,28,0.4204733076,0.9879310345,0.5898854716
0.0093484726,2292,3160,28,0.4203961849,0.9879310345,0.5898095728
0.0093393270,2292,3161,28,0.4203190904,0.9879310345,0.5897336936
0.0093324473,2292,3162,28,0.4202420242,0.9879310345,0.5896578338
0.0092984093,2292,3163,28,0.4201649863,0.9879310345,0.5895819936
0.0092801191,2292,3164,28,0.4200879765,0.9879310345,0.5895061728
0.0092739435,2292,3165,28,0.4200109951,0.9879310345,0.5894303716
0.0092281848,2292,3166,28,0.4199340418,0.9879310345,0.5893545899
0.0092012119,2292,3167,28,0.4198571167,0.9879310345,0.5892788276
0.0091944803,2292,3168,28,0.4197802198,0.9879310345,0.5892030848
0.0091809239,2292,3169,28,0.4197033510,0.9879310345,0.5891273615
0.0091145802,2292,3170,28,0.4196265104,0.9879310345,0.5890516577
0.0091100559,2292,3171,28,0.4195496980,0.9879310345,0.5889759733
0.0090922732,2292,3172,28,0.4194729136,0.9879310345,0.5889003083
0.0090252589,2292,3173,28,0.4193961574,0.9879310345,0.5888246628
0.0090218019,2292,3174,28,0.4193194292,0.9879310345,0.5887490367
0.0090023782,2292,3175,28,0.4192427291,0.9879310345,0.5886734301
0.0090022841,2292,3176,28,0.4191660571,0.9879310345,0.5885978428
0.0089859385,2292,3177,28,0.4190894131,0.9879310345,0.5885222750
0.0089766281,2292,3178,28,0.4190127971,0.9879310345,0.5884467266
0.0089657232,2292,3179,28,0.4189362091,0.9879310345,0.5883711975
0.0089521538,2292,3180,28,0.4188596491,0.9879310345,0.5882956879
0.0089490926,2292,3181,28,0.4187831171,0.9879310345,0.5882201976
0.0089339297,2292,3182,28,0.4187066131,0.9879310345,0.5881447267
0.0089095728,2292,3183,28,0.4186301370,0.9879310345,0.5880692752
0.0088131120,2292,3184,28,0.4185536888,0.9879310345,0.5879938430
0.0087965699,2292,3185,28,0.4184772686,0.9879310345,0.5879184302
0.0087961135,2292,3186,28,0.4184008762,0.9879310345,0.5878430367
0.0087838899,2292,3187,28,0.4183245118,0.9879310345,0.5877676625
0.0087719830,2292,3189,28,0.4181718664,0.9879310345,0.5876169722
0.0087663624,2292,3190,28,0.4180955856,0.9879310345,0.5875416560
0.0087423259,2292,3191,28,0.4180193325,0.9879310345,0.5874663591
0.0087217093,2292,3192,28,0.4179431072,0.9879310345,0.5873910815
0.0086837169,2292,3193,28,0.4178669098,0.9879310345,0.5873158232
0.0086784177,2292,3194,28,0.4177907401,0.9879310345,0.5872405842
0.0086721806,2292,3195,28,0.4177145981,0.9879310345,0.5871653644
0.0086596543,2292,3196,28,0.4176384840,0.9879310345,0.5870901639
0.0086261928,2292,3197,28,0.4175623975,0.9879310345,0.5870149827
0.0086154016,2292,3198,28,0.4174863388,0.9879310345,0.5869398207
0.0086129745,2292,3199,28,0.4174103078,0.9879310345,0.5868646780
0.0085709263,2292,3200,28,0.4173343044,0.9879310345,0.5867895545
0.0085583553,2292,3201,28,0.4172583288,0.9879310345,0.5867144503
0.0085558668,2292,3202,28,0.4171823808,0.9879310345,0.5866393652
0.0085086320,2292,3203,28,0.4171064604,0.9879310345,0.5865642994
0.0084720459,2292,3204,28,0.4170305677,0.9879310345,0.5864892528
0.0084291752,2292,3205,28,0.4169547026,0.9879310345,0.5864142254
0.0083711073,2292,3206,28,0.4168788650,0.9879310345,0.5863392172
0.0083332555,2292,3207,28,0.4168030551,0.9879310345,0.5862642282
0.0082734479,2292,3208,28,0.4167272727,0.9879310345,0.5861892583
0.0082661239,2292,3209,28,0.4166515179,0.9879310345,0.5861143076
0.0082539367,2292,3210,28,0.4165757906,0.9879310345,0.5860393761
0.0082492279,2292,3211,28,0.4165000909,0.9879310345,0.5859644638
0.0082315346,2292,3212,28,0.4164244186,0.9879310345,0.5858895706
0.0081964331,2292,3213,28,0.4163487738,0.9879310345,0.5858146965
0.0081812134,2292,3214,28,0.4162731566,0.9879310345,0.5857398416
0.0081536919,2292,3215,28,0.4161975667,0.9879310345,0.5856650057
0.0081413575,2292,3216,28,0.4161220044,0.9879310345,0.5855901891
0.0080959238,2292,3217,28,0.4160464694,0.9879310345,0.5855153915
0.0080362549,2292,3218,28,0.4159709619,0.9879310345,0.5854406130
0.0079989452,2292,3219,28,0.4158954818,0.9879310345,0.5853658537
0.0079844743,2292,3220,28,0.4158200290,0.9879310345,0.5852911134
0.0079725590,2292,3221,28,0.4157446037,0.9879310345,0.5852163922
0.0079661096,2292,3222,28,0.4156692057,0.9879310345,0.5851416901
0.0079629282,2292,3223,28,0.4155938350,0.9879310345,0.5850670070
0.0078909202,2292,3224,28,0.4155184917,0.9879310345,0.5849923430
0.0078819171,2292,3225,28,0.4154431756,0.9879310345,0.5849176981
0.0078665996,2292,3226,28,0.4153678869,0.9879310345,0.5848430722
0.0078611868,2292,3227,28,0.4152926255,0.9879310345,0.5847684654
0.0078544831,2292,3228,28,0.4152173913,0.9879310345,0.5846938776
0.0078378133,2292,3229,28,0.4151421844,0.9879310345,0.5846193088
0.0078355223,2292,3230,28,0.4150670047,0.9879310345,0.5845447590
0.0078214006,2292,3231,28,0.4149918523,0.9879310345,0.5844702282
0.0077965739,2292,3232,28,0.4149167270,0.9879310345,0.5843957165
0.0077610388,2292,3233,28,0.4148416290,0.9879310345,0.5843212237
0.0077566151,2292,3234,28,0.4147665581,0.9879310345,0.5842467499
0.0077394885,2292,3235,28,0.4146915144,0.9879310345,0.5841722951
0.0077336719,2292,3236,28,0.4146164978,0.9879310345,0.5840978593
0.0077269124,2292,3237,28,0.4145415084,0.9879310345,0.5840234425
0.0077198707,2292,3238,28,0.4144665461,0.9879310345,0.5839490446
0.0077195200,2292,3239,28,0.4143916109,0.9879310345,0.5838746656
0.0077109085,2292,3240,28,0.4143167028,0.9879310345,0.5838003057
0.0077030468,2292,3241,28,0.4142418218,0.9879310345,0.5837259646
0.0076879165,2292,3242,28,0.4141669678,0.9879310345,0.5836516425
0.0076814955,2292,3243,28,0.4140921409,0.9879310345,0.5835773393
0.0076419017,2292,3245,28,0.4139425682,0.9879310345,0.5834287896
0.0076313615,2292,3247,28,0.4137931034,0.9879310345,0.5832803156
0.0076122968,2292,3248,28,0.4137184116,0.9879310345,0.5832061069
0.0075972327,2292,3249,28,0.4136437466,0.9879310345,0.5831319171
0.0075604641,2292,3250,28,0.4135691086,0.9879310345,0.5830577461
0.0075545590,2292,3251,28,0.4134944976,0.9879310345,0.5829835940
0.0075213020,2293,3251,27,0.4136002886,0.9883620690,0.5831637843
0.0075176223,2300,3275,20,0.4125560538,0.9913793103,0.5826472451
0.0075145769,2300,3276,20,0.4124820660,0.9913793103,0.5825734549
0.0075101899,2300,3277,20,0.4124081047,0.9913793103,0.5824996834
0.0074809417,2300,3278,20,0.4123341700,0.9913793103,0.5824259306
0.0074782912,2300,3279,20,0.4122602617,0.9913793103,0.5823521965
0.0074405861,2300,3280,20,0.4121863799,0.9913793103,0.5822784810
0.0074383505,2300,3281,20,0.4121125246,0.9913793103,0.5822047842
0.0074366531,2300,3282,20,0.4120386958,0.9913793103,0.5821311060
0.0074343202,2300,3283,20,0.4119648934,0.9913793103,0.5820574465
0.0074152597,2300,3284,20,0.4118911175,0.9913793103,0.5819838057
0.0074120103,2300,3285,20,0.4118173679,0.9913793103,0.5819101834
0.0074056289,2300,3286,20,0.4117436448,0.9913793103,0.5818365798
0.0074054883,2300,3287,20,0.4116699481,0.9913793103,0.5817629948
0.0073884134,2300,3288,20,0.4115962777,0.9913793103,0.5816894284
0.0073804758,2300,3289,20,0.4115226337,0.9913793103,0.5816158806
0.0073709735,2300,3290,20,0.4114490161,0.9913793103,0.5815423515
0.0073487125,2300,3291,20,0.4113754248,0.9913793103,0.5814688409
0.0073419092,2301,3291,19,0.4114806867,0.9918103448,0.5816481294
0.0073265331,2301,3292,19,0.4114071160,0.9918103448,0.5815746240
0.0073153120,2301,3293,19,0.4113335717,0.9918103448,0.5815011372
0.0072779618,2301,3294,19,0.4112600536,0.9918103448,0.5814276690
0.0072428710,2301,3295,19,0.4111865618,0.9918103448,0.5813542193
0.0072376616,2302,3295,18,0.4112917634,0.9922413793,0.5815334091
0.0072138952,2318,3305,2,0.4122354615,0.9991379310,0.5836585673
0.0071885320,2318,3306,2,0.4121621622,0.9991379310,0.5835850957
0.0071784444,2318,3307,2,0.4120888889,0.9991379310,0.5835116425
0.0071770959,2318,3308,2,0.4120156417,0.9991379310,0.5834382079
0.0071765217,2318,3309,2,0.4119424205,0.9991379310,0.5833647917
0.0071507944,2318,3310,2,0.4118692253,0.9991379310,0.5832913941
0.0071322187,2318,3311,2,0.4117960561,0.9991379310,0.5832180148
0.0071260454,2318,3312,2,0.4117229130,0.9991379310,0.5831446541
0.0071218195,2318,3313,2,0.4116497958,0.9991379310,0.5830713118
0.0070722587,2318,3314,2,0.4115767045,0.9991379310,0.5829979879
0.0070530539,2318,3315,2,0.4115036393,0.9991379310,0.5829246825
0.0070251413,2318,3316,2,0.4114305999,0.9991379310,0.5828513955
0.0070247129,2318,3317,2,0.4113575865,0.9991379310,0.5827781270
0.0070042298,2318,3318,2,0.4112845990,0.9991379310,0.5827048768
0.0069872700,2318,3319,2,0.4112116374,0.9991379310,0.5826316451
0.0069503444,2318,3320,2,0.4111387017,0.9991379310,0.5825584318
0.0069483700,2318,3321,2,0.4110657918,0.9991379310,0.5824852368
0.0069409846,2318,3322,2,0.4109929078,0.9991379310,0.5824120603
0.0069141835,2318,3323,2,0.4109200496,0.9991379310,0.5823389021
0.0069117867,2318,3324,2,0.4108472173,0.9991379310,0.5822657624
0.0069074747,2318,3325,2,0.4107744108,0.9991379310,0.5821926410
0.0068897097,2318,3326,2,0.4107016300,0.9991379310,0.5821195379
0.0068891873,2318,3327,2,0.4106288751,0.9991379310,0.5820464532
0.0068785935,2318,3328,2,0.4105561459,0.9991379310,0.5819733869
0.0068731681,2318,3329,2,0.4104834425,0.9991379310,0.5819003389
0.0068677543,2318,3330,2,0.4104107649,0.9991379310,0.5818273092
0.0068592052,2318,3331,2,0.4103381129,0.9991379310,0.5817542979
0.0068541276,2318,3332,2,0.4102654867,0.9991379310,0.5816813049
0.0068410691,2318,3333,2,0.4101928862,0.9991379310,0.5816083302
0.0068377224,2318,3334,2,0.4101203114,0.9991379310,0.5815353738
0.0068326527,2318,3335,2,0.4100477623,0.9991379310,0.5814624357
0.0067698727,2318,3336,2,0.4099752388,0.9991379310,0.5813895159
0.0067683305,2318,3337,2,0.4099027409,0.9991379310,0.5813166144
0.0067597772,2318,3338,2,0.4098302687,0.9991379310,0.5812437312
0.0067549767,2318,3339,2,0.4097578222,0.9991379310,0.5811708662
0.0067507299,2318,3340,2,0.4096854012,0.9991379310,0.5810980196
0.0067471243,2318,3341,2,0.4096130058,0.9991379310,0.5810251911
0.0067470092,2318,3342,2,0.4095406360,0.9991379310,0.5809523810
0.0067415340,2318,3343,2,0.4094682918,0.9991379310,0.5808795890
0.0067395740,2318,3344,2,0.4093959732,0.9991379310,0.5808068153
0.0066920393,2318,3345,2,0.4093236800,0.9991379310,0.5807340599
0.0066733328,2318,3346,2,0.4092514124,0.9991379310,0.5806613226
0.0066688336,2318,3347,2,0.4091791703,0.9991379310,0.5805886036
0.0066355849,2318,3348,2,0.4091069538,0.9991379310,0.5805159028
0.0066334475,2318,3349,2,0.4090347627,0.9991379310,0.5804432202
0.0066313613,2318,3350,2,0.4089625970,0.9991379310,0.5803705558
0.0066241096,2318,3351,2,0.4088904569,0.9991379310,0.5802979096
0.0066241026,2318,3352,2,0.4088183422,0.9991379310,0.5802252816
0.0066235443,2318,3353,2,0.4087462529,0.9991379310,0.5801526718
0.0065899026,2318,3354,2,0.4086741890,0.9991379310,0.5800800801
0.0065851128,2318,3355,2,0.4086021505,0.9991379310,0.5800075066
0.0065636090,2318,3356,2,0.4085301375,0.9991379310,0.5799349512
0.0065562683,2318,3357,2,0.4084581498,0.9991379310,0.5798624140
0.0065379762,2318,3358,2,0.4083861875,0.9991379310,0.5797898949
0.0065371832,2318,3359,2,0.4083142505,0.9991379310,0.5797173940
0.0065092109,2318,3360,2,0.4082423389,0.9991379310,0.5796449112
0.0064884904,2318,3361,2,0.4081704525,0.9991379310,0.5795724466
0.0064800838,2318,3362,2,0.4080985915,0.9991379310,0.5795000000
0.0064782226,2318,3363,2,0.4080267559,0.9991379310,0.5794275716
0.0064689210,2318,3364,2,0.4079549454,0.9991379310,0.5793551612
0.0064662369,2318,3365,2,0.4078831603,0.9991379310,0.5792827690
0.0064583318,2318,3366,2,0.4078114004,0.9991379310,0.5792103948
0.0064561786,2318,3367,2,0.4077396658,0.9991379310,0.5791380387
0.0064471313,2318,3368,2,0.4076679564,0.9991379310,0.5790657007
0.0064435769,2318,3369,2,0.4075962722,0.9991379310,0.5789933808
0.0064360779,2318,3370,2,0.4075246132,0.9991379310,0.5789210789
0.0063986350,2318,3371,2,0.4074529794,0.9991379310,0.5788487951
0.0063965404,2318,3372,2,0.4073813708,0.9991379310,0.5787765293
0.0063762013,2318,3373,2,0.4073097874,0.9991379310,0.5787042816
0.0063708196,2318,3374,2,0.4072382291,0.9991379310,0.5786320519
0.0063566752,2318,3375,2,0.4071666959,0.9991379310,0.5785598403
0.0063512479,2318,3376,2,0.4070951879,0.9991379310,0.5784876466
0.0063375705,2318,3377,2,0.4070237050,0.9991379310,0.5784154710
0.0063348622,2318,3378,2,0.4069522472,0.9991379310,0.5783433134
0.0063263802,2318,3379,2,0.4068808145,0.9991379310,0.5782711738
0.0063130544,2318,3380,2,0.4068094068,0.9991379310,0.5781990521
0.0063113170,2318,3381,2,0.4067380242,0.9991379310,0.5781269485
0.0063112420,2318,3382,2,0.4066666667,0.9991379310,0.5780548628
0.0063099861,2318,3383,2,0.4065953342,0.9991379310,0.5779827952
0.0063038897,2318,3384,2,0.4065240267,0.9991379310,0.5779107455
0.0062910677,2318,3385,2,0.4064527442,0.9991379310,0.5778387137
0.0062896041,2318,3386,2,0.4063814867,0.9991379310,0.5777666999
0.0062717302,2318,3387,2,0.4063102542,0.9991379310,0.5776947040
0.0062627024,2318,3388,2,0.4062390466,0.9991379310,0.5776227261
0.0062458804,2318,3389,2,0.4061678640,0.9991379310,0.5775507662
0.0062457975,2318,3390,2,0.4060967064,0.9991379310,0.5774788241
0.0062439009,2318,3391,2,0.4060255737,0.9991379310,0.5774069000
0.0062393071,2318,3392,2,0.4059544658,0.9991379310,0.5773349938
0.0061981604,2318,3393,2,0.4058833829,0.9991379310,0.5772631055
0.0061882492,2318,3394,2,0.4058123249,0.9991379310,0.5771912351
0.0061877011,2318,3395,2,0.4057412918,0.9991379310,0.5771193825
0.0061721969,2318,3396,2,0.4056702835,0.9991379310,0.5770475479
0.0061693401,2318,3397,2,0.4055993001,0.9991379310,0.5769757312
0.0061671068,2318,3398,2,0.4055283415,0.9991379310,0.5769039323
0.0061668144,2318,3399,2,0.4054574077,0.9991379310,0.5768321513
0.0061561246,2318,3400,2,0.4053864988,0.9991379310,0.5767603882
0.0061422819,2318,3401,2,0.4053156146,0.9991379310,0.5766886429
0.0061390894,2318,3402,2,0.4052447552,0.9991379310,0.5766169154
0.0061343205,2318,3403,2,0.4051739206,0.9991379310,0.5765452058
0.0061166296,2318,3404,2,0.4051031108,0.9991379310,0.5764735141
0.0061092717,2318,3405,2,0.4050323257,0.9991379310,0.5764018401
0.0060923342,2318,3406,2,0.4049615653,0.9991379310,0.5763301840
0.0060775569,2318,3407,2,0.4048908297,0.9991379310,0.5762585457
0.0060700551,2318,3409,2,0.4047494325,0.9991379310,0.5761153225
0.0060457224,2318,3410,2,0.4046787709,0.9991379310,0.5760437376
0.0060432381,2318,3411,2,0.4046081341,0.9991379310,0.5759721705
0.0060322247,2318,3412,2,0.4045375218,0.9991379310,0.5759006211
0.0060312757,2318,3413,2,0.4044669342,0.9991379310,0.5758290896
0.0060278862,2318,3414,2,0.4043963712,0.9991379310,0.5757575758
0.0060116197,2318,3415,2,0.4043258329,0.9991379310,0.5756860797
0.0059870314,2318,3416,2,0.4042553191,0.9991379310,0.5756146014
0.0059818774,2318,3417,2,0.4041848300,0.9991379310,0.5755431409
0.0059784171,2318,3418,2,0.4041143654,0.9991379310,0.5754716981
0.0059663011,2318,3419,2,0.4040439254,0.9991379310,0.5754002731
0.0059637278,2318,3420,2,0.4039735099,0.9991379310,0.5753288657
0.0059625665,2318,3421,2,0.4039031190,0.9991379310,0.5752574761
0.0059614470,2318,3422,2,0.4038327526,0.9991379310,0.5751861042
0.0059462478,2318,3423,2,0.4037624107,0.9991379310,0.5751147500
0.0059284777,2318,3424,2,0.4036920933,0.9991379310,0.5750434135
0.0059256516,2318,3425,2,0.4036218005,0.9991379310,0.5749720948
0.0058945268,2318,3426,2,0.4035515320,0.9991379310,0.5749007937
0.0058907727,2318,3427,2,0.4034812881,0.9991379310,0.5748295102
0.0058779586,2318,3428,2,0.4034110686,0.9991379310,0.5747582445
0.0058750529,2318,3429,2,0.4033408735,0.9991379310,0.5746869964
0.0058532278,2318,3430,2,0.4032707029,0.9991379310,0.5746157660
0.0058378149,2318,3431,2,0.4032005566,0.9991379310,0.5745445532
0.0058240606,2318,3432,2,0.4031304348,0.9991379310,0.5744733581
0.0057973159,2318,3433,2,0.4030603373,0.9991379310,0.5744021806
0.0057946593,2318,3434,2,0.4029902643,0.9991379310,0.5743310208
0.0057929307,2318,3435,2,0.4029202155,0.9991379310,0.5742598786
0.0057904846,2318,3436,2,0.4028501912,0.9991379310,0.5741887540
0.0057868627,2318,3437,2,0.4027801911,0.9991379310,0.5741176471
0.0057839057,2318,3438,2,0.4027102154,0.9991379310,0.5740465577
0.0057822829,2318,3439,2,0.4026402640,0.9991379310,0.5739754859
0.0057752174,2318,3440,2,0.4025703369,0.9991379310,0.5739044318
0.0057503362,2318,3441,2,0.4025004341,0.9991379310,0.5738333952
0.0057467446,2318,3442,2,0.4024305556,0.9991379310,0.5737623762
0.0057380814,2318,3443,2,0.4023607013,0.9991379310,0.5736913748
0.0057283337,2318,3444,2,0.4022908712,0.9991379310,0.5736203910
0.0057239798,2318,3445,2,0.4022210654,0.9991379310,0.5735494247
0.0057217712,2318,3446,2,0.4021512838,0.9991379310,0.5734784760
0.0057190810,2318,3447,2,0.4020815265,0.9991379310,0.5734075448
0.0057190647,2318,3448,2,0.4020117933,0.9991379310,0.5733366312
0.0057176109,2318,3449,2,0.4019420843,0.9991379310,0.5732657351
0.0057171239,2318,3450,2,0.4018723994,0.9991379310,0.5731948566
0.0057076174,2318,3451,2,0.4018027388,0.9991379310,0.5731239955
0.0056957714,2318,3452,2,0.4017331023,0.9991379310,0.5730531520
0.0056810463,2318,3453,2,0.4016634899,0.9991379310,0.5729823260
0.0056794463,2318,3454,2,0.4015939016,0.9991379310,0.5729115175
0.0056741540,2318,3455,2,0.4015243374,0.9991379310,0.5728407266
0.0056694751,2318,3456,2,0.4014547974,0.9991379310,0.5727699531
0.0056661349,2318,3457,2,0.4013852814,0.9991379310,0.5726991970
0.0056642680,2318,3458,2,0.4013157895,0.9991379310,0.5726284585
0.0056545166,2318,3459,2,0.4012463216,0.9991379310,0.5725577374
0.0056456709,2318,3460,2,0.4011768778,0.9991379310,0.5724870338
0.0056215292,2318,3461,2,0.4011074580,0.9991379310,0.5724163477
0.0055978769,2318,3462,2,0.4010380623,0.9991379310,0.5723456790
0.0055886870,2318,3464,2,0.4008993428,0.9991379310,0.5722043940
0.0055837501,2318,3465,2,0.4008300190,0.9991379310,0.5721337776
0.0055714967,2318,3466,2,0.4007607192,0.9991379310,0.5720631787
0.0055700806,2318,3467,2,0.4006914434,0.9991379310,0.5719925972
0.0055299313,2318,3468,2,0.4006221915,0.9991379310,0.5719220331
0.0055086836,2318,3469,2,0.4005529635,0.9991379310,0.5718514864
0.0055011762,2318,3470,2,0.4004837595,0.9991379310,0.5717809571
0.0054990733,2318,3471,2,0.4004145794,0.9991379310,0.5717104452
0.0054800543,2318,3472,2,0.4003454231,0.9991379310,0.5716399507
0.0054754512,2318,3473,2,0.4002762908,0.9991379310,0.5715694736
0.0054675965,2318,3474,2,0.4002071823,0.9991379310,0.5714990138
0.0054672314,2318,3475,2,0.4001380977,0.9991379310,0.5714285714
0.0054618409,2318,3476,2,0.4000690369,0.9991379310,0.5713581464
0.0054596299,2318,3477,2,0.4000000000,0.9991379310,0.5712877388
0.0054591456,2318,3478,2,0.3999309869,0.9991379310,0.5712173484
0.0054566399,2318,3479,2,0.3998619976,0.9991379310,0.5711469755
0.0054544276,2318,3480,2,0.3997930321,0.9991379310,0.5710766199
0.0054466156,2318,3481,2,0.3997240904,0.9991379310,0.5710062816
0.0054458282,2318,3482,2,0.3996551724,0.9991379310,0.5709359606
0.0054420931,2318,3483,2,0.3995862782,0.9991379310,0.5708656569
0.0054323045,2318,3484,2,0.3995174078,0.9991379310,0.5707953706
0.0054299915,2318,3485,2,0.3994485611,0.9991379310,0.5707251016
0.0054293037,2318,3486,2,0.3993797381,0.9991379310,0.5706548498
0.0054289000,2318,3487,2,0.3993109388,0.9991379310,0.5705846154
0.0054170899,2318,3488,2,0.3992421633,0.9991379310,0.5705143982
0.0054076435,2318,3489,2,0.3991734114,0.9991379310,0.5704441984
0.0054062586,2318,3490,2,0.3991046832,0.9991379310,0.5703740157
0.0054010316,2318,3491,2,0.3990359787,0.9991379310,0.5703038504
0.0053919964,2318,3492,2,0.3989672978,0.9991379310,0.5702337023
0.0053790207,2318,3493,2,0.3988986405,0.9991379310,0.5701635715
0.0053780316,2318,3494,2,0.3988300069,0.9991379310,0.5700934579
0.0053753997,2318,3495,2,0.3987613969,0.9991379310,0.5700233616
0.0053697433,2319,3495,1,0.3988648091,0.9995689655,0.5701991640
0.0053694677,2319,3496,1,0.3987962167,0.9995689655,0.5701290719
0.0053589758,2319,3497,1,0.3987276479,0.9995689655,0.5700589971
0.0053575886,2319,3498,1,0.3986591026,0.9995689655,0.5699889394
0.0053543295,2319,3499,1,0.3985905810,0.9995689655,0.5699188990
0.0053352513,2319,3500,1,0.3985220828,0.9995689655,0.5698488758
0.0053350967,2319,3501,1,0.3984536082,0.9995689655,0.5697788698
0.0053347321,2319,3502,1,0.3983851572,0.9995689655,0.5697088810
0.0053257751,2319,3503,1,0.3983167296,0.9995689655,0.5696389094
0.0053235502,2319,3504,1,0.3982483256,0.9995689655,0.5695689549
0.0053195627,2319,3505,1,0.3981799451,0.9995689655,0.5694990177
0.0053102076,2319,3506,1,0.3981115880,0.9995689655,0.5694290976
0.0053038066,2319,3507,1,0.3980432544,0.9995689655,0.5693591947
0.0052941805,2319,3508,1,0.3979749442,0.9995689655,0.5692893089
0.0052874847,2319,3509,1,0.3979066575,0.9995689655,0.5692194404
0.0052858493,2319,3510,1,0.3978383942,0.9995689655,0.5691495889
0.0052805650,2319,3511,1,0.3977701544,0.9995689655,0.5690797546
0.0052800807,2319,3512,1,0.3977019379,0.9995689655,0.5690099374
0.0052635726,2319,3513,1,0.3976337449,0.9995689655,0.5689401374
0.0052631390,2319,3514,1,0.3975655752,0.9995689655,0.5688703545
0.0052506188,2319,3515,1,0.3974974289,0.9995689655,0.5688005887
0.0052412455,2319,3516,1,0.3974293059,0.9995689655,0.5687308400
0.0052381312,2319,3517,1,0.3973612063,0.9995689655,0.5686611084
0.0052380394,2319,3518,1,0.3972931300,0.9995689655,0.5685913939
0.0052347309,2319,3519,1,0.3972250771,0.9995689655,0.5685216965
0.0052245306,2319,3520,1,0.3971570474,0.9995689655,0.5684520162
0.0052141077,2319,3521,1,0.3970890411,0.9995689655,0.5683823529
0.0052080760,2319,3522,1,0.3970210580,0.9995689655,0.5683127068
0.0052043274,2319,3523,1,0.3969530983,0.9995689655,0.5682430777
0.0052041044,2319,3524,1,0.3968851617,0.9995689655,0.5681734656
0.0051920838,2319,3525,1,0.3968172485,0.9995689655,0.5681038707
0.0051862919,2319,3526,1,0.3967493584,0.9995689655,0.5680342927
0.0051855198,2319,3527,1,0.3966814916,0.9995689655,0.5679647318
0.0051792706,2319,3528,1,0.3966136480,0.9995689655,0.5678951880
0.0051479517,2319,3529,1,0.3965458276,0.9995689655,0.5678256611
0.0051455740,2319,3530,1,0.3964780304,0.9995689655,0.5677561513
0.0051416080,2319,3531,1,0.3964102564,0.9995689655,0.5676866585
0.0051281448,2319,3532,1,0.3963425056,0.9995689655,0.5676171827
0.0051093791,2319,3533,1,0.3962747779,0.9995689655,0.5675477239
0.0051033762,2319,3534,1,0.3962070733,0.9995689655,0.5674782821
0.0050973706,2319,3535,1,0.3961393919,0.9995689655,0.5674088574
0.0050973683,2319,3536,1,0.3960717336,0.9995689655,0.5673394495
0.0050907582,2319,3537,1,0.3960040984,0.9995689655,0.5672700587
0.0050780829,2319,3538,1,0.3959364863,0.9995689655,0.5672006848
0.0050769118,2319,3539,1,0.3958688972,0.9995689655,0.5671313280
0.0050713918,2319,3540,1,0.3958013313,0.9995689655,0.5670619880
0.0050708875,2319,3541,1,0.3957337884,0.9995689655,0.5669926650
0.0050394167,2319,3542,1,0.3956662686,0.9995689655,0.5669233590
0.0050355210,2319,3543,1,0.3955987718,0.9995689655,0.5668540699
0.0050006476,2319,3544,1,0.3955312980,0.9995689655,0.5667847978
0.0049985787,2319,3545,1,0.3954638472,0.9995689655,0.5667155425
0.0049921232,2319,3546,1,0.3953964194,0.9995689655,0.5666463042
0.0049919756,2319,3547,1,0.3953290147,0.9995689655,0.5665770828
0.0049660043,2319,3548,1,0.3952616329,0.9995689655,0.5665078783
0.0049602608,2319,3549,1,0.3951942740,0.9995689655,0.5664386908
0.0049530878,2319,3550,1,0.3951269381,0.9995689655,0.5663695201
0.0049430742,2319,3551,1,0.3950596252,0.9995689655,0.5663003663
0.0049349149,2319,3552,1,0.3949923352,0.9995689655,0.5662312294
0.0049150353,2319,3553,1,0.3949250681,0.9995689655,0.5661621094
0.0049113217,2319,3554,1,0.3948578239,0.9995689655,0.5660930062
0.0049070329,2319,3555,1,0.3947906027,0.9995689655,0.5660239199
0.0048988024,2319,3556,1,0.3947234043,0.9995689655,0.5659548505
0.0048960671,2319,3557,1,0.3946562287,0.9995689655,0.5658857980
0.0048809987,2319,3558,1,0.3945890761,0.9995689655,0.5658167622
0.0048801834,2319,3559,1,0.3945219462,0.9995689655,0.5657477434
0.0048704897,2319,3560,1,0.3944548393,0.9995689655,0.5656787413
0.0048654173,2319,3561,1,0.3943877551,0.9995689655,0.5656097561
0.0048484295,2319,3562,1,0.3943206938,0.9995689655,0.5655407877
0.0048413002,2319,3563,1,0.3942536552,0.9995689655,0.5654718361
0.0048251702,2319,3564,1,0.3941866395,0.9995689655,0.5654029014
0.0048110704,2319,3565,1,0.3941196465,0.9995689655,0.5653339834
0.0048003900,2319,3566,1,0.3940526763,0.9995689655,0.5652650823
0.0047902842,2319,3567,1,0.3939857288,0.9995689655,0.5651961979
0.0047819666,2319,3568,1,0.3939188041,0.9995689655,0.5651273303
0.0047806483,2319,3569,1,0.3938519022,0.9995689655,0.5650584795
0.0047738221,2319,3570,1,0.3937850229,0.9995689655,0.5649896455
0.0047492255,2319,3571,1,0.3937181664,0.9995689655,0.5649208283
0.0047364007,2319,3572,1,0.3936513325,0.9995689655,0.5648520278
0.0047231014,2319,3573,1,0.3935845214,0.9995689655,0.5647832440
0.0047210618,2319,3574,1,0.3935177329,0.9995689655,0.5647144770
0.0047164462,2319,3575,1,0.3934509671,0.9995689655,0.5646457268
0.0047084843,2319,3576,1,0.3933842239,0.9995689655,0.5645769933
0.0047058593,2319,3577,1,0.3933175034,0.9995689655,0.5645082765
0.0046984497,2319,3578,1,0.3932508055,0.9995689655,0.5644395765
0.0046955748,2319,3579,1,0.3931841302,0.9995689655,0.5643708932
0.0046923980,2319,3580,1,0.3931174775,0.9995689655,0.5643022265
0.0046856352,2319,3581,1,0.3930508475,0.9995689655,0.5642335766
0.0046521858,2319,3582,1,0.3929842400,0.9995689655,0.5641649434
0.0046462496,2319,3583,1,0.3929176550,0.9995689655,0.5640963269
0.0046418724,2319,3584,1,0.3928510927,0.9995689655,0.5640277271
0.0046249614,2319,3585,1,0.3927845528,0.9995689655,0.5639591440
0.0046244585,2319,3586,1,0.3927180356,0.9995689655,0.5638905775
0.0046028565,2319,3587,1,0.3926515408,0.9995689655,0.5638220277
0.0045912387,2320,3587,0,0.3927543592,1.0000000000,0.5639965966
0.0045912191,2320,3588,0,0.3926878808,1.0000000000,0.5639280506
0.0045840070,2320,3589,0,0.3926214249,1.0000000000,0.5638595212
0.0045832307,2320,3590,0,0.3925549915,1.0000000000,0.5637910085
0.0045807865,2320,3591,0,0.3924885806,1.0000000000,0.5637225125
0.0045805778,2320,3592,0,0.3924221922,1.0000000000,0.5636540330
0.0045756954,2320,3593,0,0.3923558261,1.0000000000,0.5635855703
0.0045656869,2320,3594,0,0.3922894826,1.0000000000,0.5635171241
0.0045522875,2320,3595,0,0.3922231615,1.0000000000,0.5634486946
0.0045521534,2320,3596,0,0.3921568627,1.0000000000,0.5633802817
0.0045509473,2320,3597,0,0.3920905864,1.0000000000,0.5633118854
0.0045308163,2320,3598,0,0.3920243325,1.0000000000,0.5632435057
0.0045262501,2320,3599,0,0.3919581010,1.0000000000,0.5631751426
0.0045220759,2320,3600,0,0.3918918919,1.0000000000,0.5631067961
0.0045154416,2320,3601,0,0.3918257051,1.0000000000,0.5630384662
0.0045122337,2320,3602,0,0.3917595407,1.0000000000,0.5629701529
0.0045074858,2320,3603,0,0.3916933986,1.0000000000,0.5629018561
0.0044960915,2320,3604,0,0.3916272789,1.0000000000,0.5628335759
0.0044955900,2320,3605,0,0.3915611814,1.0000000000,0.5627653123
0.0044866554,2320,3606,0,0.3914951063,1.0000000000,0.5626970652
0.0044799745,2320,3607,0,0.3914290535,1.0000000000,0.5626288347
0.0044666496,2320,3608,0,0.3913630229,1.0000000000,0.5625606208
0.0044445805,2320,3609,0,0.3912970147,1.0000000000,0.5624924233
0.0044403793,2320,3610,0,0.3912310287,1.0000000000,0.5624242424
0.0044381493,2320,3611,0,0.3911650649,1.0000000000,0.5623560781
0.0044345623,2320,3612,0,0.3910991234,1.0000000000,0.5622879302
0.0044333655,2320,3613,0,0.3910332041,1.0000000000,0.5622197989
0.0044201803,2320,3614,0,0.3909673070,1.0000000000,0.5621516840
0.0044153649,2320,3615,0,0.3909014322,1.0000000000,0.5620835857
0.0044135898,2320,3616,0,0.3908355795,1.0000000000,0.5620155039
0.0044130222,2320,3618,0,0.3907039407,1.0000000000,0.5618793897
0.0044096299,2320,3619,0,0.3906381546,1.0000000000,0.5618113573
0.0044067251,2320,3620,0,0.3905723906,1.0000000000,0.5617433414
0.0044008959,2320,3621,0,0.3905066487,1.0000000000,0.5616753420
0.0044007287,2320,3622,0,0.3904409290,1.0000000000,0.5616073590
0.0043937610,2320,3623,0,0.3903752314,1.0000000000,0.5615393925
0.0043880055,2320,3624,0,0.3903095559,1.0000000000,0.5614714424
0.0043833856,2320,3625,0,0.3902439024,1.0000000000,0.5614035088
0.0043826941,2320,3626,0,0.3901782711,1.0000000000,0.5613355916
0.0043805228,2320,3627,0,0.3901126618,1.0000000000,0.5612676908
0.0043781945,2320,3628,0,0.3900470746,1.0000000000,0.5611998065
0.0043714149,2320,3629,0,0.3899815095,1.0000000000,0.5611319386
0.0043649902,2320,3630,0,0.3899159664,1.0000000000,0.5610640871
0.0043626763,2320,3631,0,0.3898504453,1.0000000000,0.5609962520
0.0043606926,2320,3632,0,0.3897849462,1.0000000000,0.5609284333
0.0043569608,2320,3633,0,0.3897194692,1.0000000000,0.5608606310
0.0043563019,2320,3634,0,0.3896540141,1.0000000000,0.5607928451
0.0043506669,2320,3635,0,0.3895885810,1.0000000000,0.5607250755
0.0043450091,2320,3636,0,0.3895231699,1.0000000000,0.5606573224
0.0043400247,2320,3637,0,0.3894577808,1.0000000000,0.5605895856
0.0043358556,2320,3638,0,0.3893924136,1.0000000000,0.5605218652
0.0043343571,2320,3639,0,0.3893270683,1.0000000000,0.5604541611
0.0043228366,2320,3640,0,0.3892617450,1.0000000000,0.5603864734
0.0043215067,2320,3641,0,0.3891964435,1.0000000000,0.5603188021
0.0043138196,2320,3642,0,0.3891311640,1.0000000000,0.5602511471
0.0042971387,2320,3643,0,0.3890659064,1.0000000000,0.5601835084
0.0042951973,2320,3644,0,0.3890006707,1.0000000000,0.5601158860
0.0042904154,2320,3645,0,0.3889354568,1.0000000000,0.5600482800
0.0042752963,2320,3646,0,0.3888702648,1.0000000000,0.5599806903
0.0042682304,2320,3647,0,0.3888050947,1.0000000000,0.5599131169
0.0042603882,2320,3648,0,0.3887399464,1.0000000000,0.5598455598
0.0042574606,2320,3649,0,0.3886748199,1.0000000000,0.5597780191
0.0042535849,2320,3650,0,0.3886097152,1.0000000000,0.5597104946
0.0042518727,2320,3651,0,0.3885446324,1.0000000000,0.5596429864
0.0042473534,2320,3652,0,0.3884795713,1.0000000000,0.5595754945
0.0042442284,2320,3653,0,0.3884145321,1.0000000000,0.5595080188
0.0042441478,2320,3654,0,0.3883495146,1.0000000000,0.5594405594
0.0042437771,2320,3655,0,0.3882845188,1.0000000000,0.5593731163
0.0042353948,2320,3656,0,0.3882195448,1.0000000000,0.5593056895
0.0042212727,2320,3657,0,0.3881545926,1.0000000000,0.5592382789
0.0042153075,2320,3659,0,0.3880247533,1.0000000000,0.5591035064
0.0042044851,2320,3660,0,0.3879598662,1.0000000000,0.5590361446
0.0042029279,2320,3661,0,0.3878950008,1.0000000000,0.5589687989
0.0041960925,2320,3662,0,0.3878301571,1.0000000000,0.5589014695
0.0041859774,2320,3663,0,0.3877653351,1.0000000000,0.5588341563
0.0041805324,2320,3664,0,0.3877005348,1.0000000000,0.5587668593
0.0041637481,2320,3665,0,0.3876357561,1.0000000000,0.5586995786
0.0041601709,2320,3667,0,0.3875062636,1.0000000000,0.5585650656
0.0041578957,2320,3668,0,0.3874415498,1.0000000000,0.5584978334
0.0041558594,2320,3669,0,0.3873768576,1.0000000000,0.5584306174
0.0041554165,2320,3670,0,0.3873121870,1.0000000000,0.5583634176
0.0041464842,2320,3671,0,0.3872475380,1.0000000000,0.5582962339
0.0041246386,2320,3672,0,0.3871829105,1.0000000000,0.5582290664
0.0041032149,2320,3673,0,0.3871183047,1.0000000000,0.5581619151
0.0040820269,2320,3674,0,0.3870537204,1.0000000000,0.5580947799
0.0040754550,2320,3675,0,0.3869891576,1.0000000000,0.5580276609
0.0040735295,2320,3676,0,0.3869246164,1.0000000000,0.5579605580
0.0040617539,2320,3677,0,0.3868600967,1.0000000000,0.5578934712
0.0040587187,2320,3678,0,0.3867955985,1.0000000000,0.5578264006
0.0040546921,2320,3679,0,0.3867311219,1.0000000000,0.5577593461
0.0040514572,2320,3680,0,0.3866666667,1.0000000000,0.5576923077
0.0040467973,2320,3681,0,0.3866022330,1.0000000000,0.5576252854
0.0040451176,2320,3682,0,0.3865378207,1.0000000000,0.5575582793
0.0040450757,2320,3683,0,0.3864734300,1.0000000000,0.5574912892
0.0040371874,2320,3684,0,0.3864090606,1.0000000000,0.5574243152
0.0040361835,2320,3685,0,0.3863447127,1.0000000000,0.5573573574
0.0040347287,2320,3686,0,0.3862803863,1.0000000000,0.5572904156
0.0040271650,2320,3687,0,0.3862160812,1.0000000000,0.5572234899
0.0040255985,2320,3688,0,0.3861517976,1.0000000000,0.5571565802
0.0040205913,2320,3689,0,0.3860875354,1.0000000000,0.5570896866
0.0040195258,2320,3690,0,0.3860232945,1.0000000000,0.5570228091
0.0040109470,2320,3691,0,0.3859590750,1.0000000000,0.5569559477
0.0040050172,2320,3692,0,0.3858948769,1.0000000000,0.5568891023
0.0040045213,2320,3693,0,0.3858307001,1.0000000000,0.5568222729
0.0039990856,2320,3694,0,0.3857665447,1.0000000000,0.5567554596
0.0039930912,2320,3695,0,0.3857024106,1.0000000000,0.5566886623
0.0039880183,2320,3696,0,0.3856382979,1.0000000000,0.5566218810
0.0039834562,2320,3697,0,0.3855742064,1.0000000000,0.5565551157
0.0039815386,2320,3698,0,0.3855101363,1.0000000000,0.5564883665
0.0039706118,2320,3699,0,0.3854460874,1.0000000000,0.5564216333
0.0039654216,2320,3700,0,0.3853820598,1.0000000000,0.5563549161
0.0039551840,2320,3701,0,0.3853180535,1.0000000000,0.5562882148
0.0039426861,2320,3702,0,0.3852540684,1.0000000000,0.5562215296
0.0039395085,2320,3703,0,0.3851901046,1.0000000000,0.5561548604
0.0039390628,2320,3704,0,0.3851261620,1.0000000000,0.5560882071
0.0039266655,2320,3705,0,0.3850622407,1.0000000000,0.5560215698
0.0039262162,2320,3706,0,0.3849983405,1.0000000000,0.5559549485
0.0039237482,2320,3707,0,0.3849344616,1.0000000000,0.5558883431
0.0039205812,2320,3708,0,0.3848706038,1.0000000000,0.5558217537
0.0039184028,2320,3709,0,0.3848067673,1.0000000000,0.5557551803
0.0039114044,2320,3710,0,0.3847429519,1.0000000000,0.5556886228
0.0038939682,2320,3711,0,0.3846791577,1.0000000000,0.5556220812
0.0038918599,2320,3712,0,0.3846153846,1.0000000000,0.5555555556
0.0038896278,2320,3713,0,0.3845516327,1.0000000000,0.5554890459
0.0038892068,2320,3714,0,0.3844879019,1.0000000000,0.5554225521
0.0038819052,2320,3715,0,0.3844241922,1.0000000000,0.5553560742
0.0038753506,2320,3716,0,0.3843605036,1.0000000000,0.5552896123
0.0038709093,2320,3718,0,0.3842331898,1.0000000000,0.5551567361
0.0038577961,2320,3719,0,0.3841695645,1.0000000000,0.5550903218
0.0038576790,2320,3720,0,0.3841059603,1.0000000000,0.5550239234
0.0038519660,2320,3721,0,0.3840423771,1.0000000000,0.5549575410
0.0038470328,2320,3722,0,0.3839788150,1.0000000000,0.5548911744
0.0038436137,2320,3723,0,0.3839152739,1.0000000000,0.5548248236
0.0038367694,2320,3724,0,0.3838517538,1.0000000000,0.5547584888
0.0038334979,2320,3725,0,0.3837882548,1.0000000000,0.5546921698
0.0038281276,2320,3726,0,0.3837247767,1.0000000000,0.5546258666
0.0038272350,2320,3727,0,0.3836613197,1.0000000000,0.5545595793
0.0038178549,2320,3728,0,0.3835978836,1.0000000000,0.5544933078
0.0038178186,2320,3729,0,0.3835344685,1.0000000000,0.5544270522
0.0038101822,2320,3730,0,0.3834710744,1.0000000000,0.5543608124
0.0038029151,2320,3731,0,0.3834077012,1.0000000000,0.5542945885
0.0037890305,2320,3732,0,0.3833443490,1.0000000000,0.5542283803
0.0037872456,2320,3734,0,0.3832177073,1.0000000000,0.5540960115
0.0037814567,2320,3735,0,0.3831544178,1.0000000000,0.5540298507
0.0037743857,2320,3736,0,0.3830911493,1.0000000000,0.5539637058
0.0037443263,2320,3737,0,0.3830279016,1.0000000000,0.5538975767
0.0037435584,2320,3738,0,0.3829646748,1.0000000000,0.5538314634
0.0037413398,2320,3739,0,0.3829014689,1.0000000000,0.5537653658
0.0037377868,2320,3740,0,0.3828382838,1.0000000000,0.5536992840
0.0037354750,2320,3741,0,0.3827751196,1.0000000000,0.5536332180
0.0037341358,2320,3742,0,0.3827119762,1.0000000000,0.5535671677
0.0037305627,2320,3743,0,0.3826488537,1.0000000000,0.5535011332
0.0037265669,2320,3744,0,0.3825857520,1.0000000000,0.5534351145
0.0037225592,2320,3745,0,0.3825226711,1.0000000000,0.5533691115
0.0037214663,2320,3746,0,0.3824596109,1.0000000000,0.5533031243
0.0037170777,2320,3747,0,0.3823965716,1.0000000000,0.5532371527
0.0037165494,2320,3748,0,0.3823335531,1.0000000000,0.5531711969
0.0037146553,2320,3749,0,0.3822705553,1.0000000000,0.5531052569
0.0037076969,2320,3750,0,0.3822075783,1.0000000000,0.5530393325
0.0037042899,2320,3751,0,0.3821446220,1.0000000000,0.5529734239
0.0036999579,2320,3752,0,0.3820816864,1.0000000000,0.5529075310
0.0036980673,2320,3753,0,0.3820187716,1.0000000000,0.5528416538
0.0036925585,2320,3754,0,0.3819558775,1.0000000000,0.5527757922
0.0036913550,2320,3755,0,0.3818930041,1.0000000000,0.5527099464
0.0036802026,2320,3756,0,0.3818301514,1.0000000000,0.5526441162
0.0036665990,2320,3757,0,0.3817673194,1.0000000000,0.5525783018
0.0036585110,2320,3758,0,0.3817045081,1.0000000000,0.5525125030
0.0036575103,2320,3759,0,0.3816417174,1.0000000000,0.5524467198
0.0036543801,2320,3760,0,0.3815789474,1.0000000000,0.5523809524
0.0036453009,2320,3761,0,0.3815161980,1.0000000000,0.5523152006
0.0036430329,2320,3762,0,0.3814534693,1.0000000000,0.5522494644
0.0036383697,2320,3763,0,0.3813907611,1.0000000000,0.5521837439
0.0036374533,2320,3764,0,0.3813280736,1.0000000000,0.5521180390
0.0036327115,2320,3765,0,0.3812654067,1.0000000000,0.5520523498
0.0036304956,2320,3766,0,0.3812027604,1.0000000000,0.5519866762
0.0036259573,2320,3767,0,0.3811401347,1.0000000000,0.5519210182
0.0036088717,2320,3768,0,0.3810775296,1.0000000000,0.5518553758
0.0036088477,2320,3769,0,0.3810149450,1.0000000000,0.5517897491
0.0036040873,2320,3770,0,0.3809523810,1.0000000000,0.5517241379
0.0036018689,2320,3771,0,0.3808898375,1.0000000000,0.5516585424
0.0035909452,2320,3772,0,0.3808273145,1.0000000000,0.5515929624
0.0035834303,2320,3773,0,0.3807648121,1.0000000000,0.5515273981
0.0035824582,2320,3774,0,0.3807023302,1.0000000000,0.5514618493
0.0035736491,2320,3775,0,0.3806398687,1.0000000000,0.5513963161
0.0035719359,2320,3776,0,0.3805774278,1.0000000000,0.5513307985
0.0035704344,2320,3777,0,0.3805150074,1.0000000000,0.5512652964
0.0035649166,2320,3778,0,0.3804526074,1.0000000000,0.5511998099
0.0035643883,2320,3779,0,0.3803902279,1.0000000000,0.5511343390
0.0035589631,2320,3780,0,0.3803278689,1.0000000000,0.5510688836
0.0035492124,2320,3781,0,0.3802655302,1.0000000000,0.5510034438
0.0035484873,2320,3782,0,0.3802032121,1.0000000000,0.5509380195
0.0035439697,2320,3783,0,0.3801409143,1.0000000000,0.5508726107
0.0035409585,2320,3784,0,0.3800786370,1.0000000000,0.5508072175
0.0035409436,2320,3785,0,0.3800163800,1.0000000000,0.5507418398
0.0035398076,2320,3786,0,0.3799541435,1.0000000000,0.5506764776
0.0035311934,2320,3787,0,0.3798919273,1.0000000000,0.5506111309
0.0035307775,2320,3788,0,0.3798297315,1.0000000000,0.5505457997
0.0035248569,2320,3789,0,0.3797675561,1.0000000000,0.5504804840
0.0035104377,2320,3790,0,0.3797054010,1.0000000000,0.5504151839
0.0035048788,2320,3791,0,0.3796432662,1.0000000000,0.5503498992
0.0034982846,2320,3792,0,0.3795811518,1.0000000000,0.5502846300
0.0034850568,2320,3793,0,0.3795190577,1.0000000000,0.5502193763
0.0034835895,2320,3794,0,0.3794569840,1.0000000000,0.5501541380
0.0034790868,2320,3795,0,0.3793949305,1.0000000000,0.5500889152
0.0034781347,2320,3796,0,0.3793328973,1.0000000000,0.5500237079
0.0034715864,2320,3797,0,0.3792708844,1.0000000000,0.5499585161
0.0034660823,2320,3798,0,0.3792088918,1.0000000000,0.5498933397
0.0034615116,2320,3799,0,0.3791469194,1.0000000000,0.5498281787
0.0034586440,2320,3800,0,0.3790849673,1.0000000000,0.5497630332
0.0034544098,2320,3801,0,0.3790230355,1.0000000000,0.5496979031
0.0034395694,2320,3802,0,0.3789611238,1.0000000000,0.5496327884
0.0034352115,2320,3803,0,0.3788992324,1.0000000000,0.5495676892
0.0034236296,2320,3804,0,0.3788373612,1.0000000000,0.5495026054
0.0034230000,2320,3805,0,0.3787755102,1.0000000000,0.5494375370
0.0034134488,2320,3806,0,0.3787136794,1.0000000000,0.5493724840
0.0034067754,2320,3807,0,0.3786518688,1.0000000000,0.5493074464
0.0034030201,2320,3808,0,0.3785900783,1.0000000000,0.5492424242
0.0033944517,2320,3809,0,0.3785283080,1.0000000000,0.5491774174
0.0033887716,2320,3810,0,0.3784665579,1.0000000000,0.5491124260
0.0033852146,2320,3811,0,0.3784048279,1.0000000000,0.5490474500
0.0033842882,2320,3812,0,0.3783431181,1.0000000000,0.5489824894
0.0033769575,2320,3813,0,0.3782814283,1.0000000000,0.5489175441
0.0033751028,2320,3814,0,0.3782197587,1.0000000000,0.5488526141
0.0033692678,2320,3815,0,0.3781581092,1.0000000000,0.5487876996
0.0033692166,2320,3816,0,0.3780964798,1.0000000000,0.5487228004
0.0033637786,2320,3817,0,0.3780348705,1.0000000000,0.5486579165
0.0033625623,2320,3818,0,0.3779732812,1.0000000000,0.5485930480
0.0033598931,2320,3819,0,0.3779117120,1.0000000000,0.5485281948
0.0033512707,2320,3820,0,0.3778501629,1.0000000000,0.5484633570
0.0033508213,2320,3821,0,0.3777886338,1.0000000000,0.5483985345
0.0033498565,2320,3822,0,0.3777271247,1.0000000000,0.5483337273
0.0033455831,2320,3823,0,0.3776656357,1.0000000000,0.5482689354
0.0033387754,2320,3824,0,0.3776041667,1.0000000000,0.5482041588
0.0033283872,2320,3825,0,0.3775427177,1.0000000000,0.5481393975
0.0033249140,2320,3826,0,0.3774812886,1.0000000000,0.5480746515
0.0033230563,2320,3827,0,0.3774198796,1.0000000000,0.5480099209
0.0033212733,2320,3828,0,0.3773584906,1.0000000000,0.5479452055
0.0033175380,2320,3829,0,0.3772971215,1.0000000000,0.5478805054
0.0033174891,2320,3830,0,0.3772357724,1.0000000000,0.5478158205
0.0033174024,2320,3831,0,0.3771744432,1.0000000000,0.5477511510
0.0033122150,2320,3832,0,0.3771131339,1.0000000000,0.5476864967
0.0033087472,2320,3833,0,0.3770518446,1.0000000000,0.5476218577
0.0033087360,2320,3834,0,0.3769905752,1.0000000000,0.5475572339
0.0033086087,2320,3835,0,0.3769293258,1.0000000000,0.5474926254
0.0033053868,2320,3836,0,0.3768680962,1.0000000000,0.5474280321
0.0033006521,2320,3837,0,0.3768068865,1.0000000000,0.5473634541
0.0033002004,2320,3838,0,0.3767456967,1.0000000000,0.5472988912
0.0032945431,2320,3839,0,0.3766845267,1.0000000000,0.5472343437
0.0032908735,2320,3840,0,0.3766233766,1.0000000000,0.5471698113
0.0032894551,2320,3841,0,0.3765622464,1.0000000000,0.5471052942
0.0032837819,2320,3842,0,0.3765011360,1.0000000000,0.5470407923
0.0032736189,2320,3843,0,0.3764400454,1.0000000000,0.5469763056
0.0032701730,2320,3844,0,0.3763789747,1.0000000000,0.5469118340
0.0032667923,2320,3845,0,0.3763179238,1.0000000000,0.5468473777
0.0032659108,2320,3846,0,0.3762568926,1.0000000000,0.5467829366
0.0032647855,2320,3847,0,0.3761958813,1.0000000000,0.5467185107
0.0032644502,2320,3848,0,0.3761348898,1.0000000000,0.5466540999
0.0032630574,2320,3849,0,0.3760739180,1.0000000000,0.5465897043
0.0032629939,2320,3850,0,0.3760129660,1.0000000000,0.5465253239
0.0032621752,2320,3851,0,0.3759520337,1.0000000000,0.5464609587
0.0032468415,2320,3852,0,0.3758911212,1.0000000000,0.5463966086
0.0032467716,2320,3853,0,0.3758302284,1.0000000000,0.5463322736
0.0032459293,2320,3854,0,0.3757693554,1.0000000000,0.5462679538
0.0032450056,2320,3855,0,0.3757085020,1.0000000000,0.5462036492
0.0032408242,2320,3856,0,0.3756476684,1.0000000000,0.5461393597
0.0032374770,2320,3857,0,0.3755868545,1.0000000000,0.5460750853
0.0032322789,2320,3858,0,0.3755260602,1.0000000000,0.5460108261
0.0032295098,2320,3859,0,0.3754652856,1.0000000000,0.5459465820
0.0032253852,2320,3860,0,0.3754045307,1.0000000000,0.5458823529
0.0032233391,2320,3861,0,0.3753437955,1.0000000000,0.5458181390
0.0032179018,2320,3862,0,0.3752830799,1.0000000000,0.5457539402
0.0032129041,2320,3863,0,0.3752223840,1.0000000000,0.5456897566
0.0032106510,2320,3864,0,0.3751617076,1.0000000000,0.5456255880
0.0032086526,2320,3865,0,0.3751010509,1.0000000000,0.5455614345
0.0032055490,2320,3866,0,0.3750404138,1.0000000000,0.5454972960
0.0032049729,2320,3867,0,0.3749797963,1.0000000000,0.5454331727
0.0032020847,2320,3868,0,0.3749191984,1.0000000000,0.5453690644
0.0031998528,2320,3869,0,0.3748586201,1.0000000000,0.5453049712
0.0031983443,2320,3870,0,0.3747980614,1.0000000000,0.5452408931
0.0031894436,2320,3871,0,0.3747375222,1.0000000000,0.5451768300
0.0031887232,2320,3872,0,0.3746770026,1.0000000000,0.5451127820
0.0031833234,2320,3873,0,0.3746165025,1.0000000000,0.5450487490
0.0031799327,2320,3874,0,0.3745560220,1.0000000000,0.5449847310
0.0031789974,2320,3875,0,0.3744955609,1.0000000000,0.5449207281
0.0031736512,2320,3876,0,0.3744351194,1.0000000000,0.5448567403
0.0031634022,2320,3877,0,0.3743746974,1.0000000000,0.5447927674
0.0031625617,2320,3878,0,0.3743142949,1.0000000000,0.5447288096
0.0031610772,2320,3879,0,0.3742539119,1.0000000000,0.5446648668
0.0031594788,2320,3880,0,0.3741935484,1.0000000000,0.5446009390
0.0031577460,2320,3881,0,0.3741332043,1.0000000000,0.5445370262
0.0031544862,2320,3882,0,0.3740728797,1.0000000000,0.5444731284
0.0031533572,2320,3883,0,0.3740125746,1.0000000000,0.5444092456
0.0031490731,2320,3884,0,0.3739522888,1.0000000000,0.5443453778
0.0031478012,2320,3886,0,0.3738317757,1.0000000000,0.5442176871
0.0031450987,2320,3887,0,0.3737715483,1.0000000000,0.5441538642
0.0031415173,2320,3889,0,0.3736511516,1.0000000000,0.5440262633
0.0031307109,2320,3890,0,0.3735909823,1.0000000000,0.5439624853
0.0031293167,2320,3891,0,0.3735308324,1.0000000000,0.5438987223
0.0031279693,2320,3892,0,0.3734707019,1.0000000000,0.5438349742
0.0031248811,2320,3893,0,0.3734105907,1.0000000000,0.5437712411
0.0031168158,2320,3894,0,0.3733504989,1.0000000000,0.5437075228
0.0031118500,2320,3895,0,0.3732904264,1.0000000000,0.5436438196
0.0031059461,2320,3896,0,0.3732303732,1.0000000000,0.5435801312
0.0031029361,2320,3897,0,0.3731703394,1.0000000000,0.5435164578
0.0031027559,2320,3898,0,0.3731103249,1.0000000000,0.5434527993
0.0030988720,2320,3899,0,0.3730503296,1.0000000000,0.5433891556
0.0030932485,2320,3900,0,0.3729903537,1.0000000000,0.5433255269
0.0030867280,2320,3901,0,0.3729303970,1.0000000000,0.5432619131
0.0030841394,2320,3902,0,0.3728704597,1.0000000000,0.5431983142
0.0030819746,2320,3903,0,0.3728105415,1.0000000000,0.5431347302
0.0030800984,2320,3904,0,0.3727506427,1.0000000000,0.5430711610
0.0030784619,2320,3905,0,0.3726907631,1.0000000000,0.5430076068
0.0030616552,2320,3906,0,0.3726309027,1.0000000000,0.5429440674
0.0030598682,2320,3907,0,0.3725710615,1.0000000000,0.5428805429
0.0030590221,2320,3908,0,0.3725112396,1.0000000000,0.5428170332
0.0030548570,2320,3909,0,0.3724514368,1.0000000000,0.5427535384
0.0030533369,2320,3910,0,0.3723916533,1.0000000000,0.5426900585
0.0030440788,2320,3911,0,0.3723318889,1.0000000000,0.5426265934
0.0030423412,2320,3912,0,0.3722721438,1.0000000000,0.5425631431
0.0030417033,2320,3913,0,0.3722124178,1.0000000000,0.5424997077
0.0030411729,2320,3914,0,0.3721527109,1.0000000000,0.5424362871
0.0030393780,2320,3915,0,0.3720930233,1.0000000000,0.5423728814
0.0030362504,2320,3916,0,0.3720333547,1.0000000000,0.5423094904
0.0030281418,2320,3917,0,0.3719737053,1.0000000000,0.5422461143
0.0030245006,2320,3918,0,0.3719140750,1.0000000000,0.5421827530
0.0030222237,2320,3919,0,0.3718544639,1.0000000000,0.5421194065
0.0030138073,2320,3920,0,0.3717948718,1.0000000000,0.5420560748
0.0030137412,2320,3921,0,0.3717352988,1.0000000000,0.5419927579
0.0030110518,2320,3922,0,0.3716757450,1.0000000000,0.5419294557
0.0030110490,2320,3923,0,0.3716162102,1.0000000000,0.5418661684
0.0030098597,2320,3924,0,0.3715566944,1.0000000000,0.5418028958
0.0030088816,2320,3925,0,0.3714971978,1.0000000000,0.5417396381
0.0029992284,2320,3926,0,0.3714377201,1.0000000000,0.5416763951
0.0029990405,2320,3927,0,0.3713782616,1.0000000000,0.5416131668
0.0029987893,2320,3928,0,0.3713188220,1.0000000000,0.5415499533
0.0029937781,2320,3929,0,0.3712594015,1.0000000000,0.5414867546
0.0029898351,2320,3930,0,0.3712000000,1.0000000000,0.5414235706
0.0029860225,2320,3931,0,0.3711406175,1.0000000000,0.5413604014
0.0029855175,2320,3932,0,0.3710812540,1.0000000000,0.5412972469
0.0029833294,2320,3933,0,0.3710219095,1.0000000000,0.5412341071
0.0029804616,2320,3934,0,0.3709625839,1.0000000000,0.5411709820
0.0029787363,2320,3935,0,0.3709032774,1.0000000000,0.5411078717
0.0029738520,2320,3936,0,0.3708439898,1.0000000000,0.5410447761
0.0029704862,2320,3937,0,0.3707847211,1.0000000000,0.5409816952
0.0029677290,2320,3938,0,0.3707254714,1.0000000000,0.5409186291
0.0029660112,2320,3939,0,0.3706662406,1.0000000000,0.5408555776
0.0029638291,2320,3940,0,0.3706070288,1.0000000000,0.5407925408
0.0029572912,2320,3941,0,0.3705478358,1.0000000000,0.5407295187
0.0029571943,2320,3942,0,0.3704886618,1.0000000000,0.5406665113
0.0029555636,2320,3943,0,0.3704295066,1.0000000000,0.5406035186
0.0029544230,2320,3944,0,0.3703703704,1.0000000000,0.5405405405
0.0029536770,2320,3945,0,0.3703112530,1.0000000000,0.5404775772
0.0029526309,2320,3946,0,0.3702521545,1.0000000000,0.5404146285
0.0029514213,2320,3947,0,0.3701930748,1.0000000000,0.5403516944
0.0029491547,2320,3948,0,0.3701340140,1.0000000000,0.5402887750
0.0029490998,2320,3949,0,0.3700749721,1.0000000000,0.5402258703
0.0029395600,2320,3950,0,0.3700159490,1.0000000000,0.5401629802
0.0029314626,2320,3951,0,0.3699569447,1.0000000000,0.5401001048
0.0029299187,2320,3952,0,0.3698979592,1.0000000000,0.5400372439
0.0029284479,2320,3953,0,0.3698389925,1.0000000000,0.5399743978
0.0029156171,2320,3954,0,0.3697800446,1.0000000000,0.5399115662
0.0029137374,2320,3955,0,0.3697211155,1.0000000000,0.5398487493
0.0029121477,2320,3956,0,0.3696622052,1.0000000000,0.5397859470
0.0029083206,2320,3957,0,0.3696033137,1.0000000000,0.5397231592
0.0029051367,2320,3958,0,0.3695444409,1.0000000000,0.5396603861
0.0029021406,2320,3959,0,0.3694855869,1.0000000000,0.5395976276
0.0028964407,2320,3960,0,0.3694267516,1.0000000000,0.5395348837
0.0028922614,2320,3961,0,0.3693679350,1.0000000000,0.5394721544
0.0028922188,2320,3962,0,0.3693091372,1.0000000000,0.5394094397
0.0028904164,2320,3963,0,0.3692503581,1.0000000000,0.5393467395
0.0028880374,2320,3964,0,0.3691915977,1.0000000000,0.5392840539
0.0028835917,2320,3965,0,0.3691328560,1.0000000000,0.5392213829
0.0028777786,2320,3966,0,0.3690741330,1.0000000000,0.5391587265
0.0028767174,2320,3967,0,0.3690154287,1.0000000000,0.5390960846
0.0028690512,2320,3968,0,0.3689567430,1.0000000000,0.5390334572
0.0028664048,2320,3969,0,0.3688980760,1.0000000000,0.5389708445
0.0028633170,2320,3970,0,0.3688394277,1.0000000000,0.5389082462
0.0028458226,2320,3971,0,0.3687807980,1.0000000000,0.5388456625
0.0028451909,2320,3972,0,0.3687221869,1.0000000000,0.5387830934
0.0028445146,2320,3973,0,0.3686635945,1.0000000000,0.5387205387
0.0028408181,2320,3974,0,0.3686050207,1.0000000000,0.5386579986
0.0028393203,2320,3975,0,0.3685464654,1.0000000000,0.5385954730
0.0028385213,2320,3976,0,0.3684879288,1.0000000000,0.5385329619
0.0028379520,2320,3977,0,0.3684294108,1.0000000000,0.5384704654
0.0028357529,2320,3978,0,0.3683709114,1.0000000000,0.5384079833
0.0028337878,2320,3979,0,0.3683124305,1.0000000000,0.5383455157
0.0028296651,2320,3980,0,0.3682539683,1.0000000000,0.5382830626
0.0028175253,2320,3981,0,0.3681955245,1.0000000000,0.5382206241
0.0028120033,2320,3982,0,0.3681370993,1.0000000000,0.5381582000
0.0028101960,2320,3983,0,0.3680786927,1.0000000000,0.5380957903
0.0028021527,2320,3984,0,0.3680203046,1.0000000000,0.5380333952
0.0027997100,2320,3985,0,0.3679619350,1.0000000000,0.5379710145
0.0027996087,2320,3986,0,0.3679035839,1.0000000000,0.5379086483
0.0027903933,2320,3987,0,0.3678452513,1.0000000000,0.5378462965
0.0027855304,2320,3988,0,0.3677869372,1.0000000000,0.5377839592
0.0027845812,2320,3990,0,0.3676703645,1.0000000000,0.5376593279
0.0027841930,2320,3991,0,0.3676121058,1.0000000000,0.5375970339
0.0027838096,2320,3992,0,0.3675538657,1.0000000000,0.5375347544
0.0027820123,2320,3993,0,0.3674956439,1.0000000000,0.5374724893
0.0027817346,2320,3994,0,0.3674374406,1.0000000000,0.5374102386
0.0027791827,2320,3995,0,0.3673792557,1.0000000000,0.5373480023
0.0027778749,2320,3996,0,0.3673210893,1.0000000000,0.5372857805
0.0027776132,2320,3997,0,0.3672629413,1.0000000000,0.5372235730
0.0027753755,2320,3998,0,0.3672048116,1.0000000000,0.5371613799
0.0027648676,2320,3999,0,0.3671467004,1.0000000000,0.5370992013
0.0027593223,2320,4000,0,0.3670886076,1.0000000000,0.5370370370
0.0027575593,2320,4001,0,0.3670305331,1.0000000000,0.5369748872
0.0027516771,2320,4002,0,0.3669724771,1.0000000000,0.5369127517
0.0027510922,2320,4003,0,0.3669144393,1.0000000000,0.5368506306
0.0027475255,2320,4004,0,0.3668564200,1.0000000000,0.5367885238
0.0027446500,2320,4005,0,0.3667984190,1.0000000000,0.5367264315
0.0027424556,2320,4006,0,0.3667404363,1.0000000000,0.5366643535
0.0027408702,2320,4007,0,0.3666824719,1.0000000000,0.5366022898
0.0027175946,2320,4008,0,0.3666245259,1.0000000000,0.5365402405
0.0027140484,2320,4009,0,0.3665665982,1.0000000000,0.5364782056
0.0027140081,2320,4010,0,0.3665086888,1.0000000000,0.5364161850
0.0027132775,2320,4011,0,0.3664507977,1.0000000000,0.5363541787
0.0027108649,2320,4012,0,0.3663929248,1.0000000000,0.5362921868
0.0027063088,2320,4013,0,0.3663350703,1.0000000000,0.5362302092
0.0026979053,2320,4014,0,0.3662772340,1.0000000000,0.5361682459
0.0026951674,2320,4015,0,0.3662194159,1.0000000000,0.5361062969
0.0026944089,2320,4016,0,0.3661616162,1.0000000000,0.5360443623
0.0026883241,2320,4017,0,0.3661038346,1.0000000000,0.5359824420
0.0026857799,2320,4018,0,0.3660460713,1.0000000000,0.5359205359
0.0026622985,2320,4019,0,0.3659883262,1.0000000000,0.5358586442
0.0026621821,2320,4020,0,0.3659305994,1.0000000000,0.5357967667
0.0026577348,2320,4021,0,0.3658728907,1.0000000000,0.5357349036
0.0026411354,2320,4022,0,0.3658152003,1.0000000000,0.5356730547
0.0026401095,2320,4023,0,0.3657575280,1.0000000000,0.5356112201
0.0026349854,2320,4024,0,0.3656998739,1.0000000000,0.5355493998
0.0026345244,2320,4025,0,0.3656422380,1.0000000000,0.5354875938
0.0026330347,2320,4026,0,0.3655846202,1.0000000000,0.5354258020
0.0026318531,2320,4027,0,0.3655270206,1.0000000000,0.5353640245
0.0026307479,2320,4028,0,0.3654694392,1.0000000000,0.5353022612
0.0026279632,2320,4029,0,0.3654118759,1.0000000000,0.5352405122
0.0026230947,2320,4030,0,0.3653543307,1.0000000000,0.5351787774
0.0026230149,2320,4031,0,0.3652968037,1.0000000000,0.5351170569
0.0026217576,2320,4032,0,0.3652392947,1.0000000000,0.5350553506
0.0026140283,2320,4033,0,0.3651818039,1.0000000000,0.5349936585
0.0026101612,2320,4034,0,0.3651243311,1.0000000000,0.5349319806
0.0026039726,2320,4035,0,0.3650668765,1.0000000000,0.5348703170
0.0026011423,2320,4036,0,0.3650094399,1.0000000000,0.5348086676
0.0026001537,2320,4037,0,0.3649520214,1.0000000000,0.5347470324
0.0025978063,2320,4038,0,0.3648946209,1.0000000000,0.5346854114
0.0025967753,2320,4039,0,0.3648372386,1.0000000000,0.5346238046
0.0025913613,2320,4040,0,0.3647798742,1.0000000000,0.5345622120
0.0025819279,2320,4041,0,0.3647225279,1.0000000000,0.5345006336
0.0025806809,2320,4042,0,0.3646651996,1.0000000000,0.5344390693
0.0025617930,2320,4043,0,0.3646078894,1.0000000000,0.5343775193
0.0025485577,2320,4044,0,0.3645505971,1.0000000000,0.5343159834
0.0025444538,2320,4045,0,0.3644933229,1.0000000000,0.5342544617
0.0025379816,2320,4046,0,0.3644360666,1.0000000000,0.5341929542
0.0025308728,2320,4047,0,0.3643788283,1.0000000000,0.5341314608
0.0025300449,2320,4049,0,0.3642644057,1.0000000000,0.5340085165
0.0025284763,2320,4051,0,0.3641500549,1.0000000000,0.5338856288
0.0025273222,2320,4052,0,0.3640929065,1.0000000000,0.5338242062
0.0025266716,2320,4053,0,0.3640357759,1.0000000000,0.5337627977
0.0025256875,2320,4054,0,0.3639786633,1.0000000000,0.5337014033
0.0025096342,2320,4055,0,0.3639215686,1.0000000000,0.5336400230
0.0025043162,2320,4056,0,0.3638644918,1.0000000000,0.5335786569
0.0024998148,2320,4057,0,0.3638074330,1.0000000000,0.5335173048
0.0024965841,2320,4058,0,0.3637503920,1.0000000000,0.5334559669
0.0024952453,2320,4059,0,0.3636933689,1.0000000000,0.5333946431
0.0024950895,2320,4060,0,0.3636363636,1.0000000000,0.5333333333
0.0024908565,2320,4061,0,0.3635793763,1.0000000000,0.5332720377
0.0024900723,2320,4062,0,0.3635224068,1.0000000000,0.5332107561
0.0024897524,2320,4063,0,0.3634654551,1.0000000000,0.5331494887
0.0024883980,2320,4064,0,0.3634085213,1.0000000000,0.5330882353
0.0024866515,2320,4065,0,0.3633516053,1.0000000000,0.5330269960
0.0024860601,2320,4066,0,0.3632947072,1.0000000000,0.5329657707
0.0024845742,2320,4067,0,0.3632378268,1.0000000000,0.5329045595
0.0024825768,2320,4068,0,0.3631809643,1.0000000000,0.5328433624
0.0024784964,2320,4069,0,0.3631241196,1.0000000000,0.5327821794
0.0024724444,2320,4070,0,0.3630672926,1.0000000000,0.5327210103
0.0024633808,2320,4071,0,0.3630104835,1.0000000000,0.5326598554
0.0024630108,2320,4072,0,0.3629536921,1.0000000000,0.5325987144
0.0024568550,2320,4073,0,0.3628969185,1.0000000000,0.5325375875
0.0024402833,2320,4074,0,0.3628401627,1.0000000000,0.5324764746
0.0024378854,2320,4075,0,0.3627834246,1.0000000000,0.5324153758
0.0024257845,2320,4076,0,0.3627267042,1.0000000000,0.5323542910
0.0024227118,2320,4077,0,0.3626700016,1.0000000000,0.5322932201
0.0024084675,2320,4078,0,0.3626133167,1.0000000000,0.5322321633
0.0024024290,2320,4079,0,0.3625566495,1.0000000000,0.5321711205
0.0023925470,2320,4080,0,0.3625000000,1.0000000000,0.5321100917
0.0023902445,2320,4081,0,0.3624433682,1.0000000000,0.5320490769
0.0023882475,2320,4082,0,0.3623867541,1.0000000000,0.5319880761
0.0023789711,2320,4083,0,0.3623301577,1.0000000000,0.5319270893
0.0023711154,2320,4084,0,0.3622735790,1.0000000000,0.5318661165
0.0023646455,2320,4085,0,0.3622170180,1.0000000000,0.5318051576
0.0023642662,2320,4086,0,0.3621604746,1.0000000000,0.5317442127
0.0023601211,2320,4087,0,0.3621039488,1.0000000000,0.5316832818
0.0023596380,2320,4088,0,0.3620474407,1.0000000000,0.5316223648
0.0023531970,2320,4089,0,0.3619909502,1.0000000000,0.5315614618
0.0023490924,2320,4090,0,0.3619344774,1.0000000000,0.5315005727
0.0023477003,2320,4091,0,0.3618780221,1.0000000000,0.5314396976
0.0023443766,2320,4092,0,0.3618215845,1.0000000000,0.5313788365
0.0023420257,2320,4093,0,0.3617651645,1.0000000000,0.5313179892
0.0023375989,2320,4094,0,0.3617087621,1.0000000000,0.5312571559
0.0023375934,2320,4095,0,0.3616523772,1.0000000000,0.5311963366
0.0023347971,2320,4096,0,0.3615960100,1.0000000000,0.5311355311
0.0023294918,2320,4097,0,0.3615396603,1.0000000000,0.5310747396
0.0023265667,2320,4098,0,0.3614833281,1.0000000000,0.5310139620
0.0023239010,2320,4099,0,0.3614270136,1.0000000000,0.5309531983
0.0023201939,2320,4100,0,0.3613707165,1.0000000000,0.5308924485
0.0022981360,2320,4101,0,0.3613144370,1.0000000000,0.5308317126
0.0022970790,2320,4102,0,0.3612581750,1.0000000000,0.5307709906
0.0022834244,2320,4103,0,0.3612019306,1.0000000000,0.5307102825
0.0022822372,2320,4104,0,0.3611457036,1.0000000000,0.5306495883
0.0022750271,2320,4105,0,0.3610894942,1.0000000000,0.5305889079
0.0022736897,2320,4106,0,0.3610333022,1.0000000000,0.5305282415
0.0022717784,2320,4107,0,0.3609771277,1.0000000000,0.5304675889
0.0022688617,2320,4108,0,0.3609209708,1.0000000000,0.5304069502
0.0022663514,2320,4109,0,0.3608648312,1.0000000000,0.5303463253
0.0022579536,2320,4110,0,0.3608087092,1.0000000000,0.5302857143
0.0022563932,2320,4111,0,0.3607526046,1.0000000000,0.5302251171
0.0022554651,2320,4112,0,0.3606965174,1.0000000000,0.5301645338
0.0022518474,2320,4113,0,0.3606404477,1.0000000000,0.5301039644
0.0022507568,2320,4114,0,0.3605843954,1.0000000000,0.5300434087
0.0022448718,2320,4115,0,0.3605283605,1.0000000000,0.5299828669
0.0022438897,2320,4116,0,0.3604723431,1.0000000000,0.5299223390
0.0022429503,2320,4117,0,0.3604163430,1.0000000000,0.5298618248
0.0022371323,2320,4118,0,0.3603603604,1.0000000000,0.5298013245
0.0022321227,2320,4119,0,0.3603043951,1.0000000000,0.5297408380
0.0022263932,2320,4120,0,0.3602484472,1.0000000000,0.5296803653
0.0022248302,2320,4121,0,0.3601925167,1.0000000000,0.5296199064
0.0021945878,2320,4122,0,0.3601366035,1.0000000000,0.5295594613
0.0021945687,2320,4123,0,0.3600807077,1.0000000000,0.5294990300
0.0021901357,2320,4124,0,0.3600248293,1.0000000000,0.5294386125
0.0021899755,2320,4125,0,0.3599689682,1.0000000000,0.5293782088
0.0021773225,2320,4126,0,0.3599131244,1.0000000000,0.5293178188
0.0021732741,2320,4127,0,0.3598572980,1.0000000000,0.5292574427
0.0021686647,2320,4128,0,0.3598014888,1.0000000000,0.5291970803
0.0021559545,2320,4129,0,0.3597456970,1.0000000000,0.5291367317
0.0021514294,2320,4130,0,0.3596899225,1.0000000000,0.5290763968
0.0021355900,2320,4131,0,0.3596341652,1.0000000000,0.5290160757
0.0021332745,2320,4132,0,0.3595784253,1.0000000000,0.5289557684
0.0021214879,2320,4133,0,0.3595227026,1.0000000000,0.5288954748
0.0021206967,2320,4134,0,0.3594669972,1.0000000000,0.5288351949
0.0021172713,2320,4135,0,0.3594113091,1.0000000000,0.5287749288
0.0021128894,2320,4136,0,0.3593556382,1.0000000000,0.5287146764
0.0021086873,2320,4137,0,0.3592999845,1.0000000000,0.5286544377
0.0021085257,2320,4138,0,0.3592443481,1.0000000000,0.5285942128
0.0021080843,2320,4139,0,0.3591887289,1.0000000000,0.5285340016
0.0021043262,2320,4140,0,0.3591331269,1.0000000000,0.5284738041
0.0021039997,2320,4141,0,0.3590775422,1.0000000000,0.5284136203
0.0020826347,2320,4142,0,0.3590219746,1.0000000000,0.5283534502
0.0020798894,2320,4143,0,0.3589664243,1.0000000000,0.5282932939
0.0020780188,2320,4144,0,0.3589108911,1.0000000000,0.5282331512
0.0020772319,2320,4145,0,0.3588553751,1.0000000000,0.5281730222
0.0020726367,2320,4146,0,0.3587998763,1.0000000000,0.5281129069
0.0020613570,2320,4147,0,0.3587443946,1.0000000000,0.5280528053
0.0020536480,2320,4148,0,0.3586889301,1.0000000000,0.5279927173
0.0020423334,2320,4149,0,0.3586334828,1.0000000000,0.5279326431
0.0020404155,2320,4150,0,0.3585780526,1.0000000000,0.5278725825
0.0020387035,2320,4151,0,0.3585226395,1.0000000000,0.5278125355
0.0020362060,2320,4152,0,0.3584672435,1.0000000000,0.5277525023
0.0020227770,2320,4153,0,0.3584118647,1.0000000000,0.5276924827
0.0020184375,2320,4154,0,0.3583565029,1.0000000000,0.5276324767
0.0020171334,2320,4155,0,0.3583011583,1.0000000000,0.5275724844
0.0020158477,2320,4156,0,0.3582458308,1.0000000000,0.5275125057
0.0020069468,2320,4157,0,0.3581905203,1.0000000000,0.5274525406
0.0019860156,2320,4158,0,0.3581352269,1.0000000000,0.5273925892
0.0019849194,2320,4159,0,0.3580799506,1.0000000000,0.5273326514
0.0019821313,2320,4160,0,0.3580246914,1.0000000000,0.5272727273
0.0019816086,2320,4161,0,0.3579694492,1.0000000000,0.5272128167
0.0019718101,2320,4162,0,0.3579142240,1.0000000000,0.5271529198
0.0019708972,2320,4163,0,0.3578590159,1.0000000000,0.5270930365
0.0019624282,2320,4164,0,0.3578038248,1.0000000000,0.5270331667
0.0019558279,2320,4165,0,0.3577486507,1.0000000000,0.5269733106
0.0019514516,2320,4166,0,0.3576934937,1.0000000000,0.5269134681
0.0019456772,2320,4167,0,0.3576383536,1.0000000000,0.5268536392
0.0019386589,2320,4168,0,0.3575832306,1.0000000000,0.5267938238
0.0019199389,2320,4169,0,0.3575281245,1.0000000000,0.5267340220
0.0019198870,2320,4170,0,0.3574730354,1.0000000000,0.5266742338
0.0019126248,2320,4171,0,0.3574179633,1.0000000000,0.5266144592
0.0019072217,2320,4172,0,0.3573629082,1.0000000000,0.5265546981
0.0019054527,2320,4173,0,0.3573078700,1.0000000000,0.5264949506
0.0018963874,2320,4174,0,0.3572528488,1.0000000000,0.5264352167
0.0018831063,2320,4175,0,0.3571978445,1.0000000000,0.5263754963
0.0018803047,2320,4176,0,0.3571428571,1.0000000000,0.5263157895
0.0018790835,2320,4177,0,0.3570878867,1.0000000000,0.5262560962
0.0018701045,2320,4178,0,0.3570329332,1.0000000000,0.5261964164
0.0018618213,2320,4179,0,0.3569779966,1.0000000000,0.5261367502
0.0018592930,2320,4180,0,0.3569230769,1.0000000000,0.5260770975
0.0018549620,2320,4181,0,0.3568681741,1.0000000000,0.5260174583
0.0018541993,2320,4182,0,0.3568132882,1.0000000000,0.5259578327
0.0018536812,2320,4183,0,0.3567584192,1.0000000000,0.5258982206
0.0018506858,2320,4184,0,0.3567035670,1.0000000000,0.5258386219
0.0018492056,2320,4185,0,0.3566487317,1.0000000000,0.5257790368
0.0018407818,2320,4186,0,0.3565939133,1.0000000000,0.5257194652
0.0018401623,2320,4187,0,0.3565391117,1.0000000000,0.5256599071
0.0018320646,2320,4188,0,0.3564843270,1.0000000000,0.5256003625
0.0018290004,2320,4189,0,0.3564295591,1.0000000000,0.5255408314
0.0018274838,2320,4190,0,0.3563748080,1.0000000000,0.5254813137
0.0018206986,2320,4191,0,0.3563200737,1.0000000000,0.5254218095
0.0017505749,2320,4192,0,0.3562653563,1.0000000000,0.5253623188
0.0017492123,2320,4193,0,0.3562106556,1.0000000000,0.5253028416
0.0017471669,2320,4194,0,0.3561559718,1.0000000000,0.5252433779
0.0017233700,2320,4195,0,0.3561013047,1.0000000000,0.5251839276
0.0017191161,2320,4196,0,0.3560466544,1.0000000000,0.5251244907
0.0017108651,2320,4197,0,0.3559920209,1.0000000000,0.5250650673
0.0016888452,2320,4198,0,0.3559374041,1.0000000000,0.5250056574
0.0016794259,2320,4199,0,0.3558828041,1.0000000000,0.5249462609
