threshold,tp,fp,fn,precision,recall,f1
0.9888243079,1,0,849,1.0000000000,0.0011764706,0.0023501763
0.9886616468,2,0,848,1.0000000000,0.0023529412,0.0046948357
0.9886406660,3,0,847,1.0000000000,0.0035294118,0.0070339977
0.9885640144,4,0,846,1.0000000000,0.0047058824,0.0093676815
0.9885412455,4,1,846,0.8000000000,0.0047058824,0.0093567251
0.9885308146,4,2,846,0.6666666667,0.0047058824,0.0093457944
0.9884650707,5,2,845,0.7142857143,0.0058823529,0.0116686114
0.9884302616,6,2,844,0.7500000000,0.0070588235,0.0139860140
0.9883804321,7,2,843,0.7777777778,0.0082352941,0.0162980210
0.9883623719,8,2,842,0.8000000000,0.0094117647,0.0186046512
0.9883586168,9,2,841,0.8181818182,0.0105882353,0.0209059233
0.9883562922,10,2,840,0.8333333333,0.0117647059,0.0232018561
0.9883217216,11,2,839,0.8461538462,0.0129411765,0.0254924681
0.9883139133,12,2,838,0.8571428571,0.0141176471,0.0277777778
0.9883108735,13,2,837,0.8666666667,0.0152941176,0.0300578035
0.9882848263,14,2,836,0.8750000000,0.0164705882,0.0323325635
0.9882652760,15,2,835,0.8823529412,0.0176470588,0.0346020761
0.9882450104,15,3,835,0.8333333333,0.0176470588,0.0345622120
0.9882263541,16,3,834,0.8421052632,0.0188235294,0.0368239356
0.9882118106,17,3,833,0.8500000000,0.0200000000,0.0390804598
0.9881949425,18,3,832,0.8571428571,0.0211764706,0.0413318025
0.9881907701,20,3,830,0.8695652174,0.0235294118,0.0458190149
0.9881835580,21,3,829,0.8750000000,0.0247058824,0.0480549199
0.9881798029,22,3,828,0.8800000000,0.0258823529,0.0502857143
0.9881538749,23,3,827,0.8846153846,0.0270588235,0.0525114155
0.9881530404,24,3,826,0.8888888889,0.0282352941,0.0547320410
0.9881513119,25,3,825,0.8928571429,0.0294117647,0.0569476082
0.9881496429,26,3,824,0.8965517241,0.0305882353,0.0591581342
0.9881483912,27,3,823,0.9000000000,0.0317647059,0.0613636364
0.9881433845,28,3,822,0.9032258065,0.0329411765,0.0635641317
0.9881148338,29,3,821,0.9062500000,0.0341176471,0.0657596372
0.9880989194,30,3,820,0.9090909091,0.0352941176,0.0679501699
0.9880847335,31,3,819,0.9117647059,0.0364705882,0.0701357466
0.9880757332,32,3,818,0.9142857143,0.0376470588,0.0723163842
0.9880686402,33,3,817,0.9166666667,0.0388235294,0.0744920993
0.9880622625,34,3,816,0.9189189189,0.0400000000,0.0766629087
0.9880610704,35,3,815,0.9210526316,0.0411764706,0.0788288288
0.9880308509,36,3,814,0.9230769231,0.0423529412,0.0809898763
0.9880236387,37,3,813,0.9250000000,0.0435294118,0.0831460674
0.9880179167,38,3,812,0.9268292683,0.0447058824,0.0852974186
0.9880080223,39,3,811,0.9285714286,0.0458823529,0.0874439462
0.9880034924,40,3,810,0.9302325581,0.0470588235,0.0895856663
0.9880012870,41,3,809,0.9318181818,0.0482352941,0.0917225951
0.9879946113,42,3,808,0.9333333333,0.0494117647,0.0938547486
0.9879919887,43,3,807,0.9347826087,0.0505882353,0.0959821429
0.9879711270,44,3,806,0.9361702128,0.0517647059,0.0981047938
0.9879621863,45,3,805,0.9375000000,0.0529411765,0.1002227171
0.9879607558,46,3,804,0.9387755102,0.0541176471,0.1023359288
0.9879498482,47,3,803,0.9400000000,0.0552941176,0.1044444444
0.9879475236,48,3,802,0.9411764706,0.0564705882,0.1065482797
0.9879420400,49,3,801,0.9423076923,0.0576470588,0.1086474501
0.9879360199,50,3,800,0.9433962264,0.0588235294,0.1107419712
0.9879336953,51,3,799,0.9444444444,0.0600000000,0.1128318584
0.9879329801,52,3,798,0.9454545455,0.0611764706,0.1149171271
0.9879212379,53,3,797,0.9464285714,0.0623529412,0.1169977925
0.9879106283,54,3,796,0.9473684211,0.0635294118,0.1190738699
0.9879035354,55,3,795,0.9482758621,0.0647058824,0.1211453744
0.9878938794,55,4,795,0.9322033898,0.0647058824,0.1210121012
0.9878899455,56,4,794,0.9333333333,0.0658823529,0.1230769231
0.9878722429,57,4,793,0.9344262295,0.0670588235,0.1251372119
0.9878541827,58,4,792,0.9354838710,0.0682352941,0.1271929825
0.9878463149,59,4,791,0.9365079365,0.0694117647,0.1292442497
0.9878321290,60,4,790,0.9375000000,0.0705882353,0.1312910284
0.9878312945,61,4,789,0.9384615385,0.0717647059,0.1333333333
0.9878211617,62,4,788,0.9393939394,0.0729411765,0.1353711790
0.9878035784,63,4,787,0.9402985075,0.0741176471,0.1374045802
0.9877948761,64,4,786,0.9411764706,0.0752941176,0.1394335512
0.9877832532,65,4,785,0.9420289855,0.0764705882,0.1414581066
0.9877795577,66,4,784,0.9428571429,0.0776470588,0.1434782609
0.9877532125,67,4,783,0.9436619718,0.0788235294,0.1454940282
0.9877396226,68,4,782,0.9444444444,0.0800000000,0.1475054230
0.9877389073,69,4,781,0.9452054795,0.0811764706,0.1495124594
0.9877369404,70,4,780,0.9459459459,0.0823529412,0.1515151515
0.9877367020,71,4,779,0.9466666667,0.0835294118,0.1535135135
0.9877349734,72,4,778,0.9473684211,0.0847058824,0.1555075594
0.9877241850,73,4,777,0.9480519481,0.0858823529,0.1574973031
0.9877101183,74,4,776,0.9487179487,0.0870588235,0.1594827586
0.9877064824,75,4,775,0.9493670886,0.0882352941,0.1614639397
0.9876967072,76,4,774,0.9500000000,0.0894117647,0.1634408602
0.9876915812,77,4,773,0.9506172840,0.0905882353,0.1654135338
0.9876875281,78,4,772,0.9512195122,0.0917647059,0.1673819742
0.9876725078,79,4,771,0.9518072289,0.0929411765,0.1693461951
0.9876703024,79,5,771,0.9404761905,0.0929411765,0.1691648822
0.9876676202,80,5,770,0.9411764706,0.0941176471,0.1711229947
0.9876530170,81,5,769,0.9418604651,0.0952941176,0.1730769231
0.9876524210,82,5,768,0.9425287356,0.0964705882,0.1750266809
0.9876464605,83,5,767,0.9431818182,0.0976470588,0.1769722814
0.9876394868,84,5,766,0.9438202247,0.0988235294,0.1789137380
0.9876290560,85,5,765,0.9444444444,0.1000000000,0.1808510638
0.9876129031,86,5,764,0.9450549451,0.1011764706,0.1827842721
0.9876126647,87,5,763,0.9456521739,0.1023529412,0.1847133758
0.9876018167,88,5,762,0.9462365591,0.1035294118,0.1866383881
0.9875649810,88,6,762,0.9361702128,0.1035294118,0.1864406780
0.9875628948,88,7,762,0.9263157895,0.1035294118,0.1862433862
0.9875296354,89,7,761,0.9270833333,0.1047058824,0.1881606765
0.9875220656,90,7,760,0.9278350515,0.1058823529,0.1900739176
0.9875176549,91,7,759,0.9285714286,0.1070588235,0.1919831224
0.9875143170,92,7,758,0.9292929293,0.1082352941,0.1938883035
0.9875131249,93,7,757,0.9300000000,0.1094117647,0.1957894737
0.9875117540,94,7,756,0.9306930693,0.1105882353,0.1976866456
0.9875113964,95,7,755,0.9313725490,0.1117647059,0.1995798319
0.9875028729,96,7,754,0.9320388350,0.1129411765,0.2014690451
0.9874882698,97,7,753,0.9326923077,0.1141176471,0.2033542977
0.9874861836,98,7,752,0.9333333333,0.1152941176,0.2052356021
0.9874796271,99,7,751,0.9339622642,0.1164705882,0.2071129707
0.9874786139,100,7,750,0.9345794393,0.1176470588,0.2089864159
0.9874694347,100,8,750,0.9259259259,0.1176470588,0.2087682672
0.9874605536,101,8,749,0.9266055046,0.1188235294,0.2106360792
0.9874602556,102,8,748,0.9272727273,0.1200000000,0.2125000000
0.9874514937,103,8,747,0.9279279279,0.1211764706,0.2143600416
0.9874504805,104,8,746,0.9285714286,0.1223529412,0.2162162162
0.9874454737,105,8,745,0.9292035398,0.1235294118,0.2180685358
0.9874247909,106,8,744,0.9298245614,0.1247058824,0.2199170124
0.9874117374,107,8,743,0.9304347826,0.1258823529,0.2217616580
0.9873986244,108,8,742,0.9310344828,0.1270588235,0.2236024845
0.9873974919,109,8,741,0.9316239316,0.1282352941,0.2254395036
0.9873859882,110,8,740,0.9322033898,0.1294117647,0.2272727273
0.9873715639,111,8,739,0.9327731092,0.1305882353,0.2291021672
0.9873680472,112,8,738,0.9333333333,0.1317647059,0.2309278351
0.9873672724,113,8,737,0.9338842975,0.1329411765,0.2327497425
0.9873661995,114,8,736,0.9344262295,0.1341176471,0.2345679012
0.9873657227,115,8,735,0.9349593496,0.1352941176,0.2363823227
0.9873592257,115,9,735,0.9274193548,0.1352941176,0.2361396304
0.9873588681,116,9,734,0.9280000000,0.1364705882,0.2379487179
0.9873551726,117,9,733,0.9285714286,0.1376470588,0.2397540984
0.9873446822,118,9,732,0.9291338583,0.1388235294,0.2415557830
0.9873374104,119,9,731,0.9296875000,0.1400000000,0.2433537832
0.9873262048,120,9,730,0.9302325581,0.1411764706,0.2451481103
0.9873122573,121,9,729,0.9307692308,0.1423529412,0.2469387755
0.9872949719,122,9,728,0.9312977099,0.1435294118,0.2487257900
0.9872863889,123,9,727,0.9318181818,0.1447058824,0.2505091650
0.9872856736,124,9,726,0.9323308271,0.1458823529,0.2522889115
0.9872818589,125,9,725,0.9328358209,0.1470588235,0.2540650407
0.9872747660,126,9,724,0.9333333333,0.1482352941,0.2558375635
0.9872686863,127,9,723,0.9338235294,0.1494117647,0.2576064909
0.9872658253,128,9,722,0.9343065693,0.1505882353,0.2593718338
0.9872647524,129,9,721,0.9347826087,0.1517647059,0.2611336032
0.9872635007,130,9,720,0.9352517986,0.1529411765,0.2628918099
0.9872584939,131,9,719,0.9357142857,0.1541176471,0.2646464646
0.9872555733,132,9,718,0.9361702128,0.1552941176,0.2663975782
0.9872510433,133,9,717,0.9366197183,0.1564705882,0.2681451613
0.9872482419,134,9,716,0.9370629371,0.1576470588,0.2698892246
0.9872473478,135,9,715,0.9375000000,0.1588235294,0.2716297787
0.9872455001,136,9,714,0.9379310345,0.1600000000,0.2733668342
0.9872362018,137,9,713,0.9383561644,0.1611764706,0.2751004016
0.9872285128,138,9,712,0.9387755102,0.1623529412,0.2768304915
0.9872260690,139,9,711,0.9391891892,0.1635294118,0.2785571142
0.9872170091,140,9,710,0.9395973154,0.1647058824,0.2802802803
0.9872000217,141,9,709,0.9400000000,0.1658823529,0.2820000000
0.9871971607,142,9,708,0.9403973510,0.1670588235,0.2837162837
0.9871912003,143,9,707,0.9407894737,0.1682352941,0.2854291417
0.9871882200,144,9,706,0.9411764706,0.1694117647,0.2871385842
0.9871785641,146,9,704,0.9419354839,0.1717647059,0.2905472637
0.9871714711,147,9,703,0.9423076923,0.1729411765,0.2922465209
0.9871656299,148,9,702,0.9426751592,0.1741176471,0.2939424032
0.9871636629,149,9,701,0.9430379747,0.1752941176,0.2956349206
0.9871511459,150,9,700,0.9433962264,0.1764705882,0.2973240833
0.9871440530,151,9,699,0.9437500000,0.1776470588,0.2990099010
0.9871352315,152,9,698,0.9440993789,0.1788235294,0.3006923838
0.9871347547,153,9,697,0.9444444444,0.1800000000,0.3023715415
0.9871324301,153,10,697,0.9386503067,0.1800000000,0.3020730503
0.9871299863,154,10,696,0.9390243902,0.1811764706,0.3037475345
0.9871283770,155,10,695,0.9393939394,0.1823529412,0.3054187192
0.9871038795,156,10,694,0.9397590361,0.1835294118,0.3070866142
0.9871003628,157,10,693,0.9401197605,0.1847058824,0.3087512291
0.9870876074,158,10,692,0.9404761905,0.1858823529,0.3104125737
0.9870826006,159,10,691,0.9408284024,0.1870588235,0.3120706575
0.9870823622,161,10,689,0.9415204678,0.1894117647,0.3153770813
0.9870640039,162,10,688,0.9418604651,0.1905882353,0.3170254403
0.9870530963,163,10,687,0.9421965318,0.1917647059,0.3186705767
0.9870391488,164,10,686,0.9425287356,0.1929411765,0.3203125000
0.9870298505,164,11,686,0.9371428571,0.1929411765,0.3200000000
0.9870283604,165,11,685,0.9375000000,0.1941176471,0.3216374269
0.9870244265,166,11,684,0.9378531073,0.1952941176,0.3232716650
0.9870217443,167,11,683,0.9382022472,0.1964705882,0.3249027237
0.9870144129,167,12,683,0.9329608939,0.1964705882,0.3245869776
0.9870132804,167,13,683,0.9277777778,0.1964705882,0.3242718447
0.9870082736,168,13,682,0.9281767956,0.1976470588,0.3258971872
0.9870014191,169,13,681,0.9285714286,0.1988235294,0.3275193798
0.9869966507,170,13,680,0.9289617486,0.2000000000,0.3291384318
0.9869725108,171,13,679,0.9293478261,0.2011764706,0.3307543520
0.9869667292,172,13,678,0.9297297297,0.2023529412,0.3323671498
0.9869579673,173,13,677,0.9301075269,0.2035294118,0.3339768340
0.9869472980,173,14,677,0.9251336898,0.2035294118,0.3336547734
0.9869220853,174,14,676,0.9255319149,0.2047058824,0.3352601156
0.9869197607,175,14,675,0.9259259259,0.2058823529,0.3368623677
0.9869121313,176,14,674,0.9263157895,0.2070588235,0.3384615385
0.9869112968,177,14,673,0.9267015707,0.2082352941,0.3400576369
0.9869100451,178,14,672,0.9270833333,0.2094117647,0.3416506718
0.9869006276,179,14,671,0.9274611399,0.2105882353,0.3432406520
0.9868979454,180,14,670,0.9278350515,0.2117647059,0.3448275862
0.9868975878,181,14,669,0.9282051282,0.2129411765,0.3464114833
0.9868904352,182,14,668,0.9285714286,0.2141176471,0.3479923518
0.9868854284,183,14,667,0.9289340102,0.2152941176,0.3495702006
0.9868763685,184,14,666,0.9292929293,0.2164705882,0.3511450382
0.9868735671,185,14,665,0.9296482412,0.2176470588,0.3527168732
0.9868723154,186,14,664,0.9300000000,0.2188235294,0.3542857143
0.9868605733,187,14,663,0.9303482587,0.2200000000,0.3558515699
0.9868571162,188,14,662,0.9306930693,0.2211764706,0.3574144487
0.9868523479,189,14,661,0.9310344828,0.2223529412,0.3589743590
0.9868485928,190,14,660,0.9313725490,0.2235294118,0.3605313093
0.9868476987,191,14,659,0.9317073171,0.2247058824,0.3620853081
0.9868436456,192,14,658,0.9320388350,0.2258823529,0.3636363636
0.9868289828,193,14,657,0.9323671498,0.2270588235,0.3651844844
0.9868287444,194,14,656,0.9326923077,0.2282352941,0.3667296786
0.9868285060,195,14,655,0.9330143541,0.2294117647,0.3682719547
0.9868274927,196,14,654,0.9333333333,0.2305882353,0.3698113208
0.9868242145,197,14,653,0.9336492891,0.2317647059,0.3713477851
0.9867782593,198,14,652,0.9339622642,0.2329411765,0.3728813559
0.9867740870,199,14,651,0.9342723005,0.2341176471,0.3744120414
0.9867727160,200,14,650,0.9345794393,0.2352941176,0.3759398496
0.9867697954,201,14,649,0.9348837209,0.2364705882,0.3774647887
0.9867680669,202,14,648,0.9351851852,0.2376470588,0.3789868668
0.9867635369,203,14,647,0.9354838710,0.2388235294,0.3805060918
0.9867602587,204,14,646,0.9357798165,0.2400000000,0.3820224719
0.9867579341,205,14,645,0.9360730594,0.2411764706,0.3835360150
0.9867317080,206,14,644,0.9363636364,0.2423529412,0.3850467290
0.9867300987,207,14,643,0.9366515837,0.2435294118,0.3865546218
0.9867218733,208,14,642,0.9369369369,0.2447058824,0.3880597015
0.9867141843,209,14,641,0.9372197309,0.2458823529,0.3895619758
0.9866873026,210,14,640,0.9375000000,0.2470588235,0.3910614525
0.9866726398,210,15,640,0.9333333333,0.2470588235,0.3906976744
0.9866716266,211,15,639,0.9336283186,0.2482352941,0.3921933086
0.9866646528,212,15,638,0.9339207048,0.2494117647,0.3936861653
0.9866618514,213,15,637,0.9342105263,0.2505882353,0.3951762523
0.9866607189,214,15,636,0.9344978166,0.2517647059,0.3966635774
0.9866553545,215,15,635,0.9347826087,0.2529411765,0.3981481481
0.9866517782,216,15,634,0.9350649351,0.2541176471,0.3996299722
0.9866414070,217,15,633,0.9353448276,0.2552941176,0.4011090573
0.9866358638,218,15,632,0.9356223176,0.2564705882,0.4025854109
0.9866281152,219,15,631,0.9358974359,0.2576470588,0.4040590406
0.9866186976,220,15,630,0.9361702128,0.2588235294,0.4055299539
0.9866103530,221,15,629,0.9364406780,0.2600000000,0.4069981584
0.9866026640,222,15,628,0.9367088608,0.2611764706,0.4084636615
0.9865989685,223,15,627,0.9369747899,0.2623529412,0.4099264706
0.9865967631,224,15,626,0.9372384937,0.2635294118,0.4113865932
0.9865865707,225,15,625,0.9375000000,0.2647058824,0.4128440367
0.9865835309,226,15,624,0.9377593361,0.2658823529,0.4142988084
0.9865764380,227,15,623,0.9380165289,0.2670588235,0.4157509158
0.9865640402,228,15,622,0.9382716049,0.2682352941,0.4172003660
0.9865571856,229,15,621,0.9385245902,0.2694117647,0.4186471664
0.9865520000,230,15,620,0.9387755102,0.2705882353,0.4200913242
0.9865269065,231,15,619,0.9390243902,0.2717647059,0.4215328467
0.9865157604,232,15,618,0.9392712551,0.2729411765,0.4229717411
0.9865055680,233,15,617,0.9395161290,0.2741176471,0.4244080146
0.9865012765,234,15,616,0.9397590361,0.2752941176,0.4258416742
0.9864826798,234,16,616,0.9360000000,0.2752941176,0.4254545455
0.9864782095,235,16,615,0.9362549801,0.2764705882,0.4268846503
0.9864687920,236,16,614,0.9365079365,0.2776470588,0.4283121597
0.9864631295,237,16,613,0.9367588933,0.2788235294,0.4297370807
0.9864626527,238,16,612,0.9370078740,0.2800000000,0.4311594203
0.9864594936,238,17,612,0.9333333333,0.2800000000,0.4307692308
0.9864585996,239,17,611,0.9335937500,0.2811764706,0.4321880651
0.9864568114,239,18,611,0.9299610895,0.2811764706,0.4317976513
0.9864502549,240,18,610,0.9302325581,0.2823529412,0.4332129964
0.9864435196,241,18,609,0.9305019305,0.2835294118,0.4346257890
0.9864310622,242,18,608,0.9307692308,0.2847058824,0.4360360360
0.9864199758,243,18,607,0.9310344828,0.2858823529,0.4374437444
0.9864177704,244,18,606,0.9312977099,0.2870588235,0.4388489209
0.9864083529,245,18,605,0.9315589354,0.2882352941,0.4402515723
0.9863985181,246,18,604,0.9318181818,0.2894117647,0.4416517056
0.9863981605,247,18,603,0.9320754717,0.2905882353,0.4430493274
0.9863902330,248,18,602,0.9323308271,0.2917647059,0.4444444444
0.9863820076,249,18,601,0.9325842697,0.2929411765,0.4458370636
0.9863802791,250,18,600,0.9328358209,0.2941176471,0.4472271914
0.9863665700,251,18,599,0.9330855019,0.2952941176,0.4486148347
0.9863640666,252,18,598,0.9333333333,0.2964705882,0.4500000000
0.9863474369,253,18,597,0.9335793358,0.2976470588,0.4513826940
0.9863424897,253,19,597,0.9301470588,0.2976470588,0.4509803922
0.9863293767,254,19,596,0.9304029304,0.2988235294,0.4523597507
0.9863260984,255,19,595,0.9306569343,0.3000000000,0.4537366548
0.9863125682,256,19,594,0.9309090909,0.3011764706,0.4551111111
0.9863098860,256,20,594,0.9275362319,0.3011764706,0.4547069272
0.9862684011,257,20,593,0.9277978339,0.3023529412,0.4560780834
0.9862580299,258,20,592,0.9280575540,0.3035294118,0.4574468085
0.9862458706,259,20,591,0.9283154122,0.3047058824,0.4588131089
0.9862361550,260,20,590,0.9285714286,0.3058823529,0.4601769912
0.9862304330,261,20,589,0.9288256228,0.3070588235,0.4615384615
0.9862161875,262,20,588,0.9290780142,0.3082352941,0.4628975265
0.9862047434,263,20,587,0.9293286219,0.3094117647,0.4642541924
0.9861998558,264,20,586,0.9295774648,0.3105882353,0.4656084656
0.9861484766,265,20,585,0.9298245614,0.3117647059,0.4669603524
0.9861472249,266,20,584,0.9300699301,0.3129411765,0.4683098592
0.9861410856,267,20,583,0.9303135889,0.3141176471,0.4696569921
0.9861402512,267,21,583,0.9270833333,0.3141176471,0.4692442882
0.9861315489,267,22,583,0.9238754325,0.3141176471,0.4688323090
0.9861306548,268,22,582,0.9241379310,0.3152941176,0.4701754386
0.9861257672,269,22,581,0.9243986254,0.3164705882,0.4715162138
0.9861118793,270,22,580,0.9246575342,0.3176470588,0.4728546410
0.9861025810,270,23,580,0.9215017065,0.3176470588,0.4724409449
0.9860895872,271,23,579,0.9217687075,0.3188235294,0.4737762238
0.9860894680,272,23,578,0.9220338983,0.3200000000,0.4751091703
0.9860526323,272,24,578,0.9189189189,0.3200000000,0.4746945899
0.9860492349,273,24,577,0.9191919192,0.3211764706,0.4760244115
0.9860439301,274,24,576,0.9194630872,0.3223529412,0.4773519164
0.9860003591,275,24,575,0.9197324415,0.3235294118,0.4786771105
0.9859914184,276,24,574,0.9200000000,0.3247058824,0.4800000000
0.9859851599,277,24,573,0.9202657807,0.3258823529,0.4813205908
0.9859781861,278,24,572,0.9205298013,0.3270588235,0.4826388889
0.9859744906,279,24,571,0.9207920792,0.3282352941,0.4839549003
0.9859739542,280,24,570,0.9210526316,0.3294117647,0.4852686308
0.9859687090,281,24,569,0.9213114754,0.3305882353,0.4865800866
0.9859515429,282,24,568,0.9215686275,0.3317647059,0.4878892734
0.9859463573,283,24,567,0.9218241042,0.3329411765,0.4891961971
0.9859424233,284,24,566,0.9220779221,0.3341176471,0.4905008636
0.9859412313,284,25,566,0.9190938511,0.3341176471,0.4900776531
0.9859194756,285,25,565,0.9193548387,0.3352941176,0.4913793103
0.9859056473,286,25,564,0.9196141479,0.3364705882,0.4926787252
0.9858704209,287,25,563,0.9198717949,0.3376470588,0.4939759036
0.9858646393,288,25,562,0.9201277955,0.3388235294,0.4952708512
0.9858641028,289,25,561,0.9203821656,0.3400000000,0.4965635739
0.9858585000,290,25,560,0.9206349206,0.3411764706,0.4978540773
0.9858433604,291,25,559,0.9208860759,0.3423529412,0.4991423671
0.9858416915,292,25,558,0.9211356467,0.3435294118,0.5004284490
0.9858160019,293,25,557,0.9213836478,0.3447058824,0.5017123288
0.9857902527,294,25,556,0.9216300940,0.3458823529,0.5029940120
0.9857763648,295,25,555,0.9218750000,0.3470588235,0.5042735043
0.9857648015,296,25,554,0.9221183801,0.3482352941,0.5055508113
0.9857607484,296,26,554,0.9192546584,0.3482352941,0.5051194539
0.9857593775,297,26,553,0.9195046440,0.3494117647,0.5063938619
0.9857566953,298,26,552,0.9197530864,0.3505882353,0.5076660988
0.9857548475,299,26,551,0.9200000000,0.3517647059,0.5089361702
0.9857360721,299,27,551,0.9171779141,0.3517647059,0.5085034014
0.9857237935,299,28,551,0.9143730887,0.3517647059,0.5080713679
0.9857052565,300,28,550,0.9146341463,0.3529411765,0.5093378608
0.9857007265,301,28,549,0.9148936170,0.3541176471,0.5106022053
0.9856994748,302,28,548,0.9151515152,0.3552941176,0.5118644068
0.9856912494,303,28,547,0.9154078550,0.3564705882,0.5131244708
0.9856870770,304,28,546,0.9156626506,0.3576470588,0.5143824027
0.9856678247,305,28,545,0.9159159159,0.3588235294,0.5156382079
0.9856640100,306,28,544,0.9161676647,0.3600000000,0.5168918919
0.9856428504,307,28,543,0.9164179104,0.3611764706,0.5181434599
0.9856324196,308,28,542,0.9166666667,0.3623529412,0.5193929174
0.9856249690,308,29,542,0.9139465875,0.3623529412,0.5189553496
0.9856173396,309,29,541,0.9142011834,0.3635294118,0.5202020202
0.9856086373,310,29,540,0.9144542773,0.3647058824,0.5214465938
0.9856034517,311,29,539,0.9147058824,0.3658823529,0.5226890756
0.9856007695,312,29,538,0.9149560117,0.3670588235,0.5239294710
0.9855915308,313,29,537,0.9152046784,0.3682352941,0.5251677852
0.9855894446,314,29,536,0.9154518950,0.3694117647,0.5264040235
0.9855793715,315,29,535,0.9156976744,0.3705882353,0.5276381910
0.9855706692,316,29,534,0.9159420290,0.3717647059,0.5288702929
0.9855691791,317,29,533,0.9161849711,0.3729411765,0.5301003344
0.9855600595,318,29,532,0.9164265130,0.3741176471,0.5313283208
0.9855399132,319,29,531,0.9166666667,0.3752941176,0.5325542571
0.9855362773,320,29,530,0.9169054441,0.3764705882,0.5337781485
0.9855331779,320,30,530,0.9142857143,0.3764705882,0.5333333333
0.9855111837,320,31,530,0.9116809117,0.3764705882,0.5328892590
0.9854958653,321,31,529,0.9119318182,0.3776470588,0.5341098170
0.9854924083,322,31,528,0.9121813031,0.3788235294,0.5353283458
0.9854614139,323,31,527,0.9124293785,0.3800000000,0.5365448505
0.9854565263,324,31,526,0.9126760563,0.3811764706,0.5377593361
0.9854542017,325,31,525,0.9129213483,0.3823529412,0.5389718076
0.9854539633,326,31,524,0.9131652661,0.3835294118,0.5401822701
0.9854446054,327,31,523,0.9134078212,0.3847058824,0.5413907285
0.9854400754,327,32,523,0.9108635097,0.3847058824,0.5409429280
0.9854114056,328,32,522,0.9111111111,0.3858823529,0.5421487603
0.9853768945,329,32,521,0.9113573407,0.3870588235,0.5433526012
0.9853628874,329,33,521,0.9088397790,0.3870588235,0.5429042904
0.9853256345,329,34,521,0.9063360882,0.3870588235,0.5424567189
0.9853243232,330,34,520,0.9065934066,0.3882352941,0.5436573311
0.9853058457,331,34,519,0.9068493151,0.3894117647,0.5448559671
0.9853015542,332,34,518,0.9071038251,0.3905882353,0.5460526316
0.9852761030,333,34,517,0.9073569482,0.3917647059,0.5472473295
0.9852545261,333,35,517,0.9048913043,0.3917647059,0.5467980296
0.9852493405,334,35,516,0.9051490515,0.3929411765,0.5479901559
0.9852433205,334,36,516,0.9027027027,0.3929411765,0.5475409836
0.9852252603,335,36,515,0.9029649596,0.3941176471,0.5487305487
0.9852141738,336,36,514,0.9032258065,0.3952941176,0.5499181669
0.9851934314,337,36,513,0.9034852547,0.3964705882,0.5511038430
0.9851838350,338,36,512,0.9037433155,0.3976470588,0.5522875817
0.9851773977,338,37,512,0.9013333333,0.3976470588,0.5518367347
0.9851400256,339,37,511,0.9015957447,0.3988235294,0.5530179445
0.9851116538,339,38,511,0.8992042440,0.3988235294,0.5525672372
0.9850751162,340,38,510,0.8994708995,0.4000000000,0.5537459283
0.9850629568,341,38,509,0.8997361478,0.4011764706,0.5549227014
0.9850550890,342,38,508,0.9000000000,0.4023529412,0.5560975610
0.9850451350,343,38,507,0.9002624672,0.4035294118,0.5572705118
0.9850310087,344,38,506,0.9005235602,0.4047058824,0.5584415584
0.9850106835,345,38,505,0.9007832898,0.4058823529,0.5596107056
0.9849586487,346,38,504,0.9010416667,0.4070588235,0.5607779579
0.9849566817,346,39,504,0.8987012987,0.4070588235,0.5603238866
0.9849529862,347,39,503,0.8989637306,0.4082352941,0.5614886731
0.9849323630,348,39,502,0.8992248062,0.4094117647,0.5626515764
0.9849234819,349,39,501,0.8994845361,0.4105882353,0.5638126010
0.9849084616,350,39,500,0.8997429306,0.4117647059,0.5649717514
0.9848732948,351,39,499,0.9000000000,0.4129411765,0.5661290323
0.9848523736,352,39,498,0.9002557545,0.4141176471,0.5672844480
0.9848520160,353,39,497,0.9005102041,0.4152941176,0.5684380032
0.9848345518,354,39,496,0.9007633588,0.4164705882,0.5695897023
0.9847947955,354,40,496,0.8984771574,0.4164705882,0.5691318328
0.9847854376,355,40,495,0.8987341772,0.4176470588,0.5702811245
0.9847833514,355,41,495,0.8964646465,0.4176470588,0.5698234350
0.9847697020,356,41,494,0.8967254408,0.4188235294,0.5709703288
0.9847620726,357,41,493,0.8969849246,0.4200000000,0.5721153846
0.9847537279,357,42,493,0.8947368421,0.4200000000,0.5716573259
0.9847399592,357,43,493,0.8925000000,0.4200000000,0.5712000000
0.9847356081,357,44,493,0.8902743142,0.4200000000,0.5707434053
0.9847196341,358,44,492,0.8905472637,0.4211764706,0.5718849840
0.9847161770,358,45,492,0.8883374690,0.4211764706,0.5714285714
0.9846633673,359,45,491,0.8886138614,0.4223529412,0.5725677831
0.9846471548,360,45,490,0.8888888889,0.4235294118,0.5737051793
0.9846423268,361,45,489,0.8891625616,0.4247058824,0.5748407643
0.9846314788,361,46,489,0.8869778870,0.4247058824,0.5743834527
0.9846289158,362,46,488,0.8872549020,0.4258823529,0.5755166932
0.9846222997,363,46,487,0.8875305623,0.4270588235,0.5766481334
0.9845992923,364,46,486,0.8878048780,0.4282352941,0.5777777778
0.9845749140,365,46,485,0.8880778589,0.4294117647,0.5789056305
0.9845656753,366,46,484,0.8883495146,0.4305882353,0.5800316957
0.9845393300,367,46,483,0.8886198547,0.4317647059,0.5811559778
0.9845243096,368,46,482,0.8888888889,0.4329411765,0.5822784810
0.9845083952,369,46,481,0.8891566265,0.4341176471,0.5833992095
0.9844865203,370,46,480,0.8894230769,0.4352941176,0.5845181675
0.9844760299,371,46,479,0.8896882494,0.4364705882,0.5856353591
0.9844753146,371,47,479,0.8875598086,0.4364705882,0.5851735016
0.9844684005,372,47,478,0.8878281623,0.4376470588,0.5862884161
0.9844564795,373,47,477,0.8880952381,0.4388235294,0.5874015748
0.9844377637,374,47,476,0.8883610451,0.4400000000,0.5885129819
0.9844187498,375,47,475,0.8886255924,0.4411764706,0.5896226415
0.9843384624,375,48,475,0.8865248227,0.4411764706,0.5891594658
0.9843105078,376,48,474,0.8867924528,0.4423529412,0.5902668760
0.9843099117,377,48,473,0.8870588235,0.4435294118,0.5913725490
0.9842908382,378,48,472,0.8873239437,0.4447058824,0.5924764890
0.9842488170,378,49,472,0.8852459016,0.4447058824,0.5920125294
0.9842378497,379,49,471,0.8855140187,0.4458823529,0.5931142410
0.9841872454,380,49,470,0.8857808858,0.4470588235,0.5942142299
0.9841741323,381,49,469,0.8860465116,0.4482352941,0.5953125000
0.9841440916,382,49,468,0.8863109049,0.4494117647,0.5964090554
0.9841420054,383,49,467,0.8865740741,0.4505882353,0.5975039002
0.9841226339,384,49,466,0.8868360277,0.4517647059,0.5985970382
0.9840666056,385,49,465,0.8870967742,0.4529411765,0.5996884735
0.9840393662,386,49,464,0.8873563218,0.4541176471,0.6007782101
0.9840238094,387,49,463,0.8876146789,0.4552941176,0.6018662519
0.9839784503,388,49,462,0.8878718535,0.4564705882,0.6029526030
0.9839437008,389,49,461,0.8881278539,0.4576470588,0.6040372671
0.9839206338,390,49,460,0.8883826879,0.4588235294,0.6051202483
0.9839122891,390,50,460,0.8863636364,0.4588235294,0.6046511628
0.9838616252,391,50,459,0.8866213152,0.4600000000,0.6057319907
0.9838586450,392,50,458,0.8868778281,0.4611764706,0.6068111455
0.9838448167,392,51,458,0.8848758465,0.4611764706,0.6063418407
0.9838136435,393,51,457,0.8851351351,0.4623529412,0.6074188563
0.9838072658,393,52,457,0.8831460674,0.4623529412,0.6069498069
0.9837841988,393,53,457,0.8811659193,0.4623529412,0.6064814815
0.9837769270,394,53,456,0.8814317673,0.4635294118,0.6075558982
0.9837756753,394,54,456,0.8794642857,0.4635294118,0.6070878274
0.9837506413,395,54,455,0.8797327394,0.4647058824,0.6081601232
0.9837306738,396,54,454,0.8800000000,0.4658823529,0.6092307692
0.9836914539,396,55,454,0.8780487805,0.4658823529,0.6087624904
0.9836608768,397,55,453,0.8783185841,0.4670588235,0.6098310292
0.9836493731,398,55,452,0.8785871965,0.4682352941,0.6108979279
0.9836116433,398,56,452,0.8766519824,0.4682352941,0.6104294479
0.9835440516,399,56,451,0.8769230769,0.4694117647,0.6114942529
0.9835104942,400,56,450,0.8771929825,0.4705882353,0.6125574273
0.9834303856,401,56,449,0.8774617068,0.4717647059,0.6136189748
0.9834229946,402,56,448,0.8777292576,0.4729411765,0.6146788991
0.9833731055,403,56,447,0.8779956427,0.4741176471,0.6157372040
0.9833483100,403,57,447,0.8760869565,0.4741176471,0.6152671756
0.9832828045,404,57,446,0.8763557484,0.4752941176,0.6163234172
0.9832713008,405,57,445,0.8766233766,0.4764705882,0.6173780488
0.9832653999,406,57,444,0.8768898488,0.4776470588,0.6184310739
0.9831947684,407,57,443,0.8771551724,0.4788235294,0.6194824962
0.9831436276,408,57,442,0.8774193548,0.4800000000,0.6205323194
0.9831337333,409,57,441,0.8776824034,0.4811764706,0.6215805471
0.9830873609,410,57,440,0.8779443255,0.4823529412,0.6226271830
0.9830743670,410,58,440,0.8760683761,0.4823529412,0.6221547800
0.9830685854,411,58,439,0.8763326226,0.4835294118,0.6231993935
0.9830516577,412,58,438,0.8765957447,0.4847058824,0.6242424242
0.9830399156,413,58,437,0.8768577495,0.4858823529,0.6252838759
0.9830147028,414,58,436,0.8771186441,0.4870588235,0.6263237519
0.9830070734,415,58,435,0.8773784355,0.4882352941,0.6273620559
0.9829871655,415,59,435,0.8755274262,0.4882352941,0.6268882175
0.9829826951,416,59,434,0.8757894737,0.4894117647,0.6279245283
0.9829810858,416,60,434,0.8739495798,0.4894117647,0.6274509804
0.9829797745,417,60,433,0.8742138365,0.4905882353,0.6284853052
0.9829502106,418,60,432,0.8744769874,0.4917647059,0.6295180723
0.9829487205,419,60,431,0.8747390397,0.4929411765,0.6305492852
0.9829283953,420,60,430,0.8750000000,0.4941176471,0.6315789474
0.9829174876,421,60,429,0.8752598753,0.4952941176,0.6326070624
0.9829016924,421,61,429,0.8734439834,0.4952941176,0.6321321321
0.9828993082,422,61,428,0.8737060041,0.4964705882,0.6331582896
0.9828421474,423,61,427,0.8739669421,0.4976470588,0.6341829085
0.9828186631,424,61,426,0.8742268041,0.4988235294,0.6352059925
0.9828049541,424,62,426,0.8724279835,0.4988235294,0.6347305389
0.9827359915,425,62,425,0.8726899384,0.5000000000,0.6357516829
0.9827225208,426,62,424,0.8729508197,0.5011764706,0.6367713004
0.9827022552,427,62,423,0.8732106339,0.5023529412,0.6377893951
0.9826645255,427,63,423,0.8714285714,0.5023529412,0.6373134328
0.9826416969,428,63,422,0.8716904277,0.5035294118,0.6383296048
0.9825741649,428,64,422,0.8699186992,0.5035294118,0.6378539493
0.9825639129,428,65,422,0.8681541582,0.5035294118,0.6373790022
0.9825200438,429,65,421,0.8684210526,0.5047058824,0.6383928571
0.9823893309,429,66,421,0.8666666667,0.5047058824,0.6379182156
0.9823389649,430,66,420,0.8669354839,0.5058823529,0.6389301634
0.9822991490,431,66,419,0.8672032193,0.5070588235,0.6399406088
0.9822497964,432,66,418,0.8674698795,0.5082352941,0.6409495549
0.9821510315,433,66,417,0.8677354709,0.5094117647,0.6419570052
0.9820745587,434,66,416,0.8680000000,0.5105882353,0.6429629630
0.9820411205,435,66,415,0.8682634731,0.5117647059,0.6439674315
0.9820060730,435,67,415,0.8665338645,0.5117647059,0.6434911243
0.9819705486,435,68,415,0.8648111332,0.5117647059,0.6430155211
0.9819425941,436,68,414,0.8650793651,0.5129411765,0.6440177253
0.9818576574,437,68,413,0.8653465347,0.5141176471,0.6450184502
0.9817818403,438,68,412,0.8656126482,0.5152941176,0.6460176991
0.9817447066,439,68,411,0.8658777120,0.5164705882,0.6470154753
0.9816651940,439,69,411,0.8641732283,0.5164705882,0.6465390280
0.9816463590,439,70,411,0.8624754420,0.5164705882,0.6460632818
0.9816287756,439,71,411,0.8607843137,0.5164705882,0.6455882353
0.9815690517,440,71,410,0.8610567515,0.5176470588,0.6465833946
0.9815216064,440,72,410,0.8593750000,0.5176470588,0.6461086637
0.9814789295,441,72,409,0.8596491228,0.5188235294,0.6471019809
0.9814722538,442,72,408,0.8599221790,0.5200000000,0.6480938416
0.9814158678,443,72,407,0.8601941748,0.5211764706,0.6490842491
0.9814147353,444,72,406,0.8604651163,0.5223529412,0.6500732064
0.9813923240,444,73,406,0.8588007737,0.5223529412,0.6495976591
0.9812574387,444,74,406,0.8571428571,0.5223529412,0.6491228070
0.9812534451,445,74,405,0.8574181118,0.5235294118,0.6501095690
0.9810832143,446,74,404,0.8576923077,0.5247058824,0.6510948905
0.9809914231,446,75,404,0.8560460653,0.5247058824,0.6506199854
0.9809412360,447,75,403,0.8563218391,0.5258823529,0.6516034985
0.9809209108,448,75,402,0.8565965583,0.5270588235,0.6525855790
0.9809094071,449,75,401,0.8568702290,0.5282352941,0.6535662300
0.9808996916,450,75,400,0.8571428571,0.5294117647,0.6545454545
0.9808374047,451,75,399,0.8574144487,0.5305882353,0.6555232558
0.9808098674,452,75,398,0.8576850095,0.5317647059,0.6564996369
0.9806103706,452,76,398,0.8560606061,0.5317647059,0.6560232221
0.9804850817,452,77,398,0.8544423440,0.5317647059,0.6555474982
0.9804189801,452,78,398,0.8528301887,0.5317647059,0.6550724638
0.9804177284,452,79,398,0.8512241055,0.5317647059,0.6545981173
0.9803891778,452,80,398,0.8496240602,0.5317647059,0.6541244573
0.9803836942,453,80,397,0.8499061914,0.5329411765,0.6550976139
0.9803798199,454,80,396,0.8501872659,0.5341176471,0.6560693642
0.9803214669,455,80,395,0.8504672897,0.5352941176,0.6570397112
0.9801712036,456,80,394,0.8507462687,0.5364705882,0.6580086580
0.9801433682,457,80,393,0.8510242086,0.5376470588,0.6589762076
0.9801069498,457,81,393,0.8494423792,0.5376470588,0.6585014409
0.9800712466,458,81,392,0.8497217069,0.5388235294,0.6594672426
0.9799895883,459,81,391,0.8500000000,0.5400000000,0.6604316547
0.9799490571,460,81,390,0.8502772643,0.5411764706,0.6613946801
0.9798669815,461,81,389,0.8505535055,0.5423529412,0.6623563218
0.9798355103,462,81,388,0.8508287293,0.5435294118,0.6633165829
0.9797611237,462,82,388,0.8492647059,0.5435294118,0.6628407461
0.9797599912,463,82,387,0.8495412844,0.5447058824,0.6637992832
0.9796431661,464,82,386,0.8498168498,0.5458823529,0.6647564470
0.9796019793,464,83,386,0.8482632541,0.5458823529,0.6642806013
0.9795790911,465,83,385,0.8485401460,0.5470588235,0.6652360515
0.9795188308,465,84,385,0.8469945355,0.5470588235,0.6647605432
0.9794715643,465,85,385,0.8454545455,0.5470588235,0.6642857143
0.9794665575,466,85,384,0.8457350272,0.5482352941,0.6652391149
0.9794650674,466,86,384,0.8442028986,0.5482352941,0.6647646220
0.9793867469,467,86,383,0.8444846293,0.5494117647,0.6657163222
0.9792916179,468,86,382,0.8447653430,0.5505882353,0.6666666667
0.9792891145,469,86,381,0.8450450450,0.5517647059,0.6676156584
0.9792103171,470,86,380,0.8453237410,0.5529411765,0.6685633001
0.9791949987,471,86,379,0.8456014363,0.5541176471,0.6695095949
0.9790869951,472,86,378,0.8458781362,0.5552941176,0.6704545455
0.9790729284,473,86,377,0.8461538462,0.5564705882,0.6713981547
0.9789957404,474,86,376,0.8464285714,0.5576470588,0.6723404255
0.9789837003,475,86,375,0.8467023173,0.5588235294,0.6732813607
0.9788243771,476,86,374,0.8469750890,0.5600000000,0.6742209632
0.9788208008,477,86,373,0.8472468917,0.5611764706,0.6751592357
0.9787774086,477,87,373,0.8457446809,0.5611764706,0.6746817539
0.9787744284,478,87,372,0.8460176991,0.5623529412,0.6756183746
0.9787669182,478,88,372,0.8445229682,0.5623529412,0.6751412429
0.9787356257,478,89,372,0.8430335097,0.5623529412,0.6746647848
0.9785565138,478,90,372,0.8415492958,0.5623529412,0.6741889986
0.9784867764,479,90,371,0.8418277680,0.5635294118,0.6751233263
0.9784488678,480,90,370,0.8421052632,0.5647058824,0.6760563380
0.9784479737,480,91,370,0.8406304729,0.5647058824,0.6755805771
0.9784195423,481,91,369,0.8409090909,0.5658823529,0.6765119550
0.9784030914,482,91,368,0.8411867365,0.5670588235,0.6774420239
0.9783226252,483,91,367,0.8414634146,0.5682352941,0.6783707865
0.9782950282,484,91,366,0.8417391304,0.5694117647,0.6792982456
0.9782294631,484,92,366,0.8402777778,0.5694117647,0.6788218794
0.9779316783,485,92,365,0.8405545927,0.5705882353,0.6797477225
0.9777903557,486,92,364,0.8408304498,0.5717647059,0.6806722689
0.9777522683,486,93,364,0.8393782383,0.5717647059,0.6801959412
0.9776727557,486,94,364,0.8379310345,0.5717647059,0.6797202797
0.9775796533,487,94,363,0.8382099828,0.5729411765,0.6806429071
0.9775525331,487,95,363,0.8367697595,0.5729411765,0.6801675978
0.9774060845,488,95,362,0.8370497427,0.5741176471,0.6810886253
0.9773654938,489,95,361,0.8373287671,0.5752941176,0.6820083682
0.9772656560,490,95,360,0.8376068376,0.5764705882,0.6829268293
0.9772229791,491,95,359,0.8378839590,0.5776470588,0.6838440111
0.9771789312,491,96,359,0.8364565588,0.5776470588,0.6833681280
0.9771525264,492,96,358,0.8367346939,0.5788235294,0.6842837274
0.9769253731,493,96,357,0.8370118846,0.5800000000,0.6851980542
0.9769212604,494,96,356,0.8372881356,0.5811764706,0.6861111111
0.9768576622,495,96,355,0.8375634518,0.5823529412,0.6870229008
0.9768196940,496,96,354,0.8378378378,0.5835294118,0.6879334258
0.9766032696,504,96,346,0.8400000000,0.5929411765,0.6951724138
0.9764711857,505,96,345,0.8402662230,0.5941176471,0.6960716747
0.9763804674,506,96,344,0.8405315615,0.5952941176,0.6969696970
0.9763723016,507,96,343,0.8407960199,0.5964705882,0.6978664831
0.9763073921,508,96,342,0.8410596026,0.5976470588,0.6987620358
0.9762980938,509,96,341,0.8413223140,0.5988235294,0.6996563574
0.9761365652,510,96,340,0.8415841584,0.6000000000,0.7005494505
0.9760105014,511,96,339,0.8418451400,0.6011764706,0.7014413178
0.9760069251,512,96,338,0.8421052632,0.6023529412,0.7023319616
0.9759473205,512,97,338,0.8407224959,0.6023529412,0.7018505826
0.9758098722,513,97,337,0.8409836066,0.6035294118,0.7027397260
0.9757500291,514,97,336,0.8412438625,0.6047058824,0.7036276523
0.9755742550,515,97,335,0.8415032680,0.6058823529,0.7045143639
0.9755669832,516,97,334,0.8417618271,0.6070588235,0.7053998633
0.9752197266,516,98,334,0.8403908795,0.6070588235,0.7049180328
0.9751842618,517,98,333,0.8406504065,0.6082352941,0.7058020478
0.9750996828,518,98,332,0.8409090909,0.6094117647,0.7066848568
0.9750571847,519,98,331,0.8411669368,0.6105882353,0.7075664622
0.9750324488,519,99,331,0.8398058252,0.6105882353,0.7070844687
0.9749724269,519,100,331,0.8384491115,0.6105882353,0.7066031314
0.9749531150,520,100,330,0.8387096774,0.6117647059,0.7074829932
0.9749290943,520,101,330,0.8373590982,0.6117647059,0.7070020394
0.9746763110,521,101,329,0.8376205788,0.6129411765,0.7078804348
0.9746707678,522,101,328,0.8378812199,0.6141176471,0.7087576375
0.9746468663,522,102,328,0.8365384615,0.6141176471,0.7082767978
0.9746105075,523,102,327,0.8368000000,0.6152941176,0.7091525424
0.9745860100,524,102,326,0.8370607029,0.6164705882,0.7100271003
0.9745088220,525,102,325,0.8373205742,0.6176470588,0.7109004739
0.9744981527,525,103,325,0.8359872611,0.6176470588,0.7104194858
0.9743043184,525,104,325,0.8346581876,0.6176470588,0.7099391481
0.9742166996,526,104,324,0.8349206349,0.6188235294,0.7108108108
0.9742115140,536,105,314,0.8361934477,0.6305882353,0.7189805500
0.9741495252,537,105,313,0.8364485981,0.6317647059,0.7198391421
0.9741221666,537,106,313,0.8351477449,0.6317647059,0.7193569993
0.9738982320,537,107,313,0.8338509317,0.6317647059,0.7188755020
0.9737901092,538,107,312,0.8341085271,0.6329411765,0.7197324415
0.9736934900,539,107,311,0.8343653251,0.6341176471,0.7205882353
0.9736123681,540,107,310,0.8346213292,0.6352941176,0.7214428858
0.9735620618,541,107,309,0.8348765432,0.6364705882,0.7222963952
0.9735086560,541,108,309,0.8335901387,0.6364705882,0.7218145430
0.9734758735,541,109,309,0.8323076923,0.6364705882,0.7213333333
0.9732666016,541,110,309,0.8310291859,0.6364705882,0.7208527648
0.9728698134,542,110,308,0.8312883436,0.6376470588,0.7217043941
0.9728680253,542,111,308,0.8300153139,0.6376470588,0.7212242182
0.9728647470,543,111,307,0.8302752294,0.6388235294,0.7220744681
0.9728471637,543,112,307,0.8290076336,0.6388235294,0.7215946844
0.9728220701,544,112,306,0.8292682927,0.6400000000,0.7224435591
0.9727860093,545,112,305,0.8295281583,0.6411764706,0.7232913072
0.9727512598,545,113,305,0.8282674772,0.6411764706,0.7228116711
0.9723570347,546,113,304,0.8285280728,0.6423529412,0.7236580517
0.9721747041,546,114,304,0.8272727273,0.6423529412,0.7231788079
0.9720035195,547,114,303,0.8275340393,0.6435294118,0.7240238253
0.9719800949,548,114,302,0.8277945619,0.6447058824,0.7248677249
0.9719745517,549,114,301,0.8280542986,0.6458823529,0.7257105089
0.9719660878,550,114,300,0.8283132530,0.6470588235,0.7265521797
0.9717611074,550,115,300,0.8270676692,0.6470588235,0.7260726073
0.9717198610,551,115,299,0.8273273273,0.6482352941,0.7269129288
0.9716652036,551,116,299,0.8260869565,0.6482352941,0.7264337508
0.9711988568,551,117,299,0.8248502994,0.6482352941,0.7259552042
0.9711100459,552,117,298,0.8251121076,0.6494117647,0.7267939434
0.9709161520,553,117,297,0.8253731343,0.6505882353,0.7276315789
0.9708299041,553,118,297,0.8241430700,0.6505882353,0.7271531887
0.9704126716,553,119,297,0.8229166667,0.6505882353,0.7266754271
0.9701635242,553,120,297,0.8216939079,0.6505882353,0.7261982928
0.9697489738,554,120,296,0.8219584570,0.6517647059,0.7270341207
0.9692764878,555,120,295,0.8222222222,0.6529411765,0.7278688525
0.9692465663,556,120,294,0.8224852071,0.6541176471,0.7287024902
0.9691542983,557,120,293,0.8227474151,0.6552941176,0.7295350360
0.9687879682,557,121,293,0.8215339233,0.6552941176,0.7290575916
0.9687859416,558,121,292,0.8217967599,0.6564705882,0.7298888162
0.9687382579,559,121,291,0.8220588235,0.6576470588,0.7307189542
0.9687232971,559,122,291,0.8208516887,0.6576470588,0.7302416721
0.9686462283,560,122,290,0.8211143695,0.6588235294,0.7310704961
0.9683952928,560,123,290,0.8199121523,0.6588235294,0.7305936073
0.9682096243,561,123,289,0.8201754386,0.6600000000,0.7314211213
0.9681365490,561,124,289,0.8189781022,0.6600000000,0.7309446254
0.9681145549,562,124,288,0.8192419825,0.6611764706,0.7317708333
0.9678386450,562,125,288,0.8180494905,0.6611764706,0.7312947300
0.9678273797,562,126,288,0.8168604651,0.6611764706,0.7308192458
0.9676410556,562,127,288,0.8156748911,0.6611764706,0.7303443795
0.9671370387,563,127,287,0.8159420290,0.6623529412,0.7311688312
0.9670202732,563,128,287,0.8147612156,0.6623529412,0.7306943543
0.9668474197,563,129,287,0.8135838150,0.6623529412,0.7302204929
0.9667263031,564,129,286,0.8138528139,0.6635294118,0.7310434219
0.9657667875,564,130,286,0.8126801153,0.6635294118,0.7305699482
0.9657561183,564,131,286,0.8115107914,0.6635294118,0.7300970874
0.9654253721,565,131,285,0.8117816092,0.6647058824,0.7309184994
0.9653695822,566,131,284,0.8120516499,0.6658823529,0.7317388494
0.9652559757,567,131,283,0.8123209169,0.6670588235,0.7325581395
0.9651585817,568,131,282,0.8125894134,0.6682352941,0.7333763719
0.9651532173,569,131,281,0.8128571429,0.6694117647,0.7341935484
0.9648875594,570,131,280,0.8131241084,0.6705882353,0.7350096712
0.9648521543,570,132,280,0.8119658120,0.6705882353,0.7345360825
0.9647032619,570,133,280,0.8108108108,0.6705882353,0.7340631037
0.9645695686,570,134,280,0.8096590909,0.6705882353,0.7335907336
0.9644947052,570,135,280,0.8085106383,0.6705882353,0.7331189711
0.9640984535,571,135,279,0.8087818697,0.6717647059,0.7339331620
0.9640780687,572,135,278,0.8090523338,0.6729411765,0.7347463070
0.9636641741,573,135,277,0.8093220339,0.6741176471,0.7355584082
0.9634519219,574,135,276,0.8095909732,0.6752941176,0.7363694676
0.9633467793,575,135,275,0.8098591549,0.6764705882,0.7371794872
0.9632819295,576,135,274,0.8101265823,0.6776470588,0.7379884689
0.9629136324,577,135,273,0.8103932584,0.6788235294,0.7387964149
0.9625956416,577,136,273,0.8092566620,0.6788235294,0.7383237364
0.9625693560,577,137,273,0.8081232493,0.6788235294,0.7378516624
0.9621693492,578,137,272,0.8083916084,0.6800000000,0.7386581470
0.9610730410,579,137,271,0.8086592179,0.6811764706,0.7394636015
0.9610722065,579,138,271,0.8075313808,0.6811764706,0.7389917039
0.9604210258,579,139,271,0.8064066852,0.6811764706,0.7385204082
0.9601627588,579,140,271,0.8052851182,0.6811764706,0.7380497132
0.9600981474,580,140,270,0.8055555556,0.6823529412,0.7388535032
0.9599932432,580,141,270,0.8044382802,0.6823529412,0.7383831954
0.9598758221,580,142,270,0.8033240997,0.6823529412,0.7379134860
0.9597779512,581,142,269,0.8035961272,0.6835294118,0.7387158296
0.9597274065,591,143,259,0.8051771117,0.6952941176,0.7462121212
0.9596796632,591,144,259,0.8040816327,0.6952941176,0.7457413249
0.9595864415,591,145,259,0.8029891304,0.6952941176,0.7452711223
0.9594769478,591,146,259,0.8018995929,0.6952941176,0.7448015123
0.9591186643,592,146,258,0.8021680217,0.6964705882,0.7455919395
0.9590353966,592,147,258,0.8010825440,0.6964705882,0.7451227187
0.9589799643,592,148,258,0.8000000000,0.6964705882,0.7446540881
0.9589462876,593,148,257,0.8002699055,0.6976470588,0.7454431175
0.9587705731,593,149,257,0.7991913747,0.6976470588,0.7449748744
0.9586513638,594,149,256,0.7994616420,0.6988235294,0.7457627119
0.9576063752,594,150,256,0.7983870968,0.6988235294,0.7452948557
0.9574328065,595,150,255,0.7986577181,0.7000000000,0.7460815047
0.9573878050,596,150,254,0.7989276139,0.7011764706,0.7468671679
0.9569750428,596,151,254,0.7978580991,0.7011764706,0.7463994991
0.9563508034,597,151,253,0.7981283422,0.7023529412,0.7471839800
0.9556940198,597,152,253,0.7970627503,0.7023529412,0.7467166979
0.9555462599,598,152,252,0.7973333333,0.7035294118,0.7475000000
0.9546290636,598,153,252,0.7962716378,0.7035294118,0.7470331043
0.9544182420,598,154,252,0.7952127660,0.7035294118,0.7465667915
0.9543901086,599,154,251,0.7954847278,0.7047058824,0.7473487211
0.9542777538,600,154,250,0.7957559682,0.7058823529,0.7481296758
0.9541795850,601,154,249,0.7960264901,0.7070588235,0.7489096573
0.9538924098,601,155,249,0.7949735450,0.7070588235,0.7484433375
0.9538469315,602,155,248,0.7952443857,0.7082352941,0.7492221531
0.9536374807,602,156,248,0.7941952507,0.7082352941,0.7487562189
0.9529128671,603,156,247,0.7944664032,0.7094117647,0.7495338720
0.9524024129,603,157,247,0.7934210526,0.7094117647,0.7490683230
0.9519551396,604,157,246,0.7936925099,0.7105882353,0.7498448169
0.9516069889,605,157,245,0.7939632546,0.7117647059,0.7506203474
0.9514948726,605,158,245,0.7929226737,0.7117647059,0.7501549907
0.9511832595,606,158,244,0.7931937173,0.7129411765,0.7509293680
0.9509338737,606,159,244,0.7921568627,0.7129411765,0.7504643963
0.9507983923,606,160,244,0.7911227154,0.7129411765,0.7500000000
0.9504216909,606,161,244,0.7900912647,0.7129411765,0.7495361781
0.9503167272,607,161,243,0.7903645833,0.7141176471,0.7503090235
0.9500190020,608,161,242,0.7906371912,0.7152941176,0.7510809141
0.9498945475,608,162,242,0.7896103896,0.7152941176,0.7506172840
0.9497595429,609,162,241,0.7898832685,0.7164705882,0.7513880321
0.9493298531,610,162,240,0.7901554404,0.7176470588,0.7521578298
0.9488878846,611,162,239,0.7904269082,0.7188235294,0.7529266790
0.9476227760,612,162,238,0.7906976744,0.7200000000,0.7536945813
0.9468080997,612,163,238,0.7896774194,0.7200000000,0.7532307692
0.9465010762,612,164,238,0.7886597938,0.7200000000,0.7527675277
0.9463680983,613,164,237,0.7889317889,0.7211764706,0.7535341119
0.9460265040,614,164,236,0.7892030848,0.7223529412,0.7542997543
0.9455693364,614,165,236,0.7881899872,0.7223529412,0.7538367096
0.9455314875,614,166,236,0.7871794872,0.7223529412,0.7533742331
0.9453877807,614,167,236,0.7861715749,0.7223529412,0.7529123237
0.9448493719,615,167,235,0.7864450128,0.7235294118,0.7536764706
0.9437273145,615,168,235,0.7854406130,0.7235294118,0.7532149418
0.9429082870,616,168,234,0.7857142857,0.7247058824,0.7539779682
0.9427071810,617,168,233,0.7859872611,0.7258823529,0.7547400612
0.9417741895,617,169,233,0.7849872774,0.7258823529,0.7542787286
0.9416457415,617,170,233,0.7839898348,0.7258823529,0.7538179597
0.9408377409,617,171,233,0.7829949239,0.7258823529,0.7533577534
0.9399614334,618,171,232,0.7832699620,0.7270588235,0.7541183649
0.9399303794,619,171,231,0.7835443038,0.7282352941,0.7548780488
0.9399214387,619,172,231,0.7825537295,0.7282352941,0.7544180378
0.9395307899,619,173,231,0.7815656566,0.7282352941,0.7539585871
0.9391459823,620,173,230,0.7818411097,0.7294117647,0.7547169811
0.9387118816,621,173,229,0.7821158690,0.7305882353,0.7554744526
0.9385561943,621,174,229,0.7811320755,0.7305882353,0.7550151976
0.9383249283,622,174,228,0.7814070352,0.7317647059,0.7557715674
0.9380174875,622,175,228,0.7804265997,0.7317647059,0.7553126897
0.9379357100,622,176,228,0.7794486216,0.7317647059,0.7548543689
0.9374908209,623,176,227,0.7797246558,0.7329411765,0.7556094603
0.9374414086,624,176,226,0.7800000000,0.7341176471,0.7563636364
0.9373942614,624,177,226,0.7790262172,0.7341176471,0.7559055118
0.9367590547,624,178,226,0.7780548628,0.7341176471,0.7554479419
0.9366152287,625,178,225,0.7783312578,0.7352941176,0.7562008469
0.9364711642,625,179,225,0.7773631841,0.7352941176,0.7557436518
0.9362699389,625,180,225,0.7763975155,0.7352941176,0.7552870091
0.9354906082,625,181,225,0.7754342432,0.7352941176,0.7548309179
0.9347746372,626,181,224,0.7757125155,0.7364705882,0.7555823778
0.9347547889,626,182,224,0.7747524752,0.7364705882,0.7551266586
0.9344233274,626,183,224,0.7737948084,0.7364705882,0.7546714888
0.9343984723,627,183,223,0.7740740741,0.7376470588,0.7554216867
0.9342691898,628,183,222,0.7743526510,0.7388235294,0.7561709813
0.9334470034,628,184,222,0.7733990148,0.7388235294,0.7557160048
0.9323801398,628,185,222,0.7724477245,0.7388235294,0.7552615755
0.9321084619,628,186,222,0.7714987715,0.7388235294,0.7548076923
0.9318985939,629,186,221,0.7717791411,0.7400000000,0.7555555556
0.9317363501,629,187,221,0.7708333333,0.7400000000,0.7551020408
0.9314748049,630,187,220,0.7711138311,0.7411764706,0.7558488302
0.9310957193,631,187,219,0.7713936430,0.7423529412,0.7565947242
0.9307386875,631,188,219,0.7704517705,0.7423529412,0.7561414020
0.9304420948,632,188,218,0.7707317073,0.7435294118,0.7568862275
0.9303022623,633,188,217,0.7710109622,0.7447058824,0.7576301616
0.9301233888,633,189,217,0.7700729927,0.7447058824,0.7571770335
0.9291302562,633,190,217,0.7691373026,0.7447058824,0.7567244471
0.9277501106,633,191,217,0.7682038835,0.7447058824,0.7562724014
0.9275332689,633,192,217,0.7672727273,0.7447058824,0.7558208955
0.9273516536,633,193,217,0.7663438257,0.7447058824,0.7553699284
0.9268929362,633,194,217,0.7654171705,0.7447058824,0.7549194991
0.9268440604,633,195,217,0.7644927536,0.7447058824,0.7544696067
0.9266724586,633,196,217,0.7635705669,0.7447058824,0.7540202501
0.9263729453,633,197,217,0.7626506024,0.7447058824,0.7535714286
0.9258508682,634,197,216,0.7629362214,0.7458823529,0.7543129090
0.9255616665,635,197,215,0.7632211538,0.7470588235,0.7550535077
0.9252236485,635,198,215,0.7623049220,0.7470588235,0.7546048723
0.9244806767,636,198,214,0.7625899281,0.7482352941,0.7553444181
0.9233300686,636,199,214,0.7616766467,0.7482352941,0.7548961424
0.9233019352,636,200,214,0.7607655502,0.7482352941,0.7544483986
0.9230692983,637,200,213,0.7610513740,0.7494117647,0.7551867220
0.9229973555,637,201,213,0.7601431981,0.7494117647,0.7547393365
0.9220896959,638,201,212,0.7604290822,0.7505882353,0.7554766134
0.9218125939,639,201,211,0.7607142857,0.7517647059,0.7562130178
0.9214773178,639,202,211,0.7598097503,0.7517647059,0.7557658190
0.9214012027,639,203,211,0.7589073634,0.7517647059,0.7553191489
0.9206327796,640,203,210,0.7591933571,0.7529411765,0.7560543414
0.9201124310,645,203,205,0.7606132075,0.7588235294,0.7597173145
0.9195776582,646,203,204,0.7608951708,0.7600000000,0.7604473220
0.9187624454,646,204,204,0.7600000000,0.7600000000,0.7600000000
0.9176896811,646,205,204,0.7591069330,0.7600000000,0.7595532040
0.9172358513,646,206,204,0.7582159624,0.7600000000,0.7591069330
0.9158185720,646,207,204,0.7573270809,0.7600000000,0.7586611861
0.9155476093,646,208,204,0.7564402810,0.7600000000,0.7582159624
0.9143558741,647,208,203,0.7567251462,0.7611764706,0.7589442815
0.9140071869,647,209,203,0.7558411215,0.7611764706,0.7584994138
0.9129533768,648,209,202,0.7561260210,0.7623529412,0.7592267135
0.9118400216,648,210,202,0.7552447552,0.7623529412,0.7587822014
0.9116315246,648,211,202,0.7543655413,0.7623529412,0.7583382095
0.9112564921,648,212,202,0.7534883721,0.7623529412,0.7578947368
0.9112290740,649,212,201,0.7537746806,0.7635294118,0.7586206897
0.9112187624,650,212,200,0.7540603248,0.7647058824,0.7593457944
0.9111900926,651,212,199,0.7543453071,0.7658823529,0.7600700525
0.9111011028,651,213,199,0.7534722222,0.7658823529,0.7596266044
0.9105929136,651,214,199,0.7526011561,0.7658823529,0.7591836735
0.9104177356,651,215,199,0.7517321016,0.7658823529,0.7587412587
0.9104136825,651,216,199,0.7508650519,0.7658823529,0.7582993593
0.9101660252,651,217,199,0.7500000000,0.7658823529,0.7578579744
0.9099849463,651,218,199,0.7491369390,0.7658823529,0.7574171030
0.9086165428,651,219,199,0.7482758621,0.7658823529,0.7569767442
0.9078128338,651,220,199,0.7474167623,0.7658823529,0.7565368972
0.9067733884,652,220,198,0.7477064220,0.7670588235,0.7572590012
0.9049478769,653,220,197,0.7479954181,0.7682352941,0.7579802670
0.9048978090,653,221,197,0.7471395881,0.7682352941,0.7575406032
0.9045332670,654,221,196,0.7474285714,0.7694117647,0.7582608696
0.9045320153,655,221,195,0.7477168950,0.7705882353,0.7589803013
0.9045222402,655,222,195,0.7468643101,0.7705882353,0.7585408222
0.9040538669,655,223,195,0.7460136674,0.7705882353,0.7581018519
0.9039819241,656,223,194,0.7463026166,0.7717647059,0.7588201272
0.9027073979,656,224,194,0.7454545455,0.7717647059,0.7583815029
0.9024714231,657,224,193,0.7457434733,0.7729411765,0.7590987868
0.9022670984,658,224,192,0.7460317460,0.7741176471,0.7598152425
0.9019683003,658,225,192,0.7451868630,0.7741176471,0.7593768032
0.9013928771,659,225,191,0.7454751131,0.7752941176,0.7600922722
0.9010294080,660,225,190,0.7457627119,0.7764705882,0.7608069164
0.9010002613,660,226,190,0.7449209932,0.7764705882,0.7603686636
0.8993298411,660,227,190,0.7440811725,0.7764705882,0.7599309154
0.8988558054,661,227,189,0.7443693694,0.7776470588,0.7606444189
0.8979697227,661,228,189,0.7435320585,0.7776470588,0.7602070155
0.8977023959,661,229,189,0.7426966292,0.7776470588,0.7597701149
0.8966463208,661,230,189,0.7418630752,0.7776470588,0.7593337163
0.8957893848,661,231,189,0.7410313901,0.7776470588,0.7588978186
0.8950625062,661,232,189,0.7402015677,0.7776470588,0.7584624211
0.8942971826,661,233,189,0.7393736018,0.7776470588,0.7580275229
0.8938311338,662,233,188,0.7396648045,0.7788235294,0.7587392550
0.8934963346,662,234,188,0.7388392857,0.7788235294,0.7583046964
0.8929423094,662,235,188,0.7380156076,0.7788235294,0.7578706354
0.8928989768,663,235,187,0.7383073497,0.7800000000,0.7585812357
0.8928542733,663,236,187,0.7374860957,0.7800000000,0.7581475129
0.8926318884,663,237,187,0.7366666667,0.7800000000,0.7577142857
0.8920693398,663,238,187,0.7358490566,0.7800000000,0.7572815534
0.8920582533,663,239,187,0.7350332594,0.7800000000,0.7568493151
0.8917149901,663,241,187,0.7334070796,0.7800000000,0.7559863170
0.8913480043,663,242,187,0.7325966851,0.7800000000,0.7555555556
0.8908185959,663,243,187,0.7317880795,0.7800000000,0.7551252847
0.8872312307,663,244,187,0.7309812569,0.7800000000,0.7546955037
0.8870936632,663,245,187,0.7301762115,0.7800000000,0.7542662116
0.8864975572,663,246,187,0.7293729373,0.7800000000,0.7538374076
0.8864284754,663,247,187,0.7285714286,0.7800000000,0.7534090909
0.8849211335,663,248,187,0.7277716795,0.7800000000,0.7529812606
0.8848178983,663,249,187,0.7269736842,0.7800000000,0.7525539160
0.8846966028,663,250,187,0.7261774370,0.7800000000,0.7521270562
0.8834369779,663,252,187,0.7245901639,0.7800000000,0.7512747875
0.8828092813,663,253,187,0.7237991266,0.7800000000,0.7508493771
0.8825569749,663,254,187,0.7230098146,0.7800000000,0.7504244482
0.8822508454,664,254,186,0.7233115468,0.7811764706,0.7511312217
0.8811010718,665,254,185,0.7236126224,0.7823529412,0.7518371962
0.8807564378,665,255,185,0.7228260870,0.7823529412,0.7514124294
0.8774930239,665,256,185,0.7220412595,0.7823529412,0.7509881423
0.8773411512,665,257,185,0.7212581345,0.7823529412,0.7505643341
0.8772473931,666,257,184,0.7215601300,0.7835294118,0.7512690355
0.8771315217,666,258,184,0.7207792208,0.7835294118,0.7508455468
0.8764886260,666,259,184,0.7200000000,0.7835294118,0.7504225352
0.8756573200,666,260,184,0.7192224622,0.7835294118,0.7500000000
0.8742694259,666,261,184,0.7184466019,0.7835294118,0.7495779403
0.8731495738,667,261,183,0.7187500000,0.7847058824,0.7502812148
0.8724236488,667,262,183,0.7179763186,0.7847058824,0.7498594716
0.8723751903,667,263,183,0.7172043011,0.7847058824,0.7494382022
0.8716552854,668,263,182,0.7175080559,0.7858823529,0.7501403706
0.8715838194,668,264,182,0.7167381974,0.7858823529,0.7497194164
0.8706474304,669,264,181,0.7170418006,0.7870588235,0.7504206394
0.8704322577,669,265,181,0.7162740899,0.7870588235,0.7500000000
0.8698118329,669,266,181,0.7155080214,0.7870588235,0.7495798319
0.8692449331,669,267,181,0.7147435897,0.7870588235,0.7491601344
0.8686503768,670,267,180,0.7150480256,0.7882352941,0.7498601007
0.8684859872,670,268,180,0.7142857143,0.7882352941,0.7494407159
0.8680645823,670,269,180,0.7135250266,0.7882352941,0.7490217999
0.8678510189,670,270,180,0.7127659574,0.7882352941,0.7486033520
0.8670175672,670,271,180,0.7120085016,0.7882352941,0.7481853713
0.8654553890,671,271,179,0.7123142251,0.7894117647,0.7488839286
0.8650057912,671,272,179,0.7115588547,0.7894117647,0.7484662577
0.8648079038,671,273,179,0.7108050847,0.7894117647,0.7480490524
0.8622850180,671,274,179,0.7100529101,0.7894117647,0.7476323120
0.8604816198,671,275,179,0.7093023256,0.7894117647,0.7472160356
0.8602948785,671,276,179,0.7085533263,0.7894117647,0.7468002226
0.8600763083,671,277,179,0.7078059072,0.7894117647,0.7463848721
0.8598316908,671,278,179,0.7070600632,0.7894117647,0.7459699833
0.8596299887,671,279,179,0.7063157895,0.7894117647,0.7455555556
0.8593269587,671,280,179,0.7055730810,0.7894117647,0.7451415880
0.8591464758,671,281,179,0.7048319328,0.7894117647,0.7447280799
0.8591368794,671,282,179,0.7040923400,0.7894117647,0.7443150305
0.8565422297,671,283,179,0.7033542977,0.7894117647,0.7439024390
0.8560509682,671,284,179,0.7026178010,0.7894117647,0.7434903047
0.8537563086,671,285,179,0.7018828452,0.7894117647,0.7430786268
0.8525977731,671,286,179,0.7011494253,0.7894117647,0.7426674045
0.8525870442,672,286,178,0.7014613779,0.7905882353,0.7433628319
0.8523445725,673,286,177,0.7017726799,0.7917647059,0.7440574903
0.8520928025,673,287,177,0.7010416667,0.7917647059,0.7436464088
0.8510593772,673,290,177,0.6988577362,0.7917647059,0.7424158853
0.8497092128,673,291,177,0.6981327801,0.7917647059,0.7420066152
0.8484573364,673,292,177,0.6974093264,0.7917647059,0.7415977961
0.8466761112,673,293,177,0.6966873706,0.7917647059,0.7411894273
0.8462290764,673,294,177,0.6959669080,0.7917647059,0.7407815080
0.8459641933,673,295,177,0.6952479339,0.7917647059,0.7403740374
0.8456326127,673,296,177,0.6945304438,0.7917647059,0.7399670148
0.8448551893,674,296,176,0.6948453608,0.7929411765,0.7406593407
0.8447415233,674,297,176,0.6941297631,0.7929411765,0.7402526085
0.8417317867,674,299,176,0.6927029805,0.7929411765,0.7394404827
0.8416393995,674,300,176,0.6919917864,0.7929411765,0.7390350877
0.8416191339,675,300,175,0.6923076923,0.7941176471,0.7397260274
0.8403724432,675,301,175,0.6915983607,0.7941176471,0.7393209200
0.8393571377,675,302,175,0.6908904811,0.7941176471,0.7389162562
0.8391445279,675,303,175,0.6901840491,0.7941176471,0.7385120350
0.8387759924,675,304,175,0.6894790603,0.7941176471,0.7381082559
0.8384908438,675,305,175,0.6887755102,0.7941176471,0.7377049180
0.8383366466,675,306,175,0.6880733945,0.7941176471,0.7373020208
0.8374238014,676,306,174,0.6883910387,0.7952941176,0.7379912664
0.8368874788,676,307,174,0.6876907426,0.7952941176,0.7375886525
0.8342330456,676,308,174,0.6869918699,0.7952941176,0.7371864776
0.8321871758,677,308,173,0.6873096447,0.7964705882,0.7378746594
0.8311489224,677,309,173,0.6866125761,0.7964705882,0.7374727669
0.8307328820,677,310,173,0.6859169200,0.7964705882,0.7370713119
0.8295102119,678,310,172,0.6862348178,0.7976470588,0.7377584331
0.8290583491,685,324,165,0.6788899901,0.8058823529,0.7369553523
0.8282181025,685,325,165,0.6782178218,0.8058823529,0.7365591398
0.8279469609,685,326,165,0.6775469832,0.8058823529,0.7361633530
0.8278678656,685,327,165,0.6768774704,0.8058823529,0.7357679914
0.8268305063,685,328,165,0.6762092794,0.8058823529,0.7353730542
0.8266702890,685,329,165,0.6755424063,0.8058823529,0.7349785408
0.8264136314,685,330,165,0.6748768473,0.8058823529,0.7345844504
0.8257408738,685,331,165,0.6742125984,0.8058823529,0.7341907824
0.8249955773,685,332,165,0.6735496559,0.8058823529,0.7337975362
0.8248023987,685,333,165,0.6728880157,0.8058823529,0.7334047109
0.8247153759,686,333,164,0.6732090285,0.8070588235,0.7340823970
0.8239304423,686,334,164,0.6725490196,0.8070588235,0.7336898396
0.8230084777,686,335,164,0.6718903036,0.8070588235,0.7332977018
0.8226630688,687,335,163,0.6722113503,0.8082352941,0.7339743590
0.8224482536,687,336,163,0.6715542522,0.8082352941,0.7335824880
0.8211970925,687,337,163,0.6708984375,0.8082352941,0.7331910352
0.8206947446,687,338,163,0.6702439024,0.8082352941,0.7328000000
0.8154343367,687,339,163,0.6695906433,0.8082352941,0.7324093817
0.8146029711,687,340,163,0.6689386563,0.8082352941,0.7320191795
0.8134305477,687,341,163,0.6682879377,0.8082352941,0.7316293930
0.8119946718,687,342,163,0.6676384840,0.8082352941,0.7312400213
0.8110809326,687,343,163,0.6669902913,0.8082352941,0.7308510638
0.8082184792,687,344,163,0.6663433560,0.8082352941,0.7304625199
0.8058450222,687,345,163,0.6656976744,0.8082352941,0.7300743889
0.8048812151,687,346,163,0.6650532430,0.8082352941,0.7296866702
0.8037158847,687,347,163,0.6644100580,0.8082352941,0.7292993631
0.8020551801,687,348,163,0.6637681159,0.8082352941,0.7289124668
0.8019567728,687,349,163,0.6631274131,0.8082352941,0.7285259809
0.8017560840,687,350,163,0.6624879460,0.8082352941,0.7281399046
0.8015713692,687,351,163,0.6618497110,0.8082352941,0.7277542373
0.8008968234,687,352,163,0.6612127045,0.8082352941,0.7273689783
0.7995024920,687,353,163,0.6605769231,0.8082352941,0.7269841270
0.7981584072,687,354,163,0.6599423631,0.8082352941,0.7265996827
0.7978155613,687,355,163,0.6593090211,0.8082352941,0.7262156448
0.7974666953,687,356,163,0.6586768936,0.8082352941,0.7258320127
0.7972083092,687,357,163,0.6580459770,0.8082352941,0.7254487856
0.7968414426,687,358,163,0.6574162679,0.8082352941,0.7250659631
0.7957342863,688,358,162,0.6577437859,0.8094117647,0.7257383966
0.7953140736,689,358,161,0.6580706781,0.8105882353,0.7264101212
0.7951602936,689,359,161,0.6574427481,0.8105882353,0.7260273973
0.7935960889,689,360,161,0.6568160153,0.8105882353,0.7256450764
0.7923520803,689,361,161,0.6561904762,0.8105882353,0.7252631579
0.7922875285,689,362,161,0.6555661275,0.8105882353,0.7248816412
0.7917900085,689,363,161,0.6549429658,0.8105882353,0.7245005258
0.7906791568,689,364,161,0.6543209877,0.8105882353,0.7241198108
0.7904906869,690,364,160,0.6546489564,0.8117647059,0.7247899160
0.7898945212,691,364,159,0.6549763033,0.8129411765,0.7254593176
0.7876681685,691,365,159,0.6543560606,0.8129411765,0.7250786988
0.7874150276,692,365,158,0.6546830653,0.8141176471,0.7257472470
0.7859001756,692,366,158,0.6540642722,0.8141176471,0.7253668763
0.7857707739,692,367,158,0.6534466478,0.8141176471,0.7249869041
0.7850533724,692,368,158,0.6528301887,0.8141176471,0.7246073298
0.7820568681,692,369,158,0.6522148916,0.8141176471,0.7242281528
0.7820103765,692,370,158,0.6516007533,0.8141176471,0.7238493724
0.7814300656,692,371,158,0.6509877705,0.8141176471,0.7234709880
0.7809072733,692,372,158,0.6503759398,0.8141176471,0.7230929990
0.7791942358,692,373,158,0.6497652582,0.8141176471,0.7227154047
0.7763231397,692,374,158,0.6491557223,0.8141176471,0.7223382046
0.7762221694,692,375,158,0.6485473290,0.8141176471,0.7219613980
0.7739636302,692,376,158,0.6479400749,0.8141176471,0.7215849844
0.7718758583,693,376,157,0.6482694107,0.8152941176,0.7222511725
0.7716481090,693,377,157,0.6476635514,0.8152941176,0.7218750000
0.7704960704,693,378,157,0.6470588235,0.8152941176,0.7214992192
0.7703365684,693,379,157,0.6464552239,0.8152941176,0.7211238293
0.7699370980,694,379,156,0.6467847158,0.8164705882,0.7217888716
0.7690912485,694,380,156,0.6461824953,0.8164705882,0.7214137214
0.7685124278,694,381,156,0.6455813953,0.8164705882,0.7210389610
0.7679419518,694,382,156,0.6449814126,0.8164705882,0.7206645898
0.7649806738,695,382,155,0.6453110492,0.8176470588,0.7213284899
0.7633571625,696,382,154,0.6456400742,0.8188235294,0.7219917012
0.7622138262,696,383,154,0.6450417053,0.8188235294,0.7216174184
0.7619220614,696,384,154,0.6444444444,0.8188235294,0.7212435233
0.7617792487,696,385,154,0.6438482886,0.8188235294,0.7208700155
0.7617299557,696,386,154,0.6432532348,0.8188235294,0.7204968944
0.7606633902,696,387,154,0.6426592798,0.8188235294,0.7201241593
0.7605409622,696,388,154,0.6420664207,0.8188235294,0.7197518097
0.7603759170,697,388,153,0.6423963134,0.8200000000,0.7204134367
0.7592906356,697,389,153,0.6418047882,0.8200000000,0.7200413223
0.7591595054,697,390,153,0.6412143514,0.8200000000,0.7196695922
0.7591044307,697,391,153,0.6406250000,0.8200000000,0.7192982456
0.7566159368,697,392,153,0.6400367309,0.8200000000,0.7189272821
0.7536055446,697,393,153,0.6394495413,0.8200000000,0.7185567010
0.7527722716,697,394,153,0.6388634280,0.8200000000,0.7181865018
0.7519832850,698,394,152,0.6391941392,0.8211764706,0.7188465499
0.7493383884,699,394,151,0.6395242452,0.8223529412,0.7195059187
0.7489230633,699,395,151,0.6389396709,0.8223529412,0.7191358025
0.7483336329,699,396,151,0.6383561644,0.8223529412,0.7187660668
0.7470802069,699,397,151,0.6377737226,0.8223529412,0.7183967112
0.7445285916,699,398,151,0.6371923428,0.8223529412,0.7180277350
0.7424645424,699,399,151,0.6366120219,0.8223529412,0.7176591376
0.7421619296,700,399,150,0.6369426752,0.8235294118,0.7183170857
0.7420106530,701,399,149,0.6372727273,0.8247058824,0.7189743590
0.7398063540,701,400,149,0.6366939146,0.8247058824,0.7186058432
0.7397943735,701,401,149,0.6361161525,0.8247058824,0.7182377049
0.7397546768,701,402,149,0.6355394379,0.8247058824,0.7178699437
0.7395604849,701,403,149,0.6349637681,0.8247058824,0.7175025589
0.7394366264,702,403,148,0.6352941176,0.8258823529,0.7181585678
0.7392869592,702,404,148,0.6347197107,0.8258823529,0.7177914110
0.7380146980,703,404,147,0.6350496838,0.8270588235,0.7184466019
0.7369737625,703,405,147,0.6344765343,0.8270588235,0.7180796731
0.7364615798,703,406,147,0.6339044184,0.8270588235,0.7177131189
0.7361625433,703,407,147,0.6333333333,0.8270588235,0.7173469388
0.7358295918,703,408,147,0.6327632763,0.8270588235,0.7169811321
0.7339746356,703,409,147,0.6321942446,0.8270588235,0.7166156983
0.7316067219,703,410,147,0.6316262354,0.8270588235,0.7162506368
0.7278707027,703,411,147,0.6310592460,0.8270588235,0.7158859470
0.7258121967,703,412,147,0.6304932735,0.8270588235,0.7155216285
0.7251875997,703,413,147,0.6299283154,0.8270588235,0.7151576806
0.7245269418,703,414,147,0.6293643688,0.8270588235,0.7147941027
0.7242900133,703,415,147,0.6288014311,0.8270588235,0.7144308943
0.7223072648,703,416,147,0.6282394996,0.8270588235,0.7140680549
0.7217121124,703,417,147,0.6276785714,0.8270588235,0.7137055838
0.7202490568,703,418,147,0.6271186441,0.8270588235,0.7133434805
0.7160544395,703,419,147,0.6265597148,0.8270588235,0.7129817444
0.7159619331,703,420,147,0.6260017809,0.8270588235,0.7126203751
0.7158699632,703,421,147,0.6254448399,0.8270588235,0.7122593718
0.7151576877,703,422,147,0.6248888889,0.8270588235,0.7118987342
0.7138358355,703,423,147,0.6243339254,0.8270588235,0.7115384615
0.7092373371,703,424,147,0.6237799468,0.8270588235,0.7111785534
0.7087459564,703,425,147,0.6232269504,0.8270588235,0.7108190091
0.7039674520,704,425,146,0.6235606732,0.8282352941,0.7114704396
0.7030694485,704,426,146,0.6230088496,0.8282352941,0.7111111111
0.7029100657,704,427,146,0.6224580018,0.8282352941,0.7107521454
0.7014750838,704,428,146,0.6219081272,0.8282352941,0.7103935419
0.6989610195,704,429,146,0.6213592233,0.8282352941,0.7100353001
0.6989343762,704,430,146,0.6208112875,0.8282352941,0.7096774194
0.6984787583,704,431,146,0.6202643172,0.8282352941,0.7093198992
0.6982916594,704,432,146,0.6197183099,0.8282352941,0.7089627392
0.6981036663,704,433,146,0.6191732630,0.8282352941,0.7086059386
0.6964688897,704,434,146,0.6186291740,0.8282352941,0.7082494970
0.6957168579,704,435,146,0.6180860404,0.8282352941,0.7078934138
0.6954662800,704,436,146,0.6175438596,0.8282352941,0.7075376884
0.6945397854,704,437,146,0.6170026293,0.8282352941,0.7071823204
0.6942977309,705,437,145,0.6173380035,0.8294117647,0.7078313253
0.6927866340,705,438,145,0.6167979003,0.8294117647,0.7074761666
0.6926986575,705,439,145,0.6162587413,0.8294117647,0.7071213641
0.6925470829,705,440,145,0.6157205240,0.8294117647,0.7067669173
0.6879699826,706,440,144,0.6160558464,0.8305882353,0.7074148297
0.6871376634,706,441,144,0.6155187446,0.8305882353,0.7070605909
0.6857193112,706,442,144,0.6149825784,0.8305882353,0.7067067067
0.6838606596,706,443,144,0.6144473455,0.8305882353,0.7063531766
0.6830410957,707,444,143,0.6142484796,0.8317647059,0.7066466767
0.6826217175,707,445,143,0.6137152778,0.8317647059,0.7062937063
0.6824353933,708,445,142,0.6140503036,0.8329411765,0.7069395906
0.6803078055,708,446,142,0.6135181976,0.8329411765,0.7065868263
0.6796566248,708,447,142,0.6129870130,0.8329411765,0.7062344140
0.6788831949,708,448,142,0.6124567474,0.8329411765,0.7058823529
0.6783604622,708,449,142,0.6119273984,0.8329411765,0.7055306428
0.6773816347,708,450,142,0.6113989637,0.8329411765,0.7051792829
0.6772370934,708,451,142,0.6108714409,0.8329411765,0.7048282728
0.6763989925,709,451,141,0.6112068966,0.8341176471,0.7054726368
0.6724563241,710,451,140,0.6115417743,0.8352941176,0.7061163600
0.6715227365,710,452,140,0.6110154905,0.8352941176,0.7057654076
0.6697781682,710,453,140,0.6104901118,0.8352941176,0.7054148038
0.6685290933,710,454,140,0.6099656357,0.8352941176,0.7050645482
0.6682882905,710,455,140,0.6094420601,0.8352941176,0.7047146402
0.6639145613,710,456,140,0.6089193825,0.8352941176,0.7043650794
0.6623493433,710,457,140,0.6083976007,0.8352941176,0.7040158651
0.6619898081,710,458,140,0.6078767123,0.8352941176,0.7036669970
0.6600621343,710,459,140,0.6073567151,0.8352941176,0.7033184745
0.6599903107,710,460,140,0.6068376068,0.8352941176,0.7029702970
0.6595233083,710,461,140,0.6063193851,0.8352941176,0.7026224641
0.6592885256,710,462,140,0.6058020478,0.8352941176,0.7022749753
0.6570408344,710,463,140,0.6052855925,0.8352941176,0.7019278300
0.6557371020,710,464,140,0.6047700170,0.8352941176,0.7015810277
0.6506567597,711,464,139,0.6051063830,0.8364705882,0.7022222222
0.6480686069,711,465,139,0.6045918367,0.8364705882,0.7018756170
0.6475399137,711,466,139,0.6040781648,0.8364705882,0.7015293537
0.6435391307,711,467,139,0.6035653650,0.8364705882,0.7011834320
0.6421763301,711,468,139,0.6030534351,0.8364705882,0.7008378512
0.6406266689,712,468,138,0.6033898305,0.8376470588,0.7014778325
0.6382947564,712,469,138,0.6028789162,0.8376470588,0.7011324471
0.6380913258,713,469,137,0.6032148900,0.8388235294,0.7017716535
0.6373667121,713,470,137,0.6027049873,0.8388235294,0.7014264634
0.6372796893,714,470,136,0.6030405405,0.8400000000,0.7020648968
0.6372350454,714,471,136,0.6025316456,0.8400000000,0.7017199017
0.6353200674,714,472,136,0.6020236088,0.8400000000,0.7013752456
0.6344891787,714,473,136,0.6015164280,0.8400000000,0.7010309278
0.6339598894,714,474,136,0.6010101010,0.8400000000,0.7006869480
0.6335566640,714,475,136,0.6005046257,0.8400000000,0.7003433055
0.6327004433,714,476,136,0.6000000000,0.8400000000,0.7000000000
0.6320245862,714,477,136,0.5994962217,0.8400000000,0.6996570309
0.6315886974,714,478,136,0.5989932886,0.8400000000,0.6993143976
0.6313837171,714,481,136,0.5974895397,0.8400000000,0.6982885086
0.6310033798,714,482,136,0.5969899666,0.8400000000,0.6979472141
0.6303781867,714,484,136,0.5959933222,0.8400000000,0.6972656250
0.6288781166,714,485,136,0.5954962469,0.8400000000,0.6969253294
0.6278739572,714,486,136,0.5950000000,0.8400000000,0.6965853659
0.6217713952,714,487,136,0.5945045795,0.8400000000,0.6962457338
0.6216017008,714,488,136,0.5940099834,0.8400000000,0.6959064327
0.6196616888,714,489,136,0.5935162095,0.8400000000,0.6955674623
0.6141217947,714,490,136,0.5930232558,0.8400000000,0.6952288218
0.6133802533,714,491,136,0.5925311203,0.8400000000,0.6948905109
0.6127449274,714,492,136,0.5920398010,0.8400000000,0.6945525292
0.6100372672,714,493,136,0.5915492958,0.8400000000,0.6942148760
0.6070780158,714,494,136,0.5910596026,0.8400000000,0.6938775510
0.6043354869,714,495,136,0.5905707196,0.8400000000,0.6935405537
0.6029661894,714,496,136,0.5900826446,0.8400000000,0.6932038835
0.6023431420,714,497,136,0.5895953757,0.8400000000,0.6928675400
0.6012296081,714,498,136,0.5891089109,0.8400000000,0.6925315228
0.6005480886,714,499,136,0.5886232481,0.8400000000,0.6921958313
0.6003803015,714,500,136,0.5881383855,0.8400000000,0.6918604651
0.5926366448,714,501,136,0.5876543210,0.8400000000,0.6915254237
0.5922646523,714,502,136,0.5871710526,0.8400000000,0.6911907067
0.5913516283,714,503,136,0.5866885785,0.8400000000,0.6908563135
0.5886256695,714,504,136,0.5862068966,0.8400000000,0.6905222437
0.5871809721,715,504,135,0.5865463495,0.8411764706,0.6911551474
0.5864931345,715,505,135,0.5860655738,0.8411764706,0.6908212560
0.5863713622,715,506,135,0.5855855856,0.8411764706,0.6904876871
0.5862135291,715,507,135,0.5851063830,0.8411764706,0.6901544402
0.5861966014,715,508,135,0.5846279640,0.8411764706,0.6898215147
0.5852869153,715,509,135,0.5841503268,0.8411764706,0.6894889103
0.5841246247,715,510,135,0.5836734694,0.8411764706,0.6891566265
0.5835070610,715,511,135,0.5831973899,0.8411764706,0.6888246628
0.5811545253,715,512,135,0.5827220864,0.8411764706,0.6884930188
0.5792206526,715,513,135,0.5822475570,0.8411764706,0.6881616939
0.5788915157,715,514,135,0.5817737998,0.8411764706,0.6878306878
0.5781766176,715,517,135,0.5803571429,0.8411764706,0.6868395773
0.5771554112,715,518,135,0.5798864558,0.8411764706,0.6865098416
0.5768555403,715,519,135,0.5794165316,0.8411764706,0.6861804223
0.5762755275,715,520,135,0.5789473684,0.8411764706,0.6858513189
0.5739759207,715,521,135,0.5784789644,0.8411764706,0.6855225312
0.5733109713,715,522,135,0.5780113177,0.8411764706,0.6851940585
0.5724890828,715,523,135,0.5775444265,0.8411764706,0.6848659004
0.5691862106,715,524,135,0.5770782889,0.8411764706,0.6845380565
0.5676583052,715,525,135,0.5766129032,0.8411764706,0.6842105263
0.5660173297,715,526,135,0.5761482675,0.8411764706,0.6838833094
0.5619492531,715,527,135,0.5756843800,0.8411764706,0.6835564054
0.5595707297,715,528,135,0.5752212389,0.8411764706,0.6832298137
0.5569880605,715,529,135,0.5747588424,0.8411764706,0.6829035339
0.5561989546,715,530,135,0.5742971888,0.8411764706,0.6825775656
0.5559034944,715,531,135,0.5738362761,0.8411764706,0.6822519084
0.5548385382,715,532,135,0.5733761026,0.8411764706,0.6819265618
0.5540574193,715,533,135,0.5729166667,0.8411764706,0.6816015253
0.5530158877,715,534,135,0.5724579664,0.8411764706,0.6812767985
0.5524010062,715,535,135,0.5720000000,0.8411764706,0.6809523810
0.5516366363,715,536,135,0.5715427658,0.8411764706,0.6806282723
0.5513043404,715,537,135,0.5710862620,0.8411764706,0.6803044719
0.5507020354,715,538,135,0.5706304868,0.8411764706,0.6799809796
0.5478897691,715,539,135,0.5701754386,0.8411764706,0.6796577947
0.5460463166,715,540,135,0.5697211155,0.8411764706,0.6793349169
0.5456966162,715,541,135,0.5692675159,0.8411764706,0.6790123457
0.5440313816,715,542,135,0.5688146380,0.8411764706,0.6786900807
0.5435779691,715,543,135,0.5683624801,0.8411764706,0.6783681214
0.5426429510,715,544,135,0.5679110405,0.8411764706,0.6780464675
0.5415585041,715,545,135,0.5674603175,0.8411764706,0.6777251185
0.5410154462,715,546,135,0.5670103093,0.8411764706,0.6774040739
0.5347704887,715,547,135,0.5665610143,0.8411764706,0.6770833333
0.5340355039,715,548,135,0.5661124307,0.8411764706,0.6767628964
0.5333653688,716,548,134,0.5664556962,0.8423529412,0.6773888363
0.5327876806,716,549,134,0.5660079051,0.8423529412,0.6770685579
0.5324620008,716,550,134,0.5655608215,0.8423529412,0.6767485822
0.5319032073,716,551,134,0.5651144436,0.8423529412,0.6764289088
0.5309291482,716,552,134,0.5646687697,0.8423529412,0.6761095373
0.5308908820,716,553,134,0.5642237983,0.8423529412,0.6757904672
0.5304542780,716,554,134,0.5637795276,0.8423529412,0.6754716981
0.5273616910,716,555,134,0.5633359559,0.8423529412,0.6751532296
0.5265610814,716,556,134,0.5628930818,0.8423529412,0.6748350613
0.5241213441,716,557,134,0.5624509034,0.8423529412,0.6745171927
0.5218903422,716,558,134,0.5620094192,0.8423529412,0.6741996234
0.5216387510,716,559,134,0.5615686275,0.8423529412,0.6738823529
0.5205599666,716,560,134,0.5611285266,0.8423529412,0.6735653810
0.5194069743,716,561,134,0.5606891151,0.8423529412,0.6732487071
0.5176180601,716,562,134,0.5602503912,0.8423529412,0.6729323308
0.5153592825,716,563,134,0.5598123534,0.8423529412,0.6726162518
0.5150244236,716,564,134,0.5593750000,0.8423529412,0.6723004695
0.5142487884,716,565,134,0.5589383294,0.8423529412,0.6719849836
0.5138574243,716,566,134,0.5585023401,0.8423529412,0.6716697936
0.5136482716,716,567,134,0.5580670304,0.8423529412,0.6713548992
0.5135034919,716,568,134,0.5576323988,0.8423529412,0.6710402999
0.5133705139,716,569,134,0.5571984436,0.8423529412,0.6707259953
0.5128561854,716,570,134,0.5567651633,0.8423529412,0.6704119850
0.5109599829,716,571,134,0.5563325563,0.8423529412,0.6700982686
0.5098942518,716,572,134,0.5559006211,0.8423529412,0.6697848457
0.5096408725,716,573,134,0.5554693561,0.8423529412,0.6694717158
0.5087270737,716,574,134,0.5550387597,0.8423529412,0.6691588785
0.5079782605,716,575,134,0.5546088304,0.8423529412,0.6688463335
0.5079706907,716,576,134,0.5541795666,0.8423529412,0.6685340803
0.5054327250,717,576,133,0.5545243619,0.8435294118,0.6691553896
0.5049692392,718,577,132,0.5544401544,0.8447058824,0.6694638695
0.5036041737,718,578,132,0.5540123457,0.8447058824,0.6691519105
0.5021209121,718,579,132,0.5535851966,0.8447058824,0.6688402422
0.5007626414,718,580,132,0.5531587057,0.8447058824,0.6685288641
0.5003459454,718,581,132,0.5527328714,0.8447058824,0.6682177757
0.4973827600,718,582,132,0.5523076923,0.8447058824,0.6679069767
0.4959942997,718,583,132,0.5518831668,0.8447058824,0.6675964668
0.4930161536,718,584,132,0.5514592934,0.8447058824,0.6672862454
0.4902936518,718,585,132,0.5510360706,0.8447058824,0.6669763121
0.4868050218,718,586,132,0.5506134969,0.8447058824,0.6666666667
0.4844327867,718,588,132,0.5497702910,0.8447058824,0.6660482375
0.4816851318,718,589,132,0.5493496557,0.8447058824,0.6657394529
0.4816461504,718,590,132,0.5489296636,0.8447058824,0.6654309546
0.4799433351,718,591,132,0.5485103132,0.8447058824,0.6651227420
0.4774972796,718,592,132,0.5480916031,0.8447058824,0.6648148148
0.4766193330,719,593,131,0.5480182927,0.8458823529,0.6651248844
0.4760186374,719,594,131,0.5476009139,0.8458823529,0.6648173833
0.4757776260,719,595,131,0.5471841705,0.8458823529,0.6645101664
0.4732431471,719,596,131,0.5467680608,0.8458823529,0.6642032333
0.4708403051,719,597,131,0.5463525836,0.8458823529,0.6638965836
0.4696367979,719,598,131,0.5459377373,0.8458823529,0.6635902169
0.4692972302,719,599,131,0.5455235205,0.8458823529,0.6632841328
0.4687795341,719,600,131,0.5451099318,0.8458823529,0.6629783310
0.4667460620,719,601,131,0.5446969697,0.8458823529,0.6626728111
0.4666822255,719,602,131,0.5442846329,0.8458823529,0.6623675725
0.4657214284,719,603,131,0.5438729198,0.8458823529,0.6620626151
0.4622929096,719,604,131,0.5434618292,0.8458823529,0.6617579383
0.4613919258,719,605,131,0.5430513595,0.8458823529,0.6614535419
0.4587156475,719,606,131,0.5426415094,0.8458823529,0.6611494253
0.4580909908,719,607,131,0.5422322775,0.8458823529,0.6608455882
0.4580661356,719,608,131,0.5418236624,0.8458823529,0.6605420303
0.4567235112,719,609,131,0.5414156627,0.8458823529,0.6602387511
0.4552303255,719,610,131,0.5410082769,0.8458823529,0.6599357503
0.4545301795,719,611,131,0.5406015038,0.8458823529,0.6596330275
0.4545106292,719,612,131,0.5401953418,0.8458823529,0.6593305823
0.4540700316,719,613,131,0.5397897898,0.8458823529,0.6590284143
0.4473933578,719,614,131,0.5393848462,0.8458823529,0.6587265231
0.4424064457,719,615,131,0.5389805097,0.8458823529,0.6584249084
0.4370667338,719,616,131,0.5385767790,0.8458823529,0.6581235698
0.4367806315,719,617,131,0.5381736527,0.8458823529,0.6578225069
0.4324365854,719,619,131,0.5373692078,0.8458823529,0.6572212066
0.4320582449,719,620,131,0.5369678865,0.8458823529,0.6569209685
0.4312056303,719,621,131,0.5365671642,0.8458823529,0.6566210046
0.4301187098,719,622,131,0.5361670395,0.8458823529,0.6563213145
0.4292602241,719,623,131,0.5357675112,0.8458823529,0.6560218978
0.4275736213,719,624,131,0.5353685778,0.8458823529,0.6557227542
0.4241467416,719,625,131,0.5349702381,0.8458823529,0.6554238833
0.4240969419,719,626,131,0.5345724907,0.8458823529,0.6551252847
0.4224331081,719,627,131,0.5341753343,0.8458823529,0.6548269581
0.4176248908,719,628,131,0.5337787676,0.8458823529,0.6545289030
0.4170735776,719,629,131,0.5333827893,0.8458823529,0.6542311192
0.4170558453,719,630,131,0.5329873981,0.8458823529,0.6539336062
0.4166979492,719,631,131,0.5325925926,0.8458823529,0.6536363636
0.4153774977,719,632,131,0.5321983716,0.8458823529,0.6533393912
0.4145842493,719,633,131,0.5318047337,0.8458823529,0.6530426885
0.4115624726,719,634,131,0.5314116778,0.8458823529,0.6527462551
0.4106232524,719,635,131,0.5310192024,0.8458823529,0.6524500907
0.4102189541,719,636,131,0.5306273063,0.8458823529,0.6521541950
0.4077554047,719,637,131,0.5302359882,0.8458823529,0.6518585675
0.4073969126,719,638,131,0.5298452469,0.8458823529,0.6515632080
0.4073286057,719,639,131,0.5294550810,0.8458823529,0.6512681159
0.4071224332,719,640,131,0.5290654893,0.8458823529,0.6509732911
0.4066630006,719,641,131,0.5286764706,0.8458823529,0.6506787330
0.4050992429,719,642,131,0.5282880235,0.8458823529,0.6503844414
0.4041943550,719,643,131,0.5279001468,0.8458823529,0.6500904159
0.4001437128,719,644,131,0.5275128393,0.8458823529,0.6497966561
0.3962437510,719,645,131,0.5271260997,0.8458823529,0.6495031617
0.3954583704,719,646,131,0.5267399267,0.8458823529,0.6492099323
0.3949238062,719,647,131,0.5263543192,0.8458823529,0.6489169675
0.3941892982,719,648,131,0.5259692758,0.8458823529,0.6486242670
0.3919297755,719,649,131,0.5255847953,0.8458823529,0.6483318305
0.3898716271,719,650,131,0.5252008766,0.8458823529,0.6480396575
0.3817563057,719,651,131,0.5248175182,0.8458823529,0.6477477477
0.3798539340,719,652,131,0.5244347192,0.8458823529,0.6474561009
0.3782786727,719,653,131,0.5240524781,0.8458823529,0.6471647165
0.3765043914,719,654,131,0.5236707939,0.8458823529,0.6468735942
0.3749702573,719,655,131,0.5232896652,0.8458823529,0.6465827338
0.3741087317,719,656,131,0.5229090909,0.8458823529,0.6462921348
0.3732552528,719,657,131,0.5225290698,0.8458823529,0.6460017969
0.3728155494,719,658,131,0.5221496006,0.8458823529,0.6457117198
0.3719795346,719,659,131,0.5217706821,0.8458823529,0.6454219031
0.3698873222,719,660,131,0.5213923133,0.8458823529,0.6451323463
0.3693003654,719,661,131,0.5210144928,0.8458823529,0.6448430493
0.3689740300,719,662,131,0.5206372194,0.8458823529,0.6445540117
0.3666541576,719,663,131,0.5202604920,0.8458823529,0.6442652330
0.3662428260,719,664,131,0.5198843095,0.8458823529,0.6439767129
0.3641334772,719,665,131,0.5195086705,0.8458823529,0.6436884512
0.3640908301,719,666,131,0.5191335740,0.8458823529,0.6434004474
0.3637582958,719,667,131,0.5187590188,0.8458823529,0.6431127013
0.3624826670,719,668,131,0.5183850036,0.8458823529,0.6428252123
0.3622279465,719,669,131,0.5180115274,0.8458823529,0.6425379803
0.3567612767,719,670,131,0.5176385889,0.8458823529,0.6422510049
0.3564131260,719,671,131,0.5172661871,0.8458823529,0.6419642857
0.3561244309,719,672,131,0.5168943206,0.8458823529,0.6416778224
0.3553424478,719,673,131,0.5165229885,0.8458823529,0.6413916146
0.3547810018,719,674,131,0.5161521895,0.8458823529,0.6411056621
0.3542854190,719,675,131,0.5157819225,0.8458823529,0.6408199643
0.3525907993,719,678,131,0.5146743021,0.8458823529,0.6399643970
0.3504468501,719,679,131,0.5143061516,0.8458823529,0.6396797153
0.3498885930,719,680,131,0.5139385275,0.8458823529,0.6393952868
0.3443644643,719,681,131,0.5135714286,0.8458823529,0.6391111111
0.3414261639,719,682,131,0.5132048537,0.8458823529,0.6388271879
0.3387820721,719,683,131,0.5128388017,0.8458823529,0.6385435169
0.3385517299,719,684,131,0.5124732716,0.8458823529,0.6382600976
0.3377200663,719,685,131,0.5121082621,0.8458823529,0.6379769299
0.3356902003,719,686,131,0.5117437722,0.8458823529,0.6376940133
0.3328657448,719,687,131,0.5113798009,0.8458823529,0.6374113475
0.3306502104,719,688,131,0.5110163468,0.8458823529,0.6371289322
0.3305054605,719,689,131,0.5106534091,0.8458823529,0.6368467671
0.3304369450,719,690,131,0.5102909865,0.8458823529,0.6365648517
0.3273732662,719,691,131,0.5099290780,0.8458823529,0.6362831858
0.3266407847,719,692,131,0.5095676825,0.8458823529,0.6360017691
0.3253681660,719,693,131,0.5092067989,0.8458823529,0.6357206012
0.3239322603,719,694,131,0.5088464260,0.8458823529,0.6354396818
0.3222190142,719,695,131,0.5084865629,0.8458823529,0.6351590106
0.3215200007,719,696,131,0.5081272085,0.8458823529,0.6348785872
0.3193305433,719,697,131,0.5077683616,0.8458823529,0.6345984113
0.3181654811,719,698,131,0.5074100212,0.8458823529,0.6343184826
0.3146494627,719,699,131,0.5070521862,0.8458823529,0.6340388007
0.3132616580,719,700,131,0.5066948555,0.8458823529,0.6337593654
0.3128612936,719,701,131,0.5063380282,0.8458823529,0.6334801762
0.3110035360,719,702,131,0.5059817030,0.8458823529,0.6332012329
0.3081919551,719,703,131,0.5056258790,0.8458823529,0.6329225352
0.3080407977,719,704,131,0.5052705552,0.8458823529,0.6326440827
0.3021705747,719,705,131,0.5049157303,0.8458823529,0.6323658751
0.3010514677,719,706,131,0.5045614035,0.8458823529,0.6320879121
0.3004292548,719,707,131,0.5042075736,0.8458823529,0.6318101933
0.2995513082,719,708,131,0.5038542397,0.8458823529,0.6315327185
0.2971655428,720,708,130,0.5042016807,0.8470588235,0.6321334504
0.2966752946,720,709,130,0.5038488453,0.8470588235,0.6318560772
0.2963230908,721,709,129,0.5041958042,0.8482352941,0.6324561404
0.2955408692,722,709,128,0.5045422781,0.8494117647,0.6330556773
0.2927862108,722,710,128,0.5041899441,0.8494117647,0.6327782647
0.2925226092,722,711,128,0.5038381019,0.8494117647,0.6325010951
0.2917304635,722,712,128,0.5034867503,0.8494117647,0.6322241681
0.2911233902,722,713,128,0.5031358885,0.8494117647,0.6319474836
0.2907761335,722,714,128,0.5027855153,0.8494117647,0.6316710411
0.2875516117,722,715,128,0.5024356298,0.8494117647,0.6313948404
0.2846958041,722,716,128,0.5020862309,0.8494117647,0.6311188811
0.2842508554,722,717,128,0.5017373176,0.8494117647,0.6308431630
0.2839043736,722,718,128,0.5013888889,0.8494117647,0.6305676856
0.2826020718,722,719,128,0.5010409438,0.8494117647,0.6302924487
0.2823055387,722,720,128,0.5006934813,0.8494117647,0.6300174520
0.2816911638,722,721,128,0.5003465003,0.8494117647,0.6297426952
0.2806330025,722,722,128,0.5000000000,0.8494117647,0.6294681779
0.2806040049,722,723,128,0.4996539792,0.8494117647,0.6291938998
0.2798646390,722,724,128,0.4993084371,0.8494117647,0.6289198606
0.2774543464,722,725,128,0.4989633725,0.8494117647,0.6286460601
0.2767981887,722,726,128,0.4986187845,0.8494117647,0.6283724978
0.2756351829,722,727,128,0.4982746722,0.8494117647,0.6280991736
0.2738909721,722,728,128,0.4979310345,0.8494117647,0.6278260870
0.2729375064,722,729,128,0.4975878704,0.8494117647,0.6275532377
0.2723038495,722,730,128,0.4972451791,0.8494117647,0.6272806255
0.2712295949,723,730,127,0.4975911906,0.8505882353,0.6278766826
0.2709099650,723,731,127,0.4972489684,0.8505882353,0.6276041667
0.2709098756,723,732,127,0.4969072165,0.8505882353,0.6273318872
0.2706021070,724,732,126,0.4972527473,0.8517647059,0.6279271466
0.2680277824,724,733,126,0.4969114619,0.8517647059,0.6276549632
0.2677573264,724,734,126,0.4965706447,0.8517647059,0.6273830156
0.2670820951,724,735,126,0.4962302947,0.8517647059,0.6271113036
0.2670717537,724,736,126,0.4958904110,0.8517647059,0.6268398268
0.2658291459,724,737,126,0.4955509925,0.8517647059,0.6265685850
0.2654739022,724,738,126,0.4952120383,0.8517647059,0.6262975779
0.2650479376,724,739,126,0.4948735475,0.8517647059,0.6260268050
0.2642702162,724,740,126,0.4945355191,0.8517647059,0.6257562662
0.2589418590,724,741,126,0.4941979522,0.8517647059,0.6254859611
0.2571099997,724,742,126,0.4938608458,0.8517647059,0.6252158895
0.2570204735,724,743,126,0.4935241990,0.8517647059,0.6249460509
0.2568781376,724,744,126,0.4931880109,0.8517647059,0.6246764452
0.2566273808,724,745,126,0.4928522805,0.8517647059,0.6244070720
0.2558035254,724,746,126,0.4925170068,0.8517647059,0.6241379310
0.2553503513,724,747,126,0.4921821890,0.8517647059,0.6238690220
0.2551169693,724,748,126,0.4918478261,0.8517647059,0.6236003445
0.2522341013,724,749,126,0.4915139172,0.8517647059,0.6233318984
0.2499329448,724,750,126,0.4911804613,0.8517647059,0.6230636833
0.2485354692,724,751,126,0.4908474576,0.8517647059,0.6227956989
0.2483549565,724,752,126,0.4905149051,0.8517647059,0.6225279450
0.2477565408,724,753,126,0.4901828030,0.8517647059,0.6222604211
0.2468708009,724,754,126,0.4898511502,0.8517647059,0.6219931271
0.2449762523,724,755,126,0.4895199459,0.8517647059,0.6217260627
0.2411685884,724,756,126,0.4891891892,0.8517647059,0.6214592275
0.2407714427,724,757,126,0.4888588791,0.8517647059,0.6211926212
0.2398597151,724,758,126,0.4885290148,0.8517647059,0.6209262436
0.2395956367,724,759,126,0.4881995954,0.8517647059,0.6206600943
0.2390393913,724,760,126,0.4878706199,0.8517647059,0.6203941731
0.2369887978,724,761,126,0.4875420875,0.8517647059,0.6201284797
0.2364346534,724,763,126,0.4868863484,0.8517647059,0.6195977749
0.2354917973,724,764,126,0.4865591398,0.8517647059,0.6193327630
0.2325157523,724,765,126,0.4862323707,0.8517647059,0.6190679778
0.2324388921,724,766,126,0.4859060403,0.8517647059,0.6188034188
0.2307716459,724,767,126,0.4855801476,0.8517647059,0.6185390859
0.2299922407,724,768,126,0.4852546917,0.8517647059,0.6182749787
0.2288267016,724,769,126,0.4849296718,0.8517647059,0.6180110969
0.2263665348,724,770,126,0.4846050870,0.8517647059,0.6177474403
0.2257066965,724,771,126,0.4842809365,0.8517647059,0.6174840085
0.2243675441,724,772,126,0.4839572193,0.8517647059,0.6172208014
0.2194319218,724,773,126,0.4836339345,0.8517647059,0.6169578185
0.2192627937,724,774,126,0.4833110814,0.8517647059,0.6166950596
0.2186892927,724,775,126,0.4829886591,0.8517647059,0.6164325245
0.2183594555,724,776,126,0.4826666667,0.8517647059,0.6161702128
0.2182290107,724,777,126,0.4823451033,0.8517647059,0.6159081242
0.2172520310,724,778,126,0.4820239680,0.8517647059,0.6156462585
0.2167183310,724,779,126,0.4817032601,0.8517647059,0.6153846154
0.2118463814,724,780,126,0.4813829787,0.8517647059,0.6151231946
0.2109206170,724,781,126,0.4810631229,0.8517647059,0.6148619958
0.2103487849,724,782,126,0.4807436919,0.8517647059,0.6146010187
0.2098698616,724,783,126,0.4804246848,0.8517647059,0.6143402630
0.2098015994,724,784,126,0.4801061008,0.8517647059,0.6140797286
0.2079764158,724,785,126,0.4797879390,0.8517647059,0.6138194150
0.2062801421,724,786,126,0.4794701987,0.8517647059,0.6135593220
0.2040306032,724,787,126,0.4791528789,0.8517647059,0.6132994494
0.2037344426,724,788,126,0.4788359788,0.8517647059,0.6130397968
0.2036325186,724,789,126,0.4785194977,0.8517647059,0.6127803639
0.2017324865,724,790,126,0.4782034346,0.8517647059,0.6125211506
0.1998519599,724,791,126,0.4778877888,0.8517647059,0.6122621564
0.1997283995,724,792,126,0.4775725594,0.8517647059,0.6120033812
0.1996571869,724,793,126,0.4772577456,0.8517647059,0.6117448247
0.1994626373,724,794,126,0.4769433465,0.8517647059,0.6114864865
0.1992391050,724,795,126,0.4766293614,0.8517647059,0.6112283664
0.1988001168,724,796,126,0.4763157895,0.8517647059,0.6109704641
0.1964055449,724,797,126,0.4760026298,0.8517647059,0.6107127794
0.1956863701,724,798,126,0.4756898817,0.8517647059,0.6104553120
0.1949106008,724,799,126,0.4753775443,0.8517647059,0.6101980615
0.1933169365,724,800,126,0.4750656168,0.8517647059,0.6099410278
0.1915292144,725,800,125,0.4754098361,0.8529411765,0.6105263158
0.1909339428,725,801,125,0.4750982962,0.8529411765,0.6102693603
0.1907394379,725,802,125,0.4747871644,0.8529411765,0.6100126210
0.1887481660,725,803,125,0.4744764398,0.8529411765,0.6097560976
0.1874589175,725,804,125,0.4741661216,0.8529411765,0.6094997898
0.1864609718,725,805,125,0.4738562092,0.8529411765,0.6092436975
0.1862526983,725,806,125,0.4735467015,0.8529411765,0.6089878202
0.1852884293,725,807,125,0.4732375979,0.8529411765,0.6087321579
0.1834634095,726,807,124,0.4735812133,0.8541176471,0.6093159883
0.1788477153,727,808,123,0.4736156352,0.8552941176,0.6096436059
0.1781846434,727,809,123,0.4733072917,0.8552941176,0.6093880972
0.1770224571,727,810,123,0.4729993494,0.8552941176,0.6091328027
0.1767637730,727,811,123,0.4726918075,0.8552941176,0.6088777219
0.1736482233,727,812,123,0.4723846654,0.8552941176,0.6086228548
0.1734390259,727,813,123,0.4720779221,0.8552941176,0.6083682008
0.1730690747,727,814,123,0.4717715769,0.8552941176,0.6081137599
0.1707325280,727,815,123,0.4714656291,0.8552941176,0.6078595318
0.1707227975,727,816,123,0.4711600778,0.8552941176,0.6076055161
0.1694673300,727,817,123,0.4708549223,0.8552941176,0.6073517126
0.1681643426,727,818,123,0.4705501618,0.8552941176,0.6070981211
0.1676782221,727,819,123,0.4702457956,0.8552941176,0.6068447412
0.1661314964,727,820,123,0.4699418229,0.8552941176,0.6065915728
0.1645311713,727,821,123,0.4696382429,0.8552941176,0.6063386155
0.1630982012,727,822,123,0.4693350549,0.8552941176,0.6060858691
0.1622235328,727,823,123,0.4690322581,0.8552941176,0.6058333333
0.1617772579,727,824,123,0.4687298517,0.8552941176,0.6055810079
0.1616020054,727,825,123,0.4684278351,0.8552941176,0.6053288926
0.1609378159,727,826,123,0.4681262073,0.8552941176,0.6050769871
0.1574433595,727,827,123,0.4678249678,0.8552941176,0.6048252912
0.1572162807,727,828,123,0.4675241158,0.8552941176,0.6045738046
0.1548694372,727,829,123,0.4672236504,0.8552941176,0.6043225270
0.1543849409,727,830,123,0.4669235710,0.8552941176,0.6040714582
0.1535072774,727,831,123,0.4666238768,0.8552941176,0.6038205980
0.1529361308,727,832,123,0.4663245670,0.8552941176,0.6035699460
0.1529009491,727,833,123,0.4660256410,0.8552941176,0.6033195021
0.1520865262,727,834,123,0.4657270980,0.8552941176,0.6030692659
0.1504763365,727,835,123,0.4654289373,0.8552941176,0.6028192371
0.1489486992,727,836,123,0.4651311580,0.8552941176,0.6025694157
0.1487344056,727,837,123,0.4648337596,0.8552941176,0.6023198012
0.1486031413,727,838,123,0.4645367412,0.8552941176,0.6020703934
0.1481571645,727,839,123,0.4642401022,0.8552941176,0.6018211921
0.1464737356,727,840,123,0.4639438417,0.8552941176,0.6015721969
0.1454447359,727,841,123,0.4636479592,0.8552941176,0.6013234078
0.1439890265,727,842,123,0.4633524538,0.8552941176,0.6010748243
0.1429285407,727,843,123,0.4630573248,0.8552941176,0.6008264463
0.1417109817,727,844,123,0.4627625716,0.8552941176,0.6005782734
0.1396023780,727,845,123,0.4624681934,0.8552941176,0.6003303055
0.1379176229,727,846,123,0.4621741894,0.8552941176,0.6000825423
0.1365643144,727,847,123,0.4618805591,0.8552941176,0.5998349835
0.1364674419,727,848,123,0.4615873016,0.8552941176,0.5995876289
0.1334950477,727,849,123,0.4612944162,0.8552941176,0.5993404782
0.1331499368,727,850,123,0.4610019023,0.8552941176,0.5990935311
0.1317677349,727,851,123,0.4607097592,0.8552941176,0.5988467875
0.1303396225,727,852,123,0.4604179861,0.8552941176,0.5986002470
0.1286760420,727,853,123,0.4601265823,0.8552941176,0.5983539095
0.1281593442,727,854,123,0.4598355471,0.8552941176,0.5981077746
0.1280671209,727,855,123,0.4595448799,0.8552941176,0.5978618421
0.1271776706,727,856,123,0.4592545799,0.8552941176,0.5976161118
0.1250988245,727,857,123,0.4589646465,0.8552941176,0.5973705834
0.1247048378,727,858,123,0.4586750789,0.8552941176,0.5971252567
0.1246571317,727,859,123,0.4583858764,0.8552941176,0.5968801314
0.1237733513,727,860,123,0.4580970384,0.8552941176,0.5966352072
0.1231973842,727,861,123,0.4578085642,0.8552941176,0.5963904840
0.1225164384,727,862,123,0.4575204531,0.8552941176,0.5961459615
0.1208763793,727,863,123,0.4572327044,0.8552941176,0.5959016393
0.1206065118,727,864,123,0.4569453174,0.8552941176,0.5956575174
0.1201459989,727,865,123,0.4566582915,0.8552941176,0.5954135954
0.1201456785,727,866,123,0.4563716259,0.8552941176,0.5951698731
0.1191241369,727,867,123,0.4560853199,0.8552941176,0.5949263502
0.1190123856,727,868,123,0.4557993730,0.8552941176,0.5946830266
0.1188618615,727,869,123,0.4555137845,0.8552941176,0.5944399019
0.1186743528,727,870,123,0.4552285535,0.8552941176,0.5941969759
0.1170033962,727,871,123,0.4549436796,0.8552941176,0.5939542484
0.1166749820,727,872,123,0.4546591620,0.8552941176,0.5937117191
0.1150803044,727,873,123,0.4543750000,0.8552941176,0.5934693878
0.1148544326,727,874,123,0.4540911930,0.8552941176,0.5932272542
0.1147865430,727,875,123,0.4538077403,0.8552941176,0.5929853181
0.1147773489,727,876,123,0.4535246413,0.8552941176,0.5927435793
0.1137603298,727,877,123,0.4532418953,0.8552941176,0.5925020375
0.1131600142,727,878,123,0.4529595016,0.8552941176,0.5922606925
0.1130968630,727,879,123,0.4526774595,0.8552941176,0.5920195440
0.1129567474,727,880,123,0.4523957685,0.8552941176,0.5917785918
0.1126966178,727,881,123,0.4521144279,0.8552941176,0.5915378356
0.1117632464,727,882,123,0.4518334369,0.8552941176,0.5912972753
0.1103342772,727,883,123,0.4515527950,0.8552941176,0.5910569106
0.1094612926,727,884,123,0.4512725016,0.8552941176,0.5908167412
0.1089969128,727,885,123,0.4509925558,0.8552941176,0.5905767669
0.1089745313,727,886,123,0.4507129572,0.8552941176,0.5903369874
0.1076145396,727,887,123,0.4504337051,0.8552941176,0.5900974026
0.1075822860,727,888,123,0.4501547988,0.8552941176,0.5898580122
0.1068535373,727,889,123,0.4498762376,0.8552941176,0.5896188159
0.1062475964,727,890,123,0.4495980210,0.8552941176,0.5893798135
0.1058791131,727,891,123,0.4493201483,0.8552941176,0.5891410049
0.1050552800,727,892,123,0.4490426189,0.8552941176,0.5889023896
0.1048182994,727,893,123,0.4487654321,0.8552941176,0.5886639676
0.1029028744,727,894,123,0.4484885873,0.8552941176,0.5884257386
0.1028840840,727,895,123,0.4482120838,0.8552941176,0.5881877023
0.1024766117,727,896,123,0.4479359211,0.8552941176,0.5879498585
0.1010021642,727,897,123,0.4476600985,0.8552941176,0.5877122070
0.1005329117,727,898,123,0.4473846154,0.8552941176,0.5874747475
0.1003783867,727,899,123,0.4471094711,0.8552941176,0.5872374798
0.0999545977,727,900,123,0.4468346650,0.8552941176,0.5870004037
0.0991969705,727,901,123,0.4465601966,0.8552941176,0.5867635190
0.0990794301,727,902,123,0.4462860651,0.8552941176,0.5865268253
0.0990303680,727,903,123,0.4460122699,0.8552941176,0.5862903226
0.0980183259,727,904,123,0.4457388105,0.8552941176,0.5860540105
0.0978435799,727,905,123,0.4454656863,0.8552941176,0.5858178888
0.0977864936,727,906,123,0.4451928965,0.8552941176,0.5855819573
0.0971401706,727,907,123,0.4449204406,0.8552941176,0.5853462158
0.0962255970,727,908,123,0.4446483180,0.8552941176,0.5851106640
0.0932581276,727,909,123,0.4443765281,0.8552941176,0.5848753017
0.0925720334,727,910,123,0.4441050703,0.8552941176,0.5846401287
0.0913910493,727,911,123,0.4438339438,0.8552941176,0.5844051447
0.0897509679,727,912,123,0.4435631483,0.8552941176,0.5841703495
0.0886857063,727,913,123,0.4432926829,0.8552941176,0.5839357430
0.0881561115,727,914,123,0.4430225472,0.8552941176,0.5837013248
0.0874028280,727,915,123,0.4427527406,0.8552941176,0.5834670947
0.0867583230,727,916,123,0.4424832623,0.8552941176,0.5832330525
0.0845323429,727,917,123,0.4422141119,0.8552941176,0.5829991981
0.0823860541,727,919,123,0.4416767922,0.8552941176,0.5825320513
0.0813189521,727,920,123,0.4414086217,0.8552941176,0.5822987585
0.0807417482,727,921,123,0.4411407767,0.8552941176,0.5820656525
0.0796895400,727,922,123,0.4408732565,0.8552941176,0.5818327331
0.0795253813,727,923,123,0.4406060606,0.8552941176,0.5816000000
0.0792706534,727,924,123,0.4403391884,0.8552941176,0.5813674530
0.0786339566,727,925,123,0.4400726392,0.8552941176,0.5811350919
0.0781983435,727,926,123,0.4398064126,0.8552941176,0.5809029165
0.0781788304,727,927,123,0.4395405079,0.8552941176,0.5806709265
0.0778116882,727,928,123,0.4392749245,0.8552941176,0.5804391218
0.0773833543,727,929,123,0.4390096618,0.8552941176,0.5802075020
0.0772535652,727,930,123,0.4387447194,0.8552941176,0.5799760670
0.0769747868,727,931,123,0.4384800965,0.8552941176,0.5797448166
0.0764609650,727,932,123,0.4382157926,0.8552941176,0.5795137505
0.0735756829,727,933,123,0.4379518072,0.8552941176,0.5792828685
0.0733064413,727,934,123,0.4376881397,0.8552941176,0.5790521705
0.0731522441,727,935,123,0.4374247894,0.8552941176,0.5788216561
0.0723357722,727,936,123,0.4371617559,0.8552941176,0.5785913251
0.0721288770,727,937,123,0.4368990385,0.8552941176,0.5783611774
0.0717847943,727,938,123,0.4366366366,0.8552941176,0.5781312127
0.0713904873,727,939,123,0.4363745498,0.8552941176,0.5779014308
0.0707342327,727,940,123,0.4361127774,0.8552941176,0.5776718315
0.0703863725,727,941,123,0.4358513189,0.8552941176,0.5774424146
0.0699925423,727,942,123,0.4355901738,0.8552941176,0.5772131798
0.0695979223,727,943,123,0.4353293413,0.8552941176,0.5769841270
0.0680596605,727,944,123,0.4350688211,0.8552941176,0.5767552559
0.0678874925,727,945,123,0.4348086124,0.8552941176,0.5765265662
0.0678691044,727,946,123,0.4345487149,0.8552941176,0.5762980579
0.0678607598,727,947,123,0.4342891278,0.8552941176,0.5760697306
0.0678263903,727,948,123,0.4340298507,0.8552941176,0.5758415842
0.0675352588,727,949,123,0.4337708831,0.8552941176,0.5756136184
0.0672968850,727,950,123,0.4335122242,0.8552941176,0.5753858330
0.0656884536,727,951,123,0.4332538737,0.8552941176,0.5751582278
0.0649503991,727,952,123,0.4329958309,0.8552941176,0.5749308027
0.0648395047,727,953,123,0.4327380952,0.8552941176,0.5747035573
0.0645989254,727,954,123,0.4324806663,0.8552941176,0.5744764915
0.0642644018,727,955,123,0.4322235434,0.8552941176,0.5742496051
0.0640924796,727,956,123,0.4319667261,0.8552941176,0.5740228977
0.0637103915,727,957,123,0.4317102138,0.8552941176,0.5737963694
0.0632067174,727,958,123,0.4314540059,0.8552941176,0.5735700197
0.0628798753,727,959,123,0.4311981020,0.8552941176,0.5733438486
0.0628265887,727,960,123,0.4309425015,0.8552941176,0.5731178557
0.0628130510,727,961,123,0.4306872038,0.8552941176,0.5728920410
0.0626201332,727,962,123,0.4304322084,0.8552941176,0.5726664041
0.0623381473,727,963,123,0.4301775148,0.8552941176,0.5724409449
0.0621480234,727,964,123,0.4299231224,0.8552941176,0.5722156631
0.0620249882,727,965,123,0.4296690307,0.8552941176,0.5719905586
0.0617649518,727,966,123,0.4294152392,0.8552941176,0.5717656311
0.0617222190,727,967,123,0.4291617473,0.8552941176,0.5715408805
0.0603127517,727,968,123,0.4289085546,0.8552941176,0.5713163065
0.0599648803,727,969,123,0.4286556604,0.8552941176,0.5710919089
0.0586707555,727,970,123,0.4284030642,0.8552941176,0.5708676875
0.0585628673,727,971,123,0.4281507656,0.8552941176,0.5706436421
0.0578025989,727,972,123,0.4278987640,0.8552941176,0.5704197725
0.0572610013,727,973,123,0.4276470588,0.8552941176,0.5701960784
0.0570494346,727,974,123,0.4273956496,0.8552941176,0.5699725598
0.0553912893,727,975,123,0.4271445358,0.8552941176,0.5697492163
0.0552312844,727,976,123,0.4268937170,0.8552941176,0.5695260478
0.0549720228,727,977,123,0.4266431925,0.8552941176,0.5693030540
0.0547993258,727,978,123,0.4263929619,0.8552941176,0.5690802348
0.0545060635,727,979,123,0.4261430246,0.8552941176,0.5688575900
0.0541048720,727,980,123,0.4258933802,0.8552941176,0.5686351193
0.0529186241,727,981,123,0.4256440281,0.8552941176,0.5684128225
0.0527069159,727,982,123,0.4253949678,0.8552941176,0.5681906995
0.0525977239,727,983,123,0.4251461988,0.8552941176,0.5679687500
0.0525656492,727,984,123,0.4248977206,0.8552941176,0.5677469738
0.0524708144,727,985,123,0.4246495327,0.8552941176,0.5675253708
0.0523974746,727,986,123,0.4244016346,0.8552941176,0.5673039407
0.0504753925,727,987,123,0.4241540257,0.8552941176,0.5670826833
0.0496673137,727,988,123,0.4239067055,0.8552941176,0.5668615984
0.0495348461,727,989,123,0.4236596737,0.8552941176,0.5666406859
0.0490004830,727,990,123,0.4234129295,0.8552941176,0.5664199455
0.0488876812,727,991,123,0.4231664726,0.8552941176,0.5661993769
0.0488743111,727,992,123,0.4229203025,0.8552941176,0.5659789801
0.0487695821,727,993,123,0.4226744186,0.8552941176,0.5657587549
0.0485174507,727,994,123,0.4224288205,0.8552941176,0.5655387009
0.0483830981,727,995,123,0.4221835075,0.8552941176,0.5653188180
0.0478629433,727,996,123,0.4219384794,0.8552941176,0.5650991061
0.0477306098,727,997,123,0.4216937355,0.8552941176,0.5648795649
0.0475763343,727,998,123,0.4214492754,0.8552941176,0.5646601942
0.0475247949,727,999,123,0.4212050985,0.8552941176,0.5644409938
0.0473465919,727,1000,123,0.4209612044,0.8552941176,0.5642219635
0.0460605696,727,1001,123,0.4207175926,0.8552941176,0.5640031032
0.0458276644,727,1002,123,0.4204742626,0.8552941176,0.5637844126
0.0456385203,727,1003,123,0.4202312139,0.8552941176,0.5635658915
0.0452452637,727,1004,123,0.4199884460,0.8552941176,0.5633475397
0.0448828638,727,1005,123,0.4197459584,0.8552941176,0.5631293571
0.0448281169,727,1006,123,0.4195037507,0.8552941176,0.5629113434
0.0446167625,727,1007,123,0.4192618224,0.8552941176,0.5626934985
0.0437431261,727,1008,123,0.4190201729,0.8552941176,0.5624758221
0.0436698608,727,1009,123,0.4187788018,0.8552941176,0.5622583140
0.0434608236,727,1010,123,0.4185377087,0.8552941176,0.5620409741
0.0427466258,727,1011,123,0.4182968930,0.8552941176,0.5618238022
0.0426862240,727,1012,123,0.4180563542,0.8552941176,0.5616067980
0.0426006392,727,1013,123,0.4178160920,0.8552941176,0.5613899614
0.0418471396,727,1014,123,0.4175761057,0.8552941176,0.5611732922
0.0417310111,727,1015,123,0.4173363949,0.8552941176,0.5609567901
0.0417150967,727,1016,123,0.4170969593,0.8552941176,0.5607404551
0.0416537970,727,1017,123,0.4168577982,0.8552941176,0.5605242868
0.0415306129,727,1018,123,0.4166189112,0.8552941176,0.5603082852
0.0415250435,727,1019,123,0.4163802978,0.8552941176,0.5600924499
0.0410200693,727,1020,123,0.4161419576,0.8552941176,0.5598767809
0.0408499539,727,1021,123,0.4159038902,0.8552941176,0.5596612779
0.0401497558,727,1022,123,0.4156660949,0.8552941176,0.5594459407
0.0400691591,727,1023,123,0.4154285714,0.8552941176,0.5592307692
0.0400435105,727,1024,123,0.4151913192,0.8552941176,0.5590157632
0.0398206674,727,1025,123,0.4149543379,0.8552941176,0.5588009224
0.0394203514,727,1026,123,0.4147176269,0.8552941176,0.5585862466
0.0393905565,727,1027,123,0.4144811859,0.8552941176,0.5583717358
0.0393110402,727,1028,123,0.4142450142,0.8552941176,0.5581573896
0.0386472270,727,1029,123,0.4140091116,0.8552941176,0.5579432080
0.0385068133,727,1030,123,0.4137734775,0.8552941176,0.5577291906
0.0384001993,727,1031,123,0.4135381115,0.8552941176,0.5575153374
0.0379471444,727,1032,123,0.4133030131,0.8552941176,0.5573016481
0.0374251232,727,1033,123,0.4130681818,0.8552941176,0.5570881226
0.0373403914,727,1034,123,0.4128336173,0.8552941176,0.5568747606
0.0371899530,727,1035,123,0.4125993190,0.8552941176,0.5566615620
0.0365967676,727,1036,123,0.4123652864,0.8552941176,0.5564485266
0.0364517234,727,1038,123,0.4118980170,0.8552941176,0.5560229446
0.0363163948,727,1039,123,0.4116647792,0.8552941176,0.5558103976
0.0360738151,727,1040,123,0.4114318053,0.8552941176,0.5555980130
0.0358330980,727,1041,123,0.4111990950,0.8552941176,0.5553857907
0.0357392468,727,1042,123,0.4109666478,0.8552941176,0.5551737304
0.0354545414,727,1043,123,0.4107344633,0.8552941176,0.5549618321
0.0352046080,727,1044,123,0.4105025409,0.8552941176,0.5547500954
0.0348455757,727,1045,123,0.4102708804,0.8552941176,0.5545385202
0.0348313712,727,1046,123,0.4100394811,0.8552941176,0.5543271064
0.0348170735,727,1047,123,0.4098083427,0.8552941176,0.5541158537
0.0347885564,727,1048,123,0.4095774648,0.8552941176,0.5539047619
0.0339880623,727,1049,123,0.4093468468,0.8552941176,0.5536938309
0.0338462703,727,1050,123,0.4091164885,0.8552941176,0.5534830605
0.0334929898,727,1051,123,0.4088863892,0.8552941176,0.5532724505
0.0331419930,727,1052,123,0.4086565486,0.8552941176,0.5530620008
0.0329198539,727,1053,123,0.4084269663,0.8552941176,0.5528517110
0.0327366926,727,1054,123,0.4081976418,0.8552941176,0.5526415811
0.0326581858,727,1055,123,0.4079685746,0.8552941176,0.5524316109
0.0324647017,727,1056,123,0.4077397644,0.8552941176,0.5522218002
0.0322042666,727,1057,123,0.4075112108,0.8552941176,0.5520121488
0.0317779891,727,1058,123,0.4072829132,0.8552941176,0.5518026565
0.0317515023,727,1059,123,0.4070548712,0.8552941176,0.5515933232
0.0314215980,727,1060,123,0.4068270845,0.8552941176,0.5513841487
0.0314075239,727,1061,123,0.4065995526,0.8552941176,0.5511751327
0.0309261549,727,1062,123,0.4063722750,0.8552941176,0.5509662751
0.0308378935,727,1063,123,0.4061452514,0.8552941176,0.5507575758
0.0306747649,727,1064,123,0.4059184813,0.8552941176,0.5505490345
0.0306359716,727,1065,123,0.4056919643,0.8552941176,0.5503406510
0.0305526759,727,1066,123,0.4054656999,0.8552941176,0.5501324253
0.0302884281,727,1067,123,0.4052396878,0.8552941176,0.5499243570
0.0300153419,727,1068,123,0.4050139276,0.8552941176,0.5497164461
0.0298994929,727,1069,123,0.4047884187,0.8552941176,0.5495086924
0.0297690723,727,1070,123,0.4045631608,0.8552941176,0.5493010956
0.0296377726,727,1071,123,0.4043381535,0.8552941176,0.5490936556
0.0292529967,727,1072,123,0.4041133963,0.8552941176,0.5488863722
0.0288390256,727,1073,123,0.4038888889,0.8552941176,0.5486792453
0.0287155900,727,1074,123,0.4036646308,0.8552941176,0.5484722746
0.0283703692,727,1075,123,0.4034406215,0.8552941176,0.5482654600
0.0282964353,727,1076,123,0.4032168608,0.8552941176,0.5480588014
0.0279603880,727,1077,123,0.4029933481,0.8552941176,0.5478522984
0.0277232081,727,1078,123,0.4027700831,0.8552941176,0.5476459510
0.0275959615,727,1079,123,0.4025470653,0.8552941176,0.5474397590
0.0275883898,727,1080,123,0.4023242944,0.8552941176,0.5472337222
0.0272233784,727,1081,123,0.4021017699,0.8552941176,0.5470278405
0.0269927029,727,1082,123,0.4018794914,0.8552941176,0.5468221136
0.0269642882,727,1083,123,0.4016574586,0.8552941176,0.5466165414
0.0257971212,727,1084,123,0.4014356709,0.8552941176,0.5464111236
0.0257330853,727,1085,123,0.4012141280,0.8552941176,0.5462058603
0.0252600051,727,1086,123,0.4009928296,0.8552941176,0.5460007510
0.0251577199,727,1087,123,0.4007717751,0.8552941176,0.5457957958
0.0248825140,727,1088,123,0.4005509642,0.8552941176,0.5455909944
0.0248497576,727,1089,123,0.4003303965,0.8552941176,0.5453863466
0.0244885832,727,1090,123,0.4001100715,0.8552941176,0.5451818523
0.0244597346,727,1091,123,0.3998899890,0.8552941176,0.5449775112
0.0244288053,727,1092,123,0.3996701484,0.8552941176,0.5447733233
0.0244220011,727,1093,123,0.3994505495,0.8552941176,0.5445692884
0.0244183019,727,1094,123,0.3992311917,0.8552941176,0.5443654062
0.0243697595,727,1095,123,0.3990120746,0.8552941176,0.5441616766
0.0243173465,727,1096,123,0.3987931980,0.8552941176,0.5439580995
0.0240046885,727,1097,123,0.3985745614,0.8552941176,0.5437546746
0.0238333531,727,1098,123,0.3983561644,0.8552941176,0.5435514019
0.0237102695,727,1099,123,0.3981380066,0.8552941176,0.5433482810
0.0236142334,727,1100,123,0.3979200876,0.8552941176,0.5431453119
0.0235415939,727,1101,123,0.3977024070,0.8552941176,0.5429424944
0.0234708078,727,1102,123,0.3974849645,0.8552941176,0.5427398283
0.0233411901,727,1103,123,0.3972677596,0.8552941176,0.5425373134
0.0233086944,727,1104,123,0.3970507919,0.8552941176,0.5423349496
0.0232786406,727,1107,123,0.3964013086,0.8552941176,0.5417287630
0.0232299510,727,1108,123,0.3961852861,0.8552941176,0.5415270019
0.0228208695,727,1109,123,0.3959694989,0.8552941176,0.5413253909
0.0225469060,727,1110,123,0.3957539467,0.8552941176,0.5411239300
0.0224984344,727,1111,123,0.3955386289,0.8552941176,0.5409226190
0.0224843286,727,1112,123,0.3953235454,0.8552941176,0.5407214578
0.0224503856,727,1113,123,0.3951086957,0.8552941176,0.5405204461
0.0222448502,727,1114,123,0.3948940793,0.8552941176,0.5403195838
0.0219770931,727,1115,123,0.3946796960,0.8552941176,0.5401188707
0.0218835846,727,1116,123,0.3944655453,0.8552941176,0.5399183067
0.0217517689,727,1117,123,0.3942516269,0.8552941176,0.5397178916
0.0215991251,727,1118,123,0.3940379404,0.8552941176,0.5395176252
0.0212103929,727,1119,123,0.3938244854,0.8552941176,0.5393175074
0.0211046673,727,1120,123,0.3936112615,0.8552941176,0.5391175380
0.0210203342,727,1121,123,0.3933982684,0.8552941176,0.5389177168
0.0209674612,727,1122,123,0.3931855057,0.8552941176,0.5387180437
0.0204170030,727,1123,123,0.3929729730,0.8552941176,0.5385185185
0.0202529691,727,1124,123,0.3927606699,0.8552941176,0.5383191411
0.0201589614,727,1125,123,0.3925485961,0.8552941176,0.5381199112
0.0199894719,727,1126,123,0.3923367512,0.8552941176,0.5379208287
0.0198820941,727,1127,123,0.3921251348,0.8552941176,0.5377218935
0.0195699818,727,1128,123,0.3919137466,0.8552941176,0.5375231054
0.0194573104,727,1129,123,0.3917025862,0.8552941176,0.5373244642
0.0194031373,727,1130,123,0.3914916532,0.8552941176,0.5371259697
0.0192631073,727,1131,123,0.3912809473,0.8552941176,0.5369276219
0.0191964526,727,1132,123,0.3910704680,0.8552941176,0.5367294205
0.0189894214,727,1133,123,0.3908602151,0.8552941176,0.5365313653
0.0188769270,727,1134,123,0.3906501881,0.8552941176,0.5363334563
0.0183452293,727,1135,123,0.3904403867,0.8552941176,0.5361356932
0.0183117725,727,1136,123,0.3902308105,0.8552941176,0.5359380759
0.0181739386,727,1137,123,0.3900214592,0.8552941176,0.5357406043
0.0181439389,727,1138,123,0.3898123324,0.8552941176,0.5355432781
0.0181265976,727,1139,123,0.3896034298,0.8552941176,0.5353460972
0.0179626681,727,1140,123,0.3893947509,0.8552941176,0.5351490615
0.0179602541,727,1141,123,0.3891862955,0.8552941176,0.5349521707
0.0178957023,727,1142,123,0.3889780631,0.8552941176,0.5347554248
0.0177655984,727,1143,123,0.3887700535,0.8552941176,0.5345588235
0.0176620185,727,1144,123,0.3885622662,0.8552941176,0.5343623668
0.0176448841,727,1145,123,0.3883547009,0.8552941176,0.5341660544
0.0174905453,727,1146,123,0.3881473572,0.8552941176,0.5339698862
0.0174696129,727,1147,123,0.3879402348,0.8552941176,0.5337738620
0.0174138229,727,1148,123,0.3877333333,0.8552941176,0.5335779817
0.0173998289,727,1149,123,0.3875266525,0.8552941176,0.5333822450
0.0173981879,727,1150,123,0.3873201918,0.8552941176,0.5331866520
0.0172672849,727,1151,123,0.3871139510,0.8552941176,0.5329912023
0.0172420666,727,1152,123,0.3869079297,0.8552941176,0.5327958959
0.0171840675,727,1153,123,0.3867021277,0.8552941176,0.5326007326
0.0171580110,727,1154,123,0.3864965444,0.8552941176,0.5324057122
0.0169621240,727,1155,123,0.3862911796,0.8552941176,0.5322108346
0.0160672106,727,1156,123,0.3860860329,0.8552941176,0.5320160995
0.0157764219,727,1157,123,0.3858811040,0.8552941176,0.5318215069
0.0156112118,727,1158,123,0.3856763926,0.8552941176,0.5316270567
0.0155457128,727,1159,123,0.3854718982,0.8552941176,0.5314327485
0.0154733872,727,1160,123,0.3852676206,0.8552941176,0.5312385824
0.0154078994,727,1161,123,0.3850635593,0.8552941176,0.5310445581
0.0152242528,727,1162,123,0.3848597141,0.8552941176,0.5308506754
0.0151495133,727,1163,123,0.3846560847,0.8552941176,0.5306569343
0.0150613338,727,1164,123,0.3844526705,0.8552941176,0.5304633345
0.0146840001,727,1165,123,0.3842494715,0.8552941176,0.5302698760
0.0146742072,727,1166,123,0.3840464871,0.8552941176,0.5300765585
0.0144428918,727,1167,123,0.3838437170,0.8552941176,0.5298833819
0.0141224004,727,1168,123,0.3836411609,0.8552941176,0.5296903461
0.0139835067,727,1169,123,0.3834388186,0.8552941176,0.5294974508
0.0138538470,727,1170,123,0.3832366895,0.8552941176,0.5293046960
0.0137184672,727,1171,123,0.3830347734,0.8552941176,0.5291120815
0.0136295138,727,1172,123,0.3828330700,0.8552941176,0.5289196071
0.0134752849,727,1173,123,0.3826315789,0.8552941176,0.5287272727
0.0132991560,727,1174,123,0.3824302998,0.8552941176,0.5285350782
0.0132664265,727,1175,123,0.3822292324,0.8552941176,0.5283430233
0.0131855570,727,1176,123,0.3820283762,0.8552941176,0.5281511079
0.0131563274,727,1177,123,0.3818277311,0.8552941176,0.5279593319
0.0131349973,727,1178,123,0.3816272966,0.8552941176,0.5277676951
0.0130737377,727,1179,123,0.3814270724,0.8552941176,0.5275761974
0.0128631666,727,1180,123,0.3812270582,0.8552941176,0.5273848386
0.0127515635,727,1181,123,0.3810272537,0.8552941176,0.5271936186
0.0125605129,727,1182,123,0.3808276585,0.8552941176,0.5270025372
0.0124169588,727,1183,123,0.3806282723,0.8552941176,0.5268115942
0.0123564461,727,1184,123,0.3804290947,0.8552941176,0.5266207896
0.0121853957,727,1185,123,0.3802301255,0.8552941176,0.5264301231
0.0120845828,727,1186,123,0.3800313643,0.8552941176,0.5262395946
0.0120536210,727,1187,123,0.3798328109,0.8552941176,0.5260492041
0.0119956862,727,1188,123,0.3796344648,0.8552941176,0.5258589512
0.0119587444,727,1189,123,0.3794363257,0.8552941176,0.5256688359
0.0118249832,727,1190,123,0.3792383933,0.8552941176,0.5254788580
0.0117991185,727,1191,123,0.3790406674,0.8552941176,0.5252890173
0.0117936935,727,1192,123,0.3788431475,0.8552941176,0.5250993138
0.0117936712,727,1193,123,0.3786458333,0.8552941176,0.5249097473
0.0117010903,727,1194,123,0.3784487246,0.8552941176,0.5247203176
0.0116789006,727,1195,123,0.3782518210,0.8552941176,0.5245310245
0.0116156060,727,1196,123,0.3780551222,0.8552941176,0.5243418680
0.0115547404,727,1197,123,0.3778586279,0.8552941176,0.5241528479
0.0114854649,727,1198,123,0.3776623377,0.8552941176,0.5239639640
0.0114733716,727,1199,123,0.3774662513,0.8552941176,0.5237752161
0.0114683425,727,1200,123,0.3772703684,0.8552941176,0.5235866042
0.0114114881,727,1201,123,0.3770746888,0.8552941176,0.5233981281
0.0113166980,727,1202,123,0.3768792120,0.8552941176,0.5232097877
0.0111224120,727,1203,123,0.3766839378,0.8552941176,0.5230215827
0.0110779265,727,1204,123,0.3764888659,0.8552941176,0.5228335131
0.0110537028,727,1205,123,0.3762939959,0.8552941176,0.5226455787
0.0110174939,727,1206,123,0.3760993275,0.8552941176,0.5224577794
0.0109731378,727,1207,123,0.3759048604,0.8552941176,0.5222701149
0.0109585123,727,1208,123,0.3757105943,0.8552941176,0.5220825853
0.0108212344,727,1209,123,0.3755165289,0.8552941176,0.5218951902
0.0108162239,727,1210,123,0.3753226639,0.8552941176,0.5217079297
0.0107108420,727,1211,123,0.3751289990,0.8552941176,0.5215208034
0.0106434803,727,1212,123,0.3749355338,0.8552941176,0.5213338114
0.0106406678,727,1213,123,0.3747422680,0.8552941176,0.5211469534
0.0104369670,727,1214,123,0.3745492014,0.8552941176,0.5209602293
0.0104295528,727,1215,123,0.3743563337,0.8552941176,0.5207736390
0.0104164369,727,1216,123,0.3741636644,0.8552941176,0.5205871822
0.0097949374,727,1217,123,0.3739711934,0.8552941176,0.5204008590
0.0097845094,727,1218,123,0.3737789203,0.8552941176,0.5202146691
0.0097489292,727,1219,123,0.3735868448,0.8552941176,0.5200286123
0.0097262114,727,1220,123,0.3733949666,0.8552941176,0.5198426886
0.0097027197,727,1221,123,0.3732032854,0.8552941176,0.5196568978
0.0096779782,727,1222,123,0.3730118009,0.8552941176,0.5194712397
0.0096649388,727,1223,123,0.3728205128,0.8552941176,0.5192857143
0.0096552307,727,1224,123,0.3726294208,0.8552941176,0.5191003213
0.0096382573,727,1225,123,0.3724385246,0.8552941176,0.5189150607
0.0095047867,727,1226,123,0.3722478239,0.8552941176,0.5187299322
0.0094507514,727,1227,123,0.3720573183,0.8552941176,0.5185449358
0.0094123054,727,1228,123,0.3718670077,0.8552941176,0.5183600713
0.0094068870,727,1229,123,0.3716768916,0.8552941176,0.5181753386
0.0093944585,727,1230,123,0.3714869699,0.8552941176,0.5179907374
0.0092800623,728,1230,122,0.3718079673,0.8564705882,0.5185185185
0.0092334617,728,1239,122,0.3701067616,0.8564705882,0.5168619098
0.0092069777,728,1240,122,0.3699186992,0.8564705882,0.5166784954
0.0092022726,728,1241,122,0.3697308278,0.8564705882,0.5164952111
0.0091973701,728,1242,122,0.3695431472,0.8564705882,0.5163120567
0.0091805123,728,1243,122,0.3693556570,0.8564705882,0.5161290323
0.0091608502,728,1244,122,0.3691683570,0.8564705882,0.5159461375
0.0091275992,728,1245,122,0.3689812468,0.8564705882,0.5157633723
0.0091112433,728,1246,122,0.3687943262,0.8564705882,0.5155807365
0.0089844353,728,1247,122,0.3686075949,0.8564705882,0.5153982301
0.0089657744,728,1248,122,0.3684210526,0.8564705882,0.5152158528
0.0089607630,728,1249,122,0.3682346990,0.8564705882,0.5150336045
0.0088940794,728,1250,122,0.3680485339,0.8564705882,0.5148514851
0.0088863401,728,1251,122,0.3678625568,0.8564705882,0.5146694945
0.0087798052,728,1252,122,0.3676767677,0.8564705882,0.5144876325
0.0087492326,728,1253,122,0.3674911661,0.8564705882,0.5143058990
0.0085925423,728,1254,122,0.3673057518,0.8564705882,0.5141242938
0.0085479617,728,1255,122,0.3671205245,0.8564705882,0.5139428168
0.0084709572,728,1256,122,0.3669354839,0.8564705882,0.5137614679
0.0084535088,728,1257,122,0.3667506297,0.8564705882,0.5135802469
0.0084028803,728,1258,122,0.3665659617,0.8564705882,0.5133991537
0.0083473949,728,1259,122,0.3663814796,0.8564705882,0.5132181882
0.0080651268,728,1260,122,0.3661971831,0.8564705882,0.5130373502
0.0080616716,728,1261,122,0.3660130719,0.8564705882,0.5128566397
0.0080042062,728,1262,122,0.3658291457,0.8564705882,0.5126760563
0.0079910783,728,1263,122,0.3656454043,0.8564705882,0.5124956001
0.0079727815,728,1264,122,0.3654618474,0.8564705882,0.5123152709
0.0079303226,728,1265,122,0.3652784747,0.8564705882,0.5121350686
0.0078536216,728,1266,122,0.3650952859,0.8564705882,0.5119549930
0.0077278852,728,1267,122,0.3649122807,0.8564705882,0.5117750439
0.0076934043,728,1268,122,0.3647294589,0.8564705882,0.5115952214
0.0076904376,728,1269,122,0.3645468202,0.8564705882,0.5114155251
0.0076883021,728,1270,122,0.3643643644,0.8564705882,0.5112359551
0.0076491563,728,1271,122,0.3641820910,0.8564705882,0.5110565111
0.0076316646,728,1272,122,0.3640000000,0.8564705882,0.5108771930
0.0075709764,728,1273,122,0.3638180910,0.8564705882,0.5106980007
0.0074703181,728,1274,122,0.3636363636,0.8564705882,0.5105189341
0.0074521075,736,1291,114,0.3630981746,0.8658823529,0.5116440737
0.0073942519,736,1292,114,0.3629191321,0.8658823529,0.5114662960
0.0072931782,736,1293,114,0.3627402661,0.8658823529,0.5112886419
0.0072584264,736,1294,114,0.3625615764,0.8658823529,0.5111111111
0.0070848125,736,1295,114,0.3623830625,0.8658823529,0.5109337036
0.0070767435,736,1296,114,0.3622047244,0.8658823529,0.5107564192
0.0070627616,736,1297,114,0.3620265617,0.8658823529,0.5105792577
0.0070456313,736,1298,114,0.3618485742,0.8658823529,0.5104022191
0.0069826790,736,1299,114,0.3616707617,0.8658823529,0.5102253033
0.0069065457,736,1300,114,0.3614931238,0.8658823529,0.5100485100
0.0068894257,736,1301,114,0.3613156603,0.8658823529,0.5098718393
0.0068297028,736,1302,114,0.3611383710,0.8658823529,0.5096952909
0.0067917844,736,1303,114,0.3609612555,0.8658823529,0.5095188647
0.0066723907,736,1304,114,0.3607843137,0.8658823529,0.5093425606
0.0066605406,736,1305,114,0.3606075453,0.8658823529,0.5091663784
0.0066466448,736,1306,114,0.3604309500,0.8658823529,0.5089903181
0.0065201297,736,1307,114,0.3602545277,0.8658823529,0.5088143795
0.0065077986,736,1308,114,0.3600782779,0.8658823529,0.5086385625
0.0064884173,736,1309,114,0.3599022005,0.8658823529,0.5084628670
0.0064547746,736,1310,114,0.3597262952,0.8658823529,0.5082872928
0.0063896524,736,1311,114,0.3595505618,0.8658823529,0.5081118398
0.0063818651,736,1312,114,0.3593750000,0.8658823529,0.5079365079
0.0063787089,736,1326,114,0.3569350145,0.8658823529,0.5054945055
0.0063205045,736,1327,114,0.3567619971,0.8658823529,0.5053209749
0.0063118460,736,1328,114,0.3565891473,0.8658823529,0.5051475635
0.0062964926,736,1329,114,0.3564164649,0.8658823529,0.5049742710
0.0062303734,736,1330,114,0.3562439497,0.8658823529,0.5048010974
0.0061908243,736,1331,114,0.3560716014,0.8658823529,0.5046280425
0.0059943381,736,1332,114,0.3558994197,0.8658823529,0.5044551062
0.0059509254,736,1333,114,0.3557274045,0.8658823529,0.5042822885
0.0059019644,736,1334,114,0.3555555556,0.8658823529,0.5041095890
0.0058688507,736,1335,114,0.3553838725,0.8658823529,0.5039370079
0.0058581969,736,1336,114,0.3552123552,0.8658823529,0.5037645448
0.0057900515,736,1337,114,0.3550410034,0.8658823529,0.5035921998
0.0057843910,736,1338,114,0.3548698168,0.8658823529,0.5034199726
0.0057208105,736,1339,114,0.3546987952,0.8658823529,0.5032478632
0.0057092197,736,1340,114,0.3545279383,0.8658823529,0.5030758715
0.0056733200,736,1341,114,0.3543572460,0.8658823529,0.5029039973
0.0055536628,736,1342,114,0.3541867180,0.8658823529,0.5027322404
0.0055427365,736,1343,114,0.3540163540,0.8658823529,0.5025606009
0.0055013741,736,1344,114,0.3538461538,0.8658823529,0.5023890785
0.0055004712,736,1345,114,0.3536761173,0.8658823529,0.5022176731
0.0054902872,746,1356,104,0.3549000951,0.8776470588,0.5054200542
0.0054880776,746,1357,104,0.3547313362,0.8776470588,0.5052488994
0.0054857694,746,1358,104,0.3545627376,0.8776470588,0.5050778605
0.0054793451,746,1359,104,0.3543942993,0.8776470588,0.5049069374
0.0054752901,746,1360,104,0.3542260209,0.8776470588,0.5047361299
0.0054151271,746,1361,104,0.3540579022,0.8776470588,0.5045654379
0.0052866372,746,1362,104,0.3538899431,0.8776470588,0.5043948614
0.0052746017,746,1363,104,0.3537221432,0.8776470588,0.5042244001
0.0052538677,746,1364,104,0.3535545024,0.8776470588,0.5040540541
0.0051426259,747,1364,103,0.3538607295,0.8788235294,0.5045592705
0.0050901691,749,1386,101,0.3508196721,0.8811764706,0.5018425461
0.0050331755,749,1387,101,0.3506554307,0.8811764706,0.5016744809
0.0050187344,749,1388,101,0.3504913430,0.8811764706,0.5015065283
0.0049639600,757,1396,93,0.3516024152,0.8905882353,0.5041625042
0.0049307961,757,1397,93,0.3514391829,0.8905882353,0.5039946738
0.0049006501,757,1398,93,0.3512761021,0.8905882353,0.5038269551
0.0048514563,757,1399,93,0.3511131725,0.8905882353,0.5036593480
0.0048406040,757,1400,93,0.3509503941,0.8905882353,0.5034918523
0.0048309411,757,1401,93,0.3507877665,0.8905882353,0.5033244681
0.0047709662,757,1402,93,0.3506252895,0.8905882353,0.5031571951
0.0047389483,757,1403,93,0.3504629630,0.8905882353,0.5029900332
0.0047038225,757,1404,93,0.3503007867,0.8905882353,0.5028229824
0.0046789618,757,1405,93,0.3501387604,0.8905882353,0.5026560425
0.0046615172,757,1406,93,0.3499768840,0.8905882353,0.5024892134
0.0046449844,757,1407,93,0.3498151571,0.8905882353,0.5023224950
0.0046398244,757,1408,93,0.3496535797,0.8905882353,0.5021558872
0.0045571080,763,1423,87,0.3490393413,0.8976470588,0.5026350461
0.0044607297,763,1424,87,0.3488797439,0.8976470588,0.5024695423
0.0043995799,763,1425,87,0.3487202925,0.8976470588,0.5023041475
0.0043448089,763,1426,87,0.3485609868,0.8976470588,0.5021388615
0.0043137870,763,1427,87,0.3484018265,0.8976470588,0.5019736842
0.0043099541,763,1428,87,0.3482428115,0.8976470588,0.5018086156
0.0042557362,763,1429,87,0.3480839416,0.8976470588,0.5016436555
0.0041267765,763,1430,87,0.3479252166,0.8976470588,0.5014788038
0.0041234638,763,1431,87,0.3477666363,0.8976470588,0.5013140604
0.0040904740,763,1432,87,0.3476082005,0.8976470588,0.5011494253
0.0040728506,763,1433,87,0.3474499089,0.8976470588,0.5009848982
0.0040710364,764,1433,86,0.3477469276,0.8988235294,0.5014768625
0.0040461477,773,1446,77,0.3483551149,0.9094117647,0.5037471489
0.0040301401,780,1462,70,0.3479036574,0.9176470588,0.5045278137
0.0039162706,780,1463,70,0.3477485510,0.9176470588,0.5043646945
0.0037052664,780,1464,70,0.3475935829,0.9176470588,0.5042016807
0.0036283557,786,1479,64,0.3470198675,0.9247058824,0.5046548957
0.0035949924,786,1480,64,0.3468667255,0.9247058824,0.5044929397
0.0034778803,800,1491,50,0.3491924924,0.9411764706,0.5093919134
0.0031486617,806,1500,44,0.3495229835,0.9482352941,0.5107731305
0.0031398255,813,1506,37,0.3505821475,0.9564705882,0.5130956138
0.0030360997,826,1517,24,0.3525394793,0.9717647059,0.5173817726
0.0028826199,827,1526,23,0.3514662133,0.9729411765,0.5163908835
0.0027927668,837,1534,13,0.3530156052,0.9847058824,0.5197143744
0.0026728865,842,1545,8,0.3527440302,0.9905882353,0.5202347853
