threshold,precision,recall,f1
0.5715569853782654,0.0,0.0,0.0
0.5715569257736206,0.7222222222222222,0.038348082595870206,0.07282913165266107
0.571399450302124,0.6666666666666666,0.04129793510324484,0.07777777777777777
0.5712774395942688,0.6363636363636364,0.04129793510324484,0.07756232686980609
0.5712609887123108,0.6521739130434783,0.04424778761061947,0.08287292817679559
0.5712379217147827,0.6666666666666666,0.0471976401179941,0.08815426997245178
0.5712130665779114,0.64,0.0471976401179941,0.08791208791208792
0.57114577293396,0.6538461538461539,0.05014749262536873,0.09315068493150684
0.5709848403930664,0.6666666666666666,0.05309734513274336,0.09836065573770493
0.5709824562072754,0.6428571428571429,0.05309734513274336,0.09809264305177114
0.5709415674209595,0.6206896551724138,0.05309734513274336,0.09782608695652174
0.5709372162818909,0.6333333333333333,0.05604719764011799,0.1029810298102981
0.5709168314933777,0.6451612903225806,0.058997050147492625,0.1081081081081081
0.570914089679718,0.625,0.058997050147492625,0.1078167115902965
0.5709006190299988,0.6363636363636364,0.061946902654867256,0.11290322580645161
0.5708578824996948,0.6470588235294118,0.06489675516224189,0.11796246648793565
0.5707706212997437,0.6285714285714286,0.06489675516224189,0.11764705882352941
0.5707334280014038,0.6388888888888888,0.06784660766961652,0.12266666666666667
0.5707230567932129,0.6216216216216216,0.06784660766961652,0.1223404255319149
0.5706831216812134,0.631578947368421,0.07079646017699115,0.1273209549071618
0.570603609085083,0.6153846153846154,0.07079646017699115,0.12698412698412698
0.5704296827316284,0.6,0.07079646017699115,0.1266490765171504
0.5704260468482971,0.6097560975609756,0.07374631268436578,0.13157894736842105
0.5703954100608826,0.5952380952380952,0.07374631268436578,0.13123359580052493
0.5702972412109375,0.6046511627906976,0.07669616519174041,0.13612565445026178
0.5702791810035706,0.6136363636363636,0.07964601769911504,0.14099216710182766
0.57026606798172,0.6222222222222222,0.08259587020648967,0.14583333333333331
0.570210874080658,0.6086956521739131,0.08259587020648967,0.14545454545454545
0.5701988339424133,0.6170212765957447,0.0855457227138643,0.15025906735751296
0.5701987743377686,0.625,0.08849557522123894,0.15503875968992248
0.5701380968093872,0.6326530612244898,0.09144542772861357,0.1597938144329897
0.5701189637184143,0.62,0.09144542772861357,0.15938303341902316
0.570088803768158,0.6078431372549019,0.09144542772861357,0.158974358974359
0.5700781941413879,0.6153846153846154,0.0943952802359882,0.1636828644501279
0.5700491070747375,0.6037735849056604,0.0943952802359882,0.163265306122449
0.570004940032959,0.5925925925925926,0.0943952802359882,0.1628498727735369
0.5699906945228577,0.6,0.09734513274336283,0.16751269035532995
0.5699068903923035,0.5892857142857143,0.09734513274336283,0.16708860759493668
0.5699037909507751,0.5789473684210527,0.09734513274336283,0.16666666666666666
0.5699031949043274,0.5689655172413793,0.09734513274336283,0.16624685138539042
0.5698893070220947,0.559322033898305,0.09734513274336283,0.1658291457286432
0.5698593854904175,0.55,0.09734513274336283,0.16541353383458646
0.5697962641716003,0.5573770491803278,0.10029498525073746,0.17
0.5697494745254517,0.5483870967741935,0.10029498525073746,0.16957605985037408
0.5697213411331177,0.5396825396825397,0.10029498525073746,0.1691542288557214
0.5697104334831238,0.546875,0.10324483775811209,0.173697270471464
0.569696843624115,0.5538461538461539,0.10619469026548672,0.17821782178217824
0.5696501135826111,0.5454545454545454,0.10619469026548672,0.17777777777777778
0.5696494579315186,0.5522388059701493,0.10914454277286136,0.18226600985221675
0.5696095824241638,0.5441176470588235,0.10914454277286136,0.18181818181818182
0.569589376449585,0.5507246376811594,0.11209439528023599,0.18627450980392157
0.569492518901825,0.5571428571428572,0.11504424778761062,0.19070904645476774
0.5694584250450134,0.5492957746478874,0.11504424778761062,0.19024390243902442
0.5694392919540405,0.5555555555555556,0.11799410029498525,0.19464720194647203
0.5694061517715454,0.547945205479452,0.11799410029498525,0.1941747572815534
0.5693874955177307,0.5405405405405406,0.11799410029498525,0.1937046004842615
0.5693771243095398,0.5333333333333333,0.11799410029498525,0.19323671497584544
0.5693721771240234,0.5263157894736842,0.11799410029498525,0.19277108433734938
0.5693674683570862,0.5194805194805194,0.11799410029498525,0.1923076923076923
0.5693140625953674,0.5256410256410257,0.12094395280235988,0.19664268585131892
0.5692795515060425,0.5316455696202531,0.12389380530973451,0.20095693779904308
0.5691923499107361,0.5375,0.12684365781710916,0.20525059665871123
0.5691786408424377,0.5308641975308642,0.12684365781710916,0.20476190476190478
0.5691632628440857,0.524390243902439,0.12684365781710916,0.20427553444180527
0.5691535472869873,0.5180722891566265,0.12684365781710916,0.20379146919431282
0.5691185593605042,0.5238095238095238,0.12979351032448377,0.20803782505910168
0.569086492061615,0.5176470588235295,0.12979351032448377,0.20754716981132076
0.5690593123435974,0.5232558139534884,0.13274336283185842,0.21176470588235294
0.5689476132392883,0.5287356321839081,0.13569321533923304,0.215962441314554
0.5688599944114685,0.5227272727272727,0.13569321533923304,0.2154566744730679
0.5688356757164001,0.5280898876404494,0.13864306784660768,0.21962616822429906
0.5688347220420837,0.5222222222222223,0.13864306784660768,0.21911421911421913
0.568809986114502,0.5164835164835165,0.13864306784660768,0.21860465116279074
0.5687246322631836,0.5217391304347826,0.1415929203539823,0.22273781902552206
0.5687117576599121,0.5161290322580645,0.1415929203539823,0.2222222222222222
0.5686983466148376,0.5106382978723404,0.1415929203539823,0.22170900692840645
0.5686834454536438,0.5157894736842106,0.14454277286135694,0.22580645161290325
0.5686049461364746,0.5104166666666666,0.14454277286135694,0.22528735632183908
0.5684776306152344,0.5051546391752577,0.14454277286135694,0.22477064220183485
0.5683751702308655,0.5,0.14454277286135694,0.2242562929061785
0.5683599710464478,0.494949494949495,0.14454277286135694,0.22374429223744294
0.5683340430259705,0.49,0.14454277286135694,0.22323462414578588
0.56827712059021,0.48514851485148514,0.14454277286135694,0.22272727272727272
0.5682637691497803,0.4803921568627451,0.14454277286135694,0.22222222222222227
0.5682321786880493,0.47572815533980584,0.14454277286135694,0.22171945701357465
0.5682072043418884,0.47115384615384615,0.14454277286135694,0.22121896162528215
0.5681555271148682,0.47619047619047616,0.14749262536873156,0.22522522522522523
0.5681096911430359,0.4811320754716981,0.1504424778761062,0.22921348314606743
0.5680879354476929,0.4766355140186916,0.1504424778761062,0.22869955156950678
0.5680875778198242,0.4722222222222222,0.1504424778761062,0.22818791946308728
0.5680639743804932,0.46788990825688076,0.1504424778761062,0.22767857142857145
0.5680590867996216,0.4636363636363636,0.1504424778761062,0.2271714922048998
0.5680291056632996,0.46846846846846846,0.15339233038348082,0.23111111111111107
0.5680167078971863,0.4732142857142857,0.15634218289085547,0.23503325942350334
0.5680069923400879,0.4690265486725664,0.15634218289085547,0.2345132743362832
0.568000078201294,0.4649122807017544,0.15634218289085547,0.2339955849889625
0.5679988265037537,0.4608695652173913,0.15634218289085547,0.23348017621145375
0.5679783821105957,0.46551724137931033,0.1592920353982301,0.23736263736263738
0.5679653286933899,0.4700854700854701,0.16224188790560473,0.2412280701754386
0.5679226517677307,0.4745762711864407,0.16519174041297935,0.2450765864332604
0.5678574442863464,0.47058823529411764,0.16519174041297935,0.2445414847161572
0.567854106426239,0.4666666666666667,0.16519174041297935,0.2440087145969499
0.5678443908691406,0.47107438016528924,0.168141592920354,0.24782608695652175
0.5677294731140137,0.47540983606557374,0.1710914454277286,0.2516268980477223
0.5677016973495483,0.4715447154471545,0.1710914454277286,0.25108225108225113
0.5676973462104797,0.47580645161290325,0.17404129793510326,0.2548596112311015
0.5676578879356384,0.472,0.17404129793510326,0.2543103448275862
0.5675732493400574,0.46825396825396826,0.17404129793510326,0.2537634408602151
0.567428469657898,0.47244094488188976,0.17699115044247787,0.2575107296137339
0.567406177520752,0.4765625,0.17994100294985252,0.2612419700214133
0.5673074126243591,0.4728682170542636,0.17994100294985252,0.2606837606837607
0.5672962665557861,0.47692307692307695,0.18289085545722714,0.2643923240938167
0.5672083497047424,0.4732824427480916,0.18289085545722714,0.26382978723404255
0.567203938961029,0.4696969696969697,0.18289085545722714,0.2632696390658174
0.5671975016593933,0.47368421052631576,0.18584070796460178,0.2669491525423729
0.5671908855438232,0.4701492537313433,0.18584070796460178,0.266384778012685
0.567188024520874,0.4666666666666667,0.18584070796460178,0.2658227848101266
0.5671607255935669,0.47058823529411764,0.1887905604719764,0.2694736842105263
0.5671594142913818,0.4744525547445255,0.19174041297935104,0.27310924369747897
0.5671563744544983,0.4782608695652174,0.19469026548672566,0.27672955974842767
0.5671341419219971,0.4748201438848921,0.19469026548672566,0.27615062761506276
0.5671229958534241,0.4714285714285714,0.19469026548672566,0.2755741127348643
0.5671140551567078,0.46808510638297873,0.19469026548672566,0.275
0.5671020150184631,0.4647887323943662,0.19469026548672566,0.27442827442827444
0.5670682787895203,0.46153846153846156,0.19469026548672566,0.27385892116182575
0.5670059323310852,0.4583333333333333,0.19469026548672566,0.27329192546583847
0.5669594407081604,0.46206896551724136,0.1976401179941003,0.27685950413223137
0.5668466091156006,0.4589041095890411,0.1976401179941003,0.2762886597938144
0.5668138265609741,0.4557823129251701,0.1976401179941003,0.2757201646090535
0.5667436718940735,0.4527027027027027,0.1976401179941003,0.2751540041067762
0.5666759014129639,0.4563758389261745,0.20058997050147492,0.27868852459016397
0.5665925741195679,0.46,0.20353982300884957,0.28220858895705525
0.5665203332901001,0.45695364238410596,0.20353982300884957,0.2816326530612245
0.5664920210838318,0.45394736842105265,0.20353982300884957,0.28105906313645623
0.5663877129554749,0.45098039215686275,0.20353982300884957,0.2804878048780488
0.5663755536079407,0.45454545454545453,0.20648967551622419,0.283975659229209
0.5662773847579956,0.45806451612903226,0.20943952802359883,0.2874493927125506
0.5662484169006348,0.4551282051282051,0.20943952802359883,0.2868686868686869
0.5662482976913452,0.45222929936305734,0.20943952802359883,0.28629032258064513
0.5661990642547607,0.44936708860759494,0.20943952802359883,0.28571428571428575
0.5661725997924805,0.44654088050314467,0.20943952802359883,0.285140562248996
0.5661278367042542,0.44375,0.20943952802359883,0.2845691382765531
0.566021740436554,0.4472049689440994,0.21238938053097345,0.288
0.5659703016281128,0.4444444444444444,0.21238938053097345,0.2874251497005988
0.5659612417221069,0.44785276073619634,0.2153392330383481,0.2908366533864542
0.5659173727035522,0.45121951219512196,0.2182890855457227,0.294234592445328
0.5658692121505737,0.4484848484848485,0.2182890855457227,0.29365079365079366
0.5658509731292725,0.4457831325301205,0.2182890855457227,0.2930693069306931
0.5658231973648071,0.4431137724550898,0.2182890855457227,0.2924901185770751
0.5658110976219177,0.44047619047619047,0.2182890855457227,0.29191321499013806
0.5657750368118286,0.4378698224852071,0.2182890855457227,0.2913385826771654
0.5657715797424316,0.43529411764705883,0.2182890855457227,0.2907662082514735
0.5657362341880798,0.4327485380116959,0.2182890855457227,0.2901960784313726
0.5657343864440918,0.43023255813953487,0.2182890855457227,0.289628180039139
0.5657305717468262,0.4277456647398844,0.2182890855457227,0.2890625
0.5656982064247131,0.42528735632183906,0.2182890855457227,0.2884990253411306
0.5656505823135376,0.4228571428571429,0.2182890855457227,0.28793774319066145
0.5655929446220398,0.42045454545454547,0.2182890855457227,0.28737864077669906
0.5655162334442139,0.4180790960451977,0.2182890855457227,0.2868217054263566
0.5654839873313904,0.42134831460674155,0.22123893805309736,0.2901353965183753
0.5654820799827576,0.41899441340782123,0.22123893805309736,0.28957528957528955
0.5654769539833069,0.4222222222222222,0.22418879056047197,0.2928709055876686
0.5654675960540771,0.4198895027624309,0.22418879056047197,0.2923076923076923
0.5654214024543762,0.4230769230769231,0.22713864306784662,0.29558541266794625
0.565395712852478,0.4207650273224044,0.22713864306784662,0.29501915708812265
0.5653351545333862,0.41847826086956524,0.22713864306784662,0.2944550669216061
0.5653166174888611,0.42162162162162165,0.23008849557522124,0.29770992366412213
0.5652216076850891,0.42473118279569894,0.23303834808259588,0.30095238095238097
0.5652120113372803,0.42245989304812837,0.23303834808259588,0.3003802281368822
0.5651997327804565,0.42021276595744683,0.23303834808259588,0.2998102466793169
0.5651578307151794,0.41798941798941797,0.23303834808259588,0.29924242424242425
0.565100908279419,0.41578947368421054,0.23303834808259588,0.29867674858223064
0.5650159120559692,0.41361256544502617,0.23303834808259588,0.2981132075471698
0.5649768710136414,0.4166666666666667,0.2359882005899705,0.3013182674199623
0.5649387836456299,0.41968911917098445,0.23893805309734514,0.30451127819548873
0.5649220943450928,0.4175257731958763,0.23893805309734514,0.30393996247654786
0.5649131536483765,0.4205128205128205,0.24188790560471976,0.30711610486891383
0.5648600459098816,0.41836734693877553,0.24188790560471976,0.30654205607476637
0.5648471117019653,0.4213197969543147,0.2448377581120944,0.30970149253731344
0.5648155808448792,0.41919191919191917,0.2448377581120944,0.3091247672253259
0.5648120641708374,0.4221105527638191,0.24778761061946902,0.312267657992565
0.5647927522659302,0.42786069651741293,0.2536873156342183,0.31851851851851853
0.5647082328796387,0.42574257425742573,0.2536873156342183,0.3179297597042514
0.5647059082984924,0.4236453201970443,0.2536873156342183,0.31734317343173435
0.564669668674469,0.4215686274509804,0.2536873156342183,0.3167587476979742
0.564617931842804,0.424390243902439,0.25663716814159293,0.31985294117647056
0.564590573310852,0.4223300970873786,0.25663716814159293,0.3192660550458716
0.5645445585250854,0.42028985507246375,0.25663716814159293,0.31868131868131866
0.5644832253456116,0.4182692307692308,0.25663716814159293,0.3180987202925046
0.5644584894180298,0.42105263157894735,0.25958702064896755,0.32116788321167883
0.5644347667694092,0.41904761904761906,0.25958702064896755,0.3205828779599272
0.5644271969795227,0.41706161137440756,0.25958702064896755,0.31999999999999995
0.5643812417984009,0.419811320754717,0.26253687315634217,0.32304900181488205
0.5643707513809204,0.41784037558685444,0.26253687315634217,0.322463768115942
0.5643219947814941,0.4158878504672897,0.26253687315634217,0.321880650994575
0.564318835735321,0.413953488372093,0.26253687315634217,0.32129963898916963
0.564296305179596,0.41203703703703703,0.26253687315634217,0.3207207207207207
0.5642854571342468,0.41013824884792627,0.26253687315634217,0.32014388489208634
0.5642521381378174,0.40825688073394495,0.26253687315634217,0.31956912028725315
0.5642178058624268,0.4063926940639269,0.26253687315634217,0.3189964157706093
0.5641679763793945,0.4090909090909091,0.26548672566371684,0.3220035778175313
0.5641480684280396,0.4072398190045249,0.26548672566371684,0.3214285714285714
0.5640944242477417,0.40540540540540543,0.26548672566371684,0.32085561497326204
0.5640734434127808,0.4080717488789238,0.26843657817109146,0.32384341637010683
0.5640277862548828,0.4107142857142857,0.2713864306784661,0.3268206039076377
0.5640125274658203,0.4088888888888889,0.2713864306784661,0.3262411347517731
0.5639660954475403,0.40707964601769914,0.2713864306784661,0.3256637168141593
0.5639622211456299,0.4052863436123348,0.2713864306784661,0.3250883392226148
0.5639604330062866,0.40350877192982454,0.2713864306784661,0.32451499118165783
0.5639443397521973,0.4017467248908297,0.2713864306784661,0.32394366197183094
0.563870370388031,0.4,0.2713864306784661,0.3233743409490334
0.5638254880905151,0.39826839826839827,0.2713864306784661,0.32280701754385965
0.5638189911842346,0.40086206896551724,0.2743362831858407,0.3257443082311734
0.5638126730918884,0.39914163090128757,0.2743362831858407,0.32517482517482516
0.5637950301170349,0.4017094017094017,0.27728613569321536,0.3280977312390925
0.5637291073799133,0.4,0.27728613569321536,0.3275261324041812
0.5637190341949463,0.3983050847457627,0.27728613569321536,0.3269565217391305
0.5636958479881287,0.39662447257383965,0.27728613569321536,0.3263888888888889
0.5636504888534546,0.3949579831932773,0.27728613569321536,0.3258232235701906
0.563610315322876,0.39330543933054396,0.27728613569321536,0.3252595155709343
0.5635917782783508,0.39166666666666666,0.27728613569321536,0.3246977547495682
0.5635892152786255,0.3900414937759336,0.27728613569321536,0.32413793103448274
0.5634766817092896,0.3925619834710744,0.28023598820059,0.3270223752151463
0.563406229019165,0.39094650205761317,0.28023598820059,0.3264604810996564
0.5633988380432129,0.39344262295081966,0.2831858407079646,0.32933104631217835
0.5633174777030945,0.39591836734693875,0.2861356932153392,0.33219178082191775
0.5632897019386292,0.3943089430894309,0.2861356932153392,0.3316239316239316
0.5632038116455078,0.3967611336032389,0.2890855457227139,0.3344709897610922
0.5631967186927795,0.39919354838709675,0.2920353982300885,0.3373083475298126
0.563181459903717,0.40160642570281124,0.2949852507374631,0.3401360544217687
0.5631694793701172,0.404,0.29793510324483774,0.34295415959252973
0.5631099343299866,0.40239043824701193,0.29793510324483774,0.3423728813559322
0.5631068348884583,0.4007936507936508,0.29793510324483774,0.34179357021996615
0.5630963444709778,0.39920948616600793,0.29793510324483774,0.34121621621621623
0.563052237033844,0.39763779527559057,0.29793510324483774,0.34064080944350755
0.5630409121513367,0.396078431372549,0.29793510324483774,0.34006734006734
0.5629655122756958,0.39453125,0.29793510324483774,0.33949579831932775
0.5629621148109436,0.3968871595330739,0.3008849557522124,0.34228187919463093
0.5629460215568542,0.3953488372093023,0.3008849557522124,0.3417085427135678
0.5628589391708374,0.39768339768339767,0.30383480825958703,0.34448160535117056
0.562815248966217,0.39615384615384613,0.30383480825958703,0.343906510851419
0.5627692937850952,0.3946360153256705,0.30383480825958703,0.3433333333333334
0.562764048576355,0.3969465648854962,0.30678466076696165,0.34608985024958405
0.5627607107162476,0.39543726235741444,0.30678466076696165,0.345514950166113
0.5627473592758179,0.3939393939393939,0.30678466076696165,0.3449419568822554
0.5627128481864929,0.39622641509433965,0.30973451327433627,0.34768211920529807
0.5626824498176575,0.39473684210526316,0.30973451327433627,0.34710743801652894
0.5626661777496338,0.39325842696629215,0.30973451327433627,0.3465346534653465
0.562549889087677,0.3917910447761194,0.30973451327433627,0.3459637561779242
0.5624774098396301,0.3940520446096654,0.31268436578171094,0.34868421052631576
0.5624711513519287,0.3925925925925926,0.31268436578171094,0.34811165845648606
0.5624477863311768,0.39114391143911437,0.31268436578171094,0.3475409836065574
0.5624438524246216,0.3897058823529412,0.31268436578171094,0.34697217675941083
0.5624437928199768,0.3882783882783883,0.31268436578171094,0.3464052287581699
0.5624300837516785,0.38686131386861317,0.31268436578171094,0.34584013050570966
0.5623695850372314,0.38545454545454544,0.31268436578171094,0.3452768729641694
0.5623441338539124,0.38405797101449274,0.31268436578171094,0.34471544715447155
0.5622597336769104,0.38267148014440433,0.31268436578171094,0.34415584415584416
0.5622262358665466,0.381294964028777,0.31268436578171094,0.34359805510534847
0.5621265172958374,0.37992831541218636,0.31268436578171094,0.34304207119741104
0.5621194243431091,0.37857142857142856,0.31268436578171094,0.3424878836833603
0.5619938373565674,0.3807829181494662,0.31563421828908556,0.34516129032258064
0.5619688630104065,0.37943262411347517,0.31563421828908556,0.3446054750402576
0.5619048476219177,0.37809187279151946,0.31563421828908556,0.3440514469453376
0.5618922710418701,0.3767605633802817,0.31563421828908556,0.3434991974317817
0.5618845224380493,0.37894736842105264,0.3185840707964602,0.34615384615384615
0.5618065595626831,0.3776223776223776,0.3185840707964602,0.3456
0.5616955757141113,0.37630662020905925,0.3185840707964602,0.3450479233226837
0.5616627335548401,0.3784722222222222,0.3215339233038348,0.34768740031897927
0.5616528987884521,0.3771626297577855,0.3215339233038348,0.3471337579617834
0.561628520488739,0.3758620689655172,0.3215339233038348,0.3465818759936407
0.5616098642349243,0.3745704467353952,0.3215339233038348,0.346031746031746
0.5616098046302795,0.3767123287671233,0.32448377581120946,0.34865293185419965
0.5615831613540649,0.378839590443686,0.3274336283185841,0.35126582278481017
0.5615531802177429,0.37755102040816324,0.3274336283185841,0.35071090047393366
0.5615367889404297,0.37966101694915255,0.3303834808259587,0.3533123028391167
0.5615310668945312,0.3783783783783784,0.3303834808259587,0.352755905511811
0.5615003705024719,0.38047138047138046,0.3333333333333333,0.3553459119496855
0.5614966750144958,0.3825503355704698,0.336283185840708,0.3579277864992151
0.5614954233169556,0.38127090301003347,0.336283185840708,0.3573667711598746
0.5614714026451111,0.38,0.336283185840708,0.35680751173708924
0.5613977313041687,0.3787375415282392,0.336283185840708,0.35624999999999996
0.5613863468170166,0.37748344370860926,0.336283185840708,0.35569422776911075
0.5613676309585571,0.3795379537953795,0.3392330383480826,0.3582554517133956
0.5613633990287781,0.3782894736842105,0.3392330383480826,0.35769828926905134
0.5613617300987244,0.3770491803278688,0.3392330383480826,0.35714285714285715
0.5612861514091492,0.3758169934640523,0.3392330383480826,0.3565891472868217
0.5612568855285645,0.3778501628664495,0.3421828908554572,0.3591331269349845
0.5612500309944153,0.37662337662337664,0.3421828908554572,0.3585780525502319
0.5612298250198364,0.37540453074433655,0.3421828908554572,0.3580246913580247
0.5612195134162903,0.3741935483870968,0.3421828908554572,0.35747303543913717
0.5612102150917053,0.3762057877813505,0.34513274336283184,0.36
0.5611712336540222,0.375,0.34513274336283184,0.359447004608295
0.5611359477043152,0.3738019169329074,0.34513274336283184,0.35889570552147243
0.5611280798912048,0.37579617834394907,0.3480825958702065,0.3614088820826953
0.5610727071762085,0.3746031746031746,0.3480825958702065,0.36085626911314983
0.5610489249229431,0.37341772151898733,0.3480825958702065,0.3603053435114504
0.5610368251800537,0.3753943217665615,0.35103244837758113,0.3628048780487805
0.5610159635543823,0.37735849056603776,0.35398230088495575,0.365296803652968
0.5609240531921387,0.3761755485893417,0.35398230088495575,0.364741641337386
0.560923159122467,0.375,0.35398230088495575,0.36418816388467373
0.5609220862388611,0.37694704049844235,0.35693215339233036,0.36666666666666664
0.5608856678009033,0.37577639751552794,0.35693215339233036,0.36611195158850224
0.5608404874801636,0.3746130030959752,0.35693215339233036,0.36555891238670696
0.5607526302337646,0.3734567901234568,0.35693215339233036,0.36500754147812975
0.5607234835624695,0.3723076923076923,0.35693215339233036,0.3644578313253012
0.560718297958374,0.37116564417177916,0.35693215339233036,0.36390977443609024
0.5606755614280701,0.37003058103975534,0.35693215339233036,0.36336336336336333
0.5606381893157959,0.36890243902439024,0.35693215339233036,0.3628185907046476
0.5606310963630676,0.3677811550151976,0.35693215339233036,0.36227544910179643
0.5605865120887756,0.36666666666666664,0.35693215339233036,0.36173393124065767
0.5605645775794983,0.36555891238670696,0.35693215339233036,0.3611940298507463
0.5605404376983643,0.3674698795180723,0.35988200589970504,0.36363636363636365
0.5605140924453735,0.3663663663663664,0.35988200589970504,0.3630952380952381
0.5604974627494812,0.3652694610778443,0.35988200589970504,0.362555720653789
0.5604162216186523,0.36716417910447763,0.36283185840707965,0.3649851632047478
0.5603826642036438,0.36607142857142855,0.36283185840707965,0.36444444444444446
0.5603167414665222,0.3649851632047478,0.36283185840707965,0.363905325443787
0.560300350189209,0.3668639053254438,0.36578171091445427,0.3663220088626293
0.5602882504463196,0.36578171091445427,0.36578171091445427,0.36578171091445427
0.5602652430534363,0.36470588235294116,0.36578171091445427,0.3652430044182622
0.5602512955665588,0.36363636363636365,0.36578171091445427,0.3647058823529412
0.5601987242698669,0.36257309941520466,0.36578171091445427,0.36417033773861973
0.5601739883422852,0.36151603498542273,0.36578171091445427,0.3636363636363636
0.5601435303688049,0.36046511627906974,0.36578171091445427,0.363103953147877
0.5601428151130676,0.36231884057971014,0.3687315634218289,0.3654970760233918
0.5600583553314209,0.36127167630057805,0.3687315634218289,0.36496350364963503
0.5600342750549316,0.36023054755043227,0.3687315634218289,0.3644314868804665
0.5600115656852722,0.35919540229885055,0.3687315634218289,0.363901018922853
0.5600042343139648,0.35816618911174786,0.3687315634218289,0.36337209302325585
0.5599966645240784,0.35714285714285715,0.3687315634218289,0.3628447024673439
0.5599738359451294,0.3561253561253561,0.3687315634218289,0.36231884057971014
0.5599334836006165,0.35511363636363635,0.3687315634218289,0.361794500723589
0.5599046349525452,0.35694050991501414,0.37168141592920356,0.3641618497109827
0.5597442388534546,0.3559322033898305,0.37168141592920356,0.36363636363636365
0.5597074627876282,0.35774647887323946,0.3746312684365782,0.36599423631123923
0.5596849918365479,0.35674157303370785,0.3746312684365782,0.36546762589928056
0.5596652626991272,0.3557422969187675,0.3746312684365782,0.3649425287356322
0.55964195728302,0.3547486033519553,0.3746312684365782,0.36441893830703015
0.5595889687538147,0.3565459610027855,0.3775811209439528,0.36676217765042984
0.5595729351043701,0.35555555555555557,0.3775811209439528,0.3662374821173104
0.5595715641975403,0.3573407202216066,0.3805309734513274,0.36857142857142855
0.5595115423202515,0.35911602209944754,0.3834808259587021,0.3708987161198289
0.559507429599762,0.3581267217630854,0.3834808259587021,0.3703703703703704
0.5594807863235474,0.35714285714285715,0.3834808259587021,0.3698435277382646
0.5594481229782104,0.3561643835616438,0.3834808259587021,0.3693181818181818
0.5592916011810303,0.35792349726775957,0.3864306784660767,0.37163120567375885
0.55925452709198,0.3569482288828338,0.3864306784660767,0.37110481586402266
0.5592536330223083,0.35597826086956524,0.3864306784660767,0.3705799151343706
0.5592390894889832,0.35772357723577236,0.3893805309734513,0.37288135593220345
0.559058666229248,0.3567567567567568,0.3893805309734513,0.3723554301833569
0.5590577125549316,0.3557951482479784,0.3893805309734513,0.37183098591549296
0.5589635968208313,0.3575268817204301,0.39233038348082594,0.37412095639943743
0.5589415431022644,0.35924932975871315,0.3952802359882006,0.3764044943820225
0.5589335560798645,0.3609625668449198,0.39823008849557523,0.3786816269284712
0.5589295625686646,0.36,0.39823008849557523,0.3781512605042016
0.558866024017334,0.35904255319148937,0.39823008849557523,0.37762237762237766
0.5588501691818237,0.35809018567639256,0.39823008849557523,0.3770949720670391
0.5588365793228149,0.35714285714285715,0.39823008849557523,0.37656903765690375
0.5588308572769165,0.3562005277044855,0.39823008849557523,0.3760445682451254
0.5588014721870422,0.35789473684210527,0.40117994100294985,0.3783031988873435
0.5587606430053711,0.3569553805774278,0.40117994100294985,0.37777777777777777
0.5587197542190552,0.35602094240837695,0.40117994100294985,0.37725381414701803
0.5586972236633301,0.35509138381201044,0.40117994100294985,0.3767313019390582
0.5586671829223633,0.3567708333333333,0.40412979351032446,0.3789764868603043
0.5586642622947693,0.35844155844155845,0.40707964601769914,0.38121546961325964
0.5586624145507812,0.35751295336787564,0.40707964601769914,0.3806896551724138
0.5586386322975159,0.35658914728682173,0.40707964601769914,0.3801652892561984
0.5586056709289551,0.3556701030927835,0.40707964601769914,0.37964236588720773
0.5585662126541138,0.35475578406169667,0.40707964601769914,0.3791208791208791
0.5585072636604309,0.35384615384615387,0.40707964601769914,0.37860082304526754
0.5584995746612549,0.35294117647058826,0.40707964601769914,0.378082191780822
0.5584839582443237,0.35459183673469385,0.41002949852507375,0.38030095759233923
0.5583997368812561,0.35368956743002544,0.41002949852507375,0.3797814207650273
0.5583714246749878,0.3553299492385787,0.41297935103244837,0.3819918144611187
0.5583290457725525,0.35443037974683544,0.41297935103244837,0.38147138964577665
0.5582929849624634,0.35353535353535354,0.41297935103244837,0.380952380952381
0.5582371354103088,0.3526448362720403,0.41297935103244837,0.3804347826086957
0.558214008808136,0.35175879396984927,0.41297935103244837,0.37991858887381275
0.5581650733947754,0.3533834586466165,0.415929203539823,0.3821138211382114
0.5581650137901306,0.355,0.41887905604719766,0.38430311231393777
0.5581597089767456,0.3566084788029925,0.4218289085545723,0.3864864864864865
0.5581426024436951,0.3582089552238806,0.4247787610619469,0.38866396761133604
0.5581281781196594,0.3598014888337469,0.4277286135693215,0.39083557951482484
0.5581183433532715,0.3613861386138614,0.4306784660766962,0.3930013458950202
0.5580995678901672,0.36049382716049383,0.4306784660766962,0.3924731182795699
0.5579472780227661,0.35960591133004927,0.4306784660766962,0.39194630872483227
0.557856559753418,0.36117936117936117,0.4336283185840708,0.3941018766756032
0.5578557252883911,0.3602941176470588,0.4336283185840708,0.393574297188755
0.5578494668006897,0.3594132029339853,0.4336283185840708,0.39304812834224595
0.5578429698944092,0.35853658536585364,0.4336283185840708,0.3925233644859813
0.5578365921974182,0.35766423357664234,0.4336283185840708,0.39199999999999996
0.5577849745750427,0.3592233009708738,0.4365781710914454,0.39414114513981363
0.5577120780944824,0.3583535108958838,0.4365781710914454,0.39361702127659576
0.5576672554016113,0.357487922705314,0.4365781710914454,0.3930942895086321
0.5576573014259338,0.3566265060240964,0.4365781710914454,0.3925729442970822
0.5576532483100891,0.3557692307692308,0.4365781710914454,0.3920529801324503
0.5576288104057312,0.35731414868105515,0.43952802359882004,0.3941798941798942
0.5575538873672485,0.35645933014354064,0.43952802359882004,0.3936591809775429
0.5575495958328247,0.3556085918854415,0.43952802359882004,0.3931398416886543
0.5575329661369324,0.3547619047619048,0.43952802359882004,0.3926218708827405
0.5575206279754639,0.35391923990498814,0.43952802359882004,0.3921052631578948
0.5574800372123718,0.35308056872037913,0.43952802359882004,0.39159001314060443
0.5574066042900085,0.35224586288416077,0.43952802359882004,0.39107611548556426
0.5574042797088623,0.35141509433962265,0.43952802359882004,0.39056356487549143
0.5573816299438477,0.35058823529411764,0.43952802359882004,0.3900523560209424
0.5573789477348328,0.34976525821596244,0.43952802359882004,0.3895424836601307
0.5573645830154419,0.34894613583138173,0.43952802359882004,0.3890339425587467
0.5573180913925171,0.34813084112149534,0.43952802359882004,0.3885267275097784
0.5573075413703918,0.34965034965034963,0.4424778761061947,0.390625
0.5572695732116699,0.3488372093023256,0.4424778761061947,0.39011703511053314
0.5571597814559937,0.3503480278422274,0.44542772861356933,0.39220779220779217
0.5571282505989075,0.34953703703703703,0.44542772861356933,0.39169909208819714
0.5570008158683777,0.3510392609699769,0.44837758112094395,0.3937823834196891
0.5569804906845093,0.35023041474654376,0.44837758112094395,0.39327296248382926
0.556936502456665,0.34942528735632183,0.44837758112094395,0.3927648578811369
0.5568971633911133,0.3486238532110092,0.44837758112094395,0.39225806451612905
0.5568665862083435,0.34782608695652173,0.44837758112094395,0.3917525773195876
0.5568471550941467,0.3470319634703196,0.44837758112094395,0.3912483912483912
0.5568427443504333,0.3462414578587699,0.44837758112094395,0.390745501285347
0.5568137168884277,0.34545454545454546,0.44837758112094395,0.39024390243902435
0.5567871332168579,0.34467120181405897,0.44837758112094395,0.38974358974358975
0.5566025972366333,0.3438914027149321,0.44837758112094395,0.3892445582586428
0.5565902590751648,0.345372460496614,0.45132743362831856,0.391304347826087
0.5564811825752258,0.34459459459459457,0.45132743362831856,0.3908045977011494
0.5564464926719666,0.3438202247191011,0.45132743362831856,0.39030612244897955
0.5564455986022949,0.3430493273542601,0.45132743362831856,0.3898089171974522
0.5564404726028442,0.3422818791946309,0.45132743362831856,0.3893129770992366
0.5564226508140564,0.34151785714285715,0.45132743362831856,0.38881829733163914
0.5563951730728149,0.3429844097995546,0.45427728613569324,0.3908629441624365
0.556361198425293,0.34444444444444444,0.45722713864306785,0.3929024081115336
0.5563436150550842,0.3436807095343681,0.45722713864306785,0.3924050632911392
0.5563414692878723,0.34292035398230086,0.45722713864306785,0.3919089759797724
0.5563359260559082,0.34216335540838855,0.45722713864306785,0.3914141414141414
0.556292712688446,0.34140969162995594,0.45722713864306785,0.39092055485498106
0.5562507510185242,0.34065934065934067,0.45722713864306785,0.3904282115869018
0.5562093257904053,0.3399122807017544,0.45722713864306785,0.38993710691823896
0.556136965751648,0.33916849015317285,0.45722713864306785,0.3894472361809045
0.5561193823814392,0.3384279475982533,0.45722713864306785,0.38895859473023836
0.5561076402664185,0.33769063180827885,0.45722713864306785,0.38847117794486213
0.55610191822052,0.33695652173913043,0.45722713864306785,0.38798498122653313
0.5560938119888306,0.3362255965292842,0.45722713864306785,0.3875
0.55608731508255,0.3354978354978355,0.45722713864306785,0.387016229712859
0.5560072660446167,0.3347732181425486,0.45722713864306785,0.38653366583541154
0.555962085723877,0.33405172413793105,0.45722713864306785,0.386052303860523
0.5559090971946716,0.3333333333333333,0.45722713864306785,0.38557213930348255
0.5559045672416687,0.33261802575107297,0.45722713864306785,0.38509316770186336
0.5558896064758301,0.33190578158458245,0.45722713864306785,0.38461538461538464
0.5558570027351379,0.3311965811965812,0.45722713864306785,0.3841387856257744
0.555844783782959,0.3304904051172708,0.45722713864306785,0.38366336633663367
0.5558421611785889,0.32978723404255317,0.45722713864306785,0.38318912237330033
0.5558320879936218,0.33121019108280253,0.46017699115044247,0.38518518518518513
0.5558188557624817,0.33192389006342493,0.4631268436578171,0.3866995073891626
0.5557714700698853,0.3333333333333333,0.46607669616519176,0.3886838868388684
0.555715024471283,0.33263157894736844,0.46607669616519176,0.3882063882063882
0.5556970834732056,0.3319327731092437,0.46607669616519176,0.38773006134969323
0.5556175708770752,0.3333333333333333,0.4690265486725664,0.3897058823529411
0.5555547475814819,0.33263598326359833,0.4690265486725664,0.3892288861689106
0.555551290512085,0.33194154488517746,0.4690265486725664,0.3887530562347188
0.5555389523506165,0.33125,0.4690265486725664,0.3882783882783883
0.5555307865142822,0.3305613305613306,0.4690265486725664,0.3878048780487805
0.5555208325386047,0.32987551867219916,0.4690265486725664,0.38733252131546897
0.5554999709129333,0.32919254658385094,0.4690265486725664,0.38686131386861317
0.5554853677749634,0.3285123966942149,0.4690265486725664,0.3863912515188335
0.5554569959640503,0.32783505154639175,0.4690265486725664,0.38592233009708743
0.5554566979408264,0.3292181069958848,0.471976401179941,0.3878787878787879
0.5554332733154297,0.33059548254620125,0.4749262536873156,0.38983050847457623
0.5554155111312866,0.32991803278688525,0.4749262536873156,0.38935912938331313
0.5553765892982483,0.3292433537832311,0.4749262536873156,0.3888888888888889
0.5553235411643982,0.32857142857142857,0.4749262536873156,0.3884197828709288
0.5552541017532349,0.32790224032586557,0.4749262536873156,0.38795180722891565
0.5551962852478027,0.32723577235772355,0.4749262536873156,0.38748495788206977
0.5551902651786804,0.3286004056795132,0.4778761061946903,0.389423076923077
0.5551796555519104,0.32793522267206476,0.4778761061946903,0.38895558223289317
0.5551730990409851,0.32727272727272727,0.4778761061946903,0.3884892086330936
0.5551677346229553,0.32661290322580644,0.4778761061946903,0.38802395209580837
0.5551062226295471,0.32595573440643866,0.4778761061946903,0.38755980861244027
0.5551027655601501,0.3253012048192771,0.4778761061946903,0.3870967741935484
0.5550802946090698,0.3246492985971944,0.4778761061946903,0.38663484486873506
0.5550064444541931,0.324,0.4778761061946903,0.3861740166865316
0.5549678802490234,0.32335329341317365,0.4778761061946903,0.38571428571428573
0.5549592971801758,0.3247011952191235,0.4808259587020649,0.3876337693222354
0.554926335811615,0.3240556660039761,0.4808259587020649,0.3871733966745842
0.554899275302887,0.3253968253968254,0.4837758112094395,0.38908659549228947
0.5548197627067566,0.32475247524752476,0.4837758112094395,0.3886255924170616
0.5548132061958313,0.3241106719367589,0.4837758112094395,0.38816568047337274
0.5547584891319275,0.3234714003944773,0.4837758112094395,0.3877068557919622
0.55470210313797,0.3228346456692913,0.4837758112094395,0.3872491145218418
0.5546999573707581,0.3241650294695481,0.48672566371681414,0.38915094339622647
0.5546737909317017,0.3235294117647059,0.48672566371681414,0.38869257950530034
0.5546708703041077,0.32289628180039137,0.48672566371681414,0.38823529411764707
0.5545944571495056,0.322265625,0.48672566371681414,0.38777908343125733
0.5545104146003723,0.3216374269005848,0.48672566371681414,0.3873239436619718
0.5544885396957397,0.321011673151751,0.48672566371681414,0.3868698710433763
0.5544657111167908,0.32038834951456313,0.48672566371681414,0.38641686182669793
0.5544395446777344,0.31976744186046513,0.48672566371681414,0.3859649122807018
0.5544019341468811,0.32108317214700194,0.4896755162241888,0.3878504672897196
0.5543366074562073,0.3204633204633205,0.4896755162241888,0.38739789964994165
0.5543283820152283,0.3198458574181118,0.4896755162241888,0.38694638694638694
0.5542284846305847,0.3192307692307692,0.4896755162241888,0.38649592549476136
0.554190993309021,0.32053742802303264,0.49262536873156343,0.3883720930232558
0.5541587471961975,0.31992337164750956,0.49262536873156343,0.3879210220673635
0.5541417002677917,0.3193116634799235,0.49262536873156343,0.3874709976798144
0.5540881752967834,0.3187022900763359,0.49262536873156343,0.3870220162224798
0.554081916809082,0.32,0.49557522123893805,0.3888888888888889
0.554029643535614,0.3193916349809886,0.49557522123893805,0.38843930635838153
0.5540167689323425,0.3187855787476281,0.49557522123893805,0.38799076212471134
0.5540162920951843,0.3181818181818182,0.49557522123893805,0.38754325259515565
0.5539620518684387,0.31758034026465026,0.49557522123893805,0.3870967741935483
0.5538883209228516,0.3169811320754717,0.49557522123893805,0.3866513233601841
0.5538844466209412,0.3163841807909605,0.49557522123893805,0.38620689655172413
0.5538704991340637,0.3157894736842105,0.49557522123893805,0.3857634902411022
0.5538693070411682,0.3151969981238274,0.49557522123893805,0.3853211009174312
0.5538549423217773,0.31647940074906367,0.49852507374631266,0.3871706758304696
0.5538120865821838,0.31588785046728973,0.49852507374631266,0.38672768878718533
0.5538022518157959,0.31529850746268656,0.49852507374631266,0.38628571428571423
0.5537899732589722,0.31471135940409684,0.49852507374631266,0.3858447488584475
0.5537788271903992,0.3159851301115242,0.5014749262536873,0.38768529076396807
0.5537688732147217,0.31539888682745826,0.5014749262536873,0.38724373576309795
0.5537384152412415,0.31666666666666665,0.504424778761062,0.3890784982935153
0.5537070631980896,0.31608133086876156,0.504424778761062,0.38863636363636367
0.553658664226532,0.3154981549815498,0.504424778761062,0.3881952326901249
0.5536490678787231,0.3149171270718232,0.504424778761062,0.3877551020408163
0.5536326766014099,0.31433823529411764,0.504424778761062,0.38731596828992076
0.5536148548126221,0.3137614678899083,0.504424778761062,0.3868778280542987
0.5535191297531128,0.3131868131868132,0.504424778761062,0.3864406779661017
0.5535029172897339,0.3126142595978062,0.504424778761062,0.3860045146726862
0.5534337759017944,0.31204379562043794,0.504424778761062,0.3855693348365276
0.5533115267753601,0.3114754098360656,0.504424778761062,0.38513513513513514
0.553299069404602,0.3109090909090909,0.504424778761062,0.38470191226096734
0.5532676577568054,0.3103448275862069,0.504424778761062,0.3842696629213483
0.5532252192497253,0.30978260869565216,0.504424778761062,0.3838383838383838
0.5531962513923645,0.3092224231464738,0.504424778761062,0.383408071748879
0.5531926155090332,0.3104693140794224,0.5073746312684366,0.3852183650615902
0.5531142950057983,0.3099099099099099,0.5073746312684366,0.3847874720357942
0.5530981421470642,0.31115107913669066,0.5103244837758112,0.3865921787709497
0.553078293800354,0.3105924596050269,0.5103244837758112,0.38616071428571425
0.5530656576156616,0.3100358422939068,0.5103244837758112,0.3857302118171683
0.5530585050582886,0.3094812164579606,0.5103244837758112,0.38530066815144765
0.5530483722686768,0.30892857142857144,0.5103244837758112,0.38487208008898777
0.5530427098274231,0.3083778966131907,0.5103244837758112,0.3844444444444444
0.5529951453208923,0.30782918149466193,0.5103244837758112,0.3840177580466149
0.5529845952987671,0.30728241563055064,0.5103244837758112,0.38359201773835916
0.5529822707176208,0.3067375886524823,0.5103244837758112,0.38316722037652273
0.5529662370681763,0.30619469026548674,0.5103244837758112,0.38274336283185845
0.5529633164405823,0.30565371024734983,0.5103244837758112,0.3823204419889503
0.5529594421386719,0.30511463844797176,0.5103244837758112,0.3818984547461369
0.5529516339302063,0.3045774647887324,0.5103244837758112,0.38147739801543545
0.552876353263855,0.30404217926186294,0.5103244837758112,0.381057268722467
0.5528628826141357,0.30526315789473685,0.5132743362831859,0.38283828382838286
0.5528203845024109,0.3064798598949212,0.5162241887905604,0.38461538461538464
0.552740216255188,0.3076923076923077,0.5191740412979351,0.38638858397365533
0.5527234077453613,0.30715532286212915,0.5191740412979351,0.3859649122807018
0.5526965856552124,0.30662020905923343,0.5191740412979351,0.3855421686746988
0.5526487827301025,0.30782608695652175,0.5221238938053098,0.387308533916849
0.5525708198547363,0.3090277777777778,0.5250737463126843,0.38907103825136613
0.5524792671203613,0.30849220103986136,0.5250737463126843,0.388646288209607
0.5524505376815796,0.3096885813148789,0.528023598820059,0.3904034896401309
0.5524232387542725,0.30915371329879104,0.528023598820059,0.38997821350762535
0.5523818135261536,0.3103448275862069,0.5309734513274337,0.39173014145810664
0.5523610711097717,0.3098106712564544,0.5309734513274337,0.391304347826087
0.5523384213447571,0.30927835051546393,0.5309734513274337,0.39087947882736157
0.5523304343223572,0.30874785591766724,0.5309734513274337,0.3904555314533623
0.5522317886352539,0.3082191780821918,0.5309734513274337,0.39003250270855905
0.552150547504425,0.3076923076923077,0.5309734513274337,0.38961038961038963
0.5521317720413208,0.30716723549488056,0.5309734513274337,0.3891891891891892
0.5520570874214172,0.30664395229982966,0.5309734513274337,0.38876889848812096
0.5520476698875427,0.3078231292517007,0.5339233038348082,0.39050701186623515
0.5520355105400085,0.3073005093378608,0.5339233038348082,0.3900862068965517
0.5520209074020386,0.30847457627118646,0.5368731563421829,0.3918191603875135
0.5519884824752808,0.3079526226734349,0.5368731563421829,0.3913978494623656
0.5518968105316162,0.30743243243243246,0.5368731563421829,0.39097744360902253
0.5518680214881897,0.3069139966273187,0.5368731563421829,0.3905579399141631
0.5518559813499451,0.3063973063973064,0.5368731563421829,0.390139335476956
0.5518353581428528,0.3058823529411765,0.5368731563421829,0.38972162740899363
0.5518220663070679,0.3053691275167785,0.5368731563421829,0.38930481283422463
0.5517987608909607,0.304857621440536,0.5368731563421829,0.3888888888888889
0.5517458915710449,0.3060200668896321,0.5398230088495575,0.3906083244397012
0.551720917224884,0.3055091819699499,0.5398230088495575,0.39019189765458423
0.5516359210014343,0.305,0.5398230088495575,0.38977635782747605
0.5513971447944641,0.30449251247920134,0.5398230088495575,0.3893617021276596
0.5513464212417603,0.30564784053156147,0.5427728613569321,0.39107332624867164
0.5512502789497375,0.30514096185737977,0.5427728613569321,0.3906581740976645
0.5512488484382629,0.304635761589404,0.5427728613569321,0.3902439024390244
0.5511245131492615,0.30413223140495865,0.5427728613569321,0.38983050847457623
0.5511040091514587,0.30363036303630364,0.5427728613569321,0.38941798941798944
0.5510813593864441,0.3031301482701812,0.5427728613569321,0.38900634249471455
0.5510582327842712,0.3042763157894737,0.5457227138643068,0.3907074973600845
0.5509855151176453,0.30377668308702793,0.5457227138643068,0.3902953586497891
0.5509091019630432,0.30327868852459017,0.5457227138643068,0.3898840885142255
0.5508979558944702,0.3027823240589198,0.5457227138643068,0.3894736842105263
0.550853431224823,0.3022875816993464,0.5457227138643068,0.38906414300736064
0.5508453845977783,0.30179445350734097,0.5457227138643068,0.388655462184874
0.550778329372406,0.30130293159609123,0.5457227138643068,0.38824763903462756
0.5507680177688599,0.3008130081300813,0.5457227138643068,0.3878406708595389
0.5507471561431885,0.3003246753246753,0.5457227138643068,0.387434554973822
0.5505600571632385,0.29983792544570503,0.5457227138643068,0.38702928870292885
0.5505396127700806,0.2993527508090615,0.5457227138643068,0.3866248693834901
0.5504933595657349,0.2988691437802908,0.5457227138643068,0.38622129436325675
0.5504931211471558,0.29838709677419356,0.5457227138643068,0.3858185610010428
0.5504828095436096,0.29790660225442833,0.5457227138643068,0.38541666666666663
0.5504370927810669,0.297427652733119,0.5457227138643068,0.38501560874089497
0.550432562828064,0.2969502407704655,0.5457227138643068,0.38461538461538464
0.5503844618797302,0.2980769230769231,0.5486725663716814,0.3862928348909657
0.550371527671814,0.2976,0.5486725663716814,0.3858921161825726
0.5503600239753723,0.2971246006389776,0.5486725663716814,0.38549222797927457
0.5502989888191223,0.2966507177033493,0.5486725663716814,0.3850931677018633
0.5502825975418091,0.2961783439490446,0.5486725663716814,0.3846949327817993
0.5502676367759705,0.2957074721780604,0.5486725663716814,0.3842975206611571
0.5502204298973083,0.29523809523809524,0.5486725663716814,0.38390092879256965
0.5501323342323303,0.294770206022187,0.5486725663716814,0.3835051546391752
0.5500977635383606,0.2958860759493671,0.551622418879056,0.3851699279093718
0.5500929951667786,0.29541864139020535,0.551622418879056,0.3847736625514403
0.5500880479812622,0.2949526813880126,0.551622418879056,0.38437821171634123
0.5500655770301819,0.29448818897637796,0.551622418879056,0.38398357289527724
0.550007164478302,0.2940251572327044,0.551622418879056,0.3835897435897436
0.5499830842018127,0.29356357927786497,0.551622418879056,0.3831967213114754
0.549828052520752,0.29310344827586204,0.551622418879056,0.38280450358239504
0.5498219132423401,0.29264475743348983,0.551622418879056,0.3824130879345603
0.5497751832008362,0.2921875,0.551622418879056,0.38202247191011235
0.5497642755508423,0.2917316692667707,0.551622418879056,0.38163265306122446
0.549740195274353,0.29127725856697817,0.551622418879056,0.38124362895005093
0.5496950149536133,0.29082426127527217,0.551622418879056,0.38085539714867617
0.5496602654457092,0.29037267080745344,0.551622418879056,0.3804679552390641
0.549622118473053,0.289922480620155,0.551622418879056,0.3800813008130081
0.5496106147766113,0.29102167182662536,0.5545722713864307,0.3817258883248731
0.5495872497558594,0.29057187017001546,0.5545722713864307,0.3813387423935091
0.5495438575744629,0.29012345679012347,0.5545722713864307,0.380952380952381
0.5495383143424988,0.2896764252696456,0.5545722713864307,0.38056680161943324
0.5494934916496277,0.28923076923076924,0.5545722713864307,0.3801820020222447
0.5494383573532104,0.2887864823348694,0.5545722713864307,0.37979797979797986
0.549422562122345,0.2883435582822086,0.5545722713864307,0.3794147325933401
0.5494166612625122,0.2879019908116386,0.5545722713864307,0.3790322580645161
0.5494160056114197,0.2874617737003058,0.5545722713864307,0.37865055387714
0.5493363738059998,0.2885496183206107,0.5575221238938053,0.3802816901408451
0.5493252277374268,0.28810975609756095,0.5575221238938053,0.3798994974874371
0.5493031740188599,0.2876712328767123,0.5575221238938053,0.37951807228915657
0.5492789149284363,0.2872340425531915,0.5575221238938053,0.37913741223671016
0.5492714643478394,0.2867981790591806,0.5575221238938053,0.37875751503006017
0.5492046475410461,0.2863636363636364,0.5575221238938053,0.3783783783783784
0.549197256565094,0.2859304084720121,0.5575221238938053,0.37800000000000006
0.5491886734962463,0.2854984894259819,0.5575221238938053,0.3776223776223776
0.5491884350776672,0.2850678733031674,0.5575221238938053,0.3772455089820359
0.549152672290802,0.28463855421686746,0.5575221238938053,0.3768693918245264
0.549127459526062,0.28421052631578947,0.5575221238938053,0.37649402390438247
0.5491267442703247,0.28378378378378377,0.5575221238938053,0.3761194029850746
0.5491060018539429,0.28335832083958024,0.5575221238938053,0.3757455268389662
0.5490762591362,0.28293413173652693,0.5575221238938053,0.37537239324726906
0.5489988327026367,0.2825112107623318,0.5575221238938053,0.375
0.5489670038223267,0.2816691505216095,0.5575221238938053,0.3742574257425742
0.5489456057548523,0.28125,0.5575221238938053,0.37388724035608306
0.5489102602005005,0.28083209509658247,0.5575221238938053,0.3735177865612648
0.5488534569740295,0.2818991097922849,0.56047197640118,0.37512339585389937
0.5486659407615662,0.2814814814814815,0.56047197640118,0.3747534516765286
0.5486544966697693,0.28106508875739644,0.56047197640118,0.37438423645320196
0.5486498475074768,0.28064992614475626,0.56047197640118,0.37401574803149606
0.5486406087875366,0.28023598820059,0.56047197640118,0.3736479842674533
0.5486333966255188,0.27982326951399117,0.56047197640118,0.37328094302554027
0.5485644340515137,0.27941176470588236,0.56047197640118,0.3729146221786065
0.5485266447067261,0.2790014684287812,0.56047197640118,0.3725490196078431
0.54849773645401,0.2785923753665689,0.56047197640118,0.3721841332027424
0.5483831763267517,0.2781844802342606,0.56047197640118,0.37181996086105673
0.5483543276786804,0.2777777777777778,0.56047197640118,0.37145650048875856
0.548328161239624,0.2773722627737226,0.56047197640118,0.37109375
0.5483155250549316,0.27696793002915454,0.56047197640118,0.37073170731707317
0.5482540130615234,0.2765647743813683,0.56047197640118,0.3703703703703704
0.5481835007667542,0.27761627906976744,0.5634218289085545,0.3719571567672833
0.5481759309768677,0.2772133526850508,0.5634218289085545,0.3715953307392997
0.5480953454971313,0.2768115942028985,0.5634218289085545,0.37123420796890183
0.5479291677474976,0.276410998552822,0.5634218289085545,0.37087378640776697
0.5478779077529907,0.27601156069364163,0.5634218289085545,0.3705140640155189
0.5478740334510803,0.2756132756132756,0.5634218289085545,0.3701550387596899
0.5478394031524658,0.276657060518732,0.5663716814159292,0.3717328170377541
0.5477803349494934,0.2762589928057554,0.5663716814159292,0.37137330754352027
0.5477465987205505,0.27586206896551724,0.5663716814159292,0.3710144927536232
0.5475601553916931,0.27546628407460544,0.5663716814159292,0.37065637065637064
0.5475565791130066,0.27507163323782235,0.5663716814159292,0.3702989392478303
0.5475126504898071,0.27467811158798283,0.5663716814159292,0.3699421965317919
0.5473525524139404,0.2742857142857143,0.5663716814159292,0.36958614051973054
0.5473283529281616,0.2738944365192582,0.5663716814159292,0.36923076923076925
0.5473175644874573,0.27350427350427353,0.5663716814159292,0.3688760806916427
0.5472524166107178,0.27453769559032715,0.5693215339233039,0.37044145873320533
0.5472395420074463,0.2741477272727273,0.5693215339233039,0.37008628954937683
0.5472343564033508,0.27375886524822696,0.5693215339233039,0.36973180076628354
0.5472059845924377,0.273371104815864,0.5693215339233039,0.369377990430622
0.547187864780426,0.272984441301273,0.5693215339233039,0.36902485659655837
0.5471716523170471,0.2740112994350282,0.5722713864306784,0.37058261700095513
0.5471559762954712,0.2736248236953456,0.5722713864306784,0.3702290076335878
0.5471363663673401,0.27323943661971833,0.5722713864306784,0.36987607244995235
0.5471111536026001,0.27285513361462727,0.5722713864306784,0.3695238095238095
0.5470942854881287,0.27247191011235955,0.5722713864306784,0.3691722169362512
0.5470505952835083,0.2720897615708275,0.5722713864306784,0.36882129277566544
0.5469794869422913,0.27170868347338933,0.5722713864306784,0.36847103513770174
0.5469740629196167,0.27132867132867133,0.5722713864306784,0.36812144212523723
0.5469076633453369,0.2709497206703911,0.5722713864306784,0.3677725118483412
0.5468754172325134,0.2705718270571827,0.5722713864306784,0.36742424242424243
0.5468624830245972,0.27019498607242337,0.5722713864306784,0.3670766319772942
0.5466780662536621,0.2698191933240612,0.5722713864306784,0.3667296786389414
0.5466684699058533,0.26944444444444443,0.5722713864306784,0.3663833805476865
0.5466216802597046,0.26907073509015256,0.5722713864306784,0.3660377358490566
0.5465865731239319,0.26869806094182824,0.5722713864306784,0.3656927426955702
0.5464626550674438,0.26832641770401106,0.5722713864306784,0.3653483992467043
0.5464362502098083,0.26795580110497236,0.5722713864306784,0.3650047036688617
0.5464323163032532,0.2675862068965517,0.5722713864306784,0.36466165413533835
0.5464117527008057,0.26721763085399447,0.5722713864306784,0.364319248826291
0.5463798642158508,0.2668500687757909,0.5722713864306784,0.36397748592870544
0.546259343624115,0.2664835164835165,0.5722713864306784,0.3636363636363636
0.5462403893470764,0.2661179698216735,0.5722713864306784,0.36329588014981273
0.5462095737457275,0.26575342465753427,0.5722713864306784,0.36295603367633306
0.5461747646331787,0.265389876880985,0.5722713864306784,0.36261682242990656
0.5461007952690125,0.2650273224043716,0.5722713864306784,0.3622782446311858
0.5460935235023499,0.2646657571623465,0.5722713864306784,0.36194029850746273
0.5459946990013123,0.26430517711171664,0.5722713864306784,0.3616029822926375
0.5459900498390198,0.2639455782312925,0.5722713864306784,0.3612662942271881
0.5459461808204651,0.26358695652173914,0.5722713864306784,0.36093023255813955
0.545933723449707,0.26322930800542743,0.5722713864306784,0.3605947955390335
0.5459303259849548,0.26287262872628725,0.5722713864306784,0.36025998142989785
0.545880913734436,0.2625169147496617,0.5722713864306784,0.35992578849721707
0.5457971096038818,0.26216216216216215,0.5722713864306784,0.35959221501390176
0.5457915663719177,0.26180836707152494,0.5722713864306784,0.3592592592592593
0.5457578897476196,0.261455525606469,0.5722713864306784,0.3589269195189639
0.5456243753433228,0.2611036339165545,0.5722713864306784,0.3585951940850277
0.5456038117408752,0.260752688172043,0.5722713864306784,0.35826408125577097
0.5455281138420105,0.26040268456375837,0.5722713864306784,0.35793357933579334
0.5454769730567932,0.26005361930294907,0.5722713864306784,0.35760368663594466
0.5454023480415344,0.2597054886211513,0.5722713864306784,0.3572744014732965
0.5453596711158752,0.2606951871657754,0.5752212389380531,0.358785648574057
0.5453105568885803,0.260347129506008,0.5752212389380531,0.3584558823529412
0.5452567338943481,0.26,0.5752212389380531,0.3581267217630854
0.545248806476593,0.2596537949400799,0.5752212389380531,0.3577981651376147
0.5452377200126648,0.25930851063829785,0.5752212389380531,0.35747021081576535
0.5451802015304565,0.2602921646746348,0.5781710914454278,0.358974358974359
0.5451635122299194,0.2612732095490716,0.5811209439528023,0.3604757548032937
0.5451482534408569,0.2609271523178808,0.5811209439528023,0.3601462522851919
0.5450300574302673,0.2605820105820106,0.5811209439528023,0.3598173515981735
0.5450212955474854,0.26023778071334214,0.5811209439528023,0.3594890510948905
0.5449509024620056,0.2612137203166227,0.584070796460177,0.3609845031905196
0.5449177026748657,0.2608695652173913,0.584070796460177,0.36065573770491804
0.5448876023292542,0.26052631578947366,0.584070796460177,0.3603275705186533
0.5448819994926453,0.2614980289093298,0.5870206489675516,0.3618181818181818
0.544868528842926,0.26115485564304464,0.5870206489675516,0.3614895549500454
0.5448671579360962,0.2608125819134993,0.5870206489675516,0.3611615245009074
0.5446578860282898,0.2604712041884817,0.5870206489675516,0.36083408884859475
0.5446288585662842,0.2601307189542484,0.5870206489675516,0.3605072463768116
0.5445907711982727,0.2597911227154047,0.5870206489675516,0.3601809954751132
0.544524610042572,0.25945241199478486,0.5870206489675516,0.3598553345388788
0.5444825291633606,0.2591145833333333,0.5870206489675516,0.35953026196928634
0.5444349050521851,0.258777633289987,0.5870206489675516,0.3592057761732852
0.5444199442863464,0.2597402597402597,0.5899705014749262,0.3606853020739405
0.544346272945404,0.2594033722438392,0.5899705014749262,0.36036036036036034
0.5443404316902161,0.25906735751295334,0.5899705014749262,0.36003600360036003
0.5442368388175964,0.258732212160414,0.5899705014749262,0.3597122302158274
0.5442199110984802,0.2596899224806202,0.5929203539823009,0.36118598382749334
0.5441727042198181,0.2593548387096774,0.5929203539823009,0.36086175942549376
0.544167160987854,0.25902061855670105,0.5929203539823009,0.3605381165919283
0.544099748134613,0.25868725868725867,0.5929203539823009,0.3602150537634409
0.544085681438446,0.2583547557840617,0.5929203539823009,0.35989256938227393
0.5440710783004761,0.25802310654685495,0.5929203539823009,0.35957066189624326
0.5440552830696106,0.25769230769230766,0.5929203539823009,0.3592493297587131
0.5440384745597839,0.2573623559539053,0.5929203539823009,0.35892857142857143
0.5440066456794739,0.2570332480818414,0.5929203539823009,0.3586083853702052
0.5439841151237488,0.2567049808429119,0.5929203539823009,0.358288770053476
0.5439650416374207,0.25637755102040816,0.5929203539823009,0.3579697239536954
0.5439424514770508,0.2573248407643312,0.5958702064896755,0.3594306049822064
0.5438739061355591,0.25699745547073793,0.5958702064896755,0.3591111111111111
0.5438372492790222,0.25667090216010163,0.5958702064896755,0.3587921847246891
0.5436901450157166,0.25761421319796957,0.5988200589970502,0.3602484472049689
0.5436839461326599,0.2572877059569075,0.5988200589970502,0.3599290780141844
0.5436745285987854,0.2569620253164557,0.5988200589970502,0.3596102745792737
0.5435413122177124,0.25663716814159293,0.5988200589970502,0.35929203539823007
0.5434724688529968,0.2563131313131313,0.5988200589970502,0.3589743589743589
0.5433083176612854,0.2572509457755359,0.6017699115044248,0.36042402826855124
0.5433045625686646,0.25692695214105793,0.6017699115044248,0.36010591350397175
0.5432971715927124,0.25660377358490566,0.6017699115044248,0.35978835978835977
0.5432736873626709,0.2562814070351759,0.6017699115044248,0.3594713656387665
0.5432339310646057,0.2559598494353827,0.6017699115044248,0.3591549295774648
0.5432290434837341,0.2556390977443609,0.6017699115044248,0.35883905013192613
0.5432260632514954,0.2553191489361702,0.6017699115044248,0.3585237258347979
0.54318767786026,0.255,0.6017699115044248,0.3582089552238806
0.5431874394416809,0.2546816479400749,0.6017699115044248,0.35789473684210527
0.5431810617446899,0.2543640897755611,0.6017699115044248,0.357581069237511
0.5431730151176453,0.25404732254047324,0.6017699115044248,0.35726795096322245
0.5431529879570007,0.2537313432835821,0.6017699115044248,0.3569553805774278
0.5431169271469116,0.253416149068323,0.6017699115044248,0.35664335664335667
0.5431089401245117,0.2531017369727047,0.6017699115044248,0.35633187772925773
0.5430986285209656,0.2527881040892193,0.6017699115044248,0.356020942408377
0.5430090427398682,0.2524752475247525,0.6017699115044248,0.35571054925893636
0.5429503917694092,0.2521631644004944,0.6017699115044248,0.35540069686411146
0.5428606867790222,0.2518518518518518,0.6017699115044248,0.35509138381201044
0.5428572297096252,0.25154130702836003,0.6017699115044248,0.35478260869565215
0.5427728295326233,0.2512315270935961,0.6017699115044248,0.3544743701129453
0.5426912307739258,0.25092250922509224,0.6017699115044248,0.3541666666666667
0.5426641702651978,0.25061425061425063,0.6017699115044248,0.35385949696444063
0.5425914525985718,0.25030674846625767,0.6017699115044248,0.35355285961871746
0.5425334572792053,0.25,0.6017699115044248,0.35324675324675325
0.5425078868865967,0.24969400244798043,0.6017699115044248,0.35294117647058826
0.5424740314483643,0.24938875305623473,0.6017699115044248,0.3526361279170268
0.5424168705940247,0.2490842490842491,0.6017699115044248,0.3523316062176166
0.5423247218132019,0.25,0.6047197640117994,0.3537532355478861
0.5422296524047852,0.2496954933008526,0.6047197640117994,0.35344827586206895
0.5422083735466003,0.24939172749391728,0.6047197640117994,0.3531438415159346
0.5422013401985168,0.24908869987849333,0.6047197640117994,0.3528399311531842
0.5422007441520691,0.2487864077669903,0.6047197640117994,0.352536543422184
0.5421851873397827,0.24848484848484848,0.6047197640117994,0.352233676975945
0.5421485900878906,0.24818401937046006,0.6047197640117994,0.35193133047210295
0.5421170592308044,0.2478839177750907,0.6047197640117994,0.35162950257289877
0.5420946478843689,0.24758454106280192,0.6047197640117994,0.3513281919451585
0.5420833826065063,0.24728588661037396,0.6047197640117994,0.35102739726027393
0.5420506000518799,0.2469879518072289,0.6047197640117994,0.35072711719418304
0.5420241355895996,0.246690734055355,0.6047197640117994,0.3504273504273504
0.5418940186500549,0.24639423076923078,0.6047197640117994,0.35012809564474806
0.541843831539154,0.2460984393757503,0.6047197640117994,0.34982935153583616
0.5417214632034302,0.24580335731414868,0.6047197640117994,0.3495311167945439
0.5417118072509766,0.24550898203592814,0.6047197640117994,0.3492333901192504
0.5416920781135559,0.2452153110047847,0.6047197640117994,0.34893617021276596
0.5416690111160278,0.24492234169653523,0.6047197640117994,0.34863945578231287
0.5416585206985474,0.24463007159904535,0.6047197640117994,0.34834324553950724
0.5416433215141296,0.24433849821215733,0.6047197640117994,0.3480475382003395
0.5416300296783447,0.24404761904761904,0.6047197640117994,0.3477523324851569
0.5416256189346313,0.2437574316290131,0.6047197640117994,0.3474576271186441
0.5416191816329956,0.24346793349168647,0.6047197640117994,0.3471634208298052
0.5415460467338562,0.2443653618030842,0.6076696165191741,0.3485617597292724
0.5415056347846985,0.24407582938388625,0.6076696165191741,0.3482671174978867
0.5414950251579285,0.24378698224852072,0.6076696165191741,0.34797297297297297
0.5414671897888184,0.24349881796690306,0.6076696165191741,0.34767932489451475
0.5414553284645081,0.24321133412042503,0.6076696165191741,0.3473861720067454
0.5414447784423828,0.2429245283018868,0.6076696165191741,0.34709351305812974
0.5414174795150757,0.24263839811542992,0.6076696165191741,0.34680134680134683
0.5413674712181091,0.24235294117647058,0.6076696165191741,0.34650967199327165
0.5413108468055725,0.24206815511163338,0.6076696165191741,0.34621848739495803
0.541292667388916,0.24178403755868544,0.6076696165191741,0.34592779177162053
0.5412649512290955,0.24150058616647127,0.6076696165191741,0.34563758389261745
0.5412448048591614,0.24121779859484777,0.6076696165191741,0.34534786253143335
0.5410603880882263,0.2409356725146199,0.6076696165191741,0.3450586264656617
0.5410383939743042,0.24065420560747663,0.6076696165191741,0.3447698744769874
0.5409326553344727,0.24154025670945156,0.6106194690265486,0.34615384615384615
0.5408362150192261,0.24242424242424243,0.6135693215339233,0.34753550543024225
0.540769636631012,0.2421420256111758,0.6135693215339233,0.347245409015025
0.5407125353813171,0.24186046511627907,0.6135693215339233,0.3469557964970809
0.540626049041748,0.24274099883855982,0.616519174041298,0.34833333333333333
0.540544867515564,0.24245939675174014,0.616519174041298,0.34804329725228983
0.5405368208885193,0.2421784472769409,0.616519174041298,0.3477537437603993
0.5405297875404358,0.24189814814814814,0.616519174041298,0.34746467165419787
0.5405282378196716,0.24161849710982658,0.616519174041298,0.34717607973421927
0.5405082702636719,0.24133949191685913,0.616519174041298,0.3468879668049793
0.5405069589614868,0.24106113033448673,0.616519174041298,0.3466003316749586
0.5403954386711121,0.24193548387096775,0.6194690265486725,0.347970173985087
0.5403473377227783,0.24165707710011508,0.6194690265486725,0.34768211920529796
0.5403434038162231,0.2425287356321839,0.6224188790560472,0.3490488006617039
0.5403308868408203,0.24225028702640644,0.6224188790560472,0.3487603305785124
0.5403130650520325,0.24197247706422018,0.6224188790560472,0.34847233691164325
0.5402673482894897,0.24169530355097366,0.6224188790560472,0.3481848184818482
0.5402321219444275,0.2414187643020595,0.6224188790560472,0.3478977741137675
0.5402280688285828,0.24114285714285713,0.6224188790560472,0.34761120263591433
0.5401955842971802,0.2408675799086758,0.6224188790560472,0.34732510288065843
0.5401709079742432,0.24059293044469784,0.6224188790560472,0.34703947368421056
0.5401224493980408,0.24031890660592256,0.6224188790560472,0.34675431388660644
0.540122389793396,0.24004550625711035,0.6224188790560472,0.3464696223316913
0.5401129126548767,0.23977272727272728,0.6224188790560472,0.34618539786710417
0.54006427526474,0.2395005675368899,0.6224188790560472,0.34590163934426227
0.539979100227356,0.23922902494331066,0.6224188790560472,0.34561834561834565
0.5399639010429382,0.23895809739524349,0.6224188790560472,0.3453355155482815
0.5398332476615906,0.23868778280542988,0.6224188790560472,0.3450531479967293
0.5397926568984985,0.2384180790960452,0.6224188790560472,0.3447712418300654
0.5397237539291382,0.2381489841986456,0.6224188790560472,0.34448979591836737
0.5397210121154785,0.237880496054115,0.6224188790560472,0.34420880913539964
0.539668083190918,0.2376126126126126,0.6224188790560472,0.34392828035859824
0.5396613478660583,0.2373453318335208,0.6224188790560472,0.34364820846905536
0.5395814180374146,0.23820224719101124,0.6253687315634219,0.3449959316517494
0.5395785570144653,0.23905723905723905,0.6283185840707964,0.3463414634146341
0.5395752191543579,0.23878923766816143,0.6283185840707964,0.3460601137286759
0.5395587682723999,0.23852183650615902,0.6283185840707964,0.3457792207792208
0.5395472645759583,0.23798882681564246,0.6283185840707964,0.34521880064829824
0.5395285487174988,0.23772321428571427,0.6283185840707964,0.34493927125506074
0.539528489112854,0.23857302118171683,0.6312684365781711,0.34627831715210355
0.5395261645317078,0.2383073496659243,0.6312684365781711,0.3459983831851253
0.5394226312637329,0.23804226918798665,0.6312684365781711,0.34571890145395795
0.5394036173820496,0.23777777777777778,0.6312684365781711,0.3454398708635997
0.5393288135528564,0.23751387347391786,0.6312684365781711,0.34516129032258064
0.5393174886703491,0.23725055432372505,0.6312684365781711,0.3448831587429492
0.5392702221870422,0.2369878183831672,0.6312684365781711,0.3446054750402576
0.5391961932182312,0.23672566371681417,0.6312684365781711,0.34432823813354785
0.5391688346862793,0.23756906077348067,0.6342182890855457,0.34565916398713825
0.5391585230827332,0.23730684326710816,0.6342182890855457,0.3453815261044177
0.5390341281890869,0.237045203969129,0.6342182890855457,0.3451043338683788
0.5390042066574097,0.236784140969163,0.6342182890855457,0.3448275862068965
0.5390011668205261,0.23652365236523654,0.6342182890855457,0.34455128205128205
0.5389577150344849,0.23626373626373626,0.6342182890855457,0.34427542033626896
0.5389376878738403,0.23600439077936333,0.6342182890855457,0.34400000000000003
0.5388999581336975,0.23574561403508773,0.6342182890855457,0.3437250199840128
0.5388913750648499,0.23548740416210295,0.6342182890855457,0.34345047923322686
0.5388880372047424,0.23522975929978118,0.6342182890855457,0.34317637669592976
0.5388835072517395,0.2360655737704918,0.6371681415929203,0.34449760765550236
0.5388175249099731,0.23580786026200873,0.6371681415929203,0.3442231075697211
0.5388084053993225,0.23555070883315157,0.6371681415929203,0.34394904458598724
0.5387281179428101,0.23529411764705882,0.6371681415929203,0.3436754176610979
0.5387277007102966,0.235038084874864,0.6371681415929203,0.34340222575516693
0.5387107133865356,0.23478260869565218,0.6371681415929203,0.3431294678316124
0.5386551022529602,0.23452768729641693,0.6371681415929203,0.34285714285714286
0.5386273860931396,0.23427331887201736,0.6371681415929203,0.34258524980174465
0.5386159420013428,0.23401950162513543,0.6371681415929203,0.34231378763866877
0.5385836958885193,0.23376623376623376,0.6371681415929203,0.3420427553444181
0.5385765433311462,0.23351351351351352,0.6371681415929203,0.34177215189873417
0.5385341644287109,0.23326133909287258,0.6371681415929203,0.34150197628458495
0.538526177406311,0.23300970873786409,0.6371681415929203,0.34123222748815163
0.5385231971740723,0.23275862068965517,0.6371681415929203,0.3409629044988161
0.5385064482688904,0.232508073196986,0.6371681415929203,0.34069400630914826
0.5384286642074585,0.23200859291084855,0.6371681415929203,0.3401574803149607
0.5384026765823364,0.2317596566523605,0.6371681415929203,0.3398898505114083
0.538385808467865,0.2315112540192926,0.6371681415929203,0.33962264150943394
0.5383752584457397,0.23126338329764454,0.6371681415929203,0.3393558523173606
0.538353681564331,0.23101604278074866,0.6371681415929203,0.3390894819466248
0.5383533835411072,0.23076923076923078,0.6371681415929203,0.33882352941176475
0.5383032560348511,0.2305229455709712,0.6371681415929203,0.33855799373040757
0.5382897853851318,0.2302771855010661,0.6371681415929203,0.33829287392325763
0.5382748246192932,0.23003194888178913,0.6371681415929203,0.3380281690140845
0.5382741093635559,0.2297872340425532,0.6371681415929203,0.3377638780297107
0.5382215976715088,0.22954303931987247,0.6371681415929203,0.3375
0.5381942391395569,0.22929936305732485,0.6371681415929203,0.3372365339578454
0.5381760001182556,0.22905620360551432,0.6371681415929203,0.3369734789391576
0.5381419062614441,0.2288135593220339,0.6371681415929203,0.3367108339828527
0.5380025506019592,0.22857142857142856,0.6371681415929203,0.3364485981308411
0.5380015969276428,0.22832980972515857,0.6371681415929203,0.3361867704280156
0.537992537021637,0.22808870116156282,0.6371681415929203,0.3359253499222395
0.5379858016967773,0.22784810126582278,0.6371681415929203,0.3356643356643357
0.5379535555839539,0.22760800842992623,0.6371681415929203,0.33540372670807456
0.5378410816192627,0.22736842105263158,0.6371681415929203,0.3351435221101629
0.5378395915031433,0.22712933753943218,0.6371681415929203,0.33488372093023255
0.5378094911575317,0.226890756302521,0.6371681415929203,0.33462432223082883
0.5377269983291626,0.22746331236897274,0.640117994100295,0.33565351894818246
0.5375663042068481,0.22722513089005236,0.640117994100295,0.33539412673879443
0.5375552773475647,0.2280334728033473,0.6430678466076696,0.33667953667953665
0.5375500917434692,0.22884012539184953,0.6460176991150443,0.33796296296296297
0.5375005602836609,0.22860125260960334,0.6460176991150443,0.33770239013107173
0.5374893546104431,0.2283628779979145,0.6460176991150443,0.337442218798151
0.537408709526062,0.228125,0.6460176991150443,0.3371824480369515
0.5373677611351013,0.2278876170655567,0.6460176991150443,0.33692307692307694
0.5373563766479492,0.22765072765072766,0.6460176991150443,0.3366641045349731
0.5373278260231018,0.22741433021806853,0.6460176991150443,0.33640552995391704
0.5373143553733826,0.22717842323651452,0.6460176991150443,0.33614735226400616
0.5372577905654907,0.22694300518134716,0.6460176991150443,0.3358895705521473
0.5371866822242737,0.2277432712215321,0.6489675516224189,0.33716475095785436
0.5371624827384949,0.22750775594622544,0.6489675516224189,0.33690658499234305
0.5371423363685608,0.22727272727272727,0.6489675516224189,0.33664881407804126
0.5371323227882385,0.22703818369453044,0.6489675516224189,0.3363914373088685
0.5370873808860779,0.2268041237113402,0.6489675516224189,0.33613445378151263
0.5370662212371826,0.22657054582904224,0.6489675516224189,0.33587786259541985
0.5370505452156067,0.22633744855967078,0.6489675516224189,0.3356216628527841
0.5370401740074158,0.2261048304213772,0.6489675516224189,0.3353658536585366
0.5369536876678467,0.22587268993839835,0.6489675516224189,0.33511043412033514
0.5369426012039185,0.22564102564102564,0.6489675516224189,0.33485540334855407
0.5369299054145813,0.22540983606557377,0.6489675516224189,0.3346007604562738
0.536913275718689,0.22517911975435004,0.6489675516224189,0.33434650455927056
0.5368390083312988,0.2249488752556237,0.6489675516224189,0.33409263477600604
0.5368231534957886,0.2247191011235955,0.6489675516224189,0.33383915022761756
0.5368010997772217,0.22448979591836735,0.6489675516224189,0.3335860500379075
0.5367985367774963,0.22426095820591233,0.6489675516224189,0.3333333333333333
0.5367708802223206,0.225050916496945,0.6519174041297935,0.33459500378501134
0.5367655158042908,0.22482197355035605,0.6519174041297935,0.33434190620272314
0.5367505550384521,0.22459349593495934,0.6519174041297935,0.3340891912320484
0.5367484092712402,0.22436548223350253,0.6519174041297935,0.3338368580060423
0.5366694331169128,0.22413793103448276,0.6519174041297935,0.33358490566037735
0.5366255044937134,0.22391084093211752,0.6519174041297935,0.3333333333333333
0.5365845561027527,0.2236842105263158,0.6519174041297935,0.33308214016578747
0.5365764498710632,0.22345803842264914,0.6519174041297935,0.33283132530120485
0.5365541577339172,0.22323232323232323,0.6519174041297935,0.3325808878856283
0.5364841818809509,0.22401614530776992,0.6548672566371682,0.33383458646616543
0.5364776253700256,0.22379032258064516,0.6548672566371682,0.3335837716003005
0.536411464214325,0.22356495468277945,0.6548672566371682,0.33333333333333337
0.5363749861717224,0.22334004024144868,0.6548672566371682,0.3330832708177044
0.5361779928207397,0.22311557788944725,0.6548672566371682,0.33283358320839584
0.5360907316207886,0.22289156626506024,0.6548672566371682,0.3325842696629214
0.5360450148582458,0.2226680040120361,0.6548672566371682,0.3323353293413173
0.536044716835022,0.22244488977955912,0.6548672566371682,0.3320867614061332
0.5360209941864014,0.2222222222222222,0.6548672566371682,0.3318385650224215
0.5359109044075012,0.222,0.6548672566371682,0.33159073935772965
0.5358772277832031,0.2217782217782218,0.6548672566371682,0.3313432835820896
0.5358588099479675,0.2215568862275449,0.6548672566371682,0.33109619686800895
0.5358539819717407,0.2213359920239282,0.6548672566371682,0.330849478390462
0.5358437895774841,0.2208955223880597,0.6548672566371682,0.3303571428571429
0.535834550857544,0.220675944333996,0.6548672566371682,0.33011152416356876
0.5358132719993591,0.22045680238331677,0.6548672566371682,0.3298662704309064
0.5357872843742371,0.22123015873015872,0.6578171091445427,0.33110616184112845
0.5357822179794312,0.22101090188305253,0.6578171091445427,0.33086053412462907
0.5357671976089478,0.2207920792079208,0.6578171091445427,0.33061527057079315
0.5357640385627747,0.2205736894164194,0.6578171091445427,0.33037037037037037
0.535763680934906,0.22035573122529645,0.6578171091445427,0.33012583271650625
0.5357625484466553,0.22013820335636722,0.6578171091445427,0.32988165680473375
0.5357592701911926,0.21992110453648916,0.6578171091445427,0.3296378418329638
0.5357138514518738,0.21970443349753693,0.6578171091445427,0.3293943870014771
0.5357054471969604,0.21948818897637795,0.6578171091445427,0.3291512915129151
0.5356934666633606,0.22025565388397247,0.6607669616519174,0.3303834808259587
0.5356451272964478,0.2200392927308448,0.6607669616519174,0.33014001473839355
0.5356293320655823,0.2198233562315996,0.6607669616519174,0.32989690721649484
0.5356059074401855,0.2196078431372549,0.6607669616519174,0.329654157468727
0.5355879664421082,0.21939275220372184,0.6607669616519174,0.3294117647058824
0.5355046987533569,0.2191780821917808,0.6607669616519174,0.32916972814107276
0.5354815721511841,0.21896383186705767,0.6607669616519174,0.328928046989721
0.5354809165000916,0.21875,0.6607669616519174,0.32868672046955244
0.5354302525520325,0.21853658536585366,0.6607669616519174,0.32844574780058655
0.5354128479957581,0.21832358674463936,0.6607669616519174,0.32820512820512815
0.5354093909263611,0.2181110029211295,0.6607669616519174,0.3279648609077599
0.5354021191596985,0.2178988326848249,0.6607669616519174,0.32772494513533285
0.5353878140449524,0.21768707482993196,0.6607669616519174,0.32748538011695905
0.5353151559829712,0.2174757281553398,0.6607669616519174,0.32724616508400295
0.5352853536605835,0.21726479146459748,0.6607669616519174,0.327007299270073
0.5352720618247986,0.21705426356589147,0.6607669616519174,0.3267687819110139
0.5352568626403809,0.21684414327202323,0.6607669616519174,0.326530612244898
0.5352522730827332,0.21663442940038685,0.6607669616519174,0.3262927895120175
0.5352133512496948,0.21642512077294687,0.6607669616519174,0.32605531295487633
0.5352116823196411,0.21621621621621623,0.6607669616519174,0.32581818181818184
0.5352100133895874,0.21600771456123433,0.6607669616519174,0.3255813953488372
0.5351862907409668,0.21579961464354527,0.6607669616519174,0.32534495279593323
0.5351627469062805,0.21559191530317612,0.6607669616519174,0.3251088534107402
0.5351495146751404,0.2153846153846154,0.6607669616519174,0.32487309644670054
0.5351459383964539,0.21517771373679154,0.6607669616519174,0.3246376811594203
0.5351393818855286,0.21497120921305182,0.6607669616519174,0.3244026068066619
0.5351336002349854,0.21476510067114093,0.6607669616519174,0.32416787264833574
0.5351333022117615,0.21455938697318008,0.6607669616519174,0.32393347794649313
0.5351192355155945,0.21435406698564594,0.6607669616519174,0.3236994219653179
0.5351098775863647,0.21414913957934992,0.6607669616519174,0.3234657039711191
0.5350726842880249,0.2139446036294174,0.6607669616519174,0.3232323232323232
0.5350709557533264,0.21374045801526717,0.6607669616519174,0.32299927901946646
0.5350446701049805,0.21353670162059105,0.6607669616519174,0.3227665706051874
0.5350272059440613,0.21333333333333335,0.6607669616519174,0.32253419726421884
0.5348536372184753,0.2131303520456708,0.6607669616519174,0.32230215827338127
0.5348053574562073,0.21292775665399238,0.6607669616519174,0.3220704529115744
0.5348007678985596,0.2127255460588794,0.6607669616519174,0.3218390804597701
0.5347685813903809,0.2125237191650854,0.6607669616519174,0.321608040201005
0.5347591042518616,0.2123222748815166,0.6607669616519174,0.32137733142037306
0.5346379280090332,0.21212121212121213,0.6607669616519174,0.3211469534050179
0.5346324443817139,0.2119205298013245,0.6607669616519174,0.3209169054441261
0.5346254706382751,0.21172022684310018,0.6607669616519174,0.3206871868289191
0.5344651341438293,0.21152030217186024,0.6607669616519174,0.32045779685264664
0.5344488620758057,0.21132075471698114,0.6607669616519174,0.320228734810579
0.5344158411026001,0.2111215834118756,0.6607669616519174,0.32
0.5343747735023499,0.21092278719397364,0.6607669616519174,0.3197715917201999
0.5343666076660156,0.21072436500470368,0.6607669616519174,0.31954350927246794
0.5343427658081055,0.21052631578947367,0.6607669616519174,0.3193157519600855
0.5343273878097534,0.21032863849765257,0.6607669616519174,0.3190883190883191
0.5342988967895508,0.2101313320825516,0.6607669616519174,0.31886120996441286
0.5342968106269836,0.2099343955014058,0.6607669616519174,0.3186344238975818
0.5342956781387329,0.20973782771535582,0.6607669616519174,0.31840796019900497
0.5342382788658142,0.20954162768942938,0.6607669616519174,0.31818181818181823
0.53423011302948,0.20934579439252338,0.6607669616519174,0.3179559971611072
0.5341180562973022,0.20915032679738563,0.6607669616519174,0.3177304964539007
0.5341007709503174,0.208955223880597,0.6607669616519174,0.3175053153791637
0.5340695381164551,0.2087604846225536,0.6607669616519174,0.31728045325779036
0.5340630412101746,0.2085661080074488,0.6607669616519174,0.3170559094125973
0.5340477824211121,0.20837209302325582,0.6607669616519174,0.3168316831683169
0.5340067744255066,0.20817843866171004,0.6607669616519174,0.3166077738515901
0.5339496731758118,0.20798514391829154,0.6607669616519174,0.31638418079096037
0.5338818430900574,0.2077922077922078,0.6607669616519174,0.3161609033168666
0.533858060836792,0.20852641334569044,0.6637168141592921,0.31734837799717913
0.5338298678398132,0.20833333333333334,0.6637168141592921,0.31712473572938693
0.5337094664573669,0.20814061054579094,0.6637168141592921,0.31690140845070425
0.5337083339691162,0.20794824399260628,0.6637168141592921,0.31667839549612953
0.5336734056472778,0.2077562326869806,0.6637168141592921,0.3164556962025316
0.5336611866950989,0.20756457564575645,0.6637168141592921,0.3162333099086437
0.5335809588432312,0.2073732718894009,0.6637168141592921,0.31601123595505615
0.5335105061531067,0.20718232044198895,0.6637168141592921,0.31578947368421056
0.5334492325782776,0.20699172033118676,0.6637168141592921,0.3155680224403927
0.533434271812439,0.20680147058823528,0.6637168141592921,0.3153468815697267
0.5334072113037109,0.2066115702479339,0.6637168141592921,0.3151260504201681
0.5333489775657654,0.20733944954128442,0.6666666666666666,0.31630510846745974
0.5332576036453247,0.2071494042163153,0.6666666666666666,0.31608391608391606
0.5332551002502441,0.20695970695970695,0.6666666666666666,0.3158630328441649
0.5332520604133606,0.20768526989935956,0.6696165191740413,0.3170391061452514
0.5332006216049194,0.20749542961608775,0.6696165191740413,0.316817864619679
0.5331659317016602,0.20730593607305936,0.6696165191740413,0.31659693165969316
0.5331233143806458,0.2071167883211679,0.6696165191740413,0.31637630662020905
0.5331082344055176,0.20692798541476753,0.6696165191740413,0.31615598885793866
0.5331077575683594,0.20673952641165755,0.6696165191740413,0.31593597773138477
0.5331013202667236,0.20655141037306643,0.6696165191740413,0.3157162726008345
0.5330914855003357,0.20636363636363636,0.6696165191740413,0.31549687282835304
0.5330418944358826,0.2061762034514078,0.6696165191740413,0.3152777777777777
0.5329504013061523,0.20598911070780399,0.6696165191740413,0.315058986814712
0.5329368710517883,0.20580235720761558,0.6696165191740413,0.3148404993065187
0.5329173803329468,0.2056159420289855,0.6696165191740413,0.31462231462231466
0.5326744318008423,0.20542986425339366,0.6696165191740413,0.31440443213296404
0.5325790047645569,0.20524412296564196,0.6696165191740413,0.31418685121107265
0.5325736403465271,0.20596205962059622,0.672566371681416,0.31535269709543573
0.5325408577919006,0.20577617328519857,0.672566371681416,0.3151347615756738
0.5325080752372742,0.20559062218214608,0.672566371681416,0.3149171270718232
0.5324415564537048,0.20540540540540542,0.672566371681416,0.3146997929606625
0.5324002504348755,0.20612061206120613,0.6755162241887905,0.3158620689655172
0.5323481559753418,0.20593525179856115,0.6755162241887905,0.315644383184011
0.5323200225830078,0.20664869721473494,0.6784660766961652,0.3168044077134986
0.532243549823761,0.20646319569120286,0.6784660766961652,0.3165863730213352
0.5322129130363464,0.2062780269058296,0.6784660766961652,0.31636863823933975
0.5321835875511169,0.2060931899641577,0.6784660766961652,0.31615120274914094
0.532177209854126,0.20590868397493287,0.6784660766961652,0.315934065934066
0.5321320295333862,0.20572450805008943,0.6784660766961652,0.3157172271791352
0.532120406627655,0.20554066130473636,0.6784660766961652,0.31550068587105623
0.5321005582809448,0.20535714285714285,0.6784660766961652,0.31528444139821793
0.5320892930030823,0.20606601248884923,0.6814159292035398,0.31643835616438354
0.5320802927017212,0.20588235294117646,0.6814159292035398,0.3162217659137577
0.5320487022399902,0.20569902048085487,0.6814159292035398,0.3160054719562243
0.5320332050323486,0.20551601423487545,0.6814159292035398,0.3157894736842105
0.5319765210151672,0.20533333333333334,0.6814159292035398,0.3155737704918033
0.5319464206695557,0.20515097690941386,0.6814159292035398,0.315358361774744
0.5319341421127319,0.20496894409937888,0.6814159292035398,0.31514324693042284
0.5319294929504395,0.2047872340425532,0.6814159292035398,0.31492842535787324
0.531907856464386,0.2046058458813109,0.6814159292035398,0.31471389645776565
0.5318930745124817,0.20442477876106194,0.6814159292035398,0.314499659632403
0.5318914651870728,0.20424403183023873,0.6814159292035398,0.3142857142857143
0.531886100769043,0.2040636042402827,0.6814159292035398,0.3140720598232495
0.5318649411201477,0.20388349514563106,0.6814159292035398,0.3138586956521739
0.5318475365638733,0.2037037037037037,0.6814159292035398,0.3136456211812627
0.5318014621734619,0.20352422907488987,0.6814159292035398,0.31343283582089554
0.5316904187202454,0.20334507042253522,0.6814159292035398,0.31322033898305085
0.531654417514801,0.20298769771529,0.6814159292035398,0.3127962085308057
0.5316280126571655,0.20368744512730466,0.6843657817109144,0.31393775372124494
0.5315809845924377,0.20350877192982456,0.6843657817109144,0.3137254901960784
0.531566321849823,0.203330411919369,0.6843657817109144,0.31351351351351353
0.5315505266189575,0.2031523642732049,0.6843657817109144,0.31330182309250504
0.5315083861351013,0.20297462817147857,0.6843657817109144,0.31309041835357626
0.5314728021621704,0.20279720279720279,0.6843657817109144,0.3128792987188132
0.5314295887947083,0.20262008733624454,0.6843657817109144,0.31266846361185985
0.5313908457756042,0.2024432809773124,0.6843657817109144,0.3124579124579125
0.5313661098480225,0.2022667829119442,0.6843657817109144,0.31224764468371463
0.531343936920166,0.20209059233449478,0.6843657817109144,0.3120376597175521
0.5313352346420288,0.20191470844212359,0.6843657817109144,0.31182795698924737
0.5312900543212891,0.20173913043478262,0.6843657817109144,0.31161853593015443
0.531239926815033,0.20156385751520417,0.6843657817109144,0.31140939597315437
0.5312334299087524,0.20225694444444445,0.6873156342182891,0.312541918175721
0.5312093496322632,0.202081526452732,0.6873156342182891,0.31233243967828417
0.5311656594276428,0.2019064124783362,0.6873156342182891,0.3121232417950435
0.5311203598976135,0.20173160173160173,0.6873156342182891,0.3119143239625167
0.531118631362915,0.20155709342560554,0.6873156342182891,0.3117056856187291
0.5310816764831543,0.20138288677614521,0.6873156342182891,0.3114973262032086
0.5310575366020203,0.20120898100172713,0.6873156342182891,0.31128924515698064
0.5310196876525879,0.20103537532355478,0.6873156342182891,0.31108144192256343
0.5309738516807556,0.20086206896551725,0.6873156342182891,0.31087391594396263
0.5308957099914551,0.20068906115417742,0.6873156342182891,0.3106666666666667
0.5308799147605896,0.20051635111876076,0.6873156342182891,0.3104596935376416
0.5308456420898438,0.2003439380911436,0.6873156342182891,0.31025299600532624
0.5307809710502625,0.20017182130584193,0.6873156342182891,0.31004657351962744
0.5307702422142029,0.2,0.6873156342182891,0.30984042553191493
0.5307548642158508,0.2006861063464837,0.6902654867256637,0.31096345514950163
0.5307547450065613,0.20051413881748073,0.6902654867256637,0.31075697211155384
0.5307514071464539,0.20034246575342465,0.6902654867256637,0.31055076310550767
0.5307039022445679,0.20017108639863132,0.6902654867256637,0.31034482758620685
0.5306978225708008,0.20085470085470086,0.6932153392330384,0.31146454605699136
0.530602216720581,0.20068317677198974,0.6932153392330384,0.31125827814569534
0.5305606126785278,0.20051194539249148,0.6932153392330384,0.3110522832561218
0.5304401516914368,0.20034100596760443,0.6932153392330384,0.3108465608465608
0.5303583741188049,0.20017035775127767,0.6932153392330384,0.3106411103767349
0.5302385687828064,0.20085106382978724,0.696165191740413,0.3117569352708058
0.5302222371101379,0.20068027210884354,0.696165191740413,0.31155115511551157
0.5302014946937561,0.20050977060322855,0.696165191740413,0.3113456464379947
0.5301613211631775,0.200339558573854,0.696165191740413,0.3111404087013843
0.5301607847213745,0.2001696352841391,0.696165191740413,0.310935441370224
0.5301501154899597,0.2,0.696165191740413,0.31073074391046746
0.5300160646438599,0.19983065198983913,0.696165191740413,0.31052631578947365
0.5299718976020813,0.1996615905245347,0.696165191740413,0.31032215647600264
0.5298910140991211,0.19949281487743026,0.696165191740413,0.31011826544021026
0.5298119783401489,0.19932432432432431,0.696165191740413,0.3099146421536441
0.5296920537948608,0.2,0.6991150442477876,0.31102362204724415
0.5296895503997803,0.19983136593591905,0.6991150442477876,0.3108196721311476
0.5296667218208313,0.1996630160067397,0.6991150442477876,0.31061598951507213
0.5296449661254883,0.1994949494949495,0.6991150442477876,0.3104125736738704
0.5294797420501709,0.19932716568544995,0.6991150442477876,0.3102094240837696
0.5294761061668396,0.2,0.7020648967551623,0.31131458469587964
0.529473066329956,0.1998320738874895,0.7020648967551623,0.3111111111111111
0.5294460654258728,0.19966442953020133,0.7020648967551623,0.3109079033311561
0.5293924808502197,0.20033528918692373,0.7050147492625368,0.3120104438642297
0.5293349027633667,0.20016750418760468,0.7050147492625368,0.3118069145466406
0.5291939973831177,0.2,0.7050147492625368,0.3116036505867014
0.5291405916213989,0.19983277591973245,0.7050147492625368,0.31140065146579804
0.5291191339492798,0.1996658312447786,0.7050147492625368,0.31119791666666663
0.5289852619171143,0.1994991652754591,0.7050147492625368,0.31099544567338977
0.5289750695228577,0.1993327773144287,0.7050147492625368,0.3107932379713914
0.5289526581764221,0.19916666666666666,0.7050147492625368,0.31059129304743344
0.5289358496665955,0.1990008326394671,0.7050147492625368,0.3103896103896104
0.5288820862770081,0.19883527454242927,0.7050147492625368,0.3101881894873459
0.5288063287734985,0.19866999168744803,0.7050147492625368,0.30998702983138776
0.5287514925003052,0.19850498338870431,0.7050147492625368,0.30978613091380425
0.5286721587181091,0.1983402489626556,0.7050147492625368,0.30958549222797926
0.5286630988121033,0.19817578772802655,0.7050147492625368,0.3093851132686084
0.528648316860199,0.1980115990057995,0.7050147492625368,0.3091849935316947
0.5286164879798889,0.1978476821192053,0.7050147492625368,0.3089851325145443
0.5285274386405945,0.19768403639371382,0.7050147492625368,0.3087855297157623
0.5284305214881897,0.1975206611570248,0.7050147492625368,0.30858618463524856
0.5284194350242615,0.19735755573905864,0.7050147492625368,0.3083870967741935
0.5283592939376831,0.1971947194719472,0.7050147492625368,0.3081882656350741
0.5282798409461975,0.19703215169002472,0.7050147492625368,0.3079896907216495
0.5282309651374817,0.19686985172981877,0.7050147492625368,0.30779137153895686
0.5282182693481445,0.19670781893004116,0.7050147492625368,0.30759330759330755
0.528213620185852,0.19654605263157895,0.7050147492625368,0.307395498392283
0.5281970500946045,0.19638455217748563,0.7050147492625368,0.30719794344473006
0.5281951427459717,0.1962233169129721,0.7050147492625368,0.30700064226075785
0.5281878709793091,0.19606234618539786,0.7050147492625368,0.306803594351733
0.5281529426574707,0.1959016393442623,0.7050147492625368,0.3066067992302758
0.5281344056129456,0.19574119574119575,0.7050147492625368,0.30641025641025643
0.5281331539154053,0.1955810147299509,0.7050147492625368,0.3062139654067905
0.5280745029449463,0.19542109566639412,0.7050147492625368,0.30601792573623565
0.5279698371887207,0.19607843137254902,0.7079646017699115,0.3071017274472169
0.5279166102409363,0.19673469387755102,0.7109144542772862,0.3081841432225064
0.5279051661491394,0.1965742251223491,0.7109144542772862,0.3079872204472843
0.5278876423835754,0.19641401792991034,0.7109144542772862,0.3077905491698595
0.5278589725494385,0.1962540716612378,0.7109144542772862,0.3075941289087428
0.5278578996658325,0.19609438567941415,0.7109144542772862,0.30739795918367346
0.5278050303459167,0.19593495934959348,0.7109144542772862,0.30720203951561503
0.527745246887207,0.1957757920389927,0.7109144542772862,0.3070063694267516
0.5277288556098938,0.1956168831168831,0.7109144542772862,0.3068109484404838
0.5276122689247131,0.1954582319545823,0.7109144542772862,0.30661577608142493
0.5275163054466248,0.1952998379254457,0.7109144542772862,0.3064208518753973
0.5274856090545654,0.1951417004048583,0.7109144542772862,0.3062261753494282
0.527474045753479,0.19498381877022652,0.7109144542772862,0.30603174603174604
0.5273645520210266,0.1948261924009701,0.7109144542772862,0.30583756345177665
0.5273325443267822,0.19466882067851374,0.7109144542772862,0.3056436271401395
0.52726149559021,0.19451170298627926,0.7109144542772862,0.30544993662864384
0.5272526741027832,0.19435483870967743,0.7109144542772862,0.305256491450285
0.5272113680839539,0.19419822723609992,0.7109144542772862,0.3050632911392405
0.5271481275558472,0.19404186795491143,0.7109144542772862,0.30487033523086654
0.5271275043487549,0.19388576025744167,0.7109144542772862,0.3046776232616941
0.527055025100708,0.1937299035369775,0.7109144542772862,0.30448515476942517
0.5270446538925171,0.19357429718875502,0.7109144542772862,0.30429292929292934
0.5270358324050903,0.19341894060995185,0.7109144542772862,0.3041009463722397
0.5270148515701294,0.19326383319967924,0.7109144542772862,0.30390920554854983
0.5268993377685547,0.19310897435897437,0.7109144542772862,0.30371770636420925
0.5268913507461548,0.19295436349079265,0.7109144542772862,0.3035264483627204
0.5268862247467041,0.1936,0.7138643067846607,0.30459408432976715
0.526885986328125,0.19344524380495604,0.7138643067846607,0.30440251572327043
0.5268541574478149,0.19329073482428116,0.7138643067846607,0.30421118793211815
0.5267781615257263,0.1931364724660814,0.7138643067846607,0.30402010050251255
0.5267146229743958,0.19298245614035087,0.7138643067846607,0.3038292529817953
0.526663064956665,0.19282868525896416,0.7138643067846607,0.3036386449184442
0.526596188545227,0.1926751592356688,0.7138643067846607,0.30344827586206896
0.5265429615974426,0.19252187748607796,0.7138643067846607,0.3032581453634085
0.5265349745750427,0.19236883942766295,0.7138643067846607,0.3030682529743268
0.5265006422996521,0.19221604447974583,0.7138643067846607,0.30287859824780977
0.5264867544174194,0.19206349206349208,0.7138643067846607,0.30268918073796125
0.5264106392860413,0.19191118160190326,0.7138643067846607,0.3025
0.5263188481330872,0.19175911251980982,0.7138643067846607,0.3023110555902561
0.526233971118927,0.1916072842438638,0.7138643067846607,0.3021223470661673
0.5261860489845276,0.19145569620253164,0.7138643067846607,0.3019338739862757
0.526091456413269,0.19130434782608696,0.7138643067846607,0.30174563591022446
0.52601557970047,0.1911532385466035,0.7138643067846607,0.3015576323987539
0.5258103013038635,0.1910023677979479,0.7138643067846607,0.30136986301369867
0.5257861018180847,0.19085173501577288,0.7138643067846607,0.3011823273179838
0.5257847905158997,0.19070133963750985,0.7138643067846607,0.3009950248756219
0.5256838798522949,0.19133858267716536,0.7168141592920354,0.30205096333126163
0.5256084203720093,0.1911880409126672,0.7168141592920354,0.3018633540372671
0.52556973695755,0.1918238993710692,0.7197640117994101,0.3029174425822471
0.5255422592163086,0.19167321288295366,0.7197640117994101,0.3027295285359801
0.5255184173583984,0.19152276295133439,0.7197640117994101,0.30254184748915064
0.5254312753677368,0.19137254901960785,0.7197640117994101,0.3023543990086741
0.5254020094871521,0.19122257053291536,0.7197640117994101,0.3021671826625387
0.5253363847732544,0.19107282693813626,0.7197640117994101,0.30198019801980197
0.5252744555473328,0.19092331768388107,0.7197640117994101,0.3017934446505875
0.5252348780632019,0.19077404222048475,0.7197640117994101,0.30160692212608153
0.5251855254173279,0.19140625,0.7227138643067846,0.30265596046942556
0.525099515914917,0.1912568306010929,0.7227138643067846,0.3024691358024691
0.5250914096832275,0.19110764430577223,0.7227138643067846,0.3022825416409624
0.5250474810600281,0.19095869056897896,0.7227138643067846,0.30209617755856966
0.5250272750854492,0.19080996884735202,0.7227138643067846,0.3019100431300062
0.524890124797821,0.19066147859922178,0.7227138643067846,0.3017241379310345
0.5248265266418457,0.1905132192846034,0.7227138643067846,0.3015384615384615
0.5247548222541809,0.19036519036519037,0.7227138643067846,0.30135301353013527
0.5247503519058228,0.19021739130434784,0.7227138643067846,0.30116779348494166
0.524693489074707,0.19006982156710628,0.7227138643067846,0.300982800982801
0.5246455669403076,0.18992248062015504,0.7227138643067846,0.30079803560466545
0.5245766639709473,0.18977536793183578,0.7227138643067846,0.3006134969325153
0.5245504975318909,0.19040247678018576,0.7256637168141593,0.3016554261189454
0.5245041251182556,0.1902552204176334,0.7256637168141593,0.3014705882352941
0.5244821906089783,0.19088098918083463,0.7286135693215339,0.3025107164727496
0.5244613885879517,0.19073359073359072,0.7286135693215339,0.3023255813953488
0.5244225859642029,0.19058641975308643,0.7286135693215339,0.30214067278287465
0.524401068687439,0.19043947571318426,0.7286135693215339,0.30195599022004893
0.5242590308189392,0.19029275808936827,0.7286135693215339,0.3017715332926084
0.5242092609405518,0.1901462663587375,0.7286135693215339,0.30158730158730157
0.524061381816864,0.19,0.7286135693215339,0.30140329469188526
0.5240404605865479,0.18985395849346656,0.7286135693215339,0.30121951219512194
0.5240338444709778,0.18970814132104455,0.7286135693215339,0.3010359536867763
0.5240108370780945,0.18956254796623176,0.7286135693215339,0.3008526187576126
0.5239852070808411,0.18941717791411042,0.7286135693215339,0.3006695069993913
0.5239757895469666,0.189272030651341,0.7286135693215339,0.30048661800486615
0.5239752531051636,0.1891271056661562,0.7286135693215339,0.30030395136778115
0.5239650011062622,0.188982402448355,0.7286135693215339,0.3001215066828675
0.5239266753196716,0.18883792048929662,0.7286135693215339,0.2999392835458409
0.5238084197044373,0.18869365928189458,0.7286135693215339,0.29975728155339804
0.5237762331962585,0.18854961832061068,0.7286135693215339,0.29957550030321406
0.5237644910812378,0.18840579710144928,0.7286135693215339,0.2993939393939394
0.5237395167350769,0.18826219512195122,0.7286135693215339,0.2992125984251969
0.5236545205116272,0.18811881188118812,0.7286135693215339,0.2990314769975787
0.5236533880233765,0.18797564687975646,0.7286135693215339,0.29885057471264365
0.523644208908081,0.18783269961977186,0.7286135693215339,0.29866989117291415
0.5236281156539917,0.18768996960486323,0.7286135693215339,0.2984894259818731
0.5236231088638306,0.18754745634016703,0.7286135693215339,0.2983091787439613
0.523621141910553,0.18740515933232169,0.7286135693215339,0.2981291490645745
0.5236048698425293,0.18726307808946172,0.7286135693215339,0.2979493365500603
0.5236021876335144,0.18712121212121213,0.7286135693215339,0.2977697408077155
0.5235624313354492,0.18697956093868282,0.7286135693215339,0.2975903614457831
0.5235444903373718,0.18683812405446293,0.7286135693215339,0.2974111980734497
0.5235301852226257,0.1874527588813303,0.7315634218289085,0.29843561973525873
0.5235069990158081,0.18731117824773413,0.7315634218289085,0.29825616355983164
0.5234904885292053,0.18716981132075472,0.7315634218289085,0.2980769230769231
0.5234481692314148,0.1870286576168929,0.7315634218289085,0.2978978978978979
0.523431122303009,0.186887716654107,0.7315634218289085,0.297719087635054
0.5234223008155823,0.18674698795180722,0.7315634218289085,0.2975404919016197
0.5234106779098511,0.18660647103085026,0.7315634218289085,0.29736211031175064
0.5234078168869019,0.18646616541353384,0.7315634218289085,0.29718394248052726
0.5233744382858276,0.18632607062359127,0.7315634218289085,0.29700598802395206
0.523322582244873,0.18618618618618618,0.7315634218289085,0.2968282465589467
0.5232521295547485,0.18604651162790697,0.7315634218289085,0.2966507177033493
0.5232512950897217,0.18590704647676162,0.7315634218289085,0.2964734010759116
0.5232000350952148,0.18576779026217227,0.7315634218289085,0.2962962962962962
0.5231335759162903,0.18562874251497005,0.7315634218289085,0.2961194029850746
0.5230919122695923,0.1854899027673897,0.7315634218289085,0.2959427207637232
0.5230872631072998,0.18535127055306427,0.7315634218289085,0.2957662492546213
0.5230788588523865,0.18521284540702015,0.7315634218289085,0.29558998808104886
0.5230579972267151,0.18507462686567164,0.7315634218289085,0.29541393686718287
0.5230127573013306,0.1849366144668158,0.7315634218289085,0.29523809523809524
0.5229763984680176,0.18479880774962743,0.7315634218289085,0.2950624628197501
0.5229626893997192,0.18466120625465376,0.7315634218289085,0.29488703923900117
0.5229452848434448,0.18452380952380953,0.7315634218289085,0.2947118241235889
0.5228953957557678,0.18438661710037174,0.7315634218289085,0.29453681710213775
0.5228474140167236,0.18424962852897475,0.7315634218289085,0.29436201780415433
0.5227922201156616,0.18411284335560504,0.7315634218289085,0.2941874258600237
0.5226929187774658,0.18397626112759644,0.7315634218289085,0.29401304090100766
0.5226553082466125,0.18458117123795403,0.7345132743362832,0.2950236966824645
0.5226342678070068,0.18444444444444444,0.7345132743362832,0.2948490230905862
0.5226268768310547,0.1843079200592154,0.7345132743362832,0.29467455621301775
0.5226039290428162,0.1841715976331361,0.7345132743362832,0.2945002956830278
0.5226019620895386,0.18403547671840353,0.7345132743362832,0.2943262411347517
0.5225100517272949,0.18463810930576072,0.7374631268436578,0.29533372711163614
0.5225096344947815,0.18450184501845018,0.7374631268436578,0.29515938606847697
0.5224543809890747,0.18436578171091444,0.7374631268436578,0.2949852507374631
0.522435188293457,0.18422991893883567,0.7374631268436578,0.294811320754717
0.5224224328994751,0.18409425625920472,0.7374631268436578,0.29463759575721865
0.5224065780639648,0.18395879323031641,0.7374631268436578,0.29446407538280334
0.5223708152770996,0.18382352941176472,0.7374631268436578,0.2942907592701589
0.5222671627998352,0.18368846436443792,0.7374631268436578,0.29411764705882354
0.5222530961036682,0.18355359765051396,0.7374631268436578,0.29394473838918284
0.5222126841545105,0.18341892883345562,0.7374631268436578,0.29377203290246773
0.5221918821334839,0.18328445747800587,0.7374631268436578,0.2935995302407516
0.5221266150474548,0.18315018315018314,0.7374631268436578,0.2934272300469484
0.5220523476600647,0.18301610541727673,0.7374631268436578,0.29325513196480935
0.5220378637313843,0.1827485380116959,0.7374631268436578,0.29291154071470415
0.5220248699188232,0.18261504747991233,0.7374631268436578,0.2927400468384075
0.5219680666923523,0.18321167883211678,0.7404129793510325,0.29373902867173785
0.5219582319259644,0.18307804522246535,0.7404129793510325,0.2935672514619883
0.5219355821609497,0.18294460641399418,0.7404129793510325,0.29339567504383396
0.5218552947044373,0.18281136198106337,0.7404129793510325,0.2932242990654206
0.5218304395675659,0.18340611353711792,0.7433628318584071,0.2942206654991244
0.5217888951301575,0.18327272727272728,0.7433628318584071,0.29404900816802804
0.5217784643173218,0.18313953488372092,0.7433628318584071,0.2938775510204082
0.5217347145080566,0.18373275236020334,0.7463126843657817,0.2948717948717948
0.5215522646903992,0.18359941944847605,0.7463126843657817,0.2947000582411182
0.5215379595756531,0.18346627991298042,0.7463126843657817,0.29452852153667053
0.5215337872505188,0.18405797101449275,0.7492625368731564,0.29552065154159396
0.52150958776474,0.18510484454085321,0.7551622418879056,0.29732868757259
0.5214770436286926,0.18497109826589594,0.7551622418879056,0.29715612304120714
0.521443247795105,0.1855595667870036,0.7581120943952803,0.29814385150812067
0.5213953852653503,0.18542568542568544,0.7581120943952803,0.2979710144927537
0.5213912129402161,0.18529199711607786,0.7581120943952803,0.29779837775202783
0.5213736891746521,0.1851585014409222,0.7581120943952803,0.29762594093804284
0.5213345289230347,0.18502519798416125,0.7581120943952803,0.29745370370370366
0.5213257670402527,0.18489208633093526,0.7581120943952803,0.29728166570271836
0.5212180018424988,0.18475916606757728,0.7581120943952803,0.2971098265895954
0.521138608455658,0.1846264367816092,0.7581120943952803,0.29693818601964184
0.5210445523262024,0.18449389806173727,0.7581120943952803,0.2967667436489607
0.521019697189331,0.18436154949784792,0.7581120943952803,0.29659549913444894
0.5210155844688416,0.18422939068100358,0.7581120943952803,0.29642445213379465
0.5209296345710754,0.1840974212034384,0.7581120943952803,0.2962536023054755
0.5208747386932373,0.18396564065855406,0.7581120943952803,0.2960829493087558
0.520813524723053,0.1838340486409156,0.7581120943952803,0.29591249280368453
0.5208011269569397,0.1837026447462473,0.7581120943952803,0.2957422324510932
0.5207716822624207,0.18357142857142858,0.7581120943952803,0.29557216791259344
0.5207650661468506,0.18344039971448964,0.7581120943952803,0.2954022988505747
0.5207523107528687,0.1833095577746077,0.7581120943952803,0.2952326249282022
0.5207410454750061,0.18317890235210263,0.7581120943952803,0.29506314580941445
0.5207393169403076,0.18304843304843305,0.7581120943952803,0.29489386115892136
0.5207328200340271,0.18291814946619217,0.7581120943952803,0.29472477064220187
0.5207151174545288,0.18278805120910385,0.7581120943952803,0.2945558739255014
0.5206957459449768,0.18265813788201848,0.7581120943952803,0.2943871706758305
0.5206298828125,0.1825284090909091,0.7581120943952803,0.29421866056096163
0.520595133304596,0.1823988644428673,0.7581120943952803,0.2940503432494279
0.5205850005149841,0.1822695035460993,0.7581120943952803,0.2938822184105203
0.5205835103988647,0.18284904323175052,0.7610619469026548,0.2948571428571429
0.5205391645431519,0.18271954674220964,0.7610619469026548,0.2946887492861222
0.5205290913581848,0.18259023354564755,0.7610619469026548,0.29452054794520544
0.5205164551734924,0.18246110325318246,0.7610619469026548,0.29435253850541926
0.5204530358314514,0.1823321554770318,0.7610619469026548,0.2941847206385405
0.520404040813446,0.18220338983050846,0.7610619469026548,0.29401709401709397
0.5203972458839417,0.18207480592801695,0.7610619469026548,0.29384965831435084
0.5203922390937805,0.18194640338504936,0.7610619469026548,0.29368241320432553
0.5202981233596802,0.18181818181818182,0.7610619469026548,0.2935153583617748
0.5202555656433105,0.18169014084507043,0.7610619469026548,0.29334849346219444
0.5202454328536987,0.18156228008444758,0.7610619469026548,0.2931818181818182
0.5202232599258423,0.18143459915611815,0.7610619469026548,0.293015332197615
0.5202006697654724,0.18130709768095574,0.7610619469026548,0.29284903518728717
0.5201240181922913,0.18117977528089887,0.7610619469026548,0.2926829268292683
0.5200445055961609,0.18105263157894738,0.7610619469026548,0.2925170068027211
0.5200393795967102,0.18092566619915848,0.7610619469026548,0.29235127478753536
0.520031750202179,0.18149964961457604,0.7640117994100295,0.29331823329558326
0.5200127959251404,0.18137254901960784,0.7640117994100295,0.29315223542727786
0.5200002193450928,0.18124562631210636,0.7640117994100295,0.2929864253393665
0.5199947357177734,0.1811188811188811,0.7640117994100295,0.2928208027133974
0.5199854373931885,0.18099231306778477,0.7640117994100295,0.2926553672316384
0.5199730396270752,0.1808659217877095,0.7640117994100295,0.2924901185770751
0.5199630856513977,0.1807397069085834,0.7640117994100295,0.2923250564334086
0.5198734998703003,0.1806136680613668,0.7640117994100295,0.29216018048505354
0.5198543667793274,0.18048780487804877,0.7640117994100295,0.2919954904171364
0.5197900533676147,0.18036211699164345,0.7640117994100295,0.291830985915493
0.5197087526321411,0.1802366040361865,0.7640117994100295,0.2916666666666667
0.5196924209594727,0.18011126564673158,0.7640117994100295,0.2915025323579066
0.5196275115013123,0.17998610145934676,0.7640117994100295,0.29133858267716534
0.5196011662483215,0.1798611111111111,0.7640117994100295,0.2911748173130972
0.5195412039756775,0.17973629424011103,0.7640117994100295,0.2910112359550562
0.5195322632789612,0.1796116504854369,0.7640117994100295,0.29084783829309374
0.5195165276527405,0.1794871794871795,0.7640117994100295,0.29068462401795736
0.5194826722145081,0.1793628808864266,0.7640117994100295,0.2905215928210881
0.5194039940834045,0.17923875432525951,0.7640117994100295,0.29035874439461884
0.5193336009979248,0.17911479944674966,0.7640117994100295,0.2901960784313725
0.5193301439285278,0.17899101589495509,0.7640117994100295,0.29003359462486006
0.5193172693252563,0.17886740331491713,0.7640117994100295,0.2898712926692781
0.5193172097206116,0.178743961352657,0.7640117994100295,0.28970917225950776
0.5193025469779968,0.17862068965517242,0.7640117994100295,0.28954723309111235
0.5192654728889465,0.17849758787043418,0.7640117994100295,0.28938547486033517
0.5192644000053406,0.17837465564738292,0.7640117994100295,0.28922389726409825
0.5192437171936035,0.17825189263592567,0.7640117994100295,0.2890625
0.5192258954048157,0.1781292984869326,0.7640117994100295,0.28890128276631344
0.5191333293914795,0.17800687285223368,0.7640117994100295,0.2887402452619844
0.5191072821617126,0.1778846153846154,0.7640117994100295,0.28857938718662957
0.5190402269363403,0.17776252573781742,0.7640117994100295,0.2884187082405345
0.5189833045005798,0.1776406035665295,0.7640117994100295,0.2882582081246522
0.518963098526001,0.17751884852638794,0.7640117994100295,0.2880978865406007
0.518744945526123,0.1773972602739726,0.7640117994100295,0.28793774319066145
0.518737256526947,0.17727583846680356,0.7640117994100295,0.28777777777777774
0.5186939239501953,0.1771545827633379,0.7640117994100295,0.2876179900055525
0.5186574459075928,0.17703349282296652,0.7640117994100295,0.2874583795782464
0.5186554789543152,0.17691256830601093,0.7640117994100295,0.2872989462007765
0.5186402201652527,0.17679180887372015,0.7640117994100295,0.28713968957871394
0.518591582775116,0.1766712141882674,0.7640117994100295,0.2869806094182826
0.5185673832893372,0.17655078391274712,0.7640117994100295,0.2868217054263566
0.5184919834136963,0.17643051771117166,0.7640117994100295,0.2866629773104593
0.5184743404388428,0.17699115044247787,0.7669616519174042,0.28761061946902655
0.518462598323822,0.17687074829931973,0.7669616519174042,0.2874516307352128
0.51836758852005,0.17675050985723997,0.7669616519174042,0.28729281767955805
0.5183565020561218,0.1766304347826087,0.7669616519174042,0.2871341800110436
0.5182879567146301,0.17718940936863545,0.7699115044247787,0.28807947019867547
0.5182717442512512,0.17706919945725916,0.7699115044247787,0.28792057363485934
0.5182687640190125,0.1769491525423729,0.7699115044247787,0.28776185226019846
0.518260657787323,0.17682926829268292,0.7699115044247787,0.28760330578512394
0.5182291269302368,0.17670954637779282,0.7699115044247787,0.28744493392070486
0.5182279348373413,0.17658998646820026,0.7699115044247787,0.2872867363786461
0.5182071328163147,0.17647058823529413,0.7699115044247787,0.28712871287128716
0.5181882381439209,0.17635135135135135,0.7699115044247787,0.2869708631115998
0.5181480050086975,0.1762322754895341,0.7699115044247787,0.2868131868131868
0.5181468725204468,0.17611336032388664,0.7699115044247787,0.2866556836902801
0.5181149244308472,0.17599460552933244,0.7699115044247787,0.2864983534577387
0.5180936455726624,0.17587601078167117,0.7699115044247787,0.2863411958310478
0.5180825591087341,0.17575757575757575,0.7699115044247787,0.28618421052631576
0.5180783867835999,0.1756393001345895,0.7699115044247787,0.28602739726027393
0.5180386304855347,0.17552118359112306,0.7699115044247787,0.2858707557502738
0.5180143117904663,0.17540322580645162,0.7699115044247787,0.2857142857142857
0.5180056691169739,0.17528542646071188,0.7699115044247787,0.2855579868708972
0.5179920792579651,0.17516778523489934,0.7699115044247787,0.28540185893931114
0.5179585814476013,0.1750503018108652,0.7699115044247787,0.28524590163934427
0.5179557800292969,0.17560321715817695,0.7728613569321534,0.28618241398143096
0.5179410576820374,0.17548559946416611,0.7728613569321534,0.28602620087336245
0.5179374814033508,0.1753681392235609,0.7728613569321534,0.28587015821058376
0.517909824848175,0.17525083612040135,0.7728613569321534,0.2857142857142857
0.517856776714325,0.1751336898395722,0.7728613569321534,0.285558583106267
0.5178338885307312,0.17501670006680026,0.7728613569321534,0.28540305010893247
0.5178181529045105,0.17489986648865152,0.7728613569321534,0.2852476864452912
0.5178176760673523,0.17478318879252835,0.7728613569321534,0.28509249183895535
0.5178092122077942,0.17466666666666666,0.7728613569321534,0.2849374660141381
0.517808735370636,0.17455029980013326,0.7728613569321534,0.2847826086956522
0.5178028345108032,0.1744340878828229,0.7728613569321534,0.2846279196089082
0.5177983045578003,0.17431803060545575,0.7728613569321534,0.28447339847991315
0.5177792310714722,0.17420212765957446,0.7728613569321534,0.28431904503526856
0.5177425742149353,0.17408637873754154,0.7728613569321534,0.2841648590021692
0.5177387595176697,0.17397078353253653,0.7728613569321534,0.2840108401084011
0.5176808834075928,0.1738553417385534,0.7728613569321534,0.2838569880823402
0.5176662802696228,0.17374005305039789,0.7728613569321534,0.2837033026529508
0.5175976753234863,0.17362491716368456,0.7728613569321534,0.28354978354978355
0.5175976157188416,0.17350993377483442,0.7728613569321534,0.28339643050297453
0.5175714492797852,0.17339510258107213,0.7728613569321534,0.2832432432432432
0.5175445079803467,0.17328042328042328,0.7728613569321534,0.2830902215018909
0.5175350904464722,0.17316589557171183,0.7728613569321534,0.28293736501079914
0.5175118446350098,0.17305151915455746,0.7728613569321534,0.28278467350242853
0.5175002813339233,0.17293729372937294,0.7728613569321534,0.2826321467098166
0.5174499750137329,0.17282321899736147,0.7728613569321534,0.2824797843665768
0.5174322724342346,0.17270929466051418,0.7728613569321534,0.2823275862068966
0.517420768737793,0.1725955204216074,0.7728613569321534,0.28217555196553584
0.5174171328544617,0.17248189598420013,0.7728613569321534,0.2820236813778256
0.5173327922821045,0.1723684210526316,0.7728613569321534,0.28187197417966653
0.5172853469848633,0.1722550953320184,0.7728613569321534,0.2817204301075269
0.5172786116600037,0.1721419185282523,0.7728613569321534,0.2815690488984417
0.5172561407089233,0.17202889034799737,0.7728613569321534,0.2814178302900108
0.517244815826416,0.17191601049868765,0.7728613569321534,0.28126677402039724
0.5172433257102966,0.1718032786885246,0.7728613569321534,0.2811158798283262
0.5172178149223328,0.17169069462647443,0.7728613569321534,0.2809651474530831
0.517119824886322,0.17157825802226587,0.7728613569321534,0.28081457663451226
0.5170971155166626,0.17146596858638743,0.7728613569321534,0.28066416711301556
0.5170860290527344,0.17200784826684107,0.775811209439528,0.2815845824411135
0.5170795917510986,0.1718954248366013,0.775811209439528,0.2814339218833601
0.5170674920082092,0.17178314826910515,0.775811209439528,0.281283422459893
0.5170649886131287,0.1716710182767624,0.775811209439528,0.2811330839123463
0.5170459747314453,0.1715590345727332,0.775811209439528,0.280982905982906
0.5169549584388733,0.17209908735332463,0.7787610619469026,0.28190069407367857
0.5169332027435303,0.1719869706840391,0.7787610619469026,0.2817502668089648
0.5169212222099304,0.171875,0.7787610619469026,0.28159999999999996
0.5168825387954712,0.17176317501626545,0.7787610619469026,0.2814498933901919
0.5168557167053223,0.1716514954486346,0.7787610619469026,0.28129994672349495
0.5168541669845581,0.17153996101364521,0.7787610619469026,0.28115015974440893
0.5168315172195435,0.17142857142857143,0.7787610619469026,0.28100053219797766
0.5167484283447266,0.17131732641142117,0.7787610619469026,0.28085106382978725
0.5166749358177185,0.17120622568093385,0.7787610619469026,0.2807017543859649
0.5165410041809082,0.1710952689565781,0.7787610619469026,0.28055260361317746
0.5164330005645752,0.17098445595854922,0.7787610619469026,0.28040361125862984
0.5163940191268921,0.170873786407767,0.7787610619469026,0.2802547770700637
0.5163111686706543,0.17076326002587322,0.7787610619469026,0.280106100795756
0.5162167549133301,0.17065287653522948,0.7787610619469026,0.2799575821845175
0.5161593556404114,0.17054263565891473,0.7787610619469026,0.2798092209856916
0.516112744808197,0.17043253712072304,0.7787610619469026,0.2796610169491526
0.5160539150238037,0.1703225806451613,0.7787610619469026,0.2795129698253044
0.5159850716590881,0.1702127659574468,0.7787610619469026,0.27936507936507937
0.5159173011779785,0.17010309278350516,0.7787610619469026,0.2792173453199366
0.515915036201477,0.1699935608499678,0.7787610619469026,0.27906976744186046
0.5158571600914001,0.16988416988416988,0.7787610619469026,0.27892234548335976
0.5158392786979675,0.16977491961414792,0.7787610619469026,0.2787750791974657
0.515830397605896,0.16955684007707128,0.7787610619469026,0.27848101265822783
0.5157323479652405,0.16944801026957637,0.7787610619469026,0.2783342119135477
0.5156770944595337,0.16933932007697242,0.7787610619469026,0.2781875658587988
0.515670895576477,0.16923076923076924,0.7787610619469026,0.2780410742496051
0.5156479477882385,0.16912235746316465,0.7787610619469026,0.27789473684210525
0.5156159996986389,0.16965428937259924,0.7817109144542773,0.2788006312467123
0.5156128406524658,0.1695457453614843,0.7817109144542773,0.2786540483701367
0.5155953764915466,0.1694373401534527,0.7817109144542773,0.27850761954808195
0.5155631303787231,0.16932907348242812,0.7817109144542773,0.27836134453781514
0.5155127048492432,0.16922094508301405,0.7817109144542773,0.2782152230971129
0.5154446959495544,0.1691129546904914,0.7817109144542773,0.2780692549842603
0.5154317021369934,0.1690051020408163,0.7817109144542773,0.2779234399580493
0.5154300928115845,0.16889738687061823,0.7817109144542773,0.2777777777777778
0.5153211355209351,0.16878980891719744,0.7817109144542773,0.27763226820324777
0.5153036117553711,0.16868236791852323,0.7817109144542773,0.27748691099476436
0.5152984857559204,0.16857506361323155,0.7817109144542773,0.2773417059131345
0.5152624249458313,0.168467895740623,0.7817109144542773,0.2771966527196653
0.5152112245559692,0.16836086404066072,0.7817109144542773,0.27705175117616304
0.5151430368423462,0.16825396825396827,0.7817109144542773,0.2769070010449321
0.5151305794715881,0.1681472081218274,0.7817109144542773,0.27676240208877284
0.5151198506355286,0.16804058338617628,0.7817109144542773,0.2766179540709812
0.5150004029273987,0.1679340937896071,0.7817109144542773,0.2764736567553469
0.5149682760238647,0.16782773907536416,0.7817109144542773,0.27632950990615224
0.5149547457695007,0.16772151898734178,0.7817109144542773,0.2761855132881709
0.5149521231651306,0.16761543327008221,0.7817109144542773,0.27604166666666663
0.5148976445198059,0.1675094816687737,0.7817109144542773,0.27589796980739195
0.5148506760597229,0.16740366392924827,0.7817109144542773,0.27575442247658694
0.5148425698280334,0.1672979797979798,0.7817109144542773,0.2756110244409777
0.5148377418518066,0.167192429022082,0.7817109144542773,0.27546777546777546
0.5147303938865662,0.16708701134930642,0.7817109144542773,0.2753246753246753
0.5146996378898621,0.16698172652804033,0.7817109144542773,0.2751817237798546
0.5146514773368835,0.1668765743073048,0.7817109144542773,0.27503892060197194
0.5146156549453735,0.16677155443675268,0.7817109144542773,0.27489626556016594
0.5145715475082397,0.16666666666666666,0.7817109144542773,0.27475375842405386
0.514542281627655,0.16656191074795726,0.7817109144542773,0.27461139896373055
0.5145270228385925,0.16645728643216082,0.7817109144542773,0.27446918694976696
0.5145096182823181,0.1669805398618958,0.7846607669616519,0.2753623188405797
0.514468252658844,0.1668757841907152,0.7846607669616519,0.27521986549405075
0.5144155025482178,0.16677115987460814,0.7846607669616519,0.2750775594622544
0.5143619775772095,0.16666666666666666,0.7846607669616519,0.2749354005167958
0.5143317580223083,0.16656230432060112,0.7846607669616519,0.27479338842975204
0.5143044590950012,0.16635397123202,0.7846607669616519,0.2745098039215686
0.5142650008201599,0.16625,0.7846607669616519,0.27436823104693137
0.5141806602478027,0.16614615865084323,0.7846607669616519,0.2742268041237113
0.5140699148178101,0.16604244694132334,0.7846607669616519,0.27408552292632665
0.5140694379806519,0.16593886462882096,0.7846607669616519,0.27394438722966014
0.5140414834022522,0.1658354114713217,0.7846607669616519,0.2738033968090582
0.5140413641929626,0.16573208722741434,0.7846607669616519,0.2736625514403292
0.5140400528907776,0.1656288916562889,0.7846607669616519,0.2735218508997429
0.5140239596366882,0.1655258245177349,0.7846607669616519,0.27338129496402874
0.5139936804771423,0.1654228855721393,0.7846607669616519,0.27324088341037495
0.5139148235321045,0.16532007458048478,0.7846607669616519,0.2731006160164271
0.5138390064239502,0.16521739130434782,0.7846607669616519,0.2729604925602873
0.513824999332428,0.16511483550589695,0.7846607669616519,0.2728205128205128
0.5137989521026611,0.16501240694789082,0.7846607669616519,0.27268067657611483
0.5137311816215515,0.16491010539367637,0.7846607669616519,0.2725409836065574
0.5136515498161316,0.16480793060718713,0.7846607669616519,0.2724014336917563
0.51362144947052,0.16470588235294117,0.7846607669616519,0.2722620266120778
0.5136195421218872,0.1646039603960396,0.7846607669616519,0.2721227621483376
0.5136138200759888,0.1645021645021645,0.7846607669616519,0.27198364008179965
0.5135660767555237,0.16440049443757726,0.7846607669616519,0.2718446601941748
0.5134725570678711,0.16429894996911673,0.7846607669616519,0.27170582226762
0.5133760571479797,0.1648148148148148,0.7876106194690266,0.27258805513016837
0.5132920145988464,0.16471314003701418,0.7876106194690266,0.2724489795918367
0.5132672190666199,0.16461159062885328,0.7876106194690266,0.27231004589495156
0.5132473707199097,0.1645101663585952,0.7876106194690266,0.27217125382262997
0.5132131576538086,0.1644088669950739,0.7876106194690266,0.272032603158431
0.5131983160972595,0.16430769230769232,0.7876106194690266,0.27189409368635437
0.5131049752235413,0.16420664206642066,0.7876106194690266,0.2717557251908397
0.5130699872970581,0.16410571604179472,0.7876106194690266,0.27161749745676506
0.513057291507721,0.16400491400491402,0.7876106194690266,0.2714794102694459
0.513019323348999,0.16390423572744015,0.7876106194690266,0.2713414634146341
0.5129832625389099,0.1638036809815951,0.7876106194690266,0.27120365667851704
0.5129438638687134,0.1637032495401594,0.7876106194690266,0.2710659898477157
0.5129311084747314,0.1636029411764706,0.7876106194690266,0.2709284627092846
0.5128463506698608,0.16350275566442132,0.7876106194690266,0.27079107505071
0.5128217935562134,0.16340269277845776,0.7876106194690266,0.2706538266599088
0.5128204226493835,0.163302752293578,0.7876106194690266,0.2705167173252279
0.5126916766166687,0.16320293398533006,0.7876106194690266,0.270379746835443
0.5126639008522034,0.16310323762981063,0.7876106194690266,0.2702429149797571
0.5126442909240723,0.163003663003663,0.7876106194690266,0.27010622154779973
0.5126409530639648,0.16290420988407567,0.7876106194690266,0.2699696663296259
0.5125895738601685,0.1628048780487805,0.7876106194690266,0.269833249115715
0.5125752687454224,0.16270566727605118,0.7876106194690266,0.2696969696969697
0.5125739574432373,0.16260657734470157,0.7876106194690266,0.2695608278647148
0.5125207901000977,0.16250760803408398,0.7876106194690266,0.26942482341069623
0.5124947428703308,0.1624087591240876,0.7876106194690266,0.26928895612708015
0.5124271512031555,0.16231003039513678,0.7876106194690266,0.26915322580645157
0.5123618245124817,0.16221142162818955,0.7876106194690266,0.2690176322418136
0.5122663378715515,0.1621129326047359,0.7876106194690266,0.2688821752265861
0.5122029185295105,0.16201456310679613,0.7876106194690266,0.26874685455460495
0.5121314525604248,0.16191631291691935,0.7876106194690266,0.26861167002012076
0.5120840668678284,0.1618181818181818,0.7876106194690266,0.2684766214177979
0.5120537281036377,0.16172016959418534,0.7876106194690266,0.26834170854271355
0.5120048522949219,0.16162227602905568,0.7876106194690266,0.2682069311903566
0.5118975043296814,0.16152450090744103,0.7876106194690266,0.2680722891566265
0.5118974447250366,0.16142684401451027,0.7876106194690266,0.2679377822378324
0.511886477470398,0.16132930513595167,0.7876106194690266,0.2678034102306921
0.511799156665802,0.161231884057971,0.7876106194690266,0.26766917293233083
0.5117731094360352,0.16113458056729027,0.7876106194690266,0.26753507014028055
0.5116957426071167,0.16103739445114595,0.7876106194690266,0.2674011016524787
0.5115732550621033,0.1609403254972875,0.7876106194690266,0.26726726726726724
0.5115541815757751,0.1608433734939759,0.7876106194690266,0.2671335667833917
0.5115537047386169,0.16074653822998194,0.7876106194690266,0.267
0.5115453004837036,0.16064981949458484,0.7876106194690266,0.26686656671664166
0.5114710927009583,0.16115453998797355,0.7905604719764012,0.26773226773226777
0.5114681124687195,0.16105769230769232,0.7905604719764012,0.26759860209685477
0.5113579034805298,0.16096096096096096,0.7905604719764012,0.2674650698602794
0.5113428235054016,0.1608643457382953,0.7905604719764012,0.2673316708229426
0.5113255977630615,0.16076784643071385,0.7905604719764012,0.26719840478564305
0.5113127827644348,0.1606714628297362,0.7905604719764012,0.2670652715495765
0.51129549741745,0.16057519472738166,0.7905604719764012,0.26693227091633465
0.511273980140686,0.16047904191616766,0.7905604719764012,0.2667994026879044
0.5112597942352295,0.1603830041891083,0.7905604719764012,0.26666666666666666
0.5112537145614624,0.16028708133971292,0.7905604719764012,0.2665340626553953
0.5112440586090088,0.16019127316198445,0.7905604719764012,0.2664015904572565
0.5112050771713257,0.16009557945041816,0.7905604719764012,0.26626924987580725
0.5109874606132507,0.16,0.7905604719764012,0.26613704071499505
0.5108891725540161,0.15990453460620524,0.7905604719764012,0.2660049627791563
0.5108231902122498,0.15980918306499703,0.7905604719764012,0.26587301587301587
0.5107696652412415,0.15971394517282478,0.7905604719764012,0.26574119980168565
0.5106433033943176,0.15961882072662298,0.7905604719764012,0.265609514370664
0.5105623006820679,0.1595238095238095,0.7905604719764012,0.2654779593858345
0.5105202198028564,0.15942891136228435,0.7905604719764012,0.2653465346534653
0.5105054378509521,0.15933412604042807,0.7905604719764012,0.26521523998020785
0.5105035901069641,0.1592394533571004,0.7905604719764012,0.26508407517309596
0.5104379653930664,0.15914489311163896,0.7905604719764012,0.2649530400395453
0.510378360748291,0.15905044510385757,0.7905604719764012,0.2648221343873518
0.5103783011436462,0.15895610913404506,0.7905604719764012,0.26469135802469135
0.510254442691803,0.15886188500296383,0.7905604719764012,0.26456071076011844
0.5102243423461914,0.1593601895734597,0.7935103244837758,0.26541687222496296
0.510177493095398,0.15926583777383066,0.7935103244837758,0.2652859960552268
0.5101662278175354,0.1591715976331361,0.7935103244837758,0.2651552488910794
0.5101137161254883,0.1590774689532821,0.7935103244837758,0.2650246305418719
0.5101008415222168,0.15898345153664303,0.7935103244837758,0.26489414081733137
0.5100637674331665,0.15888954518606024,0.7935103244837758,0.2647637795275591
0.5100558996200562,0.15879574970484062,0.7935103244837758,0.26463354648303
0.5100340843200684,0.15870206489675517,0.7935103244837758,0.26450344149459193
0.5100289583206177,0.15860849056603774,0.7935103244837758,0.2643734643734644
0.5099937915802002,0.1585150265173836,0.7935103244837758,0.2642436149312377
0.5099904537200928,0.15842167255594816,0.7935103244837758,0.26411389297987237
0.5099807381629944,0.1583284284873455,0.7935103244837758,0.26398429833169773
0.5099713206291199,0.15823529411764706,0.7935103244837758,0.26385483079941147
0.5099688172340393,0.15814226925338037,0.7935103244837758,0.26372549019607844
0.5099366903305054,0.15804935370152762,0.7935103244837758,0.26359627633512983
0.5099315047264099,0.15795654726952438,0.7935103244837758,0.2634671890303624
0.5099099278450012,0.15786384976525822,0.7935103244837758,0.2633382280959374
0.5099089741706848,0.15777126099706745,0.7935103244837758,0.26320939334637966
0.5098935961723328,0.15767878077373973,0.7935103244837758,0.26308068459657696
0.509882390499115,0.15758640890451084,0.7935103244837758,0.26295210166177907
0.509791910648346,0.15749414519906324,0.7935103244837758,0.2628236443575965
0.5097771286964417,0.15740198946752487,0.7935103244837758,0.2626953125
0.5097507238388062,0.15730994152046784,0.7935103244837758,0.2625671059053197
0.5097296237945557,0.15721800116890708,0.7935103244837758,0.2624390243902439
0.5096655488014221,0.15771028037383178,0.7964601769911505,0.26328620185275475
0.5096216797828674,0.15761821366024517,0.7964601769911505,0.2631578947368421
0.5095455646514893,0.15752625437572929,0.7964601769911505,0.26302971261568436
0.5094894766807556,0.15801749271137025,0.799410029498525,0.2638753651411879
0.509484052658081,0.15792540792540793,0.799410029498525,0.2637469586374696
0.5094839930534363,0.1578334304018637,0.799410029498525,0.2636186770428015
0.5094158053398132,0.15774155995343422,0.799410029498525,0.2634905201750122
0.5093597173690796,0.15764979639325188,0.799410029498525,0.2633624878522838
0.5093392729759216,0.15755813953488373,0.799410029498525,0.263234579893152
0.5092817544937134,0.15746658919233003,0.799410029498525,0.26310679611650484
0.5092713236808777,0.15737514518002324,0.799410029498525,0.26297913634158177
0.5091999769210815,0.15728380731282646,0.799410029498525,0.26285160038797284
0.5090527534484863,0.1571925754060325,0.799410029498525,0.26272418807561804
0.5090324878692627,0.15710144927536232,0.799410029498525,0.26259689922480617
0.5090280175209045,0.15701042873696408,0.799410029498525,0.2624697336561743
0.5089567303657532,0.1569195136074117,0.799410029498525,0.2623426911907067
0.5089410543441772,0.1568287037037037,0.799410029498525,0.2622157716497339
0.5089228749275208,0.156737998843262,0.799410029498525,0.26208897485493227
0.5088931918144226,0.15664739884393064,0.799410029498525,0.2619623006283229
0.5088921189308167,0.15655690352397458,0.799410029498525,0.26183574879227056
0.5088422894477844,0.1564665127020785,0.799410029498525,0.2617093191694833
0.5088372230529785,0.15637622619734565,0.799410029498525,0.26158301158301156
0.5088275074958801,0.15628604382929642,0.799410029498525,0.26145682585624697
0.5087805986404419,0.15619596541786743,0.799410029498525,0.26133076181292186
0.5087012648582458,0.15610599078341014,0.799410029498525,0.2612048192771084
0.5086103677749634,0.1560161197466897,0.799410029498525,0.2610789980732177
0.5085932016372681,0.15592635212888378,0.799410029498525,0.2609532980259991
0.5085821747779846,0.15583668775158138,0.799410029498525,0.26082771896053897
0.5085537433624268,0.1557471264367816,0.799410029498525,0.26070226070226066
0.5085417628288269,0.1556576680068926,0.799410029498525,0.2605769230769231
0.5085095167160034,0.1555683122847302,0.799410029498525,0.2604517059106199
0.5084921717643738,0.15547905909351692,0.799410029498525,0.26032660902977905
0.5084802508354187,0.15538990825688073,0.799410029498525,0.2602016322611618
0.5084763169288635,0.15530085959885387,0.799410029498525,0.2600767754318618
0.5083513855934143,0.1552119129438717,0.799410029498525,0.25995203836930453
0.5082311630249023,0.1551230681167716,0.799410029498525,0.2598274209012464
0.5082235336303711,0.15503432494279176,0.799410029498525,0.2597029228557738
0.5082013010978699,0.15494568324757005,0.799410029498525,0.2595785440613027
0.5081897377967834,0.15485714285714286,0.799410029498525,0.2594542843465773
0.5081836581230164,0.15476870359794404,0.799410029498525,0.25933014354066986
0.5081560611724854,0.15468036529680365,0.799410029498525,0.25920612147297944
0.5081120133399963,0.15459212778094694,0.799410029498525,0.2590822179732314
0.5080097913742065,0.15450399087799316,0.799410029498525,0.25895843287147635
0.5079820156097412,0.1544159544159544,0.799410029498525,0.2588347659980898
0.5079647302627563,0.15432801822323464,0.799410029498525,0.2587112171837709
0.50789874792099,0.15424018212862833,0.799410029498525,0.258587786259542
0.5078946352005005,0.1541524459613197,0.799410029498525,0.25846447305674775
0.5078521370887756,0.15406480955088117,0.799410029498525,0.2583412774070543
0.5078091025352478,0.15397727272727274,0.799410029498525,0.2582181991424488
0.5078067779541016,0.15388983532084044,0.799410029498525,0.2580952380952381
0.5078023076057434,0.15380249716231556,0.799410029498525,0.25797239409804856
0.5077798962593079,0.1537152580828134,0.799410029498525,0.25784966698382494
0.507775604724884,0.1536281179138322,0.799410029498525,0.2577270565858298
0.5077381134033203,0.15354107648725213,0.799410029498525,0.2576045627376426
0.5077337622642517,0.15345413363533408,0.799410029498525,0.25748218527315914
0.5076979994773865,0.15336728919071874,0.799410029498525,0.2573599240265907
0.5076495409011841,0.15328054298642535,0.799410029498525,0.25723777883246324
0.5076366066932678,0.15319389485585078,0.799410029498525,0.2571157495256167
0.507635772228241,0.15310734463276837,0.799410029498525,0.2569938359412044
0.5075312852859497,0.15302089215132694,0.799410029498525,0.25687203791469193
0.5075116753578186,0.15293453724604966,0.799410029498525,0.2567503552818569
0.5074549317359924,0.15341229554427524,0.8023598820058997,0.25757575757575757
0.5074007511138916,0.15332581736189402,0.8023598820058997,0.2574538570752484
0.5073565244674683,0.1532394366197183,0.8023598820058997,0.25733207190160834
0.5073273181915283,0.15315315315315314,0.8023598820058997,0.25721040189125294
0.5073130130767822,0.1530669667979741,0.8023598820058997,0.2570888468809074
0.5072101354598999,0.1529808773903262,0.8023598820058997,0.2569674067076051
0.5071712732315063,0.1528948847667229,0.8023598820058997,0.25684608120868746
0.5070961117744446,0.15280898876404495,0.8023598820058997,0.25672487022180274
0.5069969892501831,0.1527231892195396,0.8023598820058997,0.2566037735849057
0.5069839358329773,0.1526374859708193,0.8023598820058997,0.2564827911362565
0.5068952441215515,0.1525518788558609,0.8023598820058997,0.2563619227144204
0.5068827867507935,0.15246636771300448,0.8023598820058997,0.2562411681582666
0.506864607334137,0.1523809523809524,0.8023598820058997,0.256120527306968
0.5067903399467468,0.1528555431131019,0.8053097345132744,0.25694117647058823
0.5067445635795593,0.1527700055959709,0.8053097345132744,0.2568203198494826
0.5064653158187866,0.15324384787472037,0.8082595870206489,0.2576398683591914
0.5064652562141418,0.15371716042481834,0.8112094395280236,0.2584586466165414
0.5064253807067871,0.1541038525963149,0.8141592920353983,0.2591549295774648
0.5064149498939514,0.15401785714285715,0.8141592920353983,0.25903331769122484
0.5063811540603638,0.1539319576129392,0.8141592920353983,0.2589118198874297
0.5062885880470276,0.15384615384615385,0.8141592920353983,0.25879043600562585
0.5062788724899292,0.15376044568245126,0.8141592920353983,0.25866916588566075
0.5062181353569031,0.15367483296213807,0.8141592920353983,0.25854800936768146
0.5062135457992554,0.15358931552587646,0.8141592920353983,0.25842696629213485
0.5061602592468262,0.15350389321468297,0.8141592920353983,0.258306036499766
0.5060057640075684,0.15341856586992775,0.8141592920353983,0.25818521983161835
0.5059249401092529,0.15388888888888888,0.8171091445427728,0.25899953249181856
0.5058870911598206,0.1538034425319267,0.8171091445427728,0.2588785046728972
0.5058425068855286,0.1537180910099889,0.8171091445427728,0.25875758991125647
0.5058375000953674,0.1536328341652801,0.8171091445427728,0.2586367880485528
0.5058190822601318,0.15354767184035475,0.8171091445427728,0.2585160989267382
0.5058057904243469,0.15346260387811633,0.8171091445427728,0.2583955223880597
0.5057654976844788,0.15337763012181616,0.8171091445427728,0.25827505827505826
0.5057440400123596,0.15329275041505258,0.8171091445427728,0.2581547064305685
0.5057387351989746,0.1532079646017699,0.8171091445427728,0.2580344666977178
0.5056769251823425,0.1531232725262576,0.8171091445427728,0.2579143389199255
0.5056638717651367,0.15303867403314916,0.8171091445427728,0.2577943229409027
0.5056342482566833,0.1529541689674213,0.8171091445427728,0.2576744186046512
0.5055333971977234,0.15286975717439294,0.8171091445427728,0.25755462575546256
0.5054764747619629,0.1527854384997242,0.8171091445427728,0.25743494423791824
0.5054396986961365,0.15270121278941565,0.8171091445427728,0.2573153738968881
0.5054075121879578,0.15261707988980716,0.8171091445427728,0.2571959145775302
0.505397379398346,0.15253303964757708,0.8171091445427728,0.25707656612529
0.5053779482841492,0.15244909190974132,0.8171091445427728,0.2569573283858998
0.5053355693817139,0.15236523652365236,0.8171091445427728,0.2568382012053778
0.5052187442779541,0.15228147333699835,0.8171091445427728,0.2567191844300278
0.5052080750465393,0.15219780219780218,0.8171091445427728,0.25660027790643813
0.5051565766334534,0.15211422295442065,0.8171091445427728,0.2564814814814815
0.505142092704773,0.15203073545554335,0.8171091445427728,0.25636279500231374
0.5051293969154358,0.151947339550192,0.8171091445427728,0.25624421831637373
0.5049764513969421,0.15186403508771928,0.8171091445427728,0.2561257512713823
0.5049419403076172,0.15178082191780823,0.8171091445427728,0.256007393715342
0.504935085773468,0.15169769989047097,0.8171091445427728,0.25588914549653574
0.504928708076477,0.15161466885604816,0.8171091445427728,0.25577100646352724
0.5049074292182922,0.15153172866520787,0.8171091445427728,0.25565297646515917
0.5048907399177551,0.15144887916894478,0.8171091445427728,0.2555350553505535
0.5048068761825562,0.15136612021857923,0.8171091445427728,0.2554172429691102
0.5047823190689087,0.1512834516657564,0.8171091445427728,0.2552995391705069
0.5047394037246704,0.15120087336244542,0.8171091445427728,0.25518194380469833
0.5047251582145691,0.15111838516093834,0.8171091445427728,0.25506445672191524
0.5047171115875244,0.1510359869138495,0.8171091445427728,0.2549470777726645
0.5046360492706299,0.15095367847411445,0.8171091445427728,0.2548298068077277
0.5045720934867859,0.1508714596949891,0.8171091445427728,0.25471264367816093
0.5045596361160278,0.150789330430049,0.8171091445427728,0.2545955882352941
0.5045034885406494,0.15070729053318824,0.8171091445427728,0.25447864033073037
0.504450261592865,0.15116911364872213,0.8200589970501475,0.25528007346189163
0.504304826259613,0.15108695652173912,0.8200589970501475,0.255162918770078
0.5042906403541565,0.1510048886474742,0.8200589970501475,0.255045871559633
0.5042763948440552,0.15092290988056462,0.8200589970501475,0.25492893168271435
0.5042744278907776,0.15084102007596312,0.8200589970501475,0.2548120989917507
0.5042339563369751,0.15075921908893708,0.8200589970501475,0.25469537333944114
0.5042154788970947,0.15067750677506775,0.8200589970501475,0.25457875457875456
0.5041509866714478,0.15059588299024917,0.8200589970501475,0.25446224256292904
0.5041401386260986,0.1505143475906876,0.8200589970501475,0.2543458371454712
0.5041055679321289,0.15043290043290045,0.8200589970501475,0.2542295381801555
0.5040765404701233,0.1503515413737155,0.8200589970501475,0.2541133455210237
0.5040698051452637,0.15027027027027026,0.8200589970501475,0.2539972590223846
0.5039677023887634,0.1501890869800108,0.8200589970501475,0.25388127853881276
0.5039401650428772,0.15010799136069114,0.8200589970501475,0.25376540392514835
0.503933310508728,0.15002698327037237,0.8200589970501475,0.25364963503649635
0.503818929195404,0.1499460625674218,0.8200589970501475,0.25353397172822617
0.5038098096847534,0.1504043126684636,0.8230088495575221,0.2543299908842297
0.5037818551063538,0.15032327586206898,0.8230088495575221,0.2542141230068337
0.503750741481781,0.15024232633279483,0.8230088495575221,0.2540983606557377
0.503740131855011,0.15016146393972013,0.8230088495575221,0.25398270368684567
0.5036846399307251,0.150080688542227,0.8230088495575221,0.2538671519563239
0.5036835670471191,0.15,0.8230088495575221,0.25375170532060026
0.5036616325378418,0.14991939817302524,0.8230088495575221,0.2536363636363636
0.5036363005638123,0.1498388829215897,0.8230088495575221,0.2535211267605634
0.503623902797699,0.15029522275899088,0.8259587020648967,0.254314259763851
0.5035921931266785,0.15021459227467812,0.8259587020648967,0.25419881979119385
0.5034098029136658,0.15013404825737264,0.8259587020648967,0.2540834845735027
0.5033917427062988,0.15005359056806003,0.8259587020648967,0.25396825396825395
0.5033634901046753,0.14997321906802358,0.8259587020648967,0.25385312783318226
0.5033597946166992,0.14989293361884368,0.8259587020648967,0.25373810602628
0.5033445954322815,0.149812734082397,0.8259587020648967,0.2536231884057971
0.5032817721366882,0.1497326203208556,0.8259587020648967,0.25350837483023986
0.5032314658164978,0.14965259219668625,0.8259587020648967,0.25339366515837103
0.5032183527946472,0.14957264957264957,0.8259587020648967,0.25327905924920846
0.5031889081001282,0.14949279231179927,0.8259587020648967,0.25316455696202533
0.5031856298446655,0.14941302027748132,0.8259587020648967,0.25305015815634885
0.5031086802482605,0.14933333333333335,0.8259587020648967,0.2529358626919603
0.5030272006988525,0.14925373134328357,0.8259587020648967,0.2528216704288939
0.5030012726783752,0.14917421417155036,0.8259587020648967,0.25270758122743686
0.5029725432395935,0.14909478168264112,0.8259587020648967,0.2525935949481281
0.5029685497283936,0.1490154337413518,0.8259587020648967,0.25247971145175835
0.5029420852661133,0.14893617021276595,0.8259587020648967,0.25236593059936907
0.5028889775276184,0.14885699096225413,0.8259587020648967,0.2522522522522523
0.502863347530365,0.14930924548352817,0.8289085545722714,0.2530391715443494
0.5028560757637024,0.1492299522039299,0.8289085545722714,0.25292529252925294
0.5026994347572327,0.14915074309978768,0.8289085545722714,0.2528115159694107
0.502685546875,0.14907161803713528,0.8289085545722714,0.2526978417266187
0.5026752948760986,0.14899257688229056,0.8289085545722714,0.25258426966292136
0.5026567578315735,0.1489136195018548,0.8289085545722714,0.252470799640611
0.502627432346344,0.14883474576271186,0.8289085545722714,0.2523574315222272
0.5025844573974609,0.14875595553202753,0.8289085545722714,0.2522441651705566
0.502577543258667,0.14867724867724869,0.8289085545722714,0.2521310004486317
0.5025011301040649,0.14859862506610258,0.8289085545722714,0.2520179372197309
0.5024943351745605,0.14904862579281183,0.831858407079646,0.2528014343343792
0.5024139881134033,0.14896988906497624,0.831858407079646,0.2526881720430108
0.5023553371429443,0.14889123548046462,0.831858407079646,0.25257501119570086
0.5023234486579895,0.14881266490765171,0.831858407079646,0.252461951656222
0.5023090839385986,0.14926160337552744,0.8348082595870207,0.2532438478747204
0.5022454857826233,0.14918292040063258,0.8348082595870207,0.25313059033989266
0.5021563172340393,0.14910432033719706,0.8348082595870207,0.25301743406347793
0.5021539330482483,0.14902580305423907,0.8348082595870207,0.2529043789097408
0.5021143555641174,0.14894736842105263,0.8348082595870207,0.25279142474318894
0.5020260810852051,0.14886901630720673,0.8348082595870207,0.2526785714285714
0.5020108222961426,0.14879074658254468,0.8348082595870207,0.2525658188308791
0.5019292235374451,0.1487125591171834,0.8348082595870207,0.25245316681534347
0.5017367601394653,0.1486344537815126,0.8348082595870207,0.25234061524743645
0.5017178654670715,0.14855643044619424,0.8348082595870207,0.2522281639928699
0.5016964077949524,0.1484784889821616,0.8348082595870207,0.25211581291759466
0.5016604661941528,0.14840062926061878,0.8348082595870207,0.25200356188780054
0.5016080737113953,0.14832285115303984,0.8348082595870207,0.25189141076991545
0.5016032457351685,0.14824515453116816,0.8348082595870207,0.251779359430605
0.5015759468078613,0.1481675392670157,0.8348082595870207,0.2516674077367719
0.5015453696250916,0.14809000523286237,0.8348082595870207,0.2515555555555556
0.5015341639518738,0.14801255230125523,0.8348082595870207,0.2514438027543314
0.5013444423675537,0.14793518034500783,0.8348082595870207,0.25133214920071045
0.5013116598129272,0.14785788923719959,0.8348082595870207,0.25122059476253883
0.5013067126274109,0.14778067885117493,0.8348082595870207,0.2511091393078971
0.5012945532798767,0.1477035490605428,0.8348082595870207,0.25099778270509976
0.5012624263763428,0.1476264997391758,0.8348082595870207,0.2508865248226951
0.5012050867080688,0.14754953076120958,0.8348082595870207,0.2507753655294639
0.5011874437332153,0.1474726420010422,0.8348082595870207,0.2506643046944198
0.5011682510375977,0.14739583333333334,0.8348082595870207,0.25055334218680836
0.5011548399925232,0.14731910463300366,0.8348082595870207,0.25044247787610624
0.5011218786239624,0.14724245577523412,0.8348082595870207,0.2503317116320212
0.5010970830917358,0.14716588663546543,0.8348082595870207,0.25022104332449163
0.5009872913360596,0.14708939708939708,0.8348082595870207,0.25011047282368537
0.5009599924087524,0.147012987012987,0.8348082595870207,0.25
0.500881016254425,0.14693665628245067,0.8348082595870207,0.2498896247240618
0.5008223652839661,0.14686040477426052,0.8348082595870207,0.2497793468667255
0.5007969737052917,0.14678423236514523,0.8348082595870207,0.24966916629907368
0.5007898211479187,0.14670813893208917,0.8348082595870207,0.24955908289241624
0.5006846189498901,0.1466321243523316,0.8348082595870207,0.24944909651829
0.5006257891654968,0.14655618850336613,0.8348082595870207,0.24933920704845816
0.5005415678024292,0.14648033126293997,0.8348082595870207,0.24922941435490975
0.5004748106002808,0.1464045525090533,0.8348082595870207,0.24911971830985918
0.5003674626350403,0.14632885211995864,0.8348082595870207,0.24901011878574572
0.500359296798706,0.1462532299741602,0.8348082595870207,0.24890061565523308
0.5003111958503723,0.14617768595041322,0.8348082595870207,0.24879120879120878
0.5002798438072205,0.1461022199277233,0.8348082595870207,0.24868189806678384
0.5002747178077698,0.14602683178534573,0.8348082595870207,0.2485726833552921
0.5001704692840576,0.14595152140278495,0.8348082595870207,0.24846356453028973
0.5001192092895508,0.14587628865979382,0.8348082595870207,0.24835454146555508
0.5000903010368347,0.145801133436373,0.8348082595870207,0.24824561403508769
0.5000848174095154,0.14572605561277033,0.8348082595870207,0.24813678211310827
0.5000714063644409,0.14565105506948017,0.8348082595870207,0.24802804557405783
0.49999117851257324,0.1455761316872428,0.8348082595870207,0.24791940429259743
0.49997150897979736,0.1455012853470437,0.8348082595870207,0.2478108581436077
0.49997127056121826,0.14542651593011305,0.8348082595870207,0.24770240700218818
0.4999249577522278,0.145351823317925,0.8348082595870207,0.247594050743657
0.499868780374527,0.14527720739219713,0.8348082595870207,0.2474857892435505
0.49986526370048523,0.14520266803488968,0.8348082595870207,0.24737762237762237
0.4998156428337097,0.14512820512820512,0.8348082595870207,0.24726955002184361
0.49981141090393066,0.1450538185545874,0.8348082595870207,0.24716157205240175
0.4997827708721161,0.1449795081967213,0.8348082595870207,0.24705368834570057
0.4997769892215729,0.144905273937532,0.8348082595870207,0.2469458987783595
0.4997633099555969,0.14483111566018425,0.8348082595870207,0.24683820322721328
0.49971288442611694,0.14475703324808184,0.8348082595870207,0.24673060156931123
0.49970972537994385,0.14468302658486706,0.8348082595870207,0.24662309368191718
0.49968692660331726,0.14460909555442003,0.8348082595870207,0.24651567944250868
0.4996473789215088,0.14504596527068436,0.8377581120943953,0.2472790596430126
0.4996335804462433,0.14497192445125065,0.8377581120943953,0.247171453437772
0.4996223449707031,0.14489795918367346,0.8377581120943953,0.24706394084384514
0.49960559606552124,0.14533401325854156,0.8407079646017699,0.24782608695652175
0.49958282709121704,0.1452599388379205,0.8407079646017699,0.24771838331160365
0.49956098198890686,0.14518593988792663,0.8407079646017699,0.24761077324066028
0.49939775466918945,0.14511201629327902,0.8407079646017699,0.24750325662179765
0.4993226230144501,0.1450381679389313,0.8407079646017699,0.24739583333333331
0.499314546585083,0.14496439471007122,0.8407079646017699,0.24728850325379612
0.4992494583129883,0.14489069649211997,0.8407079646017699,0.2471812662619254
0.4991738200187683,0.1448170731707317,0.8407079646017699,0.247074122236671
0.4991684556007385,0.1447435246317928,0.8407079646017699,0.2469670710571924
0.49916765093803406,0.1446700507614213,0.8407079646017699,0.24686011260285834
0.49914875626564026,0.1445966514459665,0.8407079646017699,0.24675324675324675
0.49913471937179565,0.14452332657200812,0.8407079646017699,0.24664647338814366
0.49910682439804077,0.14445007602635582,0.8407079646017699,0.24653979238754328
0.4990570545196533,0.14437689969604864,0.8407079646017699,0.24643320363164722
0.49904048442840576,0.14430379746835442,0.8407079646017699,0.2463267070008643
0.4990287721157074,0.14423076923076922,0.8407079646017699,0.2462203023758099
0.4990276098251343,0.1441578148710167,0.8407079646017699,0.24611398963730569
0.4990136921405792,0.14408493427704752,0.8407079646017699,0.24600776866637894
0.49896490573883057,0.14401212733703891,0.8407079646017699,0.2459016393442623
0.4988586902618408,0.14393939393939395,0.8407079646017699,0.2457956015523933
0.49885091185569763,0.14386673397274105,0.8407079646017699,0.24568965517241378
0.49884629249572754,0.1437941473259334,0.8407079646017699,0.24558380008616973
0.4988042712211609,0.1437216338880484,0.8407079646017699,0.2454780361757106
0.49878785014152527,0.14415322580645162,0.8436578171091446,0.24623331898407233
0.49878084659576416,0.14408060453400504,0.8436578171091446,0.24612736660929432
0.4987471103668213,0.14400805639476336,0.8436578171091446,0.24602150537634412
0.498732328414917,0.14393558127830902,0.8436578171091446,0.24591573516766982
0.4987063705921173,0.14386317907444668,0.8436578171091446,0.2458100558659218
0.49870505928993225,0.1437908496732026,0.8436578171091446,0.24570446735395185
0.4986407160758972,0.14371859296482412,0.8436578171091446,0.2455989695148132
0.4986034333705902,0.143646408839779,0.8436578171091446,0.24549356223175964
0.49854499101638794,0.14357429718875503,0.8436578171091446,0.2453882453882454
0.49847474694252014,0.1435022579026593,0.8436578171091446,0.2452830188679245
0.4984280467033386,0.14343029087261785,0.8436578171091446,0.24517788255465067
0.49842455983161926,0.14335839598997493,0.8436578171091446,0.24507283633247645
0.4984244406223297,0.1432865731462926,0.8436578171091446,0.24496788008565312
0.4983453154563904,0.14321482223335003,0.8436578171091446,0.24486301369863014
0.49831175804138184,0.14314314314314314,0.8436578171091446,0.24475823705605476
0.4982764720916748,0.14307153576788395,0.8436578171091446,0.24465355004277162
0.4981757402420044,0.143,0.8436578171091446,0.24454895254382214
0.4981461465358734,0.14292853573213393,0.8436578171091446,0.24444444444444444
0.4980945885181427,0.14285714285714285,0.8436578171091446,0.2443400256300726
0.49801626801490784,0.14278582126809786,0.8436578171091446,0.2442356959863365
0.4980110228061676,0.14271457085828343,0.8436578171091446,0.24413145539906103
0.4979815185070038,0.142643391521197,0.8436578171091446,0.2440273037542662
0.4979754686355591,0.14257228315054835,0.8436578171091446,0.2439232409381663
0.49790820479393005,0.1425012456402591,0.8436578171091446,0.24381926683716965
0.4978944957256317,0.14292828685258965,0.8466076696165191,0.24456753302087772
0.4978845715522766,0.14285714285714285,0.8466076696165191,0.24446337308347527
0.497869610786438,0.1427860696517413,0.8466076696165191,0.2443593018305662
0.4978168308734894,0.1427150671307807,0.8466076696165191,0.2442553191489361
0.49777892231941223,0.1426441351888668,0.8466076696165191,0.24415142492556358
0.49767377972602844,0.1425732737208147,0.8466076696165191,0.24404761904761904
0.49763375520706177,0.14250248262164847,0.8466076696165191,0.24394390140246497
0.4975825548171997,0.1424317617866005,0.8466076696165191,0.24384027187765503
0.4975634813308716,0.1423611111111111,0.8466076696165191,0.24373673036093418
0.49741727113723755,0.14229053049082796,0.8466076696165191,0.2436332767402377
0.4974169135093689,0.14271555996035679,0.8495575221238938,0.2443784471786169
0.49737173318862915,0.1426448736998514,0.8495575221238938,0.24427480916030536
0.497300386428833,0.14257425742574256,0.8495575221238938,0.24417125900805423
0.49726352095603943,0.1425037110341415,0.8495575221238938,0.24406779661016947
0.4972148835659027,0.142433234421365,0.8495575221238938,0.24396442185514614
0.49709904193878174,0.14236282748393475,0.8495575221238938,0.2438611346316681
0.49703219532966614,0.1422924901185771,0.8495575221238938,0.24375793482860772
0.49697110056877136,0.14222222222222222,0.8495575221238938,0.24365482233502536
0.4969199597835541,0.14215202369200394,0.8495575221238938,0.2435517970401691
0.4968634843826294,0.142081894425259,0.8495575221238938,0.24344885883347422
0.4967861771583557,0.14201183431952663,0.8495575221238938,0.2433460076045627
0.4966929852962494,0.14194184327254805,0.8495575221238938,0.24324324324324323
0.4966632127761841,0.14187192118226602,0.8495575221238938,0.24314056563951036
0.49660947918891907,0.14180206794682423,0.8495575221238938,0.24303797468354432
0.496586412191391,0.14173228346456693,0.8495575221238938,0.2429354702657107
0.4965435564517975,0.14166256763403837,0.8495575221238938,0.24283305227655988
0.4965418577194214,0.1415929203539823,0.8495575221238938,0.2427307206068268
0.4965090751647949,0.14152334152334153,0.8495575221238938,0.24262847514743052
0.49631330370903015,0.14145383104125736,0.8495575221238938,0.24252631578947367
0.4962151348590851,0.14138438880706922,0.8495575221238938,0.24242424242424243
0.496182382106781,0.14131501472031405,0.8495575221238938,0.24232225494320575
0.49610602855682373,0.14124570868072583,0.8495575221238938,0.24222035323801513
0.4960901737213135,0.1411764705882353,0.8495575221238938,0.2421185372005044
0.49607425928115845,0.14110730034296914,0.8495575221238938,0.2420168067226891
0.49597495794296265,0.14103819784524976,0.8495575221238938,0.24191516169676608
0.49597489833831787,0.14096916299559473,0.8495575221238938,0.24181360201511337
0.49591976404190063,0.1413894324853229,0.8525073746312685,0.24255140579101975
0.4959171414375305,0.141320293398533,0.8525073746312685,0.24244966442953017
0.495913028717041,0.1412512218963832,0.8525073746312685,0.24234800838574427
0.4959098696708679,0.14118221787982413,0.8525073746312685,0.24224643755238895
0.49588543176651,0.14111328125,0.8525073746312685,0.24214495182237117
0.4958820044994354,0.14104441190824793,0.8525073746312685,0.24204355108877723
0.49588167667388916,0.14146341463414633,0.855457227138643,0.2427794056090414
0.495876669883728,0.14139444173573867,0.855457227138643,0.24267782426778245
0.49580252170562744,0.14132553606237816,0.855457227138643,0.2425763278962777
0.4957934021949768,0.1412566975158305,0.855457227138643,0.24247491638795987
0.4957578182220459,0.14118792599805258,0.855457227138643,0.24237358963643962
0.49573156237602234,0.1411192214111922,0.855457227138643,0.24227234753550542
0.4957047998905182,0.14105058365758755,0.855457227138643,0.24217118997912315
0.4955916404724121,0.14098201263976665,0.855457227138643,0.24207011686143573
0.49555498361587524,0.14091350826044705,0.855457227138643,0.24196912807676263
0.49552610516548157,0.14084507042253522,0.855457227138643,0.24186822351959966
0.4954169690608978,0.1407766990291262,0.855457227138643,0.24176740308461855
0.4954026937484741,0.14070839398350315,0.855457227138643,0.2416666666666667
0.49536243081092834,0.14064015518913675,0.855457227138643,0.24156601416076634
0.49535927176475525,0.14057198254968492,0.855457227138643,0.2414654454621149
0.495227187871933,0.14050387596899225,0.855457227138643,0.24136496046608405
0.49520954489707947,0.14043583535108958,0.855457227138643,0.24126455906821961
0.4951797127723694,0.1403678606001936,0.855457227138643,0.24116424116424115
0.4950810670852661,0.14029995162070633,0.855457227138643,0.24106400665004155
0.49502357840538025,0.1402321083172147,0.855457227138643,0.24096385542168675
0.4949994385242462,0.1401643305944901,0.855457227138643,0.2408637873754153
0.49499937891960144,0.1400289715113472,0.855457227138643,0.24066390041493776
0.4949747323989868,0.13996138996138996,0.855457227138643,0.24056408129406887
0.4948936700820923,0.13989387361312108,0.855457227138643,0.24046434494195687
0.49478769302368164,0.1398264223722276,0.855457227138643,0.24036469125569834
0.4947856664657593,0.13975903614457832,0.855457227138643,0.24026512013256007
0.49477994441986084,0.1396917148362235,0.855457227138643,0.24016563146997932
0.49471884965896606,0.13962445835339432,0.855457227138643,0.24006622516556292
0.4946442246437073,0.1395572666025024,0.855457227138643,0.2399669011170873
0.4946359395980835,0.1394901394901395,0.855457227138643,0.23986765922249795
0.4946065843105316,0.13942307692307693,0.855457227138643,0.23976849937990904
0.4945749342441559,0.13935607880826525,0.855457227138643,0.2396694214876033
0.49453142285346985,0.13928914505283382,0.855457227138643,0.2395704254440314
0.4945097863674164,0.13922227556409025,0.855457227138643,0.2394715111478117
0.4944142997264862,0.13915547024952016,0.855457227138643,0.23937267849773008
0.4943344295024872,0.13908872901678657,0.855457227138643,0.23927392739273926
0.4941186010837555,0.13902205177372962,0.855457227138643,0.23917525773195875
0.49406448006629944,0.13895543842836608,0.855457227138643,0.23907666941467437
0.4939711391925812,0.1388888888888889,0.855457227138643,0.23897816234033786
0.49394065141677856,0.13882240306366683,0.855457227138643,0.23887973640856675
0.49390679597854614,0.13875598086124402,0.855457227138643,0.23878139151914365
0.4938957691192627,0.13868962219033956,0.855457227138643,0.23868312757201648
0.4938907027244568,0.13862332695984703,0.855457227138643,0.2385849444672974
0.4938622713088989,0.1385570950788342,0.855457227138643,0.23848684210526316
0.49381375312805176,0.1384909264565425,0.855457227138643,0.2383888203863543
0.49376770853996277,0.13842482100238662,0.855457227138643,0.23829087921117498
0.49364790320396423,0.1383587786259542,0.855457227138643,0.2381930184804928
0.49363070726394653,0.13829279923700524,0.855457227138643,0.23809523809523808
0.4935937523841858,0.13822688274547187,0.855457227138643,0.23799753795650389
0.49347424507141113,0.13816102906145783,0.855457227138643,0.23789991796554552
0.49340933561325073,0.1380952380952381,0.855457227138643,0.23780237802378024
0.4933992326259613,0.13802950975725845,0.855457227138643,0.23770491803278687
0.4933744966983795,0.1379638439581351,0.855457227138643,0.23760753789430558
0.4933586120605469,0.1378982406086543,0.855457227138643,0.2375102375102375
0.4932725131511688,0.13783269961977188,0.855457227138643,0.23741301678264431
0.49324560165405273,0.1377672209026128,0.855457227138643,0.23731587561374792
0.4931807518005371,0.13770180436847104,0.855457227138643,0.2372188139059305
0.49317461252212524,0.13763644992880875,0.855457227138643,0.23712183156173344
0.49309808015823364,0.13757115749525617,0.855457227138643,0.23702492848385778
0.49307915568351746,0.1375059269796112,0.855457227138643,0.2369281045751634
0.49307170510292053,0.13744075829383887,0.855457227138643,0.23683135973866884
0.4930444657802582,0.13737565135007104,0.855457227138643,0.236734693877551
0.4930439889431,0.13731060606060605,0.855457227138643,0.2366381068951448
0.49291980266571045,0.13724562233790819,0.855457227138643,0.23654159869494293
0.492878794670105,0.13718070009460737,0.855457227138643,0.2364451691805952
0.4928203225135803,0.13711583924349882,0.855457227138643,0.23634881825590873
0.4927257299423218,0.13705103969754254,0.855457227138643,0.23625254582484725
0.4927007257938385,0.136986301369863,0.855457227138643,0.23615635179153094
0.4926736354827881,0.1369216241737488,0.855457227138643,0.23606023606023604
0.4925863742828369,0.1368570080226522,0.855457227138643,0.2359641985353946
0.4925767779350281,0.13679245283018868,0.855457227138643,0.23586823912159413
0.4925523102283478,0.13672795851013672,0.855457227138643,0.23577235772357724
0.49249279499053955,0.13666352497643733,0.855457227138643,0.23567655424624137
0.492483526468277,0.1365991521431936,0.855457227138643,0.23558082859463852
0.492323637008667,0.13653483992467044,0.855457227138643,0.23548518067397484
0.4922833740711212,0.13647058823529412,0.855457227138643,0.2353896103896104
0.4922817349433899,0.13640639698965193,0.855457227138643,0.23529411764705882
0.49219781160354614,0.13634226610249178,0.855457227138643,0.23519870235198703
0.49217748641967773,0.1362781954887218,0.855457227138643,0.23510336441021484
0.4921643137931824,0.13621418506341004,0.855457227138643,0.23500810372771472
0.4921521842479706,0.13615023474178403,0.855457227138643,0.23491292021061155
0.4920940399169922,0.1360863444392304,0.855457227138643,0.23481781376518218
0.49208971858024597,0.13602251407129456,0.855457227138643,0.23472278429785512
0.4920501708984375,0.13595874355368026,0.855457227138643,0.23462783171521034
0.49192014336586,0.1358950328022493,0.855457227138643,0.23453295592397896
0.49191713333129883,0.1358313817330211,0.855457227138643,0.23443815683104288
0.4918806850910187,0.13576779026217228,0.855457227138643,0.23434343434343433
0.4918322265148163,0.1357042583060365,0.855457227138643,0.23424878836833601
0.4917670786380768,0.13564078578110383,0.855457227138643,0.23415421881308035
0.4917653501033783,0.13557737260402056,0.855457227138643,0.2340597255851493
0.49175405502319336,0.13551401869158877,0.855457227138643,0.23396530859217426
0.4917004406452179,0.135450723960766,0.855457227138643,0.23387096774193547
0.4916731119155884,0.1353874883286648,0.855457227138643,0.23377670294236194
0.4916217625141144,0.1353243117125525,0.855457227138643,0.23368251410153099
0.4915919601917267,0.13526119402985073,0.855457227138643,0.23358840112766813
0.49158430099487305,0.1351981351981352,0.855457227138643,0.23349436392914655
0.49147289991378784,0.13513513513513514,0.855457227138643,0.23340040241448692
0.4914591312408447,0.1350721937587331,0.855457227138643,0.23330651649235717
0.4914373755455017,0.13500931098696461,0.855457227138643,0.23321270607157216
0.49143287539482117,0.13494648673801768,0.855457227138643,0.23311897106109325
0.4914267957210541,0.13488372093023257,0.855457227138643,0.23302531137002813
0.491414338350296,0.13482101348210135,0.855457227138643,0.23293172690763053
0.49132096767425537,0.13475836431226765,0.855457227138643,0.2328382175832999
0.4912124574184418,0.13469577333952623,0.855457227138643,0.23274478330658105
0.49118852615356445,0.13463324048282266,0.855457227138643,0.23265142398716407
0.49099647998809814,0.1345707656612529,0.855457227138643,0.23255813953488372
0.4909782111644745,0.1345083487940631,0.855457227138643,0.23246492985971942
0.49091199040412903,0.13444598980064906,0.855457227138643,0.2323717948717949
0.49089211225509644,0.13438368860055608,0.855457227138643,0.23227873448137767
0.4908647835254669,0.13432144511347846,0.855457227138643,0.2321857485988791
0.49086201190948486,0.13425925925925927,0.855457227138643,0.23209283713485396
0.4908423125743866,0.13419713095788988,0.855457227138643,0.232
0.49078667163848877,0.1341350601295097,0.855457227138643,0.23190723710515793
0.49067893624305725,0.13407304669440592,0.855457227138643,0.23181454836131096
0.49063050746917725,0.13401109057301294,0.855457227138643,0.2317219336795845
0.4906292259693146,0.13394919168591224,0.855457227138643,0.231629392971246
0.4904058575630188,0.13388734995383195,0.855457227138643,0.2315369261477046
0.49038177728652954,0.13382556529764653,0.855457227138643,0.23144453312051078
0.490337073802948,0.13376383763837638,0.855457227138643,0.2313522138013562
0.4903300702571869,0.13370216689718764,0.855457227138643,0.23125996810207336
0.4902869760990143,0.1336405529953917,0.855457227138643,0.23116779593463532
0.4902499318122864,0.13357899585444497,0.855457227138643,0.2310756972111554
0.4902409017086029,0.13351749539594843,0.855457227138643,0.23098367184388688
0.4901968836784363,0.1334560515416475,0.855457227138643,0.23089171974522293
0.4901856482028961,0.13339466421343146,0.855457227138643,0.23079984082769597
0.4901795983314514,0.13333333333333333,0.855457227138643,0.23070803500397774
0.49011772871017456,0.1332720588235294,0.855457227138643,0.2306163021868787
0.49005553126335144,0.133210840606339,0.855457227138643,0.23052464228934816
0.49003928899765015,0.13314967860422405,0.855457227138643,0.2304330552244736
0.48990654945373535,0.13308857273978889,0.855457227138643,0.2303415409054805
0.4898993968963623,0.13302752293577982,0.855457227138643,0.23025009924573245
0.48988795280456543,0.13296652911508483,0.855457227138643,0.23015873015873015
0.4898291230201721,0.13290559120073328,0.855457227138643,0.23006743355811185
0.4898139238357544,0.13284470911589555,0.855457227138643,0.22997620935765264
0.48979640007019043,0.13278388278388278,0.855457227138643,0.22988505747126436
0.48977741599082947,0.13272311212814644,0.855457227138643,0.2297939778129952
0.48971670866012573,0.13266239707227814,0.855457227138643,0.2297029702970297
0.4896373450756073,0.13260173754000915,0.855457227138643,0.22961203483768805
0.48962706327438354,0.13254113345521024,0.855457227138643,0.2295211713494262
0.4896250069141388,0.13248058474189128,0.855457227138643,0.22943037974683544
0.48958852887153625,0.1324200913242009,0.855457227138643,0.22933965994464214
0.48943015933036804,0.13235965312642628,0.855457227138643,0.2292490118577075
0.4893587827682495,0.1322992700729927,0.855457227138643,0.22915843540102726
0.4892997741699219,0.1322389420884633,0.855457227138643,0.22906793048973143
0.4892878830432892,0.13217866909753875,0.855457227138643,0.2289774970390841
0.4892585575580597,0.13211845102505695,0.855457227138643,0.22888713496448304
0.4892093539237976,0.1320582877959927,0.855457227138643,0.22879684418145957
0.4891367256641388,0.13199817933545743,0.855457227138643,0.2287066246056782
0.4891357719898224,0.13193812556869883,0.855457227138643,0.22861647615293657
0.48912104964256287,0.1318781264211005,0.855457227138643,0.2285263987391647
0.4891098737716675,0.1318181818181818,0.855457227138643,0.22843639228042534
0.48905181884765625,0.13175829168559747,0.855457227138643,0.22834645669291337
0.48902103304862976,0.13169845594913715,0.855457227138643,0.22825659189295552
0.48898249864578247,0.1316386745347254,0.855457227138643,0.22816679779701024
0.4889099895954132,0.13157894736842105,0.855457227138643,0.22807707432166732
0.4888733923435211,0.13151927437641722,0.855457227138643,0.2279874213836478
0.48882415890693665,0.1314596554850408,0.855457227138643,0.22789783889980353
0.4887412488460541,0.13140009062075214,0.855457227138643,0.22780832678711704
0.48864251375198364,0.13134057971014493,0.855457227138643,0.22771888496270123
0.48863446712493896,0.13128112267994568,0.855457227138643,0.22762951334379908
0.4885447919368744,0.13122171945701358,0.855457227138643,0.22754021184778345
0.48850131034851074,0.13116236996834013,0.855457227138643,0.22745098039215692
0.48845893144607544,0.13110307414104883,0.855457227138643,0.22736181889455115
0.4884113669395447,0.13104383190239494,0.855457227138643,0.2272727272727273
0.48830801248550415,0.13098464317976513,0.855457227138643,0.227183705444575
0.48829638957977295,0.1309255079006772,0.855457227138643,0.22709475332811277
0.4882778823375702,0.13086642599277978,0.855457227138643,0.2270058708414873
0.48822546005249023,0.13080739738385205,0.855457227138643,0.2269170579029734
0.4882073998451233,0.13074842200180342,0.855457227138643,0.2268283144309738
0.4881005883216858,0.13068949977467328,0.855457227138643,0.22673964034401878
0.488066166639328,0.13063063063063063,0.855457227138643,0.2266510355607659
0.4879990518093109,0.1305718144979739,0.855457227138643,0.22656250000000003
0.4879981279373169,0.13051305130513052,0.855457227138643,0.22647403358063256
0.4879532754421234,0.13045434098065678,0.855457227138643,0.2263856362217018
0.48794806003570557,0.1303956834532374,0.855457227138643,0.2262973078423722
0.4879189431667328,0.1303370786516854,0.855457227138643,0.22620904836193448
0.4878987967967987,0.1302785265049416,0.855457227138643,0.22612085769980506
0.4878458082675934,0.13022002694207455,0.855457227138643,0.2260327357755261
0.4878334403038025,0.13016157989228008,0.855457227138643,0.22594468250876512
0.48777925968170166,0.1301031852848811,0.855457227138643,0.22585669781931464
0.48777148127555847,0.13004484304932734,0.855457227138643,0.2257687816270922
0.48776257038116455,0.12998655311519497,0.855457227138643,0.22568093385214005
0.4877486824989319,0.12992831541218638,0.855457227138643,0.22559315441462466
0.4877014756202698,0.12987012987012986,0.855457227138643,0.22550544323483668
0.48769280314445496,0.12981199641897942,0.855457227138643,0.22541780023319086
0.48765692114830017,0.1297539149888143,0.855457227138643,0.22533022533022531
0.4876382052898407,0.129695885509839,0.855457227138643,0.22524271844660193
0.4875795841217041,0.12963790791238267,0.855457227138643,0.22515527950310557
0.4875584542751312,0.12957998212689903,0.855457227138643,0.22506790842064417
0.48755398392677307,0.12952210808396605,0.855457227138643,0.22498060512024826
0.48752620816230774,0.12946428571428573,0.855457227138643,0.22489336952307099
0.48746421933174133,0.12940651494868363,0.855457227138643,0.2248062015503876
0.4874145984649658,0.12934879571810884,0.855457227138643,0.2247191011235955
0.48740723729133606,0.12929112795363354,0.855457227138643,0.2246320681642138
0.4873026907444,0.12923351158645277,0.855457227138643,0.22454510259388308
0.48729172348976135,0.12962138084632516,0.8584070796460177,0.22523219814241485
0.4872449040412903,0.12956366874443456,0.8584070796460177,0.2251450676982592
0.48724281787872314,0.1295060080106809,0.8584070796460177,0.2250580046403712
0.48719412088394165,0.12944839857651247,0.8584070796460177,0.2249710088906069
0.48712825775146484,0.12939084037349932,0.8584070796460177,0.2248840803709428
0.4871145784854889,0.12933333333333333,0.8584070796460177,0.22479721900347624
0.48708832263946533,0.12927587738782764,0.8584070796460177,0.22471042471042474
0.48707136511802673,0.12921847246891652,0.8584070796460177,0.22462369741412583
0.4870470464229584,0.12916111850865514,0.8584070796460177,0.22453703703703703
0.48704081773757935,0.12910381543921917,0.8584070796460177,0.22445044350173543
0.4870406985282898,0.12893221089942403,0.8584070796460177,0.22419106317411405
0.48702651262283325,0.12881806108897742,0.8584070796460177,0.22401847575057737
0.4870188236236572,0.12876106194690265,0.8584070796460177,0.22393228164678722
0.4869997799396515,0.12870411322423705,0.8584070796460177,0.22384615384615383
0.4869985282421112,0.1286472148541114,0.8584070796460177,0.223760092272203
0.4868874251842499,0.12859036676977464,0.8584070796460177,0.22367409684857803
0.4868795871734619,0.12853356890459364,0.8584070796460177,0.22358816749903956
0.48687800765037537,0.12847682119205298,0.8584070796460177,0.22350230414746544
0.4867635667324066,0.12842012356575463,0.8584070796460177,0.2234165067178503
0.48675498366355896,0.12836347595941774,0.8584070796460177,0.22333077513430546
0.48674577474594116,0.1283068783068783,0.8584070796460177,0.22324510932105868
0.4867115616798401,0.12825033054208904,0.8584070796460177,0.223159509202454
0.48668110370635986,0.12819383259911896,0.8584070796460177,0.22307397470295134
0.4866729974746704,0.12813738441215325,0.8584070796460177,0.22298850574712645
0.4865921437740326,0.12808098591549297,0.8584070796460177,0.2229031022596706
0.48659151792526245,0.12802463704355477,0.8584070796460177,0.2228177641653905
0.4865341782569885,0.1279683377308707,0.8584070796460177,0.2227324913892078
0.48638612031936646,0.1279120879120879,0.8584070796460177,0.22264728385615914
0.4863833487033844,0.12785588752196836,0.8584070796460177,0.22256214149139578
0.48630592226982117,0.12779973649538867,0.8584070796460177,0.2224770642201835
0.4863011837005615,0.12774363476733977,0.8584070796460177,0.22239205196790218
0.48621267080307007,0.12768758227292673,0.8584070796460177,0.22230710466004583
0.4861919581890106,0.12763157894736843,0.8584070796460177,0.2222222222222222
0.4861821234226227,0.12839614373356706,0.8643067846607669,0.22357878672262496
0.4859555661678314,0.12833990363556724,0.8643067846607669,0.22349351639969492
0.4858829081058502,0.12828371278458844,0.8643067846607669,0.22340831109416698
0.48573631048202515,0.12822757111597374,0.8643067846607669,0.22332317073170732
0.4857328236103058,0.12817147856517935,0.8643067846607669,0.2232380952380952
0.4857198894023895,0.12811543506777437,0.8643067846607669,0.22315308453922314
0.48570409417152405,0.12805944055944055,0.8643067846607669,0.22306813856109628
0.48565661907196045,0.12800349497597205,0.8643067846607669,0.2229832572298326
0.4855692982673645,0.12794759825327512,0.8643067846607669,0.22289844047166224
0.48553794622421265,0.12789175032736796,0.8643067846607669,0.22281368821292774
0.4854256808757782,0.12783595113438045,0.8643067846607669,0.2227290003800836
0.48539960384368896,0.12778020061055387,0.8643067846607669,0.22264437689969607
0.4853944480419159,0.12772449869224062,0.8643067846607669,0.22255981769844282
0.4853852093219757,0.12766884531590414,0.8643067846607669,0.22247532270311313
0.4853626489639282,0.12761324041811847,0.8643067846607669,0.2223908918406072
0.4853611886501312,0.12755768393556813,0.8643067846607669,0.22230652503793627
0.48534703254699707,0.12750217580504786,0.8643067846607669,0.2222222222222222
0.4853039085865021,0.12744671596346238,0.8643067846607669,0.2221379833206975
0.485218346118927,0.12739130434782608,0.8643067846607669,0.2220538082607048
0.4851847290992737,0.12733594089526293,0.8643067846607669,0.22196969696969696
0.4851033389568329,0.1272806255430061,0.8643067846607669,0.22188564937523667
0.4850894808769226,0.12722535822839776,0.8643067846607669,0.22180166540499624
0.4850883185863495,0.1271701388888889,0.8643067846607669,0.22171774498675745
0.48504433035850525,0.12711496746203904,0.8643067846607669,0.2216338880484115
0.4850369989871979,0.12705984388551606,0.8643067846607669,0.22155009451795843
0.4850144386291504,0.1270047680970958,0.8643067846607669,0.2214663643235072
0.4848340153694153,0.12694974003466206,0.8643067846607669,0.22138269739327543
0.48479321599006653,0.12689475963620614,0.8643067846607669,0.2212990936555891
0.48477211594581604,0.12683982683982684,0.8643067846607669,0.2212155530388826
0.4847416877746582,0.12678494158373,0.8643067846607669,0.22113207547169814
0.48466190695762634,0.12673010380622837,0.8643067846607669,0.22104866088268577
0.4846150577068329,0.12667531344574146,0.8643067846607669,0.2209653092006033
0.4845670759677887,0.12662057044079517,0.8643067846607669,0.2208820203543159
0.4845370054244995,0.1265658747300216,0.8643067846607669,0.22079879427279578
0.4845035970211029,0.12651122625215888,0.8643067846607669,0.2207156308851224
0.48448020219802856,0.12645662494605092,0.8643067846607669,0.22063253012048192
0.4844481945037842,0.1264020707506471,0.8643067846607669,0.22054949190816708
0.4844464063644409,0.12634756360500216,0.8643067846607669,0.22046651617757712
0.4842509627342224,0.12629310344827585,0.8643067846607669,0.22038360285821737
0.48422107100486755,0.12623869021973289,0.8643067846607669,0.22030075187969927
0.4841984808444977,0.12618432385874245,0.8643067846607669,0.22021796317173992
0.4841671884059906,0.1261300043047783,0.8643067846607669,0.2201352366641623
0.484153151512146,0.12607573149741824,0.8643067846607669,0.22005257228689448
0.48414555191993713,0.12602150537634407,0.8643067846607669,0.21996996996996998
0.4840139150619507,0.12596732588134135,0.8643067846607669,0.2198874296435272
0.4839698076248169,0.1259131929522991,0.8643067846607669,0.2198049512378095
0.4839648902416229,0.12585910652920962,0.8643067846607669,0.2197225346831646
0.48393458127975464,0.1258050665521683,0.8643067846607669,0.21964017991004495
0.48392659425735474,0.1257510729613734,0.8643067846607669,0.21955788684900712
0.4839177131652832,0.12569712569712568,0.8643067846607669,0.2194756554307116
0.48390135169029236,0.12564322469982847,0.8643067846607669,0.21939348558592286
0.48387783765792847,0.12558936990998715,0.8643067846607669,0.21931137724550898
0.4838365912437439,0.12553556126820908,0.8643067846607669,0.21922933034044145
0.4838145077228546,0.12548179871520343,0.8643067846607669,0.2191473448017951
0.48379117250442505,0.12585616438356165,0.8672566371681416,0.21981308411214956
0.4837827980518341,0.1258023106546855,0.8672566371681416,0.2197309417040359
0.48360687494277954,0.12574850299401197,0.8672566371681416,0.2196488606649234
0.48359784483909607,0.12569474134245404,0.8672566371681416,0.2195668409260642
0.4833694398403168,0.12564102564102564,0.8672566371681416,0.21948488241881298
0.4832184910774231,0.12558735583084152,0.8672566371681416,0.21940298507462686
0.4832003712654114,0.125533731853117,0.8672566371681416,0.2193211488250653
0.4831540882587433,0.12548015364916773,0.8672566371681416,0.2192393736017897
0.48314523696899414,0.12542662116040956,0.8672566371681416,0.21915765933656356
0.4831317663192749,0.1253731343283582,0.8672566371681416,0.21907600596125187
0.4831158518791199,0.12531969309462915,0.8672566371681416,0.2189944134078212
0.4830109775066376,0.12526629740093737,0.8672566371681416,0.21891288160833955
0.48300984501838684,0.1252129471890971,0.8672566371681416,0.21883141049497581
0.4829937815666199,0.1251596424010217,0.8672566371681416,0.21874999999999997
0.482858270406723,0.1251063829787234,0.8672566371681416,0.21866865005578282
0.48282966017723083,0.12505316886431306,0.8672566371681416,0.21858736059479553
0.4827733635902405,0.125,0.8672566371681416,0.21850613154960982
0.48252275586128235,0.1249468763280918,0.8672566371681416,0.21842496285289748
0.48244479298591614,0.12489379779099405,0.8672566371681416,0.21834385443743035
0.4824199676513672,0.12484076433121019,0.8672566371681416,0.2182628062360802
0.4824050962924957,0.12478777589134125,0.8672566371681416,0.21818181818181817
0.4823678731918335,0.1247348324140857,0.8672566371681416,0.21810089020771514
0.4823284447193146,0.12468193384223919,0.8672566371681416,0.21802002224694106
0.4823210537433624,0.12462908011869436,0.8672566371681416,0.21793921423276502
0.4822372794151306,0.12457627118644068,0.8672566371681416,0.21785846609855505
0.4822028875350952,0.12494705633206268,0.8702064896755162,0.21851851851851853
0.4821840524673462,0.12489415749364945,0.8702064896755162,0.2184376156978897
0.4820857346057892,0.12484130342784595,0.8702064896755162,0.21835677276091783
0.48198434710502625,0.12478849407783418,0.8702064896755162,0.21827598964113945
0.48195892572402954,0.12473572938689217,0.8702064896755162,0.21819526627218935
0.4819568395614624,0.12468300929839392,0.8702064896755162,0.21811460258780038
0.48194923996925354,0.12463033375580904,0.8702064896755162,0.21803399852180338
0.48192858695983887,0.1245777027027027,0.8702064896755162,0.21795345400812705
0.4819163382053375,0.12452511608273534,0.8702064896755162,0.21787296898079767
0.48183396458625793,0.1248945147679325,0.8731563421828908,0.21853082318198597
0.48180755972862244,0.12484183888654576,0.8731563421828908,0.21845018450184503
0.4817256033420563,0.12478920741989882,0.8731563421828908,0.2183696053116931
0.48167747259140015,0.12473662031184155,0.8731563421828908,0.2182890855457227
0.48166629672050476,0.12468407750631845,0.8731563421828908,0.21820862513822337
0.4816643297672272,0.12463157894736843,0.8731563421828908,0.21812822402358142
0.4816519320011139,0.12457912457912458,0.8731563421828908,0.21804788213627993
0.48160073161125183,0.12452671434581405,0.8731563421828908,0.21796759941089838
0.4815424978733063,0.12447434819175777,0.8731563421828908,0.21788737578211262
0.4814627468585968,0.12442202606137033,0.8731563421828908,0.21780721118469465
0.48139262199401855,0.12436974789915967,0.8731563421828908,0.21772710555351232
0.4813813269138336,0.124317513649727,0.8731563421828908,0.21764705882352942
0.4813721179962158,0.12426532325776658,0.8731563421828908,0.2175670709298052
0.48133355379104614,0.12421317666806546,0.8731563421828908,0.21748714180749448
0.48126479983329773,0.12416107382550336,0.8731563421828908,0.21740727139184723
0.48123788833618164,0.1241090146750524,0.8731563421828908,0.21732745961820849
0.48120078444480896,0.12405699916177704,0.8731563421828908,0.21724770642201835
0.4811846911907196,0.12442396313364056,0.8761061946902655,0.2179016874541453
0.48118147253990173,0.12437185929648241,0.8761061946902655,0.2178217821782178
0.48117855191230774,0.1243197990791126,0.8761061946902655,0.217741935483871
0.48108968138694763,0.12426778242677824,0.8761061946902655,0.21766214730670577
0.48102661967277527,0.12421580928481807,0.8761061946902655,0.2175824175824176
0.4809779226779938,0.12416387959866221,0.8761061946902655,0.21750274624679605
0.4809580147266388,0.124111993313832,0.8761061946902655,0.21742313323572476
0.48092910647392273,0.12406015037593984,0.8761061946902655,0.21734357848518115
0.48087021708488464,0.12400835073068893,0.8761061946902655,0.21726408193123628
0.48081421852111816,0.12395659432387313,0.8761061946902655,0.21718464351005484
0.4807998836040497,0.12390488110137672,0.8761061946902655,0.21710526315789472
0.4807910621166229,0.12385321100917432,0.8761061946902655,0.21702594081110704
0.4807754158973694,0.12380158399333055,0.8761061946902655,0.21694667640613585
0.48074302077293396,0.12375,0.8761061946902655,0.21686746987951808
0.4806482493877411,0.1236984589754269,0.8761061946902655,0.2167883211678832
0.4806247353553772,0.12364696086594505,0.8761061946902655,0.2167092302079533
0.48049649596214294,0.12359550561797752,0.8761061946902655,0.21663019693654267
0.48049017786979675,0.12354409317803661,0.8761061946902655,0.2165512212905578
0.4804321229457855,0.1234927234927235,0.8761061946902655,0.2164723032069971
0.4804169833660126,0.12344139650872818,0.8761061946902655,0.21639344262295082
0.4803221821784973,0.12339011217282925,0.8761061946902655,0.2163146394756009
0.48031845688819885,0.12333887043189369,0.8761061946902655,0.2162358937022206
0.4802514612674713,0.1232876712328767,0.8761061946902655,0.21615720524017465
0.4802403450012207,0.12323651452282158,0.8761061946902655,0.2160785740269189
0.48019295930862427,0.12318540024885939,0.8761061946902655,0.216
0.48016348481178284,0.12313432835820895,0.8761061946902655,0.2159214830970556
0.4801398515701294,0.12349772067965188,0.8790560471976401,0.21656976744186046
0.48011863231658936,0.12344656172328086,0.8790560471976401,0.21649110061750818
0.4800964295864105,0.12339544513457557,0.8790560471976401,0.21641249092229484
0.4799914062023163,0.12334437086092716,0.8790560471976401,0.21633393829401087
0.47997042536735535,0.12329333884981382,0.8790560471976401,0.21625544267053698
0.47994744777679443,0.12324234904880066,0.8790560471976401,0.21617700398984402
0.47991979122161865,0.12319140140553948,0.8790560471976401,0.21609862218999273
0.4798717796802521,0.1231404958677686,0.8790560471976401,0.2160202972091337
0.4798213839530945,0.12308963238331268,0.8790560471976401,0.21594202898550724
0.4797786474227905,0.12303881090008258,0.8790560471976401,0.21586381745744296
0.4797062575817108,0.12298803136607511,0.8790560471976401,0.21578566256335988
0.47967788577079773,0.12293729372937294,0.8790560471976401,0.2157075642417662
0.4796263873577118,0.12288659793814433,0.8790560471976401,0.21562952243125902
0.47960346937179565,0.12283594394064304,0.8790560471976401,0.21555153707052443
0.47958022356033325,0.12278533168520808,0.8790560471976401,0.21547360809833696
0.4795418977737427,0.12273476112026359,0.8790560471976401,0.2153957354535598
0.479511022567749,0.12268423219431865,0.8790560471976401,0.2153179190751445
0.4794051945209503,0.12263374485596708,0.8790560471976401,0.21524015890213072
0.47938716411590576,0.12258329905388729,0.8790560471976401,0.2151624548736462
0.4793221354484558,0.1225328947368421,0.8790560471976401,0.21508480692890655
0.47931212186813354,0.12248253185367859,0.8790560471976401,0.215007215007215
0.47922438383102417,0.12243221035332785,0.8790560471976401,0.2149296790479625
0.4791894555091858,0.12238193018480492,0.8790560471976401,0.21485219899062727
0.47901245951652527,0.12233169129720854,0.8790560471976401,0.21477477477477477
0.47900211811065674,0.12228149363972096,0.8790560471976401,0.21469740634005763
0.47900086641311646,0.12223133716160788,0.8790560471976401,0.2146200936262153
0.4787514805793762,0.12218122181221812,0.8790560471976401,0.21454283657307416
0.47874510288238525,0.1221311475409836,0.8790560471976401,0.21446563512054695
0.4786840081214905,0.1220811142974191,0.8790560471976401,0.2143884892086331
0.4786815047264099,0.12203112203112203,0.8790560471976401,0.21431139877741817
0.4785864055156708,0.12198117069177242,0.8790560471976401,0.21423436376707405
0.47858068346977234,0.12234042553191489,0.8820058997050148,0.21487603305785125
0.47857657074928284,0.12229038854805727,0.8820058997050148,0.21479885057471265
0.478572815656662,0.12224039247751431,0.8820058997050148,0.214721723518851
0.47854796051979065,0.12219043727012668,0.8820058997050148,0.21464465183058148
0.47854071855545044,0.12214052287581699,0.8820058997050148,0.21456763545030502
0.47851407527923584,0.12209064924458962,0.8820058997050148,0.21449067431850788
0.47849270701408386,0.12204081632653062,0.8820058997050148,0.21441376837576193
0.4784819185733795,0.12199102407180742,0.8820058997050148,0.214336917562724
0.47845351696014404,0.12194127243066884,0.8820058997050148,0.21426012182013612
0.47844380140304565,0.12189156135344476,0.8820058997050148,0.21418338108882523
0.4783473312854767,0.12184189079054605,0.8820058997050148,0.21410669530970286
0.4782702624797821,0.12179226069246436,0.8820058997050148,0.2140300644237652
0.4782700538635254,0.12174267100977199,0.8820058997050148,0.21395348837209302
0.47821977734565735,0.12169312169312169,0.8820058997050148,0.2138769670958512
0.4782036244869232,0.12164361269324654,0.8820058997050148,0.21380050053628885
0.4781956672668457,0.12159414396095974,0.8820058997050148,0.21372408863473913
0.4781922996044159,0.12154471544715448,0.8820058997050148,0.21364773133261883
0.478189080953598,0.12149532710280374,0.8820058997050148,0.21357142857142855
0.47818803787231445,0.12144597887896019,0.8820058997050148,0.21349518029275258
0.47815728187561035,0.12139667072675599,0.8820058997050148,0.21341898643825835
0.4781256318092346,0.12134740259740259,0.8820058997050148,0.21334284694969677
0.4781094491481781,0.12129817444219067,0.8820058997050148,0.21326676176890155
0.47807684540748596,0.12124898621248986,0.8820058997050148,0.2131907308377897
0.47804492712020874,0.12119983785974868,0.8820058997050148,0.21311475409836064
0.4780125021934509,0.12115072933549433,0.8820058997050148,0.21303883149269678
0.4779868423938751,0.12110166059133252,0.8820058997050148,0.21296296296296297
0.4778836965560913,0.12105263157894737,0.8820058997050148,0.2128871484514062
0.4777897000312805,0.12100364225010117,0.8820058997050148,0.21281138790035586
0.4777466356754303,0.12095469255663431,0.8820058997050148,0.21273568125222342
0.4777226448059082,0.12090578245046502,0.8820058997050148,0.21266002844950213
0.47768378257751465,0.12085691188358932,0.8820058997050148,0.21258442943476716
0.4776262044906616,0.12080808080808081,0.8820058997050148,0.21250888415067518
0.4775650203227997,0.12075928917609047,0.8820058997050148,0.21243339253996452
0.4775311350822449,0.12071053693984658,0.8820058997050148,0.21235795454545456
0.47746211290359497,0.12066182405165456,0.8820058997050148,0.21228257011004617
0.4774579107761383,0.12061315046389673,0.8820058997050148,0.21220723917672107
0.47740209102630615,0.12056451612903225,0.8820058997050148,0.21213196168854206
0.47729530930519104,0.12051592099959693,0.8820058997050148,0.21205673758865248
0.47728219628334045,0.12046736502820306,0.8820058997050148,0.2119815668202765
0.4772774875164032,0.12041884816753927,0.8820058997050148,0.21190644932671862
0.4772185683250427,0.12037037037037036,0.8820058997050148,0.21183138505136379
0.47719234228134155,0.12032193158953722,0.8820058997050148,0.21175637393767702
0.47718897461891174,0.12027353177795656,0.8820058997050148,0.21168141592920356
0.47708529233932495,0.12022517088862082,0.8820058997050148,0.21160651096956828
0.47703292965888977,0.12017684887459808,0.8820058997050148,0.2115316590024761
0.47702446579933167,0.12012856568903174,0.8820058997050148,0.21145685997171146
0.47697868943214417,0.12008032128514057,0.8820058997050148,0.21138211382113822
0.47697314620018005,0.12003211561621839,0.8820058997050148,0.21130742049469967
0.47691529989242554,0.11998394863563402,0.8820058997050148,0.2112327799364182
0.4769100248813629,0.11993582029683113,0.8820058997050148,0.2111581920903955
0.4767998158931732,0.11988773055332799,0.8820058997050148,0.21108365690081185
0.4767925441265106,0.11983967935871744,0.8820058997050148,0.2110091743119266
0.47677698731422424,0.11979166666666667,0.8820058997050148,0.21093474426807762
0.47676441073417664,0.1197436924309171,0.8820058997050148,0.21086036671368125
0.47675156593322754,0.11969575660528423,0.8820058997050148,0.21078604159323228
0.47667962312698364,0.11964785914365746,0.8820058997050148,0.21071176885130372
0.476654976606369,0.1196,0.8820058997050148,0.21063754843254667
0.4766022861003876,0.11955217912834866,0.8820058997050148,0.21056338028169014
0.47658559679985046,0.11950439648281375,0.8820058997050148,0.21048926434354098
0.47656500339508057,0.11945665201757891,0.8820058997050148,0.21041520056298382
0.4764496684074402,0.11940894568690096,0.8820058997050148,0.21034118888498068
0.4764040410518646,0.11936127744510978,0.8820058997050148,0.21026722925457106
0.4763759970664978,0.11931364724660815,0.8820058997050148,0.2101933216168717
0.4763511121273041,0.11926605504587157,0.8820058997050148,0.2101194659170766
0.47632527351379395,0.11921850079744817,0.8820058997050148,0.2100456621004566
0.4762982130050659,0.11917098445595854,0.8820058997050148,0.20997191011235952
0.4762347936630249,0.11912350597609561,0.8820058997050148,0.20989820989820987
0.4762263000011444,0.11907606531262445,0.8820058997050148,0.20982456140350877
0.47620120644569397,0.11902866242038217,0.8820058997050148,0.20975096457383374
0.47618821263313293,0.11898129725427775,0.8820058997050148,0.2096774193548387
0.4761061668395996,0.11893396976929196,0.8820058997050148,0.20960392569225375
0.476014643907547,0.11888667992047713,0.8820058997050148,0.20953048353188505
0.47600987553596497,0.11883942766295708,0.8820058997050148,0.2094570928196147
0.47598958015441895,0.11879221295192689,0.8820058997050148,0.20938375350140054
0.4759153723716736,0.1187450357426529,0.8820058997050148,0.20931046552327617
0.47589755058288574,0.11869789599047241,0.8820058997050148,0.2092372288313506
0.47588205337524414,0.11865079365079365,0.8820058997050148,0.20916404337180833
0.4757128357887268,0.11860372867909559,0.8820058997050148,0.20909090909090908
0.47559428215026855,0.11855670103092783,0.8820058997050148,0.2090178259349878
0.47555071115493774,0.11850971066191042,0.8820058997050148,0.2089447938504542
0.4754737317562103,0.11846275752773376,0.8820058997050148,0.20887181278379324
0.47542425990104675,0.11841584158415841,0.8820058997050148,0.20879888268156424
0.47538018226623535,0.11836896278701504,0.8820058997050148,0.20872600349040138
0.4752616584300995,0.11832212109220419,0.8820058997050148,0.20865317515701323
0.47522374987602234,0.11827531645569621,0.8820058997050148,0.20858039762818278
0.4751630425453186,0.11822854883353104,0.8820058997050148,0.2085076708507671
0.4751304090023041,0.11818181818181818,0.8820058997050148,0.20843499477169744
0.4750252664089203,0.11813512445673646,0.8820058997050148,0.20836236933797908
0.47495371103286743,0.11808846761453397,0.8820058997050148,0.20828979449669102
0.47477948665618896,0.11804184761152783,0.8820058997050148,0.20821727019498606
0.47474905848503113,0.11799526440410418,0.8820058997050148,0.2081447963800905
0.47472214698791504,0.11794871794871795,0.8820058997050148,0.2080723729993041
0.47463715076446533,0.11790220820189275,0.8820058997050148,0.20800000000000002
0.4746347963809967,0.11785573512022074,0.8820058997050148,0.20792767732962447
0.4746282994747162,0.1178092986603625,0.8820058997050148,0.2078554049356969
0.4745110869407654,0.11776289877904687,0.8820058997050148,0.2077831827658096
0.4745064079761505,0.11771653543307087,0.8820058997050148,0.20771101076762766
0.4744887351989746,0.11767020857929948,0.8820058997050148,0.20763888888888887
0.4744390547275543,0.11762391817466562,0.8820058997050148,0.20756681707740368
0.47441747784614563,0.11757766417616988,0.8820058997050148,0.20749479528105483
0.4743908643722534,0.1175314465408805,0.8820058997050148,0.20742282344779742
0.47437751293182373,0.11748526522593321,0.8820058997050148,0.20735090152565883
0.4743032157421112,0.11743912018853103,0.8820058997050148,0.2072790294627383
0.47427961230278015,0.11739301138594425,0.8820058997050148,0.20720720720720723
0.47424131631851196,0.11734693877551021,0.8820058997050148,0.20713543470730864
0.47422555088996887,0.11730090231463319,0.8820058997050148,0.20706371191135736
0.47421783208847046,0.11725490196078431,0.8820058997050148,0.2069920387677397
0.4741872251033783,0.11720893767150137,0.8820058997050148,0.20692041522491347
0.47418469190597534,0.11716300940438872,0.8820058997050148,0.20684884123140782
0.47417375445365906,0.11711711711711711,0.8820058997050148,0.20677731673582295
0.47412657737731934,0.11707126076742365,0.8820058997050148,0.20670584168683026
0.47408029437065125,0.11702544031311155,0.8820058997050148,0.2066344160331721
0.4740339517593384,0.11697965571205007,0.8820058997050148,0.2065630397236615
0.4740222692489624,0.11693390692217442,0.8820058997050148,0.20649171270718233
0.47398868203163147,0.11688819390148554,0.8820058997050148,0.206420434932689
0.47397422790527344,0.11684251660805002,0.8820058997050148,0.20634920634920637
0.473935067653656,0.116796875,0.8820058997050148,0.20627802690582958
0.4738985002040863,0.116751269035533,0.8820058997050148,0.20620689655172414
0.4738403558731079,0.11670569867291179,0.8820058997050148,0.20613581523612548
0.47383928298950195,0.1166601638704643,0.8820058997050148,0.20606478290833907
0.4738351106643677,0.11661466458658347,0.8820058997050148,0.2059937995177403
0.4737696945667267,0.1165692007797271,0.8820058997050148,0.20592286501377413
0.4737604856491089,0.11652377240841777,0.8820058997050148,0.20585197934595525
0.47375980019569397,0.1164783794312427,0.8820058997050148,0.20578114246386786
0.47373321652412415,0.11643302180685358,0.8820058997050148,0.20571035431716547
0.47371864318847656,0.11638769949396652,0.8820058997050148,0.20563961485557083
0.473599374294281,0.11634241245136187,0.8820058997050148,0.20556892402887592
0.47355467081069946,0.11629716063788409,0.8820058997050148,0.2054982817869416
0.4735162854194641,0.11625194401244168,0.8820058997050148,0.20542768807969772
0.4734615385532379,0.116206762534007,0.8820058997050148,0.20535714285714288
0.4733487069606781,0.11616161616161616,0.8820058997050148,0.20528664606934433
0.4733354449272156,0.11611650485436893,0.8820058997050148,0.20521619766643787
0.47316810488700867,0.11607142857142858,0.8820058997050148,0.20514579759862778
0.4730933904647827,0.11602638727202173,0.8820058997050148,0.20507544581618656
0.4730163514614105,0.11598138091543832,0.8820058997050148,0.2050051422694549
0.47297564148902893,0.11593640946103141,0.8820058997050148,0.20493488690884168
0.47294890880584717,0.11589147286821705,0.8820058997050148,0.20486467968482355
0.4728938937187195,0.11584657109647424,0.8820058997050148,0.20479452054794522
0.4728619158267975,0.1158017041053447,0.8820058997050148,0.2047244094488189
0.4728318452835083,0.11575687185443283,0.8820058997050148,0.20465434633812457
0.4728126525878906,0.11571207430340558,0.8820058997050148,0.20458433116660965
0.4727913439273834,0.11566731141199227,0.8820058997050148,0.20451436388508892
0.472758412361145,0.11600928074245939,0.8849557522123894,0.20512820512820515
0.4726976454257965,0.11596443757247778,0.8849557522123894,0.2050580997949419
0.4726957380771637,0.11591962905718702,0.8849557522123894,0.2049880423641954
0.4726940393447876,0.11587485515643106,0.8849557522123894,0.20491803278688528
0.4726918041706085,0.11583011583011583,0.8849557522123894,0.20484807101399796
0.4726601541042328,0.11578541103820919,0.8849557522123894,0.20477815699658702
0.47262752056121826,0.11574074074074074,0.8849557522123894,0.20470829068577276
0.472586989402771,0.11569610489780177,0.8849557522123894,0.20463847203274216
0.47257983684539795,0.1156515034695451,0.8849557522123894,0.20456870098874871
0.4724714756011963,0.11560693641618497,0.8849557522123894,0.20449897750511248
0.4724600613117218,0.11556240369799692,0.8849557522123894,0.20442930153321975
0.4723632335662842,0.11551790527531768,0.8849557522123894,0.20435967302452318
0.4723590910434723,0.11547344110854503,0.8849557522123894,0.20429009193054137
0.47235631942749023,0.11581377452866487,0.887905604719764,0.2049012933968686
0.4723522663116455,0.11576923076923076,0.887905604719764,0.20483157536577065
0.47227421402931213,0.11572472126105345,0.887905604719764,0.20476190476190476
0.47226351499557495,0.11568024596464259,0.887905604719764,0.2046922815368922
0.47225862741470337,0.11563580484056857,0.887905604719764,0.2046227056424201
0.47220343351364136,0.11559139784946236,0.887905604719764,0.20455317703024128
0.4721946716308594,0.11554702495201535,0.887905604719764,0.20448369565217392
0.47218552231788635,0.11550268610897928,0.887905604719764,0.2044142614601019
0.4721406102180481,0.11545838128116609,0.887905604719764,0.2043448744059742
0.47211524844169617,0.11541411042944785,0.887905604719764,0.2042755344418052
0.47207486629486084,0.11536987351475661,0.887905604719764,0.20420624151967437
0.47201430797576904,0.11532567049808429,0.887905604719764,0.20413699559172602
0.4719981551170349,0.11528150134048257,0.887905604719764,0.20406779661016947
0.4719930589199066,0.1152373660030628,0.887905604719764,0.20399864452727892
0.4719780385494232,0.11519326444699579,0.887905604719764,0.20392953929539298
0.4717770218849182,0.11514919663351186,0.887905604719764,0.20386048086691502
0.4717558026313782,0.11510516252390057,0.887905604719764,0.2037914691943128
0.4717272222042084,0.1150611620795107,0.887905604719764,0.2037225042301184
0.4716099798679352,0.1150171952617501,0.887905604719764,0.2036535859269283
0.471583753824234,0.11497326203208556,0.887905604719764,0.20358471423740276
0.4713706374168396,0.11492936235204276,0.887905604719764,0.2035158891142664
0.4712701141834259,0.11526717557251909,0.8908554572271387,0.2041230145319365
0.47125765681266785,0.11522319725295689,0.8908554572271387,0.20405405405405405
0.47124046087265015,0.11517925247902365,0.8908554572271387,0.2039851401553529
0.47121462225914,0.11513534121235226,0.8908554572271387,0.2039162727886563
0.4711526930332184,0.11509146341463415,0.8908554572271387,0.20384745190685116
0.47110894322395325,0.11504761904761905,0.8908554572271387,0.20377867746288802
0.4710906744003296,0.115003808073115,0.8908554572271387,0.20370994940978077
0.47105100750923157,0.1149600304529882,0.8908554572271387,0.2036412677006069
0.4710399806499481,0.11529680365296803,0.8938053097345132,0.2042467138523761
0.47102612257003784,0.11525294788893116,0.8938053097345132,0.204177897574124
0.47102174162864685,0.11520912547528517,0.8938053097345132,0.20410912765240818
0.4709681570529938,0.11516533637400228,0.8938053097345132,0.20404040404040405
0.4709474742412567,0.11512158054711247,0.8938053097345132,0.20397172669134972
0.4709312617778778,0.11507785795670337,0.8938053097345132,0.2039030955585464
0.47084930539131165,0.11503416856492027,0.8938053097345132,0.2038345105953582
0.47084641456604004,0.11499051233396584,0.8938053097345132,0.20376597175521183
0.4707764983177185,0.11494688922610015,0.8938053097345132,0.20369747899159663
0.47069188952445984,0.1149032992036405,0.8938053097345132,0.20362903225806453
0.4706770181655884,0.11485974222896134,0.8938053097345132,0.20356063150822976
0.4706580340862274,0.11481621826449413,0.8938053097345132,0.20349227669576897
0.4706431031227112,0.11477272727272728,0.8938053097345132,0.20342396777442093
0.4706151783466339,0.11472926921620598,0.8938053097345132,0.20335570469798658
0.4705827534198761,0.11468584405753217,0.8938053097345132,0.20328748742032876
0.47047606110572815,0.11464245175936436,0.8938053097345132,0.20321931589537223
0.4704110622406006,0.11459909228441754,0.8938053097345132,0.2031511900771036
0.4703952968120575,0.11455576559546314,0.8938053097345132,0.20308310991957104
0.4703896939754486,0.1145124716553288,0.8938053097345132,0.20301507537688443
0.47025689482688904,0.11446921042689838,0.8938053097345132,0.202947086403215
0.4701995253562927,0.11442598187311179,0.8938053097345132,0.20287914295279547
0.470182865858078,0.1143827859569649,0.8938053097345132,0.20281124497991967
0.47003698348999023,0.11471698113207547,0.8967551622418879,0.203412512546002
0.4700332283973694,0.11467370803470389,0.8967551622418879,0.2033444816053512
0.47001248598098755,0.11463046757164404,0.8967551622418879,0.20327649615513205
0.4700062572956085,0.11458725970599322,0.8967551622418879,0.20320855614973266
0.46998342871665955,0.1145440844009043,0.8967551622418879,0.20314066154360175
0.4699538052082062,0.11450094161958568,0.8967551622418879,0.20307281229124916
0.4699535071849823,0.1144578313253012,0.8967551622418879,0.20300500834724536
0.46993717551231384,0.11441475348136997,0.8967551622418879,0.20293724966622162
0.46989905834198,0.1143717080511663,0.8967551622418879,0.20286953620286954
0.469747930765152,0.1143286949981196,0.8967551622418879,0.20280186791194127
0.4694223701953888,0.11428571428571428,0.8967551622418879,0.20273424474824941
0.46941712498664856,0.11424276587748966,0.8967551622418879,0.20266666666666666
0.4693928062915802,0.11419984973703982,0.8967551622418879,0.20259913362212598
0.46939268708229065,0.11415696582801352,0.8967551622418879,0.20253164556962028
0.4693663716316223,0.11448948948948949,0.8997050147492626,0.2031302031302031
0.46935775876045227,0.11444652908067542,0.8997050147492626,0.20306258322237017
0.4693104028701782,0.11440360090022506,0.8997050147492626,0.20299500831946757
0.4692755341529846,0.11436070491188602,0.8997050147492626,0.20292747837658018
0.46924540400505066,0.11431784107946028,0.8997050147492626,0.20285999334885269
0.4691937565803528,0.11427500936680404,0.8997050147492626,0.20279255319148937
0.4691265821456909,0.11423220973782772,0.8997050147492626,0.20272515785975406
0.46898484230041504,0.1141894421564957,0.8997050147492626,0.20265780730897012
0.4689631164073944,0.11414670658682635,0.8997050147492626,0.2025905014945201
0.46888816356658936,0.11447811447811448,0.9026548672566371,0.20318725099601595
0.46875908970832825,0.11443530291697832,0.9026548672566371,0.20311981413873215
0.46873950958251953,0.11439252336448598,0.9026548672566371,0.20305242203052423
0.4687311053276062,0.11434977578475336,0.9026548672566371,0.20298507462686569
0.4686940312385559,0.11430706014194994,0.9026548672566371,0.20291777188328913
0.4686686396598816,0.11426437640029873,0.9026548672566371,0.20285051375538612
0.4686294496059418,0.11422172452407615,0.9026548672566371,0.20278330019880716
0.46844282746315,0.11417910447761194,0.9026548672566371,0.20271613116926132
0.4684201180934906,0.11413651622528907,0.9026548672566371,0.20264900662251656
0.4683520793914795,0.11409395973154363,0.9026548672566371,0.20258192651439919
0.4683245122432709,0.1140514349608647,0.9026548672566371,0.20251489080079418
0.4682670533657074,0.11400894187779434,0.9026548672566371,0.2024478994376447
0.4681873917579651,0.11396648044692738,0.9026548672566371,0.20238095238095236
0.4681769907474518,0.11392405063291139,0.9026548672566371,0.20231404958677685
0.46809443831443787,0.11388165240044659,0.9026548672566371,0.20224719101123595
0.4680841863155365,0.11383928571428571,0.9026548672566371,0.20218037661050545
0.46796345710754395,0.11379695053923392,0.9026548672566371,0.202113606340819
0.467931866645813,0.1137546468401487,0.9026548672566371,0.2020468801584681
0.4679303467273712,0.11371237458193979,0.9026548672566371,0.20198019801980197
0.4678855538368225,0.11367013372956909,0.9026548672566371,0.20191355988122733
0.4678751230239868,0.1136279242480505,0.9026548672566371,0.20184696569920843
0.4677508771419525,0.11358574610244988,0.9026548672566371,0.20178041543026703
0.46774208545684814,0.11354359925788497,0.9026548672566371,0.2017139090309822
0.4676111936569214,0.11350148367952523,0.9026548672566371,0.20164744645799013
0.4676104485988617,0.11345939933259176,0.9026548672566371,0.2015810276679842
0.46757298707962036,0.11378799110452187,0.9056047197640118,0.20217319723411262
0.46755754947662354,0.11374583178955168,0.9056047197640118,0.2021066491112574
0.4675306975841522,0.11370370370370371,0.9056047197640118,0.20204014478446858
0.46750152111053467,0.11366160681229175,0.9056047197640118,0.2019736842105263
0.46747907996177673,0.11361954108068098,0.9056047197640118,0.20190726734626765
0.4674670696258545,0.11357750647428783,0.9056047197640118,0.20184089414858644
0.4674449563026428,0.11353550295857988,0.9056047197640118,0.20177456457443313
0.46738067269325256,0.11349353049907579,0.9056047197640118,0.2017082785808147
0.46735307574272156,0.11345158906134516,0.9056047197640118,0.20164203612479473
0.4673447906970978,0.1134096786110085,0.9056047197640118,0.2015758371634931
0.46732857823371887,0.11336779911373708,0.9056047197640118,0.20150968165408598
0.46731817722320557,0.11332595053525286,0.9056047197640118,0.20144356955380577
0.4672871530056,0.11328413284132842,0.9056047197640118,0.201377500819941
0.4672214984893799,0.11324234599778679,0.9056047197640118,0.20131147540983607
0.46706172823905945,0.11320058997050148,0.9056047197640118,0.2012454932808915
0.4669952690601349,0.11315886472539624,0.9056047197640118,0.20117955439056356
0.46696385741233826,0.1131171702284451,0.9056047197640118,0.20111365869636424
0.466936320066452,0.11307550644567219,0.9056047197640118,0.20104780615586118
0.46683788299560547,0.1130338733431517,0.9056047197640118,0.20098199672667758
0.46682390570640564,0.11299227088700772,0.9056047197640118,0.20091623036649214
0.4668058156967163,0.11295069904341427,0.9056047197640118,0.2008505070330389
0.4667988121509552,0.11290915777859507,0.9056047197640118,0.20078482668410727
0.46664881706237793,0.11286764705882353,0.9056047197640118,0.2007191892775417
0.46658310294151306,0.11282616685042264,0.9056047197640118,0.20065359477124184
0.46648502349853516,0.11278471711976489,0.9056047197640118,0.2005880431231624
0.46643730998039246,0.11274329783327212,0.9056047197640118,0.2005225342913129
0.46638646721839905,0.11270190895741557,0.9056047197640118,0.20045706823375778
0.46635928750038147,0.11266055045871559,0.9056047197640118,0.2003916449086162
0.46613943576812744,0.11261922230374175,0.9056047197640118,0.200326264274062
0.466079980134964,0.11257792445911258,0.9056047197640118,0.20026092628832354
0.4660494029521942,0.1125366568914956,0.9056047197640118,0.2001956309096837
0.4660432040691376,0.11249541956760718,0.9056047197640118,0.2001303780964798
0.4660055637359619,0.11245421245421246,0.9056047197640118,0.2000651678071033
0.4659443199634552,0.11241303551812523,0.9056047197640118,0.2
0.465861052274704,0.1123718887262079,0.9056047197640118,0.1999348746336698
0.46578675508499146,0.11233077204537138,0.9056047197640118,0.19986979166666666
0.4657585024833679,0.11228968544257498,0.9056047197640118,0.19980475105759843
0.46575653553009033,0.11224862888482633,0.9056047197640118,0.19973975276512687
0.4656621813774109,0.11220760233918128,0.9056047197640118,0.19967479674796745
0.46561938524246216,0.11216660577274389,0.9056047197640118,0.19960988296488946
0.46558907628059387,0.11212563915266618,0.9056047197640118,0.19954501137471564
0.46543946862220764,0.11208470244614822,0.9056047197640118,0.1994801819363223
0.4654143750667572,0.11204379562043795,0.9056047197640118,0.1994153946086392
0.4654124975204468,0.11200291864283109,0.9056047197640118,0.19935064935064936
0.4652961790561676,0.11196207148067104,0.9056047197640118,0.19928594612138914
0.46528664231300354,0.11192125410134889,0.9056047197640118,0.19922128487994809
0.4652402698993683,0.11188046647230321,0.9056047197640118,0.19915666558546868
0.4650854170322418,0.11183970856102003,0.9056047197640118,0.19909208819714652
0.46503210067749023,0.11179898033503277,0.9056047197640118,0.19902755267423014
0.465023010969162,0.1117582817619221,0.9056047197640118,0.19896305897602076
0.46500879526138306,0.11171761280931587,0.9056047197640118,0.19889860706187237
0.464995801448822,0.11167697344488905,0.9056047197640118,0.19883419689119172
0.46488767862319946,0.11163636363636363,0.9056047197640118,0.19876982842343802
0.4648495614528656,0.11159578335150855,0.9056047197640118,0.198705501618123
0.46480947732925415,0.11155523255813954,0.9056047197640118,0.19864121643481075
0.4647233188152313,0.11151471122411914,0.9056047197640118,0.19857697283311773
0.4646190106868744,0.11147421931735657,0.9056047197640118,0.19851277077271257
0.46459633111953735,0.11143375680580762,0.9056047197640118,0.19844861021331608
0.464584082365036,0.1113933236574746,0.9056047197640118,0.19838449111470113
0.4645116329193115,0.11135291984040624,0.9056047197640118,0.19832041343669252
0.4644424021244049,0.1113125453226976,0.9056047197640118,0.19825637713916694
0.4644376039505005,0.11127220007249003,0.9056047197640118,0.19819238218205296
0.46430790424346924,0.11123188405797102,0.9056047197640118,0.1981284285253308
0.4641769528388977,0.11119159724737414,0.9056047197640118,0.19806451612903225
0.46417659521102905,0.111151339608979,0.9056047197640118,0.1980006449532409
0.46415287256240845,0.1111111111111111,0.9056047197640118,0.19793681495809154
0.4641018807888031,0.11107091172214183,0.9056047197640118,0.19787302610377056
0.4640938639640808,0.11103074141048824,0.9056047197640118,0.19780927835051543
0.46409088373184204,0.11099060014461316,0.9056047197640118,0.19774557165861512
0.46406951546669006,0.11095048789302493,0.9056047197640118,0.19768190598840954
0.4640532433986664,0.11091040462427745,0.9056047197640118,0.19761828130028966
0.4640132486820221,0.11087035030697003,0.9056047197640118,0.19755469755469754
0.4639657735824585,0.1108303249097473,0.9056047197640118,0.19749115471212608
0.4639505445957184,0.11079032840129917,0.9056047197640118,0.19742765273311894
0.4639308452606201,0.11075036075036075,0.9056047197640118,0.19736419157827065
0.46386095881462097,0.11071042192571222,0.9056047197640118,0.19730077120822623
0.4638267755508423,0.1106705118961788,0.9056047197640118,0.1972373915836813
0.46378543972969055,0.11063063063063062,0.9056047197640118,0.19717405266538215
0.4637412428855896,0.1105907780979827,0.9056047197640118,0.1971107544141252
0.4636727571487427,0.11055095426719481,0.9056047197640118,0.1970474967907574
0.46360746026039124,0.11051115910727141,0.9056047197640118,0.1969842797561758
0.46359556913375854,0.1104713925872616,0.9056047197640118,0.19692110327132778
0.4632789194583893,0.110431654676259,0.9056047197640118,0.19685796729721067
0.4632246792316437,0.11039194534340166,0.9056047197640118,0.19679487179487182
0.46306684613227844,0.11035226455787203,0.9056047197640118,0.19673181672540851
0.46306610107421875,0.11031261228889687,0.9056047197640118,0.19666880204996795
0.4629010558128357,0.11027298850574713,0.9056047197640118,0.19660582772974705
0.46288952231407166,0.11023339317773788,0.9056047197640118,0.19654289372599232
0.4628560543060303,0.11019382627422829,0.9056047197640118,0.19648000000000002
0.46285203099250793,0.11015428776462145,0.9056047197640118,0.1964171465131158
0.46283936500549316,0.11011477761836441,0.9056047197640118,0.1963543332267349
0.4627818167209625,0.11007529580494801,0.9056047197640118,0.1962915601023018
0.4627224802970886,0.11003584229390681,0.9056047197640118,0.19622882710131034
0.4627189040184021,0.10999641705481907,0.9056047197640118,0.19616613418530351
0.46270743012428284,0.10995702005730659,0.9056047197640118,0.19610348131587355
0.4626983404159546,0.10991765127103473,0.9056047197640118,0.19604086845466157
0.4626336395740509,0.10987831066571224,0.9056047197640118,0.1959782955633578
0.4626322090625763,0.10983899821109123,0.9056047197640118,0.19591576260370133
0.46259158849716187,0.10979971387696709,0.9056047197640118,0.19585326953748006
0.4625498950481415,0.1097604576331784,0.9056047197640118,0.19579081632653061
0.46248477697372437,0.10972122944960686,0.9056047197640118,0.19572840293273827
0.46239984035491943,0.10968202929617721,0.9056047197640118,0.19566602931803695
0.46234315633773804,0.10964285714285714,0.9056047197640118,0.19560369544440903
0.4623110294342041,0.10960371295965726,0.9056047197640118,0.19554140127388536
0.4622461199760437,0.10956459671663098,0.9056047197640118,0.19547914676854505
0.46210119128227234,0.10952550838387443,0.9056047197640118,0.19541693189051562
0.4620918333530426,0.10948644793152638,0.9056047197640118,0.19535475660197266
0.46206134557724,0.10944741532976827,0.9056047197640118,0.19529262086513996
0.4620159864425659,0.10940841054882394,0.9056047197640118,0.19523052464228935
0.4619096517562866,0.10936943355895974,0.9056047197640118,0.19516846789574063
0.4618091583251953,0.10933048433048433,0.9056047197640118,0.19510645058786144
0.4615546464920044,0.10929156283374866,0.9056047197640118,0.1950444726810673
0.46140074729919434,0.1092526690391459,0.9056047197640118,0.19498253413782152
0.46132153272628784,0.10921380291711134,0.9056047197640118,0.19492063492063494
0.461247980594635,0.10917496443812233,0.9056047197640118,0.194858774992066
0.46124207973480225,0.10913615357269818,0.9056047197640118,0.19479695431472077
0.46122097969055176,0.10909737029140014,0.9056047197640118,0.19473517285125275
0.46121373772621155,0.10905861456483126,0.9056047197640118,0.1946734305643627
0.4611010253429413,0.10901988636363637,0.9056047197640118,0.19461172741679872
0.46105363965034485,0.10898118565850196,0.9056047197640118,0.19455006337135616
0.46103623509407043,0.10894251242015614,0.9056047197640118,0.1944884383908774
0.4608418345451355,0.10890386661936857,0.9056047197640118,0.19442685243825208
0.46080678701400757,0.10886524822695036,0.9056047197640118,0.19436530547641662
0.46067312359809875,0.108826657213754,0.9056047197640118,0.19430379746835444
0.46066051721572876,0.10878809355067329,0.9056047197640118,0.19424232837709585
0.4606398940086365,0.1087495572086433,0.9056047197640118,0.19418089816571793
0.4605433940887451,0.10871104815864023,0.9056047197640118,0.1941195067973443
0.4605388343334198,0.10867256637168142,0.9056047197640118,0.19405815423514539
0.4605209231376648,0.1086341118188252,0.9056047197640118,0.19399684044233806
0.4604742228984833,0.10859568447117085,0.9056047197640118,0.1939355653821857
0.46047133207321167,0.10855728429985856,0.9056047197640118,0.19387432901799811
0.4604533016681671,0.10851891127606929,0.9056047197640118,0.1938131313131313
0.46044448018074036,0.10848056537102474,0.9056047197640118,0.1937519722309877
0.4603264331817627,0.10844224655598729,0.9056047197640118,0.19369085173501577
0.46028396487236023,0.10840395480225988,0.9056047197640118,0.19362976978871016
0.460269957780838,0.10836569008118602,0.9056047197640118,0.1935687263556116
0.46026718616485596,0.10832745236414962,0.9056047197640118,0.19350772139930666
0.46025511622428894,0.10828924162257496,0.9056047197640118,0.19344675488342786
0.46021801233291626,0.10860366713681241,0.9085545722713865,0.19401574803149607
0.4601958394050598,0.10887949260042283,0.911504424778761,0.19452313503305005
0.4600597620010376,0.10919337794998239,0.9144542772861357,0.19509125235997485
0.46002209186553955,0.10915492957746478,0.9144542772861357,0.1950298836111985
0.45996710658073425,0.1091165082717353,0.9144542772861357,0.19496855345911948
0.4599410891532898,0.10907811400422238,0.9144542772861357,0.19490726186733734
0.45984920859336853,0.10903974674639465,0.9144542772861357,0.19484600879949715
0.45984286069869995,0.1090014064697609,0.9144542772861357,0.19478479421929
0.4598323702812195,0.10896309314586995,0.9144542772861357,0.19472361809045224
0.4598306715488434,0.10892480674631061,0.9144542772861357,0.19466248037676606
0.45981478691101074,0.10888654724271163,0.9144542772861357,0.194601381042059
0.45980456471443176,0.10919943820224719,0.9174041297935103,0.19516786946972076
0.45972809195518494,0.10916110916110916,0.9174041297935103,0.19510664993726476
0.4595712721347809,0.10912280701754386,0.9174041297935103,0.19504546879899656
0.4592996835708618,0.10908453174324799,0.9174041297935103,0.19498432601880877
0.45924246311187744,0.10904628330995793,0.9174041297935103,0.19492322156063932
0.45921263098716736,0.10900806168944971,0.9174041297935103,0.19486215538847118
0.4591773450374603,0.10896986685353889,0.9174041297935103,0.1948011274663326
0.4591473937034607,0.10893169877408056,0.9174041297935103,0.19474013775829682
0.45913296937942505,0.10889355742296919,0.9174041297935103,0.19467918622848202
0.4591142535209656,0.10885544277213861,0.9174041297935103,0.19461827284105132
0.4590686857700348,0.10881735479356193,0.9174041297935103,0.1945573975602127
0.45893731713294983,0.10877929345925148,0.9174041297935103,0.19449656035021887
0.4589177966117859,0.10874125874125874,0.9174041297935103,0.1944357611753673
0.45887109637260437,0.10870325061167424,0.9174041297935103,0.194375
0.45878317952156067,0.10866526904262754,0.9174041297935103,0.1943142767885036
0.4587611258029938,0.10862731400628711,0.9174041297935103,0.19425359150530916
0.4587235450744629,0.10858938547486034,0.9174041297935103,0.19419294411489232
0.4587162435054779,0.10855148342059337,0.9174041297935103,0.1941323345817728
0.45865774154663086,0.10851360781577112,0.9174041297935103,0.19407176287051484
0.45859551429748535,0.10847575863271712,0.9174041297935103,0.19401122894572673
0.4585951566696167,0.10843793584379359,0.9174041297935103,0.19395073277206112
0.4585185945034027,0.10840013942140118,0.9174041297935103,0.1938902743142145
0.45843586325645447,0.10836236933797909,0.9174041297935103,0.19382985353692736
0.4584144353866577,0.10832462556600488,0.9174041297935103,0.19376947040498443
0.45827046036720276,0.10828690807799443,0.9174041297935103,0.19370912488321396
0.4582107961177826,0.10824921684650192,0.9174041297935103,0.1936488169364882
0.4581886827945709,0.1082115518441197,0.9174041297935103,0.193588546529723
0.45817166566848755,0.10817391304347826,0.9174041297935103,0.19352831362787803
0.45815154910087585,0.10813630041724617,0.9174041297935103,0.19346811819595644
0.45804262161254883,0.10809871393813,0.9174041297935103,0.193407960199005
0.45802581310272217,0.10806115357887422,0.9174041297935103,0.19334783960211377
0.4579939544200897,0.1080236193122612,0.9174041297935103,0.1932877563704164
0.45792800188064575,0.10798611111111112,0.9174041297935103,0.1932277104690898
0.4579053521156311,0.10794862894828185,0.9174041297935103,0.19316770186335402
0.4578964114189148,0.10791117279666898,0.9174041297935103,0.19310773051847252
0.4578765630722046,0.10787374262920568,0.9174041297935103,0.1930477963997517
0.4577936828136444,0.10783633841886268,0.9174041297935103,0.19298789947254108
0.457686185836792,0.10779896013864818,0.9174041297935103,0.19292803970223324
0.45768168568611145,0.10776160776160776,0.9174041297935103,0.19286821705426357
0.45759332180023193,0.10772428126082438,0.9174041297935103,0.19280843149411037
0.45756351947784424,0.10768698060941828,0.9174041297935103,0.1927486829872947
0.45754650235176086,0.1076497057805469,0.9174041297935103,0.1926889714993804
0.4575061798095703,0.10761245674740484,0.9174041297935103,0.19262929699597398
0.45749154686927795,0.1075752334832238,0.9174041297935103,0.19256965944272447
0.45746225118637085,0.10753803596127248,0.9174041297935103,0.1925100588053234
0.45745182037353516,0.10750086415485655,0.9174041297935103,0.19245049504950495
0.4573131799697876,0.10746371803731859,0.9174041297935103,0.19239096814104548
0.45725420117378235,0.107426597582038,0.9174041297935103,0.19233147804576375
0.45723792910575867,0.10738950276243094,0.9174041297935103,0.19227202472952085
0.45717743039131165,0.10735243355195029,0.9174041297935103,0.19221260815822003
0.45717653632164,0.10731538992408558,0.9174041297935103,0.19215322829780662
0.45715874433517456,0.10727837185236289,0.9174041297935103,0.19209388511426806
0.45713409781455994,0.10724137931034483,0.9174041297935103,0.19203457857363385
0.4570869505405426,0.10720441227163047,0.9174041297935103,0.1919753086419753
0.4570715129375458,0.10716747070985527,0.9174041297935103,0.19191607528540572
0.4570525884628296,0.107130554598691,0.9174041297935103,0.1918568784700802
0.45704343914985657,0.10709366391184573,0.9174041297935103,0.19179771816219549
0.45701494812965393,0.10705679862306368,0.9174041297935103,0.19173859432799012
0.4569453299045563,0.10701995870612525,0.9174041297935103,0.1916795069337442
0.456898957490921,0.10698314413484693,0.9174041297935103,0.19162045594577942
0.45680907368659973,0.10694635488308116,0.9174041297935103,0.19156144133045888
0.456676185131073,0.1069095909247164,0.9174041297935103,0.1915024630541872
0.45654067397117615,0.10687285223367697,0.9174041297935103,0.19144352108341026
0.45651841163635254,0.10683613878392305,0.9174041297935103,0.1913846153846154
0.45651593804359436,0.10679945054945054,0.9174041297935103,0.191325745924331
0.45640257000923157,0.1067627875042911,0.9174041297935103,0.19126691266912668
0.4563937187194824,0.106726149622512,0.9174041297935103,0.19120811558561326
0.4563533067703247,0.10668953687821613,0.9174041297935103,0.19114935464044253
0.45625993609428406,0.10665294924554183,0.9174041297935103,0.1910906298003072
0.45623070001602173,0.10661638669866301,0.9174041297935103,0.19103194103194104
0.4562065899372101,0.1065798492117889,0.9174041297935103,0.19097328830211852
0.4561866223812103,0.1065433367591641,0.9174041297935103,0.190914671577655
0.4561368227005005,0.1065068493150685,0.9174041297935103,0.19085609082540658
0.45613622665405273,0.10647038685381718,0.9174041297935103,0.19079754601226992
0.4560016393661499,0.10643394934976044,0.9174041297935103,0.1907390371051825
0.45593592524528503,0.10639753677728361,0.9174041297935103,0.19068056407112202
0.45586156845092773,0.10636114911080712,0.9174041297935103,0.19062212687710695
0.45584800839424133,0.10632478632478633,0.9174041297935103,0.1905637254901961
0.4557861387729645,0.10628844839371156,0.9174041297935103,0.1905053598774885
0.4557514190673828,0.10625213529210796,0.9174041297935103,0.1904470300061237
0.4557479918003082,0.10621584699453553,0.9174041297935103,0.1903887358432813
0.45567455887794495,0.10617958347558894,0.9174041297935103,0.19033047735618114
0.45556944608688354,0.10614334470989761,0.9174041297935103,0.1902722545120832
0.45556727051734924,0.10610713067212556,0.9174041297935103,0.1902140672782875
0.4555526375770569,0.10607094133697136,0.9174041297935103,0.1901559156221339
0.45549672842025757,0.1060347766791681,0.9174041297935103,0.19009779951100247
0.4554714560508728,0.1059986366734833,0.9174041297935103,0.19003971891231286
0.4554547369480133,0.1059625212947189,0.9174041297935103,0.18998167379352474
0.4553959369659424,0.10592643051771117,0.9174041297935103,0.18992366412213738
0.45539361238479614,0.10589036431733061,0.9174041297935103,0.18986568986568986
0.45536527037620544,0.10585432266848196,0.9174041297935103,0.18980775099176073
0.45535901188850403,0.10581830554610412,0.9174041297935103,0.18974984746796827
0.45535409450531006,0.10578231292517007,0.9174041297935103,0.1896919792619701
0.4551186263561249,0.10574634478068684,0.9174041297935103,0.18963414634146342
0.4550490975379944,0.10571040108769544,0.9174041297935103,0.18957634867418469
0.455016553401947,0.10567448182127082,0.9174041297935103,0.18951858622790985
0.45494377613067627,0.10563858695652174,0.9174041297935103,0.18946085897045384
0.45476973056793213,0.10560271646859083,0.9174041297935103,0.18940316686967112
0.4546712338924408,0.10556687033265445,0.9174041297935103,0.1893455098934551
0.4545326828956604,0.10553104852392263,0.9174041297935103,0.18928788800973825
0.4545135200023651,0.10549525101763908,0.9174041297935103,0.18923030118649226
0.4544377028942108,0.10545947778908105,0.9174041297935103,0.18917274939172746
0.4543602168560028,0.10542372881355933,0.9174041297935103,0.18911523259349347
0.45432040095329285,0.10538800406641817,0.9174041297935103,0.18905775075987846
0.45425888895988464,0.10535230352303523,0.9174041297935103,0.18900030385900943
0.4541829228401184,0.10531662715882154,0.9174041297935103,0.18894289185905225
0.4541768431663513,0.1052809749492214,0.9174041297935103,0.18888551472821136
0.45416462421417236,0.10524534686971235,0.9174041297935103,0.1888281724347298
0.454130619764328,0.10520974289580515,0.9174041297935103,0.18877086494688924
0.4540252089500427,0.10517416300304362,0.9174041297935103,0.1887135922330097
0.4539755880832672,0.10513860716700474,0.9174041297935103,0.18865635426144983
0.45392006635665894,0.10510307536329841,0.9174041297935103,0.18859915100060642
0.45389649271965027,0.10506756756756756,0.9174041297935103,0.18854198241891482
0.4538940191268921,0.10503208375548802,0.9174041297935103,0.18848484848484848
0.4538852870464325,0.1049966239027684,0.9174041297935103,0.18842774916691912
0.45386961102485657,0.10496118798515018,0.9174041297935103,0.18837068443367655
0.45370960235595703,0.10492577597840756,0.9174041297935103,0.18831365425370877
0.45368704199790955,0.10489038785834738,0.9174041297935103,0.18825665859564164
0.45362991094589233,0.10485502360080917,0.9174041297935103,0.1881996974281392
0.45350003242492676,0.10481968318166499,0.9174041297935103,0.1881427707199032
0.45345237851142883,0.1047843665768194,0.9174041297935103,0.18808587843967342
0.45341891050338745,0.1047490737622095,0.9174041297935103,0.18802902055622736
0.45339688658714294,0.10471380471380472,0.9174041297935103,0.18797219703838017
0.4533950984477997,0.10467855940760687,0.9174041297935103,0.18791540785498487
0.4533211290836334,0.10464333781965007,0.9174041297935103,0.18785865297493204
0.45327430963516235,0.10460813992600067,0.9174041297935103,0.1878019323671498
0.4531583786010742,0.10457296570275723,0.9174041297935103,0.1877452460006037
0.45313194394111633,0.10453781512605043,0.9174041297935103,0.1876885938442969
0.45312681794166565,0.10450268817204302,0.9174041297935103,0.18763197586726998
0.45312073826789856,0.10446758481692979,0.9174041297935103,0.1875753920386007
0.45305222272872925,0.10443250503693755,0.9174041297935103,0.18751884232740432
0.4529957175254822,0.10439744880832494,0.9174041297935103,0.18746232670283303
0.45296788215637207,0.10436241610738255,0.9174041297935103,0.1874058451340765
0.45287010073661804,0.10432740691043274,0.9174041297935103,0.18734939759036146
0.452847957611084,0.10429242119382964,0.9174041297935103,0.18729298404095152
0.4527829885482788,0.1042574589339591,0.9174041297935103,0.1872366044551475
0.4527030885219574,0.1042225201072386,0.9174041297935103,0.1871802588022871
0.45266154408454895,0.10418760469011726,0.9174041297935103,0.18712394705174487
0.45260190963745117,0.10415271265907569,0.9174041297935103,0.18706766917293233
0.4524921476840973,0.10411784399062604,0.9174041297935103,0.18701142513529764
0.4524516761302948,0.10408299866131192,0.9174041297935103,0.1869552149083258
0.452449768781662,0.10404817664770827,0.9174041297935103,0.18689903846153844
0.4524393677711487,0.1040133779264214,0.9174041297935103,0.18684289576449384
0.4523169994354248,0.10397860247408894,0.9174041297935103,0.18678678678678678
0.4522356688976288,0.10394385026737968,0.9174041297935103,0.18673071149804862
0.45220592617988586,0.10390912128299365,0.9174041297935103,0.18667466986794717
0.45219674706459045,0.10387441549766199,0.9174041297935103,0.18661866186618659
0.4521567225456238,0.10383973288814691,0.9174041297935103,0.18656268746250748
0.4521075487136841,0.10380507343124165,0.9174041297935103,0.18650674662668665
0.4520163834095001,0.10377043710377044,0.9174041297935103,0.18645083932853718
0.4518093168735504,0.1037358238825884,0.9174041297935103,0.18639496553790827
0.4517447054386139,0.10370123374458153,0.9174041297935103,0.18633912522468543
0.45149582624435425,0.10366666666666667,0.9174041297935103,0.18628331835879008
0.4514228403568268,0.1036321226257914,0.9174041297935103,0.18622754491017962
0.45136758685112,0.10359760159893404,0.9174041297935103,0.18617180484884766
0.45135754346847534,0.10356310356310357,0.9174041297935103,0.1861160981448235
0.4512721598148346,0.10352862849533954,0.9174041297935103,0.18606042476817228
0.4512472152709961,0.10349417637271215,0.9174041297935103,0.1860047846889952
0.4512172043323517,0.10345974717232202,0.9174041297935103,0.185949177877429
0.4511711597442627,0.1034253408713003,0.9174041297935103,0.18589360430364613
0.4511689245700836,0.10339095744680851,0.9174041297935103,0.18583806393785476
0.4510928690433502,0.1036889332003988,0.9203539823008849,0.18637992831541217
0.4510914385318756,0.10365448504983389,0.9203539823008849,0.18632427590325473
0.4510180950164795,0.10362005978080371,0.9203539823008849,0.1862686567164179
0.45089662075042725,0.10358565737051793,0.9203539823008849,0.18621307072515667
0.4507771134376526,0.1035512777962164,0.9203539823008849,0.18615751789976134
0.4507705867290497,0.10351692103516921,0.9203539823008849,0.1861019982105577
0.45074325799942017,0.10348258706467661,0.9203539823008849,0.18604651162790697
0.45065951347351074,0.10344827586206896,0.9203539823008849,0.18599105812220565
0.4503936469554901,0.10341398740470666,0.9203539823008849,0.18593563766388557
0.45038941502571106,0.10337972166998012,0.9203539823008849,0.18588025022341376
0.4502442181110382,0.10334547863530971,0.9203539823008849,0.18582489577129244
0.45015597343444824,0.10331125827814569,0.9203539823008849,0.18576957427805893
0.4501432776451111,0.10327706057596822,0.9203539823008849,0.18571428571428572
0.45013222098350525,0.10324288550628723,0.9203539823008849,0.1856590300505802
0.45013007521629333,0.10320873304664241,0.9203539823008849,0.18560380725758477
0.45012062788009644,0.10317460317460317,0.9203539823008849,0.1855486173059768
0.4501110017299652,0.10314049586776859,0.9203539823008849,0.1854934601664685
0.449994295835495,0.10310641110376735,0.9203539823008849,0.18543833580980687
0.4499634802341461,0.10307234886025768,0.9203539823008849,0.1853832442067736
0.4499433934688568,0.10303830911492734,0.9203539823008849,0.18532818532818532
0.44989702105522156,0.10300429184549356,0.9203539823008849,0.18527315914489312
0.4498043358325958,0.10297029702970296,0.9203539823008849,0.18521816562778273
0.4497544765472412,0.10293632464533158,0.9203539823008849,0.1851632047477745
0.44970962405204773,0.10290237467018469,0.9203539823008849,0.1851082764758232
0.4496610760688782,0.10286844708209693,0.9203539823008849,0.1850533807829181
0.4495936930179596,0.10283454185893211,0.9203539823008849,0.18499851764008302
0.44957396388053894,0.10280065897858319,0.9203539823008849,0.1849436870183758
0.4495629072189331,0.10276679841897234,0.9203539823008849,0.1848888888888889
0.44955384731292725,0.10273296015805071,0.9203539823008849,0.1848341232227488
0.44938746094703674,0.10269914417379855,0.9203539823008849,0.18477938999111634
0.44937726855278015,0.10266535044422508,0.9203539823008849,0.1847246891651865
0.44918331503868103,0.10263157894736842,0.9203539823008849,0.1846700207161882
0.44911059737205505,0.10259782966129563,0.9203539823008849,0.18461538461538465
0.449065238237381,0.10256410256410256,0.9203539823008849,0.18456078083407276
0.44893476366996765,0.1025303976339139,0.9203539823008849,0.1845062093435837
0.4489239752292633,0.10249671484888305,0.9203539823008849,0.1844516701152823
0.4488993287086487,0.10246305418719212,0.9203539823008849,0.18439716312056736
0.44889622926712036,0.10242941562705186,0.9203539823008849,0.1843426883308715
0.44878318905830383,0.10239579914670167,0.9203539823008849,0.18428824571766095
0.448773056268692,0.10236220472440945,0.9203539823008849,0.1842338352524358
0.44871506094932556,0.10232863233847163,0.9203539823008849,0.18417945690672963
0.44871219992637634,0.10229508196721311,0.9203539823008849,0.18412511065210974
0.4486580491065979,0.10226155358898721,0.9203539823008849,0.184070796460177
0.4486351013183594,0.10222804718217562,0.9203539823008849,0.18401651430256563
0.4485381841659546,0.10219456272518834,0.9203539823008849,0.18396226415094344
0.44849637150764465,0.10216110019646366,0.9203539823008849,0.18390804597701152
0.44846367835998535,0.10212765957446808,0.9203539823008849,0.1838538597525044
0.4483935832977295,0.10209424083769633,0.9203539823008849,0.18379970544919
0.44836729764938354,0.10206084396467124,0.9203539823008849,0.1837455830388693
0.44830548763275146,0.10202746893394375,0.9203539823008849,0.18369149249337652
0.44830161333084106,0.10199411572409284,0.9203539823008849,0.18363743378457917
0.44827964901924133,0.10196078431372549,0.9203539823008849,0.18358340688437777
0.44818001985549927,0.10192747468147664,0.9203539823008849,0.1835294117647059
0.4480290412902832,0.10189418680600915,0.9203539823008849,0.18347544839753013
0.44788458943367004,0.10186092066601371,0.9203539823008849,0.1834215167548501
0.4478178918361664,0.10182767624020887,0.9203539823008849,0.1833676168086982
0.4476916491985321,0.10179445350734094,0.9203539823008849,0.18331374853113985
0.4476323127746582,0.10176125244618395,0.9203539823008849,0.18325991189427315
0.44761961698532104,0.10172807303553962,0.9203539823008849,0.183206106870229
0.4474432170391083,0.1016949152542373,0.9203539823008849,0.18315233343117113
0.4473031163215637,0.10166177908113393,0.9203539823008849,0.18309859154929578
0.44728001952171326,0.10162866449511401,0.9203539823008849,0.18304488119683193
0.44727134704589844,0.10159557147508955,0.9203539823008849,0.18299120234604105
0.4472157955169678,0.1015625,0.9203539823008849,0.1829375549692172
0.44720691442489624,0.10152945004881224,0.9203539823008849,0.182883939038687
0.4471890330314636,0.1014964216005205,0.9203539823008849,0.1828303545268093
0.4471716284751892,0.10146341463414635,0.9203539823008849,0.1827768014059754
0.44713878631591797,0.10143042912873862,0.9203539823008849,0.18272327964860907
0.447104275226593,0.10139746506337341,0.9203539823008849,0.18266978922716626
0.44706130027770996,0.10136452241715399,0.9203539823008849,0.18261633011413522
0.44701001048088074,0.10133160116921078,0.9203539823008849,0.18256290228203628
0.44698458909988403,0.1012987012987013,0.9203539823008849,0.18250950570342206
0.44687405228614807,0.10126582278481013,0.9203539823008849,0.18245614035087718
0.4468476176261902,0.10123296560674887,0.9203539823008849,0.1824028061970184
0.4468277394771576,0.10120012974375608,0.9203539823008849,0.18234950321449445
0.44670677185058594,0.10116731517509728,0.9203539823008849,0.18229623137598597
0.4466767907142639,0.10113452188006483,0.9203539823008849,0.1822429906542056
0.4466594159603119,0.10110174983797797,0.9203539823008849,0.18218978102189784
0.44663727283477783,0.1010689990281827,0.9203539823008849,0.18213660245183888
0.44651198387145996,0.10103626943005181,0.9203539823008849,0.18208345491683686
0.4465075135231018,0.10100356102298479,0.9203539823008849,0.18203033838973162
0.44647565484046936,0.10097087378640776,0.9203539823008849,0.18197725284339455
0.4463117718696594,0.10093820769977353,0.9203539823008849,0.1819241982507289
0.4462864100933075,0.10090556274256145,0.9203539823008849,0.1818711745846692
0.4462657868862152,0.1008729388942774,0.9203539823008849,0.1818181818181818
0.4461382031440735,0.10084033613445378,0.9203539823008849,0.18176521992426448
0.44601693749427795,0.10080775444264943,0.9203539823008849,0.18171228887594643
0.44598639011383057,0.10077519379844961,0.9203539823008849,0.1816593886462882
0.4459763467311859,0.10074265418146594,0.9203539823008849,0.18160651920838183
0.44589000940322876,0.10071013557133635,0.9203539823008849,0.1815536805353506
0.4457816779613495,0.10067763794772508,0.9203539823008849,0.18150087260034906
0.44569745659828186,0.10064516129032258,0.9203539823008849,0.18144809537656295
0.4453469216823578,0.10061270557884554,0.9203539823008849,0.18139534883720929
0.44519564509391785,0.10058027079303675,0.9203539823008849,0.18134263295553618
0.44509756565093994,0.10054785691266516,0.9203539823008849,0.18128994770482276
0.4449716806411743,0.10051546391752578,0.9203539823008849,0.18123729305837932
0.44495689868927,0.10048309178743961,0.9203539823008849,0.18118466898954705
0.44489890336990356,0.10045074050225371,0.9203539823008849,0.1811320754716981
0.4448947608470917,0.100418410041841,0.9203539823008849,0.18107951247823564
0.44485968351364136,0.10038610038610038,0.9203539823008849,0.18102697998259357
0.44484153389930725,0.10035381151495658,0.9203539823008849,0.18097447795823665
0.44483229517936707,0.10032154340836012,0.9203539823008849,0.1809220063786605
0.4448014795780182,0.10028929604628736,0.9203539823008849,0.18086956521739128
0.4447534680366516,0.10025706940874037,0.9203539823008849,0.18081715444798607
0.44474053382873535,0.10022486347574687,0.9203539823008849,0.18076477404403243
0.4446989893913269,0.1001926782273603,0.9203539823008849,0.18071242397914855
0.4446786344051361,0.10016051364365972,0.9203539823008849,0.1806601042269832
0.4445546865463257,0.10012836970474968,0.9203539823008849,0.18060781476121565
0.44443097710609436,0.10009624639076034,0.9203539823008849,0.18055555555555555
0.44433680176734924,0.10006414368184734,0.9203539823008849,0.18050332658374313
0.44426462054252625,0.10003206155819173,0.9203539823008849,0.1804511278195489
0.44422706961631775,0.1,0.9203539823008849,0.18039895923677363
0.44400617480278015,0.099967958987504,0.9203539823008849,0.18034682080924852
0.44383013248443604,0.09993593850096093,0.9203539823008849,0.180294712510835
0.4436997175216675,0.09990393852065321,0.9203539823008849,0.1802426343154246
0.4436405897140503,0.0998719590268886,0.9203539823008849,0.1801905861969391
0.4436369240283966,0.09984,0.9203539823008849,0.18013856812933024
0.4436202645301819,0.09980806142034548,0.9203539823008849,0.18008658008658007
0.4435387849807739,0.09977614326830828,0.9203539823008849,0.1800346220427005
0.44343072175979614,0.09974424552429667,0.9203539823008849,0.17998269397173347
0.44341182708740234,0.09971236816874401,0.9203539823008849,0.17993079584775087
0.4431975781917572,0.09968051118210862,0.9203539823008849,0.17987892764485441
0.4431130290031433,0.09964867454487385,0.9203539823008849,0.1798270893371758
0.44301822781562805,0.09961685823754789,0.9203539823008849,0.17977528089887637
0.4429367780685425,0.0995850622406639,0.9203539823008849,0.17972350230414744
0.4427246153354645,0.09955328653477984,0.9203539823008849,0.17967175352720993
0.4426977038383484,0.09952153110047847,0.9203539823008849,0.17962003454231432
0.4426295757293701,0.09948979591836735,0.9203539823008849,0.17956834532374102
0.44261613488197327,0.09945808096907874,0.9203539823008849,0.17951668584579977
0.44261524081230164,0.0994263862332696,0.9203539823008849,0.17946505608283
0.4425497353076935,0.09939471169162153,0.9203539823008849,0.1794134560092007
0.44253918528556824,0.09936305732484077,0.9203539823008849,0.17936188559931013
0.4424900710582733,0.09933142311365807,0.9203539823008849,0.1793103448275862
0.44247961044311523,0.09929980903882878,0.9203539823008849,0.17925883366848608
0.44244468212127686,0.09926821508113268,0.9203539823008849,0.17920735209649627
0.44236770272254944,0.09923664122137404,0.9203539823008849,0.17915590008613264
0.4423566460609436,0.09920508744038156,0.9203539823008849,0.17910447761194034
0.44215503334999084,0.09917355371900827,0.9203539823008849,0.17905308464849354
0.4420933425426483,0.09914204003813155,0.9203539823008849,0.17900172117039584
0.44208234548568726,0.09911054637865312,0.9203539823008849,0.1789503871522799
0.4418853223323822,0.09907907272149889,0.9203539823008849,0.17889908256880735
0.4418847858905792,0.09904761904761905,0.9203539823008849,0.17884780739466896
0.4418739676475525,0.09901618533798794,0.9203539823008849,0.17879656160458451
0.4418601095676422,0.09898477157360407,0.9203539823008849,0.17874534517330282
0.4418196976184845,0.09895337773549001,0.9203539823008849,0.17869415807560138
0.4418083429336548,0.09892200380469246,0.9203539823008849,0.17864300028628688
0.44179052114486694,0.0988906497622821,0.9203539823008849,0.17859187178019464
0.44178032875061035,0.09885931558935361,0.9203539823008849,0.1785407725321888
0.4416769742965698,0.09882800126702566,0.9203539823008849,0.1784897025171625
0.44157832860946655,0.09879670677644078,0.9203539823008849,0.1784386617100372
0.4415562152862549,0.09908198797087686,0.9233038348082596,0.17895940537449972
0.441400408744812,0.0990506329113924,0.9233038348082596,0.17890825950271505
0.4413025975227356,0.09901929769060423,0.9233038348082596,0.17885714285714285
0.44128045439720154,0.09898798228969007,0.9233038348082596,0.17880605541273922
0.4411967098712921,0.0989566866898514,0.9233038348082596,0.17875499714448884
0.4411367177963257,0.09892541087231353,0.9233038348082596,0.1787039680274051
0.4411008059978485,0.09889415481832543,0.9233038348082596,0.17865296803652966
0.44102054834365845,0.09886291850915982,0.9233038348082596,0.17860199714693292
0.4410117566585541,0.09883170192611304,0.9233038348082596,0.17855105533371363
0.4409481883049011,0.09880050505050506,0.9233038348082596,0.17850014257199887
0.4408913254737854,0.0987693278636794,0.9233038348082596,0.17844925883694412
0.4408743381500244,0.09873817034700315,0.9233038348082596,0.17839840410373325
0.4408380091190338,0.09870703248186692,0.9233038348082596,0.17834757834757836
0.44081494212150574,0.09867591424968473,0.9233038348082596,0.17829678154371975
0.4407677948474884,0.0986448156318941,0.9233038348082596,0.17824601366742593
0.4407367706298828,0.09861373660995588,0.9233038348082596,0.1781952746939937
0.44069916009902954,0.09858267716535433,0.9233038348082596,0.17814456459874786
0.44061943888664246,0.09855163727959698,0.9233038348082596,0.17809388335704127
0.44061896204948425,0.09852061693421467,0.9233038348082596,0.1780432309442548
0.4406164884567261,0.09848961611076149,0.9233038348082596,0.17799260733579753
0.44054099917411804,0.09845863479081472,0.9233038348082596,0.1779420125071063
0.4404553472995758,0.09842767295597485,0.9233038348082596,0.17789144643364596
0.44044435024261475,0.09839673058786545,0.9233038348082596,0.1778409090909091
0.44040530920028687,0.09836580766813324,0.9233038348082596,0.17779040045441633
0.4403518736362457,0.09833490417844801,0.9233038348082596,0.17773992049971607
0.44010868668556213,0.0986180904522613,0.9262536873156342,0.17825716718705648
0.43989622592926025,0.09858712715855573,0.9262536873156342,0.17820658342792284
0.4398084282875061,0.09855618330194602,0.9262536873156342,0.17815602836879435
0.4395233988761902,0.09852525886413555,0.9262536873156342,0.1781055019852524
0.4395171105861664,0.09849435382685069,0.9262536873156342,0.17805500425290613
0.43950778245925903,0.0984634681718407,0.9262536873156342,0.17800453514739234
0.43931466341018677,0.0987460815047022,0.9292035398230089,0.1785208274298668
0.439230740070343,0.09871513632090254,0.9292035398230089,0.17847025495750707
0.43916910886764526,0.09868421052631579,0.9292035398230089,0.1784197111299915
0.43916019797325134,0.09865330410272471,0.9292035398230089,0.1783691959229898
0.43911606073379517,0.09862241703193488,0.9292035398230089,0.17831870931219926
0.4390820562839508,0.09859154929577464,0.9292035398230089,0.17826825127334467
0.4388587772846222,0.09856070087609511,0.9292035398230089,0.1782178217821782
0.4387613832950592,0.0985298717547701,0.9292035398230089,0.17816742081447964
0.43875420093536377,0.09849906191369606,0.9292035398230089,0.17811704834605596
0.43865323066711426,0.09846827133479212,0.9292035398230089,0.17806670435274166
0.4386034309864044,0.0984375,0.9292035398230089,0.17801638881039838
0.4385106563568115,0.09840674789128398,0.9292035398230089,0.17796610169491528
0.4384908080101013,0.09837601499063085,0.9292035398230089,0.17791584298220842
0.43844249844551086,0.09834530128004995,0.9292035398230089,0.17786561264822132
0.4384239912033081,0.09831460674157304,0.9292035398230089,0.17781541066892464
0.4383912682533264,0.09828393135725429,0.9292035398230089,0.17776523702031605
0.4383544325828552,0.0982532751091703,0.9292035398230089,0.17771509167842028
0.43834513425827026,0.09822263797942002,0.9292035398230089,0.17766497461928932
0.4382547438144684,0.09819201995012469,0.9292035398230089,0.177614885819002
0.43820998072624207,0.09816142100342785,0.9292035398230089,0.17756482525366402
0.43820810317993164,0.09813084112149532,0.9292035398230089,0.17751479289940827
0.43805378675460815,0.0981002802865151,0.9292035398230089,0.17746478873239435
0.4379759728908539,0.09806973848069739,0.9292035398230089,0.1774148127288088
0.43788981437683105,0.09803921568627451,0.9292035398230089,0.17736486486486486
0.4378637671470642,0.09800871188550093,0.9292035398230089,0.17731494511680268
0.4378346800804138,0.09797822706065319,0.9292035398230089,0.17726505346088917
0.43775781989097595,0.09794776119402986,0.9292035398230089,0.17721518987341772
0.43763577938079834,0.09791731426795151,0.9292035398230089,0.17716535433070868
0.43751901388168335,0.09788688626476072,0.9292035398230089,0.1771155468091088
0.43742528557777405,0.097856477166822,0.9292035398230089,0.17706576728499154
0.4373663067817688,0.09782608695652174,0.9292035398230089,0.17701601573475692
0.43732717633247375,0.09779571561626824,0.9292035398230089,0.17696629213483148
0.43724584579467773,0.09776536312849161,0.9292035398230089,0.17691659646166805
0.4371086359024048,0.09773502947564382,0.9292035398230089,0.17686692869174622
0.4371010363101959,0.09770471464019852,0.9292035398230089,0.17681728880157174
0.43680310249328613,0.09767441860465116,0.9292035398230089,0.17676767676767677
0.43672919273376465,0.09764414135151891,0.9292035398230089,0.17671809256661994
0.43668133020401,0.09761388286334056,0.9292035398230089,0.17666853617498599
0.43665504455566406,0.09758364312267657,0.9292035398230089,0.17661900756938603
0.43648990988731384,0.09755342211210902,0.9292035398230089,0.17656950672645744
0.436475545167923,0.09752321981424149,0.9292035398230089,0.17652003362286356
0.4361060559749603,0.09749303621169916,0.9292035398230089,0.17647058823529413
0.4360872805118561,0.09746287128712872,0.9292035398230089,0.17642117054046488
0.4359854757785797,0.09743272502319827,0.9292035398230089,0.17637178051511762
0.43592900037765503,0.09740259740259741,0.9292035398230089,0.17632241813602015
0.43587392568588257,0.0973724884080371,0.9292035398230089,0.17627308337996644
0.43573853373527527,0.09734239802224968,0.9292035398230089,0.17622377622377622
0.4357295632362366,0.09731232622798888,0.9292035398230089,0.17617449664429533
0.4357093870639801,0.09728227300802965,0.9292035398230089,0.1761252446183953
0.43557119369506836,0.09725223834516826,0.9292035398230089,0.17607602012297374
0.43548163771629333,0.09722222222222222,0.9292035398230089,0.17602682313495388
0.43541374802589417,0.09750077136686208,0.9321533923303835,0.17653631284916202
0.4352138638496399,0.09747069710055521,0.9321533923303835,0.1764870148003351
0.43502166867256165,0.09744064138143695,0.9321533923303835,0.17643774427694023
0.43502068519592285,0.09741060419235512,0.9321533923303835,0.17638850125593078
0.43501994013786316,0.09738058551617873,0.9321533923303835,0.1763392857142857
0.4350123703479767,0.0973505853357979,0.9321533923303835,0.17629009762900977
0.43501150608062744,0.0973206036341238,0.9321533923303835,0.17624093697713328
0.4349675178527832,0.09729064039408868,0.9321533923303835,0.17619180373571228
0.4349035322666168,0.09756848261003385,0.9351032448377581,0.17670011148272016
0.4348216950893402,0.09753846153846153,0.9351032448377581,0.1766508776818055
0.4348188042640686,0.09750845893571208,0.9351032448377581,0.1766016713091922
0.43478456139564514,0.09747847478474785,0.9351032448377581,0.176552492341966
0.43468624353408813,0.09744850906855211,0.9351032448377581,0.1765033407572383
0.43459564447402954,0.09741856177012907,0.9351032448377581,0.17645421653214582
0.4345315098762512,0.09738863287250384,0.9351032448377581,0.17640511964385086
0.43448692560195923,0.09735872235872235,0.9351032448377581,0.176356050069541
0.4344826936721802,0.0973288302118514,0.9351032448377581,0.17630700778642938
0.4344766438007355,0.09729895641497852,0.9351032448377581,0.17625799277175427
0.4343982934951782,0.09726910095121202,0.9351032448377581,0.1762090050027793
0.43432870507240295,0.09723926380368098,0.9351032448377581,0.17616004445679356
0.43431270122528076,0.09720944495553512,0.9351032448377581,0.1761111111111111
0.43419358134269714,0.09717964438994482,0.9351032448377581,0.17606220494307137
0.43415987491607666,0.09714986209010114,0.9351032448377581,0.17601332593003888
0.43402671813964844,0.09712009803921569,0.9351032448377581,0.17596447404940327
0.434021919965744,0.09709035222052068,0.9351032448377581,0.17591564927857936
0.4340206980705261,0.09706062461726883,0.9351032448377581,0.17586685159500695
0.43401962518692017,0.0970309152127334,0.9351032448377581,0.17581808097615087
0.4339906871318817,0.09700122399020808,0.9351032448377581,0.17576933739950096
0.43393754959106445,0.09697155093300704,0.9351032448377581,0.17572062084257203
0.43392452597618103,0.09694189602446483,0.9351032448377581,0.17567193128290384
0.43392035365104675,0.09691225924793641,0.9351032448377581,0.17562326869806097
0.433898389339447,0.09688264058679706,0.9351032448377581,0.17557463306563276
0.43387478590011597,0.09685304002444241,0.9351032448377581,0.17552602436323364
0.4337463676929474,0.09682345754428834,0.9351032448377581,0.17547744256850265
0.4337092339992523,0.09679389312977099,0.9351032448377581,0.1754288876591035
0.4336773455142975,0.09676434676434677,0.9351032448377581,0.17538035961272475
0.4336279034614563,0.09673481843149222,0.9351032448377581,0.17533185840707965
0.43342697620391846,0.09670530811470408,0.9351032448377581,0.17528338401990598
0.4334070086479187,0.09667581579749923,0.9351032448377581,0.17523493642896626
0.43340393900871277,0.09664634146341464,0.9351032448377581,0.1751865156120475
0.43339529633522034,0.09661688509600731,0.9351032448377581,0.17513812154696132
0.4333944618701935,0.09689213893967093,0.9380530973451328,0.1756420878210439
0.4332726299762726,0.09686262564727384,0.9380530973451328,0.17559359469906127
0.43312153220176697,0.09683313032886723,0.9380530973451328,0.175545128346674
0.4330720007419586,0.09680365296803653,0.9380530973451328,0.17549668874172183
0.4330688714981079,0.0967741935483871,0.9380530973451328,0.17544827586206896
0.43304669857025146,0.09674475205354427,0.9380530973451328,0.175399889685604
0.4327528774738312,0.09671532846715329,0.9380530973451328,0.17535153019023988
0.4327421486377716,0.0966859227728793,0.9380530973451328,0.17530319735391403
0.43272706866264343,0.09665653495440729,0.9380530973451328,0.175254891154588
0.43271374702453613,0.09662716499544212,0.9380530973451328,0.17520661157024794
0.4325650632381439,0.09659781287970838,0.9380530973451328,0.17515835857890388
0.4324398636817932,0.0965684785909505,0.9380530973451328,0.1751101321585903
0.43230095505714417,0.0965391621129326,0.9380530973451328,0.1750619322873658
0.43226444721221924,0.09650986342943854,0.9380530973451328,0.17501375894331317
0.4321436285972595,0.09648058252427184,0.9380530973451328,0.17496561210453918
0.4321161210536957,0.09645131938125569,0.9380530973451328,0.17491749174917492
0.43208834528923035,0.09642207398423287,0.9380530973451328,0.17486939785537534
0.432033509016037,0.09639284631706578,0.9380530973451328,0.17482133040131945
0.43197351694107056,0.09636363636363636,0.9380530973451328,0.17477328936521022
0.43179386854171753,0.09633444410784611,0.9380530973451328,0.17472527472527474
0.43177905678749084,0.09630526953361598,0.9380530973451328,0.17467728645976377
0.4317621886730194,0.09627611262488647,0.9380530973451328,0.17462932454695224
0.43168550729751587,0.09624697336561744,0.9380530973451328,0.17458138896513864
0.4315597414970398,0.0962178517397882,0.9380530973451328,0.17453347969264546
0.4313894212245941,0.09618874773139746,0.9380530973451328,0.1744855967078189
0.4313774108886719,0.09615966132446326,0.9380530973451328,0.17443773998902906
0.43131697177886963,0.09613059250302297,0.9380530973451328,0.17438990951466957
0.4312745928764343,0.09610154125113328,0.9380530973451328,0.17434210526315788
0.4312121570110321,0.09607250755287008,0.9380530973451328,0.17429432721293506
0.4312056005001068,0.0960434913923286,0.9380530973451328,0.17424657534246574
0.4311296343803406,0.09601449275362318,0.9380530973451328,0.1741988496302383
0.431098073720932,0.0959855116208874,0.9380530973451328,0.17415115005476453
0.43100854754447937,0.09595654797827399,0.9380530973451328,0.17410347659457984
0.43100449442863464,0.09592760180995476,0.9380530973451328,0.17405582922824303
0.4309667646884918,0.09589867310012062,0.9380530973451328,0.17400820793433652
0.4309515357017517,0.09586976183298161,0.9380530973451328,0.17396061269146607
0.4308831989765167,0.09584086799276673,0.9380530973451328,0.17391304347826086
0.43087080121040344,0.09581199156372401,0.9380530973451328,0.17386550027337344
0.4308375120162964,0.09578313253012048,0.9380530973451328,0.17381798305547963
0.4308355748653412,0.0957542908762421,0.9380530973451328,0.17377049180327866
0.4308287501335144,0.09572546658639373,0.9380530973451328,0.17372302649549304
0.43079873919487,0.09569665964489919,0.9380530973451328,0.17367558711086836
0.43073734641075134,0.09566787003610108,0.9380530973451328,0.17362817362817362
0.430710107088089,0.0956390977443609,0.9380530973451328,0.17358078602620086
0.4307045340538025,0.09561034275405893,0.9380530973451328,0.17353342428376534
0.4306965470314026,0.09558160504959423,0.9380530973451328,0.17348608837970542
0.4305974245071411,0.09555288461538461,0.9380530973451328,0.17343877829288243
0.4305301010608673,0.09552418143586662,0.9380530973451328,0.173391494002181
0.43051764369010925,0.09549549549549549,0.9380530973451328,0.17334423548650857
0.43043750524520874,0.09546682677874511,0.9380530973451328,0.17329700272479562
0.43043118715286255,0.09543817527010805,0.9380530973451328,0.17324979569599566
0.43010130524635315,0.09540954095409541,0.9380530973451328,0.17320261437908496
0.4300311803817749,0.09538092381523695,0.9380530973451328,0.1731554587530629
0.429927259683609,0.09535232383808095,0.9380530973451328,0.17310832879695154
0.42986902594566345,0.09532374100719425,0.9380530973451328,0.17306122448979594
0.42984330654144287,0.09529517530716212,0.9380530973451328,0.17301414581066377
0.42974531650543213,0.09526662672258837,0.9380530973451328,0.17296709273864563
0.42958149313926697,0.09523809523809523,0.9380530973451328,0.1729200652528548
0.4294930696487427,0.09520958083832336,0.9380530973451328,0.1728730633324273
0.42919299006462097,0.09518108350793175,0.9380530973451328,0.1728260869565217
0.4290042221546173,0.09515260323159784,0.9380530973451328,0.17277913610431947
0.42899090051651,0.09512413999401735,0.9380530973451328,0.17273221075502443
0.42895299196243286,0.0950956937799043,0.9380530973451328,0.17268531088786315
0.4289214015007019,0.09506726457399103,0.9380530973451328,0.17263843648208468
0.4288949966430664,0.09503885236102809,0.9380530973451328,0.17259158751696066
0.42881035804748535,0.09501045712578428,0.9380530973451328,0.17254476397178511
0.42871156334877014,0.09498207885304659,0.9380530973451328,0.1724979658258747
0.4285886585712433,0.09495371752762019,0.9380530973451328,0.17245119305856835
0.42855265736579895,0.09492537313432836,0.9380530973451328,0.17240444564922744
0.42852216958999634,0.09489704565801253,0.9380530973451328,0.17235772357723575
0.42842212319374084,0.09486873508353222,0.9380530973451328,0.17231102682199945
0.42838650941848755,0.09484044139576499,0.9380530973451328,0.1722643553629469
0.4283617436885834,0.09481216457960644,0.9380530973451328,0.17221770917952883
0.4283306896686554,0.09478390461997019,0.9380530973451328,0.17217108825121816
0.42827364802360535,0.09475566150178784,0.9380530973451328,0.17212449255751014
0.4282432496547699,0.09472743521000894,0.9380530973451328,0.17207792207792208
0.428169846534729,0.09469922572960095,0.9380530973451328,0.1720313767919935
0.42809802293777466,0.09467103304554927,0.9380530973451328,0.17198485667928612
0.4279349148273468,0.09464285714285714,0.9380530973451328,0.17193836171938362
0.4278770387172699,0.09461469800654568,0.9380530973451328,0.1718918918918919
0.4277319014072418,0.09458655562165377,0.9380530973451328,0.1718454471764388
0.4276849627494812,0.09455842997323818,0.9380530973451328,0.17179902755267423
0.4275936782360077,0.09453032104637336,0.9380530973451328,0.17175263300027005
0.4273759126663208,0.09450222882615156,0.9380530973451328,0.17170626349892007
0.427374929189682,0.0944741532976827,0.9380530973451328,0.1716599190283401
0.42735785245895386,0.09444609444609445,0.9380530973451328,0.17161359956826766
0.4272920489311218,0.09441805225653206,0.9380530973451328,0.17156730509846238
0.4272753596305847,0.0943900267141585,0.9380530973451328,0.1715210355987055
0.42723897099494934,0.0943620178041543,0.9380530973451328,0.17147479104880023
0.4271993637084961,0.09433402551171759,0.9380530973451328,0.1714285714285714
0.42715984582901,0.09430604982206406,0.9380530973451328,0.1713823767178658
0.42683300375938416,0.09427809072042692,0.9380530973451328,0.1713362068965517
0.4268202483654022,0.0942501481920569,0.9380530973451328,0.17129006194451926
0.42670148611068726,0.09422222222222222,0.9380530973451328,0.1712439418416801
0.42663073539733887,0.09419431279620853,0.9380530973451328,0.17119784656796772
0.42655453085899353,0.09416641989931893,0.9380530973451328,0.17115177610333693
0.4264448583126068,0.0941385435168739,0.9380530973451328,0.17110573042776434
0.4264145493507385,0.09411068363421131,0.9380530973451328,0.171059709521248
0.42639756202697754,0.0940828402366864,0.9380530973451328,0.1710137133638075
0.42628273367881775,0.0940550133096717,0.9380530973451328,0.17096774193548386
0.426261842250824,0.09402720283855706,0.9380530973451328,0.17092179521633968
0.4261316657066345,0.09399940880874963,0.9380530973451328,0.1708758731864589
0.4261280298233032,0.09397163120567376,0.9380530973451328,0.17082997582594678
0.42594072222709656,0.09394387001477104,0.9380530973451328,0.17078410311493014
0.42575839161872864,0.0939161252215003,0.9380530973451328,0.17073825503355705
0.42558979988098145,0.09388839681133747,0.9380530973451328,0.1706924315619968
0.42555421590805054,0.09386068476977567,0.9380530973451328,0.17064663268044003
0.42553266882896423,0.09383298908232517,0.9380530973451328,0.17060085836909872
0.42545172572135925,0.09380530973451327,0.9380530973451328,0.17055510860820597
0.4253847599029541,0.0937776467118844,0.9380530973451328,0.1705093833780161
0.4253789484500885,0.09375,0.9380530973451328,0.17046368265880457
0.4253706634044647,0.09372236958443855,0.9380530973451328,0.17041800643086819
0.4249511957168579,0.09369475545079552,0.9380530973451328,0.1703723546745245
0.42482516169548035,0.09366715758468336,0.9380530973451328,0.17032672737011248
0.4247742295265198,0.09363957597173145,0.9380530973451328,0.170281124497992
0.42474403977394104,0.0936120105975861,0.9380530973451328,0.1702355460385439
0.42471209168434143,0.09358446144791054,0.9380530973451328,0.1701899919721702
0.424704372882843,0.09355692850838482,0.9380530973451328,0.17014446227929372
0.424626886844635,0.09352941176470589,0.9380530973451328,0.1700989569403584
0.4245796203613281,0.09350191120258747,0.9380530973451328,0.17005347593582884
0.42440760135650635,0.09347442680776014,0.9380530973451328,0.17000801924619086
0.42438191175460815,0.0934469585659712,0.9380530973451328,0.16996258685195081
0.4242976903915405,0.09341950646298472,0.9380530973451328,0.16991717873363613
0.42423003911972046,0.0933920704845815,0.9380530973451328,0.16987179487179485
0.42419272661209106,0.09336465061655902,0.9380530973451328,0.16982643524699603
0.42416712641716003,0.09333724684473144,0.9380530973451328,0.16978109983982917
0.42415034770965576,0.09330985915492958,0.9380530973451328,0.16973578863090472
0.4241270422935486,0.09328248753300088,0.9380530973451328,0.16969050160085378
0.42408043146133423,0.09325513196480939,0.9380530973451328,0.16964523873032808
0.42404958605766296,0.0932277924362357,0.9380530973451328,0.16959999999999997
0.4238620102405548,0.09320046893317702,0.9380530973451328,0.1695547853905625
0.423833429813385,0.09317316144154703,0.9380530973451328,0.1695095948827292
0.42377737164497375,0.09314586994727592,0.9380530973451328,0.1694644284572342
0.4237772822380066,0.09311859443631039,0.9380530973451328,0.1694192860948322
0.4236959218978882,0.09309133489461359,0.9380530973451328,0.1693741677762983
0.42369288206100464,0.09306409130816505,0.9380530973451328,0.16932907348242812
0.42356741428375244,0.0930368636629608,0.9380530973451328,0.1692840031940378
0.42350661754608154,0.09300965194501316,0.9380530973451328,0.16923895689196383
0.4235052466392517,0.09298245614035087,0.9380530973451328,0.16919393455706305
0.42336028814315796,0.092955276235019,0.9380530973451328,0.16914893617021273
0.42332324385643005,0.0929281122150789,0.9380530973451328,0.1691039617123106
0.42330747842788696,0.09290096406660824,0.9380530973451328,0.16905901116427433
0.42305120825767517,0.09287383177570094,0.9380530973451328,0.16901408450704228
0.42304500937461853,0.09284671532846715,0.9380530973451328,0.1689691817215728
0.42298614978790283,0.09281961471103327,0.9380530973451328,0.16892430278884463
0.42277875542640686,0.09279252990954187,0.9380530973451328,0.1688794476898566
0.4226903021335602,0.0927654609101517,0.9380530973451328,0.16883461640562783
0.4226040840148926,0.09273840769903761,0.9380530973451328,0.16878980891719744
0.4225882291793823,0.09271137026239067,0.9380530973451328,0.16874502520562482
0.4225684702396393,0.09268434858641796,0.9380530973451328,0.16870026525198936
0.4225154519081116,0.09265734265734266,0.9380530973451328,0.16865552903739062
0.422458678483963,0.09263035246140403,0.9380530973451328,0.16861081654294807
0.4224177300930023,0.09260337798485731,0.9380530973451328,0.16856612774980123
0.4223804175853729,0.0925764192139738,0.9380530973451328,0.1685214626391097
0.4223414361476898,0.09254947613504075,0.9380530973451328,0.16847682119205298
0.42213332653045654,0.09252254873436136,0.9380530973451328,0.1684322033898305
0.4221317768096924,0.0924956369982548,0.9380530973451328,0.16838760921366164
0.42208752036094666,0.09246874091305612,0.9380530973451328,0.1683430386447856
0.42198479175567627,0.09244186046511628,0.9380530973451328,0.16829849166446148
0.4219563603401184,0.09241499564080209,0.9380530973451328,0.16825396825396824
0.42191803455352783,0.09238814642649622,0.9380530973451328,0.16820946839460457
0.4218856990337372,0.09236131280859715,0.9380530973451328,0.16816499206768906
0.4218340516090393,0.09233449477351917,0.9380530973451328,0.16812053925455991
0.4217778444290161,0.09230769230769231,0.9380530973451328,0.16807610993657507
0.421720415353775,0.0922809053975624,0.9380530973451328,0.16803170409511228
0.4216465353965759,0.09225413402959094,0.9380530973451328,0.16798732171156894
0.42163828015327454,0.09222737819025523,0.9380530973451328,0.16794296276736204
0.4216087758541107,0.09220063786604812,0.9380530973451328,0.16789862724392818
0.42140743136405945,0.09246376811594204,0.9410029498525073,0.16838215888097124
0.421403169631958,0.09243697478991597,0.9410029498525073,0.16833773087071238
0.42136526107788086,0.09241019698725376,0.9410029498525073,0.1682933262991295
0.42135167121887207,0.09238343469446858,0.9410029498525073,0.16824894514767932
0.421241819858551,0.09235668789808917,0.9410029498525073,0.1682045873978381
0.421199768781662,0.09232995658465991,0.9410029498525073,0.16816025303110174
0.4211554527282715,0.09230324074074074,0.9410029498525073,0.1681159420289855
0.4210304021835327,0.09227654035290714,0.9410029498525073,0.1680716543730242
0.4210253357887268,0.09224985540775014,0.9410029498525073,0.1680273900447722
0.42083945870399475,0.09222318589187627,0.9410029498525073,0.16798314902580305
0.4207247495651245,0.09219653179190751,0.9410029498525073,0.16793893129770993
0.4206978678703308,0.09216989309448137,0.9410029498525073,0.1678947368421053
0.42066478729248047,0.09214326978625072,0.9410029498525073,0.1678505656406209
0.420639306306839,0.09211666185388391,0.9410029498525073,0.16780641767490792
0.4205687940120697,0.09209006928406467,0.9410029498525073,0.16776229292663689
0.4203852713108063,0.09206349206349207,0.9410029498525073,0.16771819137749738
0.42037996649742126,0.09232544720138489,0.943952802359882,0.16819973718791068
0.4203774333000183,0.0922988174214018,0.943952802359882,0.1681555438780872
0.42030540108680725,0.0922722029988466,0.943952802359882,0.16811137378513266
0.4202907383441925,0.09224560392043817,0.943952802359882,0.1680672268907563
0.4202784299850464,0.09221902017291066,0.943952802359882,0.16802310317668678
0.4202684164047241,0.09219245174301353,0.943952802359882,0.1679790026246719
0.420189768075943,0.09216589861751152,0.943952802359882,0.16793492521647863
0.4201188087463379,0.09213936078318456,0.943952802359882,0.16789087093389296
0.42002594470977783,0.09211283822682786,0.943952802359882,0.16784683975872017
0.41994205117225647,0.0920863309352518,0.943952802359882,0.16780283167278448
0.4199245572090149,0.09205983889528194,0.943952802359882,0.1677588466579292
0.4198329448699951,0.092033362093759,0.943952802359882,0.16771488469601678
0.41966769099235535,0.09200690051753882,0.943952802359882,0.16767094576892846
0.4195941388607025,0.09198045415349239,0.943952802359882,0.1676270298585647
0.4194715917110443,0.09195402298850575,0.943952802359882,0.16758313694684474
0.4194355905056,0.09192760700948004,0.943952802359882,0.16753926701570682
0.41914451122283936,0.09190120620333142,0.943952802359882,0.16749542004710813
0.4190690815448761,0.0918748205569911,0.943952802359882,0.16745159602302462
0.41899245977401733,0.09184845005740529,0.943952802359882,0.16740779492545124
0.4189785420894623,0.09182209469153516,0.943952802359882,0.1673640167364017
0.4189031720161438,0.09179575444635686,0.943952802359882,0.1673202614379085
0.4188709855079651,0.09176942930886149,0.943952802359882,0.167276529012023
0.41883713006973267,0.09174311926605505,0.943952802359882,0.16723281944081528
0.41879433393478394,0.09171682430495844,0.943952802359882,0.1671891327063741
0.41877928376197815,0.09169054441260745,0.943952802359882,0.167145468790807
0.4186866879463196,0.0916642795760527,0.943952802359882,0.1671018276762402
0.4184836149215698,0.09163802978235967,0.943952802359882,0.16705820934481858
0.41846683621406555,0.09161179501860865,0.943952802359882,0.16701461377870566
0.4184645712375641,0.09158557527189468,0.943952802359882,0.1669710409600835
0.4183061122894287,0.09155937052932761,0.943952802359882,0.16692749087115286
0.4181142747402191,0.09153318077803203,0.943952802359882,0.16688396349413298
0.4180264174938202,0.09150700600514727,0.943952802359882,0.16684045881126172
0.4180225133895874,0.09148084619782733,0.943952802359882,0.1667969768047954
0.41781237721443176,0.09145470134324092,0.943952802359882,0.16675351745700887
0.4177979826927185,0.09142857142857143,0.943952802359882,0.16671008075019536
0.41775795817375183,0.09140245644101685,0.943952802359882,0.16666666666666663
0.4176281690597534,0.09137635636778983,0.943952802359882,0.16662327518875292
0.4174444079399109,0.09135027119611762,0.943952802359882,0.1665799062988027
0.4174349009990692,0.091324200913242,0.943952802359882,0.16653655997918293
0.4173854887485504,0.0912981455064194,0.943952802359882,0.16649323621227885
0.4173182249069214,0.09127210496292071,0.943952802359882,0.16644993498049415
0.4171389639377594,0.09124607927003137,0.943952802359882,0.16640665626625065
0.41704946756362915,0.09122006841505131,0.943952802359882,0.16636340005198857
0.4169418513774872,0.09119407238529495,0.943952802359882,0.16632016632016633
0.41691142320632935,0.09116809116809117,0.943952802359882,0.1662769550532606
0.4167398512363434,0.09114212475078325,0.943952802359882,0.1662337662337662
0.41666379570961,0.09111617312072894,0.943952802359882,0.16619059984419635
0.4165051281452179,0.09109023626530031,0.943952802359882,0.16614745586708204
0.416460782289505,0.09106431417188389,0.943952802359882,0.16610433428497276
0.4164079427719116,0.09103840682788052,0.943952802359882,0.16606123508043594
0.4162820875644684,0.09101251422070535,0.943952802359882,0.16601815823605706
0.41619524359703064,0.09098663633778789,0.943952802359882,0.16597510373443985
0.4161485731601715,0.09124502558271745,0.9469026548672567,0.16645060928182526
0.41613495349884033,0.09121909633418585,0.9469026548672567,0.16640746500777606
0.4160621166229248,0.09119318181818181,0.9469026548672567,0.1663643430940658
0.4160207211971283,0.0911672820221528,0.9469026548672567,0.16632124352331606
0.41589120030403137,0.09114139693356048,0.9469026548672567,0.16627816627816627
0.4157687723636627,0.09111552653988078,0.9469026548672567,0.16623511134127397
0.41575127840042114,0.09108967082860386,0.9469026548672567,0.16619207869531452
0.41565343737602234,0.09106382978723404,0.9469026548672567,0.16614906832298135
0.4156532883644104,0.09103800340328985,0.9469026548672567,0.16610608020698578
0.415454238653183,0.09101219166430394,0.9469026548672567,0.16606311433005688
0.41543322801589966,0.09098639455782313,0.9469026548672567,0.16602017067494182
0.41538530588150024,0.09096061207140833,0.9469026548672567,0.16597724922440538
0.41528141498565674,0.09093484419263456,0.9469026548672567,0.16593434996123027
0.4152698218822479,0.09090909090909091,0.9469026548672567,0.16589147286821707
0.41518694162368774,0.09088335220838052,0.9469026548672567,0.16584861792818392
0.4151644706726074,0.09085762807812058,0.9469026548672567,0.16580578512396696
0.4150473475456238,0.09083191850594227,0.9469026548672567,0.16576297443841984
0.414972186088562,0.0908062234794908,0.9469026548672567,0.16572018585441403
0.41495481133461,0.09078054298642534,0.9469026548672567,0.1656774193548387
0.41472598910331726,0.090754877014419,0.9469026548672567,0.16563467492260064
0.41462433338165283,0.09072922555115885,0.9469026548672567,0.1655919525406242
0.41460636258125305,0.09070358858434587,0.9469026548672567,0.1655492521918515
0.41456153988838196,0.09067796610169492,0.9469026548672567,0.16550657385924208
0.41450345516204834,0.09065235809093476,0.9469026548672567,0.1654639175257732
0.41449427604675293,0.09062676453980802,0.9469026548672567,0.16542128317443955
0.4144601821899414,0.09060118543607112,0.9469026548672567,0.16537867078825344
0.4142538011074066,0.09057562076749436,0.9469026548672567,0.16533608035024466
0.4142420291900635,0.09055007052186177,0.9469026548672567,0.16529351184346036
0.4141153395175934,0.09052453468697123,0.9469026548672567,0.16525096525096525
0.4140481948852539,0.09049901325063434,0.9469026548672567,0.16520844055584147
0.4140211343765259,0.09047350620067644,0.9469026548672567,0.1651659377411886
0.41382262110710144,0.0904480135249366,0.9469026548672567,0.16512345679012344
0.41381606459617615,0.0904225352112676,0.9469026548672567,0.16508099768578038
0.41355860233306885,0.0903970712475359,0.9469026548672567,0.16503856041131107
0.4135427176952362,0.09037162162162163,0.9469026548672567,0.16499614494988435
0.4133293330669403,0.09034618632141853,0.9469026548672567,0.16495375128468656
0.4132712185382843,0.09032076533483399,0.9469026548672567,0.16491137939892114
0.41315725445747375,0.09029535864978903,0.9469026548672567,0.16486902927580893
0.41290467977523804,0.09026996625421822,0.9469026548672567,0.16482670089858795
0.4128740429878235,0.09024458813606973,0.9469026548672567,0.16478439425051336
0.4128246307373047,0.09021922428330523,0.9469026548672567,0.16474210931485758
0.4127817153930664,0.09019387468389997,0.9469026548672567,0.1646998460749102
0.4127536118030548,0.09016853932584269,0.9469026548672567,0.16465760451397793
0.41273778676986694,0.09014321819713564,0.9469026548672567,0.1646153846153846
0.4127137362957001,0.0901179112857945,0.9469026548672567,0.16457318636247117
0.4126715064048767,0.09009261857984845,0.9469026548672567,0.1645310097385956
0.4125123918056488,0.09006734006734007,0.9469026548672567,0.16448885472713298
0.4123838245868683,0.09004207573632539,0.9469026548672567,0.1644467213114754
0.41236412525177,0.09001682557487381,0.9469026548672567,0.16440460947503202
0.4123125672340393,0.08999158957106812,0.9469026548672567,0.16436251920122885
0.4122663736343384,0.08996636771300448,0.9469026548672567,0.1643204504735091
0.412073016166687,0.08994115998879237,0.9469026548672567,0.16427840327533266
0.41189709305763245,0.08991596638655462,0.9469026548672567,0.16423637759017654
0.4118667244911194,0.08989078689442734,0.9469026548672567,0.16419437340153453
0.41181761026382446,0.0898656215005599,0.9469026548672567,0.1641523906929174
0.41160568594932556,0.08984047019311503,0.9469026548672567,0.16411042944785276
0.41154152154922485,0.08981533296026861,0.9469026548672567,0.16406848964988502
0.4115012288093567,0.0897902097902098,0.9469026548672567,0.1640265712825754
0.4113719165325165,0.08976510067114093,0.9469026548672567,0.1639846743295019
0.41135621070861816,0.08974000559127761,0.9469026548672567,0.16394279877425944
0.41135185956954956,0.08971492453884852,0.9469026548672567,0.16390094460045954
0.411175400018692,0.08968985750209556,0.9469026548672567,0.1638591117917305
0.4111683964729309,0.08966480446927375,0.9469026548672567,0.1638173003317173
0.41116663813591003,0.08963976542865121,0.9469026548672567,0.16377551020408163
0.41108447313308716,0.08961474036850921,0.9469026548672567,0.1637337413925019
0.4109784960746765,0.08958972927714207,0.9469026548672567,0.16369199388067315
0.41095027327537537,0.08956473214285714,0.9469026548672567,0.16365026765230692
0.4107750356197357,0.0895397489539749,0.9469026548672567,0.1636085626911315
0.4107687771320343,0.08951477969882878,0.9469026548672567,0.1635668789808917
0.4107491374015808,0.08948982436576526,0.9469026548672567,0.16352521650534896
0.4105280935764313,0.08946488294314381,0.9469026548672567,0.1634835752482811
0.41039618849754333,0.08943995541933686,0.9469026548672567,0.16344195519348267
0.41036728024482727,0.0894150417827298,0.9469026548672567,0.16340035632476455
0.4103614091873169,0.08939014202172096,0.9469026548672567,0.16335877862595416
0.4103511869907379,0.0893652561247216,0.9469026548672567,0.16331722208089544
0.41030779480934143,0.08934038408015586,0.9469026548672567,0.16327568667344863
0.41024598479270935,0.08931552587646077,0.9469026548672567,0.1632341723874905
0.41019412875175476,0.08929068150208623,0.9469026548672567,0.16319267920691408
0.4101220369338989,0.089265850945495,0.9469026548672567,0.16315120711562897
0.4100984036922455,0.08924103419516263,0.9469026548672567,0.16310975609756095
0.41006192564964294,0.08921623123957755,0.9469026548672567,0.1630683261366523
0.4099577069282532,0.0891914420672409,0.9469026548672567,0.16302691721686133
0.4098340570926666,0.08916666666666667,0.9469026548672567,0.16298552932216298
0.40978944301605225,0.08914190502638156,0.9469026548672567,0.1629441624365482
0.40975630283355713,0.08911715713492505,0.9469026548672567,0.16290281654402436
0.4096479117870331,0.0890924229808493,0.9469026548672567,0.16286149162861494
0.40938642621040344,0.0890677025527192,0.9469026548672567,0.16282018767435963
0.4090995788574219,0.08904299583911235,0.9469026548672567,0.1627789046653144
0.4090084433555603,0.08901830282861897,0.9469026548672567,0.16273764258555135
0.4087614417076111,0.08899362350984197,0.9469026548672567,0.16269640141915861
0.4087130129337311,0.0889689578713969,0.9469026548672567,0.1626551811502407
0.4086899161338806,0.0889443059019119,0.9469026548672567,0.16261398176291797
0.40855443477630615,0.0889196675900277,0.9469026548672567,0.16257280324132692
0.40840843319892883,0.08889504292439768,0.9469026548672567,0.16253164556962027
0.4083365499973297,0.0888704318936877,0.9469026548672567,0.16249050873196655
0.4082655608654022,0.08884583448657625,0.9469026548672567,0.1624493927125506
0.4080514907836914,0.08882125069175428,0.9469026548672567,0.162408297495573
0.4079931378364563,0.08879668049792531,0.9469026548672567,0.1623672230652504
0.40794050693511963,0.08877212389380532,0.9469026548672567,0.16232616940581543
0.40790891647338867,0.08874758086812275,0.9469026548672567,0.16228513650151669
0.407817542552948,0.08872305140961857,0.9469026548672567,0.16224412433661864
0.407764196395874,0.08869853550704615,0.9469026548672567,0.16220313289540175
0.40764743089675903,0.08867403314917127,0.9469026548672567,0.16216216216216217
0.4075816869735718,0.08864954432477216,0.9469026548672567,0.1621212121212121
0.4075583219528198,0.08890115958034235,0.9498525073746312,0.1625852057561222
0.4075564742088318,0.08887662158432239,0.9498525073746312,0.16254416961130744
0.40755411982536316,0.08885209713024282,0.9498525073746312,0.1625031541761292
0.4075464606285095,0.08882758620689656,0.9498525073746312,0.16246215943491427
0.40737780928611755,0.0888030888030888,0.9498525073746312,0.16242118537200506
0.4072577953338623,0.08877860490763717,0.9498525073746312,0.16238023197175996
0.40724363923072815,0.08875413450937156,0.9498525073746312,0.16233929921855306
0.40722817182540894,0.0887296775971342,0.9498525073746312,0.1622983870967742
0.40702158212661743,0.08870523415977961,0.9498525073746312,0.16225749559082892
0.4068641662597656,0.0886808041861746,0.9498525073746312,0.16221662468513856
0.40683862566947937,0.08865638766519823,0.9498525073746312,0.16217577436414
0.4066660404205322,0.08863198458574181,0.9498525073746312,0.162134944612286
0.40649548172950745,0.08860759493670886,0.9498525073746312,0.1620941354140448
0.40617915987968445,0.08858321870701513,0.9498525073746312,0.16205334675390035
0.4060537815093994,0.08855885588558855,0.9498525073746312,0.16201257861635215
0.40597403049468994,0.08853450646136926,0.9498525073746312,0.16197183098591547
0.40595218539237976,0.08851017042330951,0.9498525073746312,0.16193110384712095
0.4059094786643982,0.08848584776037373,0.9498525073746312,0.16189039718451484
0.4058111011981964,0.08846153846153847,0.9498525073746312,0.16184971098265896
0.4058067500591278,0.08843724251579237,0.9498525073746312,0.16180904522613068
0.40566056966781616,0.08841295991213619,0.9498525073746312,0.1617683998995227
0.4055293798446655,0.08838869063958277,0.9498525073746312,0.16172777498744348
0.4052466154098511,0.08836443468715698,0.9498525073746312,0.16168717047451672
0.4051656424999237,0.08834019204389575,0.9498525073746312,0.16164658634538154
0.40499937534332275,0.08831596269884805,0.9498525073746312,0.1616060225846926
0.4047583043575287,0.08829174664107485,0.9498525073746312,0.16156547917711991
0.40457209944725037,0.08826754385964912,0.9498525073746312,0.1615249561073489
0.40444308519363403,0.0882433543436558,0.9498525073746312,0.16148445336008024
0.40442001819610596,0.08821917808219178,0.9498525073746312,0.16144397092003007
0.40437614917755127,0.08819501506436593,0.9498525073746312,0.16140350877192983
0.4043506681919098,0.08817086527929902,0.9498525073746312,0.16136306690052618
0.40432748198509216,0.08814672871612374,0.9498525073746312,0.16132264529058113
0.4042969048023224,0.08812260536398467,0.9498525073746312,0.16128224392687202
0.40422436594963074,0.0880984952120383,0.9498525073746312,0.16124186279419128
0.4040396511554718,0.08807439824945296,0.9498525073746312,0.16120150187734666
0.403916597366333,0.0880503144654088,0.9498525073746312,0.16116116116116114
0.40389522910118103,0.08802624384909787,0.9498525073746312,0.16112084063047283
0.4038406312465668,0.08800218638972397,0.9498525073746312,0.16108054027013508
0.4037851393222809,0.08797814207650273,0.9498525073746312,0.16104026006501623
0.4034995436668396,0.08795411089866156,0.9498525073746312,0.161
0.4034900367259979,0.08793009284543965,0.9498525073746312,0.16095976005998497
0.4034838378429413,0.0879060879060879,0.9498525073746312,0.16091954022988508
0.4034814238548279,0.08788209606986899,0.9498525073746312,0.16087934049462901
0.4034799039363861,0.0878581173260573,0.9498525073746312,0.16083916083916083
0.40346989035606384,0.0878341516639389,0.9498525073746312,0.1607990012484395
0.4032348096370697,0.08781019907281157,0.9498525073746312,0.16075886170743883
0.40314170718193054,0.08778625954198473,0.9498525073746312,0.16071874220114796
0.4031326472759247,0.0877623330607795,0.9498525073746312,0.16067864271457086
0.40290385484695435,0.08773841961852862,0.9498525073746312,0.16063856323272638
0.4027242362499237,0.08771451920457642,0.9498525073746312,0.16059850374064838
0.40268924832344055,0.08769063180827887,0.9498525073746312,0.16055846422338568
0.40251588821411133,0.08766675741900354,0.9498525073746312,0.160518444666002
0.4023030698299408,0.08764289602612955,0.9498525073746312,0.16047844505357586
0.40224212408065796,0.08761904761904762,0.9498525073746312,0.1604384653712008
0.40216222405433655,0.08759521218715996,0.9498525073746312,0.16039850560398503
0.4020453691482544,0.08757138971988034,0.9498525073746312,0.1603585657370518
0.40202397108078003,0.08754758020663404,0.9498525073746312,0.16031864575553895
0.40197911858558655,0.08752378363685784,0.9498525073746312,0.1602787456445993
0.40161508321762085,0.0875,0.9498525073746312,0.16023886538940033
0.40154606103897095,0.08747622928552024,0.9498525073746312,0.16019900497512435
0.40141767263412476,0.08745247148288973,0.9498525073746312,0.1601591643869684
0.4013550281524658,0.08742872658159109,0.9498525073746312,0.1601193436101442
0.40134936571121216,0.08740499457111835,0.9498525073746312,0.16007954262987822
0.40125057101249695,0.08738127544097693,0.9498525073746312,0.16003976143141152
0.4012168347835541,0.08735756918068367,0.9498525073746312,0.16
0.40111294388771057,0.08733387577976674,0.9498525073746312,0.15996025832091404
0.40103211998939514,0.08731019522776573,0.9498525073746312,0.1599205363794388
0.400988906621933,0.0872865275142315,0.9498525073746312,0.1598808341608739
0.40092724561691284,0.08726287262872628,0.9498525073746312,0.15984115165053364
0.40090999007225037,0.08723923056082362,0.9498525073746312,0.15980148883374687
0.4008679687976837,0.08721560130010834,0.9498525073746312,0.15976184569585714
0.40083417296409607,0.08719198483617654,0.9498525073746312,0.1597222222222222
0.4005778431892395,0.08716838115863562,0.9498525073746312,0.15968261839821474
0.40052422881126404,0.0871447902571042,0.9498525073746312,0.15964303420922163
0.4004736542701721,0.08712121212121213,0.9498525073746312,0.1596034696406444
0.4004216492176056,0.08709764674060048,0.9498525073746312,0.1595639246778989
0.40030938386917114,0.08707409410492158,0.9498525073746312,0.15952439930641563
0.4002232849597931,0.08705055420383888,0.9498525073746312,0.15948489351163944
0.40018075704574585,0.08702702702702703,0.9498525073746312,0.15944540727902945
0.40000274777412415,0.08700351256417184,0.9498525073746312,0.1594059405940594
0.3998865485191345,0.08698001080497028,0.9498525073746312,0.15936649344221726
0.3996469974517822,0.08695652173913043,0.9498525073746312,0.15932706580900544
0.3996116518974304,0.08693304535637149,0.9498525073746312,0.1592876576799406
0.39946094155311584,0.08690958164642375,0.9498525073746312,0.1592482690405539
0.399353951215744,0.0868861305990286,0.9498525073746312,0.15920889987639059
0.3992941677570343,0.0868626922039385,0.9498525073746312,0.15916955017301038
0.39929285645484924,0.08683926645091694,0.9498525073746312,0.15913021991598716
0.39924323558807373,0.08681585332973847,0.9498525073746312,0.1590909090909091
0.3991715610027313,0.08679245283018867,0.9498525073746312,0.15905161768337858
0.3991657793521881,0.08676906494206413,0.9498525073746312,0.15901234567901232
0.39908599853515625,0.08674568965517242,0.9498525073746312,0.15897309306344112
0.3989008963108063,0.08672232695933207,0.9498525073746312,0.15893385982230995
0.3988233506679535,0.08669897684437264,0.9498525073746312,0.15889464594127806
0.3985040783882141,0.08667563930013458,0.9498525073746312,0.15885545140601876
0.3982933461666107,0.08665231431646932,0.9498525073746312,0.15881627620221947
0.39825117588043213,0.08662900188323917,0.9498525073746312,0.15877712031558186
0.398136168718338,0.08660570199031738,0.9498525073746312,0.15873798373182155
0.3981282413005829,0.08658241462758806,0.9498525073746312,0.1586988664366683
0.3980819880962372,0.08655913978494624,0.9498525073746312,0.158659768415866
0.39804884791374207,0.08653587745229777,0.9498525073746312,0.1586206896551724
0.3979915380477905,0.08651262761955937,0.9498525073746312,0.1585816301403595
0.3979170024394989,0.08648939027665861,0.9498525073746312,0.15854258985721317
0.397859126329422,0.08646616541353383,0.9498525073746312,0.15850356879153335
0.39765483140945435,0.08644295302013423,0.9498525073746312,0.15846456692913385
0.39761248230934143,0.08641975308641975,0.9498525073746312,0.15842558425584255
0.3973545432090759,0.08639656560236114,0.9498525073746312,0.1583866207575012
0.39735445380210876,0.08637339055793991,0.9498525073746312,0.15834767641996558
0.39731693267822266,0.0863502279431483,0.9498525073746312,0.15830875122910518
0.39728623628616333,0.08632707774798927,0.9498525073746312,0.1582698451708036
0.3970598876476288,0.08630393996247655,0.9498525073746312,0.15823095823095823
0.39697518944740295,0.08628081457663452,0.9498525073746312,0.1581920903954802
0.39695918560028076,0.08625770158049825,0.9498525073746312,0.15815324165029468
0.3969372510910034,0.08623460096411355,0.9498525073746312,0.15811441198134052
0.3969348669052124,0.08621151271753681,0.9498525073746312,0.15807560137457044
0.39686718583106995,0.08618843683083512,0.9498525073746312,0.15803680981595092
0.3968426585197449,0.08616537329408616,0.9498525073746312,0.15799803729146222
0.3968295156955719,0.08614232209737828,0.9498525073746312,0.15795928378709834
0.3968104124069214,0.08611928323081038,0.9498525073746312,0.1579205492888671
0.3968034088611603,0.08609625668449197,0.9498525073746312,0.1578818337827899
0.39673250913619995,0.08607324244854317,0.9498525073746312,0.15784313725490196
0.39661386609077454,0.08605024051309461,0.9498525073746312,0.15780445969125217
0.3965959846973419,0.08602725086828747,0.9498525073746312,0.157765801077903
0.39650848507881165,0.0860042735042735,0.9498525073746312,0.15772716140093068
0.3964839279651642,0.08598130841121496,0.9498525073746312,0.15768854064642507
0.3964814841747284,0.08595835557928456,0.9498525073746312,0.15764993880048958
0.39640429615974426,0.0859354149986656,0.9498525073746312,0.1576113558492413
0.3960762321949005,0.08591248665955176,0.9498525073746312,0.15757279177881087
0.396016001701355,0.08588957055214724,0.9498525073746312,0.15753424657534248
0.3959932327270508,0.08586666666666666,0.9498525073746312,0.15749572022499386
0.3958110213279724,0.0858437749933351,0.9498525073746312,0.15745721271393642
0.39574751257896423,0.08582089552238806,0.9498525073746312,0.1574187240283549
0.395420640707016,0.08579802824407141,0.9498525073746312,0.1573802541544477
0.39518269896507263,0.08577517314864144,0.9498525073746312,0.15734180307842657
0.3950268030166626,0.08575233022636485,0.9498525073746312,0.15730337078651685
0.39491942524909973,0.08572949946751864,0.9498525073746312,0.15726495726495726
0.39488092064857483,0.08570668086239021,0.9498525073746312,0.1572265625
0.3947497010231018,0.08568387440127727,0.9498525073746312,0.15718818647791066
0.39473432302474976,0.0856610800744879,0.9498525073746312,0.15714982918496828
0.3945571184158325,0.08563829787234042,0.9498525073746312,0.15711149060746524
0.39436399936676025,0.08561552778516351,0.9498525073746312,0.15707317073170732
0.3943184018135071,0.08559276980329612,0.9498525073746312,0.15703486954401363
0.3942785859107971,0.08557002391708743,0.9498525073746312,0.15699658703071673
0.3942694664001465,0.08554729011689692,0.9498525073746312,0.15695832317816233
0.39412689208984375,0.08552456839309429,0.9498525073746312,0.15692007797270957
0.39411482214927673,0.08550185873605948,0.9498525073746312,0.15688185140073083
0.3939409554004669,0.08547916113618263,0.9498525073746312,0.1568436434486118
0.3939014971256256,0.08545647558386411,0.9498525073746312,0.1568054541027514
0.3934457004070282,0.08543380206951447,0.9498525073746312,0.1567672833495618
0.39334994554519653,0.0856763925729443,0.9528023598820059,0.15721586760769043
0.39324951171875,0.08565367276584461,0.9528023598820059,0.15717761557177617
0.39320629835128784,0.08563096500530222,0.9528023598820059,0.15713938214546339
0.3931214213371277,0.08560826928173867,0.9528023598820059,0.15710116731517512
0.39304667711257935,0.08558558558558559,0.9528023598820059,0.15706297106734746
0.393041729927063,0.08556291390728477,0.9528023598820059,0.15702479338842976
0.39277440309524536,0.08554025423728813,0.9528023598820059,0.15698663426488454
0.3925160765647888,0.08551760656605772,0.9528023598820059,0.15694849368318758
0.39251330494880676,0.08549497088406564,0.9528023598820059,0.15691037162982754
0.3925095796585083,0.08547234718179413,0.9528023598820059,0.15687226809130644
0.39249518513679504,0.08544973544973546,0.9528023598820059,0.15683418305413935
0.39214321970939636,0.08542713567839195,0.9528023598820059,0.15679611650485437
0.39211708307266235,0.08540454785827604,0.9528023598820059,0.1567580684299927
0.39211466908454895,0.08538197197991013,0.9528023598820059,0.15672003881610871
0.392080157995224,0.08535940803382663,0.9528023598820059,0.15668202764976957
0.3920031785964966,0.08533685601056804,0.9528023598820059,0.15664403491755577
0.39187484979629517,0.08531431590068674,0.9528023598820059,0.15660606060606058
0.39183881878852844,0.08555584895695802,0.9557522123893806,0.1570528356761997
0.39181768894195557,0.08553326293558607,0.9557522123893806,0.15701478071238187
0.3917429447174072,0.0855106888361045,0.9557522123893806,0.1569767441860465
0.3916566073894501,0.08548812664907651,0.9557522123893806,0.15693872608379753
0.39158737659454346,0.08546557636507518,0.9557522123893806,0.1569007263922518
0.39154693484306335,0.08544303797468354,0.9557522123893806,0.1568627450980392
0.39145806431770325,0.0854205114684946,0.9557522123893806,0.15682478218780252
0.3914017379283905,0.08539799683711123,0.9557522123893806,0.15678683764819745
0.3913484215736389,0.08537549407114625,0.9557522123893806,0.1567489114658926
0.39129751920700073,0.08561643835616438,0.9587020648967551,0.15719467956469166
0.39060571789741516,0.08559388991308928,0.9587020648967551,0.1571566731141199
0.3905675411224365,0.08557135334386519,0.9587020648967551,0.15711868503746673
0.39052674174308777,0.08554882863911556,0.9587020648967551,0.15708071532141132
0.3904511034488678,0.08552631578947369,0.9587020648967551,0.15704276395264558
0.3904145658016205,0.08550381478558274,0.9587020648967551,0.15700483091787437
0.3903311491012573,0.08548132561809574,0.9587020648967551,0.15696691620381548
0.3902425169944763,0.08545884827767553,0.9587020648967551,0.15692901979719942
0.39021092653274536,0.08543638275499474,0.9587020648967551,0.15689114168476948
0.3900626599788666,0.08541392904073587,0.9587020648967551,0.15685328185328185
0.3900127410888672,0.08539148712559118,0.9587020648967551,0.15681544028950545
0.38981136679649353,0.08563173102180194,0.9616519174041298,0.15726000964785333
0.38945135474205017,0.08560924369747899,0.9616519174041298,0.15722208825657102
0.38917016983032227,0.08558676818062484,0.9616519174041298,0.15718418514946964
0.38889938592910767,0.08556430446194226,0.9616519174041298,0.15714630031332852
0.3887188732624054,0.08554185253214379,0.9616519174041298,0.15710843373493974
0.3884524703025818,0.08551941238195174,0.9616519174041298,0.15707058540110816
0.38832172751426697,0.08549698400209808,0.9616519174041298,0.15703275529865127
0.3878069519996643,0.0854745673833246,0.9616519174041298,0.15699494341439924
0.38762521743774414,0.0854521625163827,0.9616519174041298,0.15695714973519498
0.3876195549964905,0.08542976939203355,0.9616519174041298,0.1569193742478941
0.3875451982021332,0.08540738800104794,0.9616519174041298,0.15688161693936475
0.38747891783714294,0.08538501833420639,0.9616519174041298,0.15684387779648787
0.3874751031398773,0.08536266038229903,0.9616519174041298,0.1568061568061568
0.3874029815196991,0.08534031413612565,0.9616519174041298,0.1567684539552777
0.38706839084625244,0.08531797958649569,0.9616519174041298,0.15673076923076923
0.3869856894016266,0.08529565672422815,0.9616519174041298,0.15669310261956257
0.3869718909263611,0.08527334554015172,0.9616519174041298,0.15665545410860163
0.3868796229362488,0.0852510460251046,0.9616519174041298,0.15661782368484264
0.386766642332077,0.08522875816993464,0.9616519174041298,0.15658021133525457
0.3866654634475708,0.08520648196549922,0.9616519174041298,0.15654261704681874
0.38661718368530273,0.08518421740266527,0.9616519174041298,0.15650504080652902
0.3866023123264313,0.0851619644723093,0.9616519174041298,0.15646748260139187
0.38625428080558777,0.08513972316531732,0.9616519174041298,0.15642994241842612
0.3861912190914154,0.08511749347258486,0.9616519174041298,0.156392420244663
0.38605406880378723,0.08509527538501696,0.9616519174041298,0.15635491606714627
0.3859660029411316,0.08507306889352818,0.9616519174041298,0.15631742987293215
0.3854343891143799,0.08505087398904253,0.9616519174041298,0.15627996164908917
0.3854152262210846,0.08502869066249348,0.9616519174041298,0.1562425113826983
0.385405570268631,0.08500651890482398,0.9616519174041298,0.1562050790608529
0.3853680193424225,0.08498435870698644,0.9616519174041298,0.15616766467065865
0.3853617310523987,0.08496221005994266,0.9616519174041298,0.1561302681992337
0.38519757986068726,0.08494007295466388,0.9616519174041298,0.1560928896337084
0.3849121034145355,0.08491794738213077,0.9616519174041298,0.15605552896122546
0.3848787248134613,0.08489583333333334,0.9616519174041298,0.15601818616893992
0.38487499952316284,0.08487373079927102,0.9616519174041298,0.1559808612440191
0.38478583097457886,0.08485163977095263,0.9616519174041298,0.15594355417364264
0.38478344678878784,0.0848295602393963,0.9616519174041298,0.1559062649450024
0.3847288489341736,0.08480749219562955,0.9616519174041298,0.1558689935453024
0.3846392333507538,0.0847854356306892,0.9616519174041298,0.15583173996175906
0.384487122297287,0.08476339053562143,0.9616519174041298,0.15579450418160098
0.38443681597709656,0.08474135690148167,0.9616519174041298,0.1557572861920688
0.3843713402748108,0.08471933471933472,0.9616519174041298,0.1557200859804156
0.3843447268009186,0.08469732398025462,0.9616519174041298,0.1556829035339064
0.3842858374118805,0.08467532467532468,0.9616519174041298,0.15564573883981858
0.3842792212963104,0.0846533367956375,0.9616519174041298,0.15560859188544154
0.38423028588294983,0.08463136033229492,0.9616519174041298,0.1555714626580768
0.38414084911346436,0.084609395276408,0.9616519174041298,0.15553435114503816
0.3840991258621216,0.08458744161909704,0.9616519174041298,0.15549725733365133
0.38395488262176514,0.08456549935149157,0.9616519174041298,0.15546018121125418
0.3839346468448639,0.0845435684647303,0.9616519174041298,0.15542312276519668
0.3837924301624298,0.08452164894996111,0.9616519174041298,0.1553860819828408
0.3837275207042694,0.0844997407983411,0.9616519174041298,0.15534905885156064
0.38365745544433594,0.08447784400103654,0.9616519174041298,0.15531205335874226
0.38363033533096313,0.0844559585492228,0.9616519174041298,0.15527506549178377
0.3836161494255066,0.08443408443408443,0.9616519174041298,0.15523809523809523
0.38358381390571594,0.08441222164681512,0.9616519174041298,0.15520114258509882
0.3835127353668213,0.08439037017861765,0.9616519174041298,0.15516420752022847
0.3833945691585541,0.08436853002070394,0.9616519174041298,0.1551272900309303
0.38330134749412537,0.08460543337645537,0.9646017699115044,0.15556612749762133
0.3832646310329437,0.08482027411430049,0.967551622418879,0.1559676652401331
0.38278359174728394,0.08479834539813857,0.967551622418879,0.1559305918706917
0.38205084204673767,0.0847764280175756,0.967551622418879,0.15589353612167298
0.3817993700504303,0.08475452196382428,0.967551622418879,0.15585649798051793
0.38174474239349365,0.08473262722810643,0.967551622418879,0.1558194774346793
0.3816937506198883,0.08471074380165289,0.967551622418879,0.15578247447162194
0.3816525340080261,0.08468887167570359,0.967551622418879,0.15574548907882244
0.3814157545566559,0.08466701084150749,0.967551622418879,0.15570852124376933
0.38135093450546265,0.08464516129032258,0.967551622418879,0.15567157095396297
0.3812961280345917,0.0846233230134159,0.967551622418879,0.1556346381969158
0.3812888562679291,0.08460149600206344,0.967551622418879,0.1555977229601518
0.3812471926212311,0.08457968024755029,0.967551622418879,0.155560825231207
0.38103508949279785,0.08455787574117041,0.967551622418879,0.15552394499762923
0.3809763491153717,0.08453608247422681,0.967551622418879,0.15548708224697796
0.38090428709983826,0.08451430043803143,0.967551622418879,0.15545023696682464
0.3808039426803589,0.0844925296239052,0.967551622418879,0.1554134091447524
0.3806683123111725,0.08447077002317796,0.967551622418879,0.15537659876835622
0.3806542158126831,0.08444902162718847,0.967551622418879,0.15533980582524273
0.3806152641773224,0.08442728442728442,0.967551622418879,0.15530303030303028
0.38057518005371094,0.08440555841482245,0.967551622418879,0.1552662721893491
0.3803673982620239,0.084383843581168,0.967551622418879,0.155229531471841
0.38009145855903625,0.08436213991769548,0.967551622418879,0.15519280813815944
0.3800634443759918,0.0845975829262021,0.9705014749262537,0.15562913907284767
0.3800067603588104,0.08457583547557841,0.9705014749262537,0.15559233861432964
0.3798496723175049,0.08455409920328964,0.9705014749262537,0.15555555555555556
0.37982848286628723,0.08453237410071943,0.9705014749262537,0.15551878988418813
0.37947195768356323,0.08451066015926022,0.9705014749262537,0.15548204158790171
0.3793327510356903,0.0844889573703133,0.9705014749262537,0.15544531065438222
0.37854525446891785,0.08446726572528883,0.9705014749262537,0.15540859707132737
0.37850913405418396,0.08444558521560575,0.9705014749262537,0.1553719008264463
0.3783133327960968,0.08442391583269182,0.9705014749262537,0.15533522190745988
0.37826165556907654,0.08440225756798359,0.9705014749262537,0.15529856030210057
0.37814778089523315,0.0843806104129264,0.9705014749262537,0.15526191599811234
0.37811949849128723,0.08435897435897435,0.9705014749262537,0.15522528898325078
0.37799665331840515,0.08433734939759036,0.9705014749262537,0.155188679245283
0.37795308232307434,0.08431573552024603,0.9705014749262537,0.15515208677198775
0.37788641452789307,0.08429413271842173,0.9705014749262537,0.15511551155115513
0.3776324391365051,0.08427254098360656,0.9705014749262537,0.15507895357058687
0.3776053786277771,0.08425096030729834,0.9705014749262537,0.15504241281809614
0.3773733377456665,0.08422939068100359,0.9705014749262537,0.15500588928150766
0.3773714601993561,0.08420783209623753,0.9705014749262537,0.15496938294865756
0.3773278594017029,0.08418628454452405,0.9705014749262537,0.15493289380739345
0.37621456384658813,0.08416474801739575,0.9705014749262537,0.15489642184557437
0.3759959638118744,0.08414322250639386,0.9705014749262537,0.15485996705107083
0.3757704496383667,0.08412170800306827,0.9705014749262537,0.1548235294117647
0.3756897449493408,0.08410020449897751,0.9705014749262537,0.15478710891554928
0.37555891275405884,0.08407871198568873,0.9705014749262537,0.15475070555032924
0.3753322958946228,0.08405723045477773,0.9705014749262537,0.15471431930402071
0.37516987323760986,0.08403575989782887,0.9705014749262537,0.154677950164551
0.37486714124679565,0.08401430030643514,0.9705014749262537,0.154641598119859
0.3747084140777588,0.08399285167219811,0.9705014749262537,0.15460526315789472
0.3746589422225952,0.08397141398672792,0.9705014749262537,0.15456894526661968
0.3745872974395752,0.08394998724164328,0.9705014749262537,0.15453264443400655
0.37457263469696045,0.08392857142857142,0.9705014749262537,0.15449636064803945
0.374482661485672,0.08390716653914818,0.9705014749262537,0.1544600938967136
0.37444233894348145,0.08388577256501785,0.9705014749262537,0.15442384416803565
0.3742821216583252,0.08386438949783329,0.9705014749262537,0.15438761145002347
0.37418851256370544,0.08384301732925586,0.9705014749262537,0.15435139573070608
0.3740990459918976,0.08382165605095541,0.9705014749262537,0.15431519699812382
0.37400582432746887,0.08380030565461029,0.9705014749262537,0.15427901524032825
0.3738502860069275,0.08377896613190731,0.9705014749262537,0.1542428504453821
0.3738284707069397,0.08375763747454175,0.9705014749262537,0.15420670260135927
0.3738272786140442,0.08373631967421735,0.9705014749262537,0.15417057169634488
0.37381234765052795,0.08396946564885496,0.9734513274336283,0.15460295151089248
0.37369227409362793,0.08394810480793691,0.9734513274336283,0.15456674473067916
0.3736119270324707,0.0839267548321465,0.9734513274336283,0.15453055490517445
0.37348994612693787,0.08390541571319603,0.9734513274336283,0.1544943820224719
0.3732396066188812,0.0838840874428063,0.9734513274336283,0.15445822607067633
0.3731279671192169,0.08386277001270648,0.9734513274336283,0.15442208703790358
0.37278395891189575,0.08384146341463415,0.9734513274336283,0.15438596491228074
0.3723710775375366,0.08382016764033529,0.9734513274336283,0.15434985968194576
0.37230560183525085,0.08379888268156424,0.9734513274336283,0.15431377133504792
0.37227538228034973,0.08377760853008377,0.9734513274336283,0.15427769985974754
0.37208080291748047,0.08375634517766498,0.9734513274336283,0.15424164524421594
0.37178680300712585,0.08373509261608729,0.9734513274336283,0.1542056074766355
0.3715806305408478,0.0837138508371385,0.9734513274336283,0.15416958654519972
0.3715091347694397,0.08369261983261476,0.9734513274336283,0.15413358243811304
0.37132757902145386,0.08367139959432049,0.9734513274336283,0.15409759514359092
0.3713200092315674,0.08365019011406843,0.9734513274336283,0.15406162464985992
0.37112903594970703,0.08362899138367967,0.9734513274336283,0.15402567094515754
0.3710657060146332,0.08360780339498353,0.9734513274336283,0.15398973401773217
0.37090229988098145,0.08358662613981763,0.9734513274336283,0.15395381385584322
0.37073442339897156,0.08356545961002786,0.9734513274336283,0.15391791044776118
0.37046828866004944,0.08354430379746836,0.9734513274336283,0.1538820237817673
0.3703586757183075,0.08352315869400152,0.9734513274336283,0.15384615384615385
0.3702155649662018,0.08350202429149797,0.9734513274336283,0.15381030062922396
0.3701392412185669,0.08348090058183658,0.9734513274336283,0.1537744641192917
0.3697666823863983,0.0834597875569044,0.9734513274336283,0.15373864430468204
0.3695591986179352,0.08343868520859671,0.9734513274336283,0.1537028411737308
0.36950239539146423,0.08341759352881699,0.9734513274336283,0.15366705471478462
0.3694756031036377,0.08339651250947688,0.9734513274336283,0.15363128491620112
0.3694344758987427,0.0833754421424962,0.9734513274336283,0.1535955317663486
0.36939582228660583,0.08335438241980297,0.9734513274336283,0.1535597952536063
0.3693215250968933,0.08333333333333333,0.9734513274336283,0.15352407536636428
0.36898720264434814,0.08331229487503156,0.9734513274336283,0.15348837209302324
0.368866890668869,0.08329126703685008,0.9734513274336283,0.1534526854219949
0.36882907152175903,0.08327024981074943,0.9734513274336283,0.15341701534170155
0.3687991201877594,0.08324924318869828,0.9734513274336283,0.15338136184057635
0.36875608563423157,0.0832282471626734,0.9734513274336283,0.15334572490706322
0.36855506896972656,0.0832072617246596,0.9734513274336283,0.15331010452961674
0.3685378432273865,0.08318628686664986,0.9734513274336283,0.1532745006967023
0.3685281574726105,0.08341733870967742,0.976401179941003,0.15370327374042259
0.36851024627685547,0.08339632149155958,0.976401179941003,0.15366759517177342
0.3683900237083435,0.08337531486146096,0.976401179941003,0.1536319331631469
0.3682457208633423,0.0836061445479728,0.9793510324483776,0.15406032482598608
0.36797913908958435,0.08358509566968782,0.9793510324483776,0.1540245882625841
0.3677264451980591,0.0835640573873647,0.9793510324483776,0.15398886827458258
0.3674182891845703,0.08354302969300453,0.9793510324483776,0.1539531648504521
0.36720073223114014,0.08352201257861636,0.9793510324483776,0.1539174779786741
0.36719992756843567,0.08350100603621731,0.9793510324483776,0.15388180764774045
0.36715489625930786,0.08348001005783254,0.9793510324483776,0.15384615384615383
0.36714592576026917,0.08345902463549522,0.9793510324483776,0.15381051656242764
0.36701279878616333,0.08343804976124654,0.9793510324483776,0.15377489578508566
0.36695799231529236,0.08366834170854272,0.9823008849557522,0.15420236165779116
0.3669328987598419,0.08364732479276564,0.9823008849557522,0.15416666666666667
0.36681509017944336,0.08362631843294827,0.9823008849557522,0.1541309881971766
0.36668819189071655,0.08360532262113984,0.9823008849557522,0.15409532623785283
0.36666759848594666,0.08358433734939759,0.9823008849557522,0.15405968077723803
0.36656150221824646,0.0835633626097867,0.9823008849557522,0.1540240518038853
0.36650925874710083,0.08354239839438034,0.9823008849557522,0.1539884393063584
0.36622461676597595,0.0835214446952596,0.9823008849557522,0.1539528432732316
0.366128534078598,0.08350050150451355,0.9823008849557522,0.1539172636930899
0.36612433195114136,0.08347956881423915,0.9823008849557522,0.15388170055452866
0.36606425046920776,0.08345864661654136,0.9823008849557522,0.15384615384615385
0.36600974202156067,0.08343773490353294,0.9823008849557522,0.15381062355658198
0.36570802330970764,0.08341683366733467,0.9823008849557522,0.15377510967444008
0.3655988276004791,0.08339594290007513,0.9823008849557522,0.15373961218836563
0.3655824363231659,0.08337506259389084,0.9823008849557522,0.15370413108700667
0.3654874265193939,0.08335419274092616,0.9823008849557522,0.15366866635902168
0.3650141656398773,0.08333333333333333,0.9823008849557522,0.15363321799307958
0.36483412981033325,0.08331248436327246,0.9823008849557522,0.15359778597785978
0.36478427052497864,0.08329164582291146,0.9823008849557522,0.1535623703020521
0.36416101455688477,0.08327081770442611,0.9823008849557522,0.15352697095435683
0.36396288871765137,0.08325,0.9823008849557522,0.15349158792348466
0.36368328332901,0.08322919270182455,0.9823008849557522,0.15345622119815672
0.36362144351005554,0.08320839580209895,0.9823008849557522,0.1534208707671043
0.3636007606983185,0.08318760929303022,0.9823008849557522,0.15338553661906953
0.36303651332855225,0.08316683316683317,0.9823008849557522,0.15335021874280452
0.3630352020263672,0.08314606741573034,0.9823008849557522,0.15331491712707185
0.362779825925827,0.08312531203195207,0.9823008849557522,0.1532796317606444
0.36240503191947937,0.08310456700773645,0.9823008849557522,0.15324436263230556
0.36233311891555786,0.08308383233532934,0.9823008849557522,0.15320910973084886
0.36220961809158325,0.08306310800698428,0.9823008849557522,0.15317387304507818
0.3621670603752136,0.08304239401496259,0.9823008849557522,0.15313865256380776
0.3617040812969208,0.08302169035153328,0.9823008849557522,0.15310344827586206
0.36129340529441833,0.08300099700897308,0.9823008849557522,0.15306826017007583
0.3612523078918457,0.08298031397956641,0.9823008849557522,0.15303308823529413
0.3612317144870758,0.08295964125560538,0.9823008849557522,0.1529979324603722
0.3611014783382416,0.08293897882938979,0.9823008849557522,0.1529627928341755
0.36109811067581177,0.08291832669322709,0.9823008849557522,0.15292766934557978
0.36104217171669006,0.08289768483943241,0.9823008849557522,0.15289256198347104
0.3610055446624756,0.08287705326032851,0.9823008849557522,0.15285747073674547
0.36097007989883423,0.08285643194824584,0.9823008849557522,0.1528223955943093
0.3608826696872711,0.08283582089552238,0.9823008849557522,0.15278733654507914
0.3608221113681793,0.08281522009450386,0.9823008849557522,0.15275229357798167
0.3607875406742096,0.0827946295375435,0.9823008849557522,0.15271726668195368
0.36069434881210327,0.08277404921700224,0.9823008849557522,0.15268225584594225
0.3606266975402832,0.08275347912524851,0.9823008849557522,0.15264726105890444
0.36015599966049194,0.08273291925465838,0.9823008849557522,0.1526122823098075
0.36010757088661194,0.08271236959761549,0.9823008849557522,0.15257731958762885
0.3599604666233063,0.08269183014651105,0.9823008849557522,0.15254237288135591
0.3598685562610626,0.08267130089374379,0.9823008849557522,0.15250744217998624
0.359737753868103,0.08265078183172003,0.9823008849557522,0.15247252747252749
0.3595934212207794,0.08263027295285359,0.9823008849557522,0.1524376287479972
0.35954657196998596,0.08260977424956586,0.9823008849557522,0.15240274599542333
0.3594200611114502,0.08258928571428571,0.9823008849557522,0.15236787920384348
0.35929399728775024,0.08256880733944955,0.9823008849557522,0.1523330283623056
0.359292596578598,0.08254833911750124,0.9823008849557522,0.15229819345986736
0.3592057526111603,0.08252788104089219,0.9823008849557522,0.1522633744855967
0.3589928150177002,0.08250743310208127,0.9823008849557522,0.15222857142857144
0.3585556149482727,0.0824869952935348,0.9823008849557522,0.15219378427787933
0.3584658205509186,0.0824665676077266,0.9823008849557522,0.15215901302261822
0.35836195945739746,0.0824461500371379,0.9823008849557522,0.15212425765189583
0.358180969953537,0.08242574257425743,0.9823008849557522,0.1520895181548299
0.35806259512901306,0.08240534521158129,0.9823008849557522,0.1520547945205479
0.3580567240715027,0.08238495794161306,0.9823008849557522,0.15202008673818762
0.3580044209957123,0.08236458075686372,0.9823008849557522,0.15198539479689638
0.35790151357650757,0.08234421364985163,0.9823008849557522,0.15195071868583163
0.3574378490447998,0.0823238566131026,0.9823008849557522,0.15191605839416059
0.3570541739463806,0.08230350963914977,0.9823008849557522,0.15188141391106041
0.3565705716609955,0.08228317272053373,0.9823008849557522,0.1518467852257182
0.3564954102039337,0.08226284584980237,0.9823008849557522,0.15181217232733074
0.3563256859779358,0.08224252901951098,0.9823008849557522,0.15177757520510482
0.35611289739608765,0.08222222222222222,0.9823008849557522,0.151742993848257
0.3559659421443939,0.08220192545050604,0.9823008849557522,0.1517084282460137
0.35595884919166565,0.08218163869693978,0.9823008849557522,0.151673878387611
0.3558359146118164,0.08216136195410807,0.9823008849557522,0.15163934426229508
0.355703741312027,0.08214109521460286,0.9823008849557522,0.15160482585932164
0.3556631803512573,0.08212083847102343,0.9823008849557522,0.15157032316795632
0.3553328216075897,0.08210059171597633,0.9823008849557522,0.1515358361774744
0.35445868968963623,0.08208035494207543,0.9823008849557522,0.15150136487716104
0.3542214035987854,0.08206012814194184,0.9823008849557522,0.15146690925631112
0.35355132818222046,0.082039911308204,0.9823008849557522,0.1514324693042292
0.3531900644302368,0.08201970443349754,0.9823008849557522,0.1513980450102296
0.3530609905719757,0.0819995075104654,0.9823008849557522,0.1513636363636364
0.35296744108200073,0.08197932053175776,0.9823008849557522,0.15132924335378323
0.3528852164745331,0.081959143490032,0.9823008849557522,0.15129486597001363
0.352576345205307,0.08193897637795275,0.9823008849557522,0.15126050420168066
0.3521777391433716,0.08191881918819188,0.9823008849557522,0.15122615803814715
0.35165494680404663,0.08189867191342844,0.9823008849557522,0.15119182746878548
0.3516184687614441,0.08187853454634866,0.9823008849557522,0.1511575124829778
0.35123372077941895,0.08185840707964602,0.9823008849557522,0.15112321307011573
0.35122227668762207,0.08183828950602114,0.9823008849557522,0.1510889292196007
0.350701242685318,0.08181818181818182,0.9823008849557522,0.15105466092084371
0.3503396511077881,0.08204372390076148,0.9852507374631269,0.1514739229024943
0.35022178292274475,0.08202357563850687,0.9852507374631269,0.15143958286102924
0.3498878479003906,0.08200343726982569,0.9852507374631269,0.1514052583862194
0.34984439611434937,0.0819833087874325,0.9852507374631269,0.15137094946748242
0.34970125555992126,0.08196319018404907,0.9852507374631269,0.15133665609424557
0.3487906754016876,0.08194308145240432,0.9852507374631269,0.15130237825594564
0.348629891872406,0.08192298258523424,0.9852507374631269,0.151268115942029
0.34860673546791077,0.08190289357528201,0.9852507374631269,0.15123386914195155
0.34829869866371155,0.08188281441529786,0.9852507374631269,0.15119963784517884
0.3482663631439209,0.08186274509803922,0.9852507374631269,0.1511654220411858
0.34826600551605225,0.08184268561627052,0.9852507374631269,0.151131221719457
0.3482570946216583,0.08182263596276335,0.9852507374631269,0.15109703686948656
0.3481416404247284,0.08180259613029635,0.9852507374631269,0.15106286748077793
0.3478788733482361,0.08178256611165524,0.9852507374631269,0.15102871354284422
0.3478030562400818,0.0817625458996328,0.9852507374631269,0.15099457504520794
0.34761157631874084,0.08174253548702888,0.9852507374631269,0.15096045197740116
0.34741517901420593,0.08172253486665035,0.9852507374631269,0.1509263443289652
0.34737271070480347,0.08170254403131115,0.9852507374631269,0.1508922520894511
0.3472459018230438,0.08168256297383224,0.9852507374631269,0.15085817524841916
0.3472219407558441,0.08166259168704157,0.9852507374631269,0.15082411379543917
0.34709861874580383,0.08164263016377414,0.9852507374631269,0.15079006772009032
0.34706786274909973,0.08162267839687194,0.9852507374631269,0.15075603701196116
0.34689217805862427,0.08160273637918397,0.9852507374631269,0.15072202166064982
0.34685471653938293,0.08158280410356619,0.9852507374631269,0.1506880216557636
0.3466590940952301,0.08156288156288156,0.9852507374631269,0.15065403698691923
0.3465656638145447,0.08154296875,0.9852507374631269,0.15062006764374297
0.34615978598594666,0.08152306565779839,0.9852507374631269,0.15058611361587015
0.34610071778297424,0.08150317227916057,0.9852507374631269,0.1505521748929457
0.3460964262485504,0.08148328860697732,0.9852507374631269,0.1505182514646237
0.34597048163414,0.08146341463414634,0.9852507374631269,0.1504843433205677
0.3458946645259857,0.0814435503535723,0.9852507374631269,0.15045045045045044
0.3458922505378723,0.08142369575816674,0.9852507374631269,0.15041657284395404
0.34579718112945557,0.08164757494516207,0.9882005899705014,0.1508329581269698
0.3455345332622528,0.08162768031189084,0.9882005899705014,0.1507990096781454
0.3454885184764862,0.08160779537149818,0.9882005899705014,0.15076507650765078
0.3453766107559204,0.0815879201169021,0.9882005899705014,0.15073115860517433
0.3451489508152008,0.08156805454102752,0.9882005899705014,0.15069725596041386
0.3450075685977936,0.08154819863680624,0.9882005899705014,0.15066336856307624
0.34485745429992676,0.08152835239717693,0.9882005899705014,0.1506294964028777
0.3448345959186554,0.08150851581508516,0.9882005899705014,0.15059563946954374
0.3447929918766022,0.08148868888348333,0.9882005899705014,0.150561797752809
0.34476855397224426,0.08146887159533074,0.9882005899705014,0.15052797124241743
0.34471166133880615,0.08144906394359348,0.9882005899705014,0.15049415992812218
0.3440108895301819,0.08142926592124453,0.9882005899705014,0.1504603637996856
0.34383806586265564,0.08140947752126367,0.9882005899705014,0.1504265828468792
0.343393474817276,0.08138969873663751,0.9882005899705014,0.15039281705948374
0.34338638186454773,0.08136992956035949,0.9882005899705014,0.15035906642728905
0.3430106043815613,0.08135016998542982,0.9882005899705014,0.15032533094009423
0.3427295684814453,0.08133042000485555,0.9882005899705014,0.15029161058770749
0.34261855483055115,0.08131067961165049,0.9882005899705014,0.15025790535994618
0.3425622284412384,0.08129094879883524,0.9882005899705014,0.15022421524663676
0.34233033657073975,0.08127122755943716,0.9882005899705014,0.15019054023761488
0.34159597754478455,0.08125151588649042,0.9882005899705014,0.15015688032272523
0.3412013351917267,0.08123181377303589,0.9882005899705014,0.15012323549182166
0.34119048714637756,0.08121212121212121,0.9882005899705014,0.150089605734767
0.3408268094062805,0.08119243819680078,0.9882005899705014,0.15005599104143338
0.3407783508300781,0.0811727647201357,0.9882005899705014,0.15002239140170173
0.3404490649700165,0.0811531007751938,0.9882005899705014,0.14998880680546228
0.3397436738014221,0.08113344635504965,0.9882005899705014,0.14995523724261417
0.33965760469436646,0.0811138014527845,0.9882005899705014,0.14992168270306555
0.3392741084098816,0.08109416606148633,0.9882005899705014,0.14988814317673382
0.3391457200050354,0.08107454017424975,0.9882005899705014,0.14985461865354505
0.338706910610199,0.08105492378417614,0.9882005899705014,0.14982110912343471
0.3386159837245941,0.08103531688437349,0.9882005899705014,0.14978761457634696
0.3384135663509369,0.08101571946795647,0.9882005899705014,0.1497541350022351
0.33789291977882385,0.08099613152804643,0.9882005899705014,0.14972067039106146
0.33773836493492126,0.08097655305777134,0.9882005899705014,0.14968722073279714
0.33769381046295166,0.08095698405026583,0.9882005899705014,0.14965378601742238
0.33759942650794983,0.08093742449867118,0.9882005899705014,0.1496203662349263
0.337243914604187,0.08091787439613526,0.9882005899705014,0.149586961375307
0.33702242374420166,0.0811398212992031,0.9911504424778761,0.15
0.33664870262145996,0.08112023177209078,0.9911504424778761,0.1499665253291676
0.3366484045982361,0.08110065170166546,0.9911504424778761,0.1499330655957162
0.3365373909473419,0.08108108108108109,0.9911504424778761,0.1498996207896498
0.336396187543869,0.08106151990349819,0.9911504424778761,0.14986619090098127
0.3363853394985199,0.08104196816208394,0.9911504424778761,0.14983277591973243
0.3363451361656189,0.08102242585001206,0.9911504424778761,0.149799375835934
0.33598148822784424,0.08100289296046287,0.9911504424778761,0.14976599063962556
0.3359469771385193,0.08098336948662328,0.9911504424778761,0.1497326203208556
0.3356143832206726,0.08096385542168674,0.9911504424778761,0.14969926486968144
0.33505979180336,0.08094435075885328,0.9911504424778761,0.14966592427616926
0.3348790109157562,0.08092485549132948,0.9911504424778761,0.14963259853039412
0.33483389019966125,0.08090536961232844,0.9911504424778761,0.14959928762243987
0.3344237506389618,0.08088589311506982,0.9911504424778761,0.1495659915423993
0.3339504301548004,0.08086642599277978,0.9911504424778761,0.14953271028037382
0.333691269159317,0.08084696823869104,0.9911504424778761,0.14949944382647387
0.33365437388420105,0.08082751984604282,0.9911504424778761,0.1494661921708185
0.33273500204086304,0.08080808080808081,0.9911504424778761,0.1494329553035357
0.33246758580207825,0.08078865111805722,0.9911504424778761,0.1493997332147621
0.33201083540916443,0.08076923076923077,0.9911504424778761,0.14936652589464328
0.33172059059143066,0.08074981975486661,0.9911504424778761,0.14933333333333332
0.3316970765590668,0.08073041806823643,0.9911504424778761,0.14930015552099535
0.3316969871520996,0.0807110257026183,0.9911504424778761,0.149266992447801
0.33117347955703735,0.08069164265129683,0.9911504424778761,0.1492338441039307
0.329546719789505,0.08067226890756303,0.9911504424778761,0.14920071047957373
0.3295328617095947,0.08065290446471435,0.9911504424778761,0.14916759156492784
0.3294263184070587,0.08063354931605471,0.9911504424778761,0.1491344873501997
0.3291054666042328,0.08061420345489444,0.9911504424778761,0.14910139782560464
0.3282219171524048,0.08059486687455025,0.9911504424778761,0.14906832298136646
0.32790544629096985,0.08057553956834532,0.9911504424778761,0.14903526280771787
0.3278288245201111,0.0805562215296092,0.9911504424778761,0.14900221729490024
0.3277314007282257,0.08053691275167785,0.9911504424778761,0.14896918643316334
0.32709306478500366,0.08051761322789361,0.9911504424778761,0.14893617021276598
0.3268035352230072,0.08049832295160518,0.9911504424778761,0.14890316862397518
0.3266327977180481,0.08047904191616767,0.9911504424778761,0.14887018165706692
0.32650041580200195,0.08045977011494253,0.9911504424778761,0.14883720930232558
0.3256782591342926,0.08044050754129758,0.9911504424778761,0.14880425155004431
0.3252221643924713,0.08042125418860699,0.9911504424778761,0.14877130839052471
0.3251442015171051,0.08040201005025126,0.9911504424778761,0.14873837981407703
0.3247624933719635,0.08038277511961722,0.9911504424778761,0.14870546581102012
0.324474573135376,0.08036354939009806,0.9911504424778761,0.14867256637168139
0.3244379460811615,0.08034433285509325,0.9911504424778761,0.1486396814863968
0.3239527940750122,0.0803251255080086,0.9911504424778761,0.14860681114551083
0.3236072361469269,0.08030592734225621,0.9911504424778761,0.14857395533937653
0.32359105348587036,0.08028673835125448,0.9911504424778761,0.14854111405835543
0.3233404755592346,0.0802675585284281,0.9911504424778761,0.1485082872928177
0.3230705261230469,0.08024838786720802,0.9911504424778761,0.14847547503314185
0.3230622708797455,0.08022922636103152,0.9911504424778761,0.14844267726971505
0.32299724221229553,0.08021007400334208,0.9911504424778761,0.14840989399293286
0.32287514209747314,0.0801909307875895,0.9911504424778761,0.1483771251931994
0.3228006064891815,0.08017179670722978,0.9911504424778761,0.14834437086092714
0.3227643370628357,0.08015267175572519,0.9911504424778761,0.14831163098653716
0.32267045974731445,0.08013355592654424,0.9911504424778761,0.14827890556045897
0.32204461097717285,0.08011444921316166,0.9911504424778761,0.1482461945731304
0.32139894366264343,0.0800953516090584,0.9911504424778761,0.1482134980149978
0.3212924003601074,0.08007626310772165,0.9911504424778761,0.148180815876516
0.3211686909198761,0.08005718370264475,0.9911504424778761,0.14814814814814817
0.32107600569725037,0.0800381133873273,0.9911504424778761,0.14811549482036587
0.3209981620311737,0.08001905215527506,0.9911504424778761,0.14808285588364917
0.3209248185157776,0.08,0.9911504424778761,0.14805023132848644
0.320508748292923,0.07998095691502023,0.9911504424778761,0.14801762114537445
0.32048583030700684,0.07996192289386006,0.9911504424778761,0.1479850253248183
0.3202109634876251,0.07994289793004997,0.9911504424778761,0.14795244385733158
0.3197726905345917,0.07992388201712655,0.9911504424778761,0.14791987673343604
0.3197169303894043,0.07990487514863258,0.9911504424778761,0.14788732394366194
0.3195396661758423,0.07988587731811697,0.9911504424778761,0.14785478547854786
0.31807249784469604,0.07986688851913477,0.9911504424778761,0.14782226132864057
0.3180365562438965,0.07984790874524715,0.9911504424778761,0.1477897514844953
0.3172014355659485,0.07982893799002139,0.9911504424778761,0.14775725593667546
0.31697508692741394,0.07980997624703087,0.9911504424778761,0.1477247746757529
0.3165610134601593,0.07979102350985515,0.9911504424778761,0.1476923076923077
0.31641334295272827,0.08000949667616335,0.9941002949852508,0.14809931883102614
0.3163539171218872,0.07999050557797294,0.9941002949852508,0.14806678383128297
0.3163299262523651,0.07997152349311817,0.9941002949852508,0.14803426312321546
0.3159736096858978,0.08018979833926453,0.9970501474926253,0.14844093104962672
0.31562307476997375,0.0801707779886148,0.9970501474926253,0.14840834248079035
0.31550827622413635,0.08015176665876216,0.9970501474926253,0.14837576821773485
0.31542736291885376,0.08013276434329066,0.9970501474926253,0.14834320825104236
0.3153441250324249,0.08011377103579047,0.9970501474926253,0.14831066257130318
0.3153386414051056,0.08009478672985781,0.9970501474926253,0.14827813116911603
0.3151407837867737,0.080075811419095,0.9970501474926253,0.14824561403508774
0.31480199098587036,0.08005684509711038,0.9970501474926253,0.14821311115983338
0.3146451413631439,0.08003788775751836,0.9970501474926253,0.14818062253397632
0.3146113455295563,0.08001893939393939,0.9970501474926253,0.14814814814814814
0.3145654797554016,0.08,0.9970501474926253,0.14811568799298863
0.31267213821411133,0.07998106956933271,0.9970501474926253,0.14808324205914566
0.31260865926742554,0.07996214809557606,0.9970501474926253,0.14805081033727552
0.31249871850013733,0.07994323557237465,0.9970501474926253,0.14801839281804247
0.3122923970222473,0.07992433199337905,0.9970501474926253,0.1479859894921191
0.31226080656051636,0.07990543735224587,0.9970501474926253,0.14795360035018607
0.311218798160553,0.07988655164263768,0.9970501474926253,0.1479212253829322
0.31074121594429016,0.07986767485822306,0.9970501474926253,0.14788886458105446
0.3104996085166931,0.07984880699267659,0.9970501474926253,0.1478565179352581
0.3099950850009918,0.07982994803967879,0.9970501474926253,0.14782418543625628
0.30972835421562195,0.07981109799291618,0.9970501474926253,0.14779186707477043
0.3091731369495392,0.07979225684608121,0.9970501474926253,0.14775956284153005
0.30903688073158264,0.07977342459287232,0.9970501474926253,0.1477272727272727
0.3090271055698395,0.07975460122699386,0.9970501474926253,0.14769499672274414
0.3085170090198517,0.07973578674215617,0.9970501474926253,0.14766273481869813
0.3078262209892273,0.07971698113207547,0.9970501474926253,0.1476304870058965
0.30773448944091797,0.07969818439047395,0.9970501474926253,0.1475982532751092
0.3071219325065613,0.07967939651107968,0.9970501474926253,0.14756603361711415
0.30642053484916687,0.07966061748762668,0.9970501474926253,0.1475338280226975
0.3062637448310852,0.07964184731385486,0.9970501474926253,0.1475016364826533
0.3060877323150635,0.07962308598351,0.9970501474926253,0.14746945898778357
0.3056343197822571,0.07960433349034385,0.9970501474926253,0.1474372955288986
0.3055529296398163,0.07958558982811396,0.9970501474926253,0.1474051460968164
0.30513596534729004,0.0795668549905838,0.9970501474926253,0.1473730106823632
0.30500665307044983,0.0795481289715227,0.9970501474926253,0.14734088927637315
0.30486825108528137,0.07952941176470588,0.9970501474926253,0.14730878186968838
0.30467429757118225,0.07951070336391437,0.9970501474926253,0.14727668845315905
0.30392906069755554,0.0794920037629351,0.9970501474926253,0.14724460901764322
0.303446888923645,0.07947331295556079,0.9970501474926253,0.14721254355400698
0.3033447265625,0.07945463093559003,0.9970501474926253,0.14718049205312433
0.3028343915939331,0.07943595769682726,0.9970501474926253,0.14714845450587724
0.3024289011955261,0.0794172932330827,0.9970501474926253,0.14711643090315563
0.3016672432422638,0.07939863753817242,0.9970501474926253,0.14708442123585724
0.30160072445869446,0.07937999060591827,0.9970501474926253,0.147052425494888
0.3015919327735901,0.07936135243014793,0.9970501474926253,0.14702044367116138
0.30128365755081177,0.07934272300469483,0.9970501474926253,0.14698847575559904
0.3009800910949707,0.07932410232339826,0.9970501474926253,0.14695652173913043
0.30085089802742004,0.07930549038010323,0.9970501474926253,0.14692458161269287
0.30043330788612366,0.07928688716866057,0.9970501474926253,0.14689265536723164
0.3000153601169586,0.07926829268292683,0.9970501474926253,0.14686074299369978
0.2992284595966339,0.07924970691676436,0.9970501474926253,0.14682884448305825
0.2984631359577179,0.07923112986404125,0.9970501474926253,0.14679695982627577
0.298240602016449,0.07921256151863136,0.9970501474926253,0.14676508901432916
0.29804113507270813,0.07919400187441425,0.9970501474926253,0.14673323203820274
0.2977910041809082,0.07917545092527524,0.9970501474926253,0.1467013888888889
0.29751870036125183,0.07915690866510539,0.9970501474926253,0.14666955955738772
0.2972184419631958,0.07913837508780146,0.9970501474926253,0.14663774403470717
0.2965209484100342,0.07911985018726592,0.9970501474926253,0.1466059423118629
0.29637959599494934,0.07910133395740697,0.9970501474926253,0.14657415437987856
0.295082151889801,0.07908282639213851,0.9970501474926253,0.1465423802297854
0.2946814000606537,0.07906432748538011,0.9970501474926253,0.14651061985262245
0.29397153854370117,0.07904583723105706,0.9970501474926253,0.14647887323943662
0.29388612508773804,0.0790273556231003,0.9970501474926253,0.14644714038128248
0.29379624128341675,0.07900888265544646,0.9970501474926253,0.14641542126922244
0.29360413551330566,0.07899041832203786,0.9970501474926253,0.14638371589432653
0.2934045195579529,0.07897196261682243,0.9970501474926253,0.14635202424767266
0.29340437054634094,0.07895351553375379,0.9970501474926253,0.1463203463203463
0.2901476323604584,0.07893507706679122,0.9970501474926253,0.14628868210344081
0.28979724645614624,0.0789166472098996,0.9970501474926253,0.14625703158805714
0.2891013026237488,0.07889822595704948,0.9970501474926253,0.1462253947653039
0.28867965936660767,0.07887981330221704,0.9970501474926253,0.1461937716262976
0.2867220342159271,0.07886140923938405,0.9970501474926253,0.14616216216216216
0.2866826355457306,0.07884301376253791,0.9970501474926253,0.1461305663640294
0.28647345304489136,0.07882462686567164,0.9970501474926253,0.14609898422303866
0.28609880805015564,0.07880624854278387,0.9970501474926253,0.14606741573033707
0.28594398498535156,0.07878787878787878,0.9970501474926253,0.14603586087707926
0.28551429510116577,0.07876951759496621,0.9970501474926253,0.14600431965442767
0.28453853726387024,0.0787511649580615,0.9970501474926253,0.14597279205355213
0.2844221591949463,0.07873282087118565,0.9970501474926253,0.1459412780656304
0.2832757830619812,0.07871448532836516,0.9970501474926253,0.14590977768184762
0.2824922502040863,0.07869615832363214,0.9970501474926253,0.14587829089339666
0.282029390335083,0.07867783985102421,0.9970501474926253,0.14584681769147786
0.28202205896377563,0.0786595299045846,0.9970501474926253,0.14581535806729942
0.28184974193573,0.07864122847836202,0.9970501474926253,0.14578391201207677
0.2818054258823395,0.0786229355664108,0.9970501474926253,0.1457524795170332
0.280414879322052,0.0786046511627907,0.9970501474926253,0.14572106057339942
0.2797727882862091,0.07858637526156707,0.9970501474926253,0.14568965517241378
0.27922794222831726,0.07856810785681079,0.9970501474926253,0.1456582633053221
0.27911144495010376,0.07854984894259819,0.9970501474926253,0.14562688496337786
0.2784510850906372,0.07853159851301116,0.9970501474926253,0.14559552013784194
0.2782709002494812,0.07851335656213705,0.9970501474926253,0.14556416881998277
0.2781105935573578,0.07849512308406874,0.9970501474926253,0.14553283100107642
0.2775404751300812,0.07847689807290457,0.9970501474926253,0.14550150667240638
0.2774798572063446,0.07845868152274837,0.9970501474926253,0.1454701958252636
0.27745136618614197,0.07844047342770945,0.9970501474926253,0.14543889845094665
0.27642300724983215,0.07842227378190256,0.9970501474926253,0.14540761454076145
0.2762361168861389,0.07840408257944792,0.9970501474926253,0.1453763440860215
0.2759702205657959,0.07838589981447125,0.9970501474926253,0.14534508707804775
0.27566567063331604,0.07836772548110364,0.9970501474926253,0.14531384350816853
0.274897962808609,0.07834955957348169,0.9970501474926253,0.14528261336771975
0.27442389726638794,0.07833140208574739,0.9970501474926253,0.14525139664804468
0.2741597294807434,0.0783132530120482,0.9970501474926253,0.1452201933404941
0.2740262448787689,0.07829511234653695,0.9970501474926253,0.14518900343642613
0.27377384901046753,0.07827698008337193,0.9970501474926253,0.14515782692720636
0.2728439271450043,0.07825885621671683,0.9970501474926253,0.1451266638042078
0.2723684012889862,0.07824074074074074,0.9970501474926253,0.1450955140588109
0.2721655070781708,0.07822263364961815,0.9970501474926253,0.14506437768240343
0.2701505422592163,0.07820453493752892,0.9970501474926253,0.1450332546663806
0.26998910307884216,0.07818644459865834,0.9970501474926253,0.145002145002145
0.26885026693344116,0.07816836262719704,0.9970501474926253,0.14497104868110658
0.26869431138038635,0.07815028901734104,0.9970501474926253,0.14493996569468268
0.26823705434799194,0.07813222376329172,0.9970501474926253,0.14490889603429796
0.2674344778060913,0.07811416685925583,0.9970501474926253,0.14487783969138446
0.2665131092071533,0.07809611829944547,0.9970501474926253,0.14484679665738165
0.2664584517478943,0.07807807807807808,0.9970501474926253,0.14481576692373607
0.2657712996006012,0.07806004618937644,0.9970501474926253,0.1447847504819019
0.26563119888305664,0.0780420226275687,0.9970501474926253,0.14475374732334045
0.26487451791763306,0.07802400738688828,0.9970501474926253,0.14472275743952048
0.26445472240448,0.07800600046157397,0.9970501474926253,0.14469178082191778
0.26430797576904297,0.07798800184586986,0.9970501474926253,0.14466081746201584
0.2633107304573059,0.07797001153402537,0.9970501474926253,0.1446298673513051
0.2630365490913391,0.0779520295202952,0.9970501474926253,0.14459893048128342
0.2624620199203491,0.07793405579893936,0.9970501474926253,0.14456800684345594
0.26134395599365234,0.07791609036422315,0.9970501474926253,0.14453709642933504
0.26113802194595337,0.07789813321041715,0.9970501474926253,0.1445061992304404
0.26033589243888855,0.07788018433179723,0.9970501474926253,0.1444753152382988
0.2597799599170685,0.07786224372264455,0.9970501474926253,0.14444444444444446
0.25906822085380554,0.07784431137724551,0.9970501474926253,0.14441358684041872
0.2589702904224396,0.07782638728989177,0.9970501474926253,0.14438274241777016
0.25854364037513733,0.07780847145488029,0.9970501474926253,0.14435191116805468
0.25829604268074036,0.07779056386651323,0.9970501474926253,0.1443210930828352
0.25755083560943604,0.07777266451909802,0.9970501474926253,0.14429028815368197
0.25605103373527527,0.07775477340694732,0.9970501474926253,0.14425949637217245
0.2558329105377197,0.07773689052437903,0.9970501474926253,0.14422871772989118
0.25113630294799805,0.07771901586571625,0.9970501474926253,0.14419795221843004
0.2510397136211395,0.07770114942528736,0.9970501474926253,0.14416719982938792
0.24862425029277802,0.07768329119742588,0.9970501474926253,0.14413646055437102
0.2476503849029541,0.07766544117647059,0.9970501474926253,0.14410573438499255
0.24661560356616974,0.07764759935676545,0.9970501474926253,0.14407502131287298
0.2453729659318924,0.07762976573265962,0.9970501474926253,0.1440443213296399
0.24477769434452057,0.07761194029850746,0.9970501474926253,0.144013634426928
0.24338582158088684,0.0775941230486685,0.9970501474926253,0.14398296059637913
0.2426978051662445,0.07757631397750746,0.9970501474926253,0.14395229982964225
0.24203713238239288,0.07755851307939422,0.9970501474926253,0.14392165211837343
0.23942534625530243,0.07754072034870384,0.9970501474926253,0.14389101745423585
0.23776595294475555,0.07752293577981652,0.9970501474926253,0.14386039582889976
0.23739908635616302,0.07750515936711763,0.9970501474926253,0.14382978723404258
0.2370510697364807,0.07748739110499771,0.9970501474926253,0.14379919166134864
0.23489198088645935,0.0774696309878524,0.9970501474926253,0.14376860910250958
0.23277826607227325,0.07745187901008249,0.9970501474926253,0.1437380395492239
0.23222793638706207,0.07743413516609393,0.9970501474926253,0.14370748299319727
0.23208735883235931,0.07741639945029775,0.9970501474926253,0.1436769394261424
0.23168879747390747,0.07739867185711015,0.9970501474926253,0.14364640883977903
0.2310277372598648,0.07738095238095238,0.9970501474926253,0.14361589122583387
0.23085352778434753,0.07736324101625086,0.9970501474926253,0.14358538657604078
0.23080025613307953,0.07734553775743708,0.9970501474926253,0.1435548948821406
0.22961853444576263,0.07732784259894761,0.9970501474926253,0.14352441613588113
0.22906064987182617,0.07731015553522415,0.9970501474926253,0.14349395032901718
0.22843638062477112,0.07729247656071347,0.9970501474926253,0.1434634974533107
0.22722160816192627,0.0772748056698674,0.9970501474926253,0.14343305750053045
0.22704514861106873,0.07725714285714286,0.9970501474926253,0.14340263046245227
0.22656109929084778,0.07723948811700183,0.9970501474926253,0.14337221633085895
0.22630444169044495,0.07722184144391135,0.9970501474926253,0.1433418150975403
0.2250741720199585,0.07720420283234354,0.9970501474926253,0.143311426754293
0.22491265833377838,0.07718657227677551,0.9970501474926253,0.1432810512929207
0.22345463931560516,0.0771689497716895,0.9970501474926253,0.1432506887052342
0.22164574265480042,0.0771513353115727,0.9970501474926253,0.14322033898305087
0.21751312911510468,0.0771337288909174,0.9970501474926253,0.1431900021181953
0.212847501039505,0.07711613050422085,0.9970501474926253,0.14315967810249894
0.2117956280708313,0.0770985401459854,0.9970501474926253,0.1431293669278001
0.21132786571979523,0.07708095781071836,0.9970501474926253,0.14309906858594412
0.21037174761295319,0.07706338349293206,0.9970501474926253,0.14306878306878304
0.20974263548851013,0.07704581718714383,0.9970501474926253,0.14303851036817605
0.2083158791065216,0.07702825888787602,0.9970501474926253,0.143008250475989
0.20825938880443573,0.07701070858965596,0.9970501474926253,0.14297800338409475
0.20706935226917267,0.07699316628701594,0.9970501474926253,0.142947769084373
0.20466205477714539,0.07697563197449328,0.9970501474926253,0.14291754756871036
0.20407414436340332,0.07695810564663023,0.9970501474926253,0.1428873388290002
0.20137199759483337,0.07694058729797405,0.9970501474926253,0.14285714285714285
0.19651421904563904,0.07692307692307693,0.9970501474926253,0.1428269596450454
0.19553305208683014,0.07690557451649602,0.9970501474926253,0.14279678918462188
0.19326011836528778,0.07688808007279345,0.9970501474926253,0.14276663146779303
0.19290035963058472,0.07687059358653628,0.9970501474926253,0.1427364864864865
0.19161765277385712,0.0768531150522965,0.9970501474926253,0.1427063542326367
0.1877666562795639,0.07683564446465106,0.9970501474926253,0.14267623469818488
0.18679817020893097,0.07681818181818181,0.9970501474926253,0.14264612787507913
0.18319569528102875,0.07680072710747557,0.9970501474926253,0.14261603375527424
0.18199405074119568,0.07678328032712403,0.9970501474926253,0.1425859523307319
0.18177811801433563,0.07676584147172383,0.9970501474926253,0.14255588359342047
0.18012146651744843,0.07674841053587647,0.9970501474926253,0.14252582753531517
0.17871372401714325,0.07673098751418843,0.9970501474926253,0.14249578414839797
0.17469269037246704,0.076713572401271,0.9970501474926253,0.14246575342465753
0.16983361542224884,0.07669616519174041,0.9970501474926253,0.14243573535608933
0.16958168148994446,0.07667876588021778,0.9970501474926253,0.14240572993469558
0.16851763427257538,0.0766613744613291,0.9970501474926253,0.14237573715248528
0.1663368195295334,0.07664399092970521,0.9970501474926253,0.14234575700147398
0.16513773798942566,0.07662661527998187,0.9970501474926253,0.14231578947368423
0.1649855226278305,0.07660924750679964,0.9970501474926253,0.14228583456114505
0.1649474799633026,0.07659188760480398,0.9970501474926253,0.14225589225589222
0.16427300870418549,0.07657453556864521,0.9970501474926253,0.14222596254996842
0.1597394347190857,0.07655719139297848,0.9970501474926253,0.1421960454354228
0.1551438868045807,0.07653985507246377,0.9970501474926253,0.14216614090431126
0.15476815402507782,0.07652252660176591,0.9970501474926253,0.1421362489486964
0.1526302844285965,0.07650520597555455,0.9970501474926253,0.14210636956064746
0.1524820476770401,0.07648789318850419,0.9970501474926253,0.14207650273224046
0.14833642542362213,0.07647058823529412,0.9970501474926253,0.1420466484555579
0.14778979122638702,0.07645329111060846,0.9970501474926253,0.14201680672268904
0.14605340361595154,0.07643600180913614,0.9970501474926253,0.14198697752572986
0.14312656223773956,0.07641872032557089,0.9970501474926253,0.14195716085678287
0.13993345201015472,0.07640144665461121,0.9970501474926253,0.14192735670795717
0.13705982267856598,0.07638418079096045,0.9970501474926253,0.14189756507136858
0.1367674171924591,0.0763669227293267,0.9970501474926253,0.14186778593913954
0.13354437053203583,0.07634967246442285,0.9970501474926253,0.14183801930339907
0.13299210369586945,0.07633242999096658,0.9970501474926253,0.1418082651562828
0.1289953738451004,0.07631519530368029,0.9970501474926253,0.14177852348993286
0.1276266723871231,0.0762979683972912,0.9970501474926253,0.14174879429649823
0.12674923241138458,0.07628074926653125,0.9970501474926253,0.14171907756813415
0.12596499919891357,0.07626353790613719,0.9970501474926253,0.1416893732970027
0.12543901801109314,0.07624633431085044,0.9970501474926253,0.14165968147527241
0.12414619326591492,0.07622913847541724,0.9970501474926253,0.1416300020951184
0.1217949390411377,0.0762119503945885,0.9970501474926253,0.14160033514872222
0.12137816101312637,0.07619477006311992,0.9970501474926253,0.14157068062827224
0.1202191561460495,0.07617759747577192,0.9970501474926253,0.14154103852596314
0.11968083679676056,0.0761604326273096,0.9970501474926253,0.1415114088339962
0.11846022307872772,0.07614327551250281,0.9970501474926253,0.14148179154457932
0.11735904961824417,0.07612612612612613,0.9970501474926253,0.1414521866499268
0.11712207645177841,0.07610898446295879,0.9970501474926253,0.1414225941422594
0.11605612188577652,0.07609185051778478,0.9970501474926253,0.14139301401380464
0.11220747977495193,0.07607472428539275,0.9970501474926253,0.14136344625679628
0.10955450683832169,0.07605760576057606,0.9970501474926253,0.1413338908634748
0.10762164741754532,0.07604049493813274,0.9970501474926253,0.14130434782608697
0.10498999059200287,0.07602339181286549,0.9970501474926253,0.1412748171368861
0.10493442416191101,0.07600629637958174,0.9970501474926253,0.14124529878813208
0.10436368733644485,0.07598920863309352,0.9970501474926253,0.1412157927720911
0.10345480591058731,0.07619689817936615,1.0,0.14160401002506265
0.10143911838531494,0.07617977528089888,1.0,0.14157444142827313
0.10080026090145111,0.07616266007638733,1.0,0.14154488517745303
0.10017215460538864,0.0761455525606469,1.0,0.1415153412648716
0.09866209328174591,0.07612845272849764,1.0,0.14148580968280466
0.0981655940413475,0.07611136057476425,1.0,0.1414562904235343
0.09803474694490433,0.07609427609427609,1.0,0.1414267834793492
0.09142602235078812,0.07607719928186714,1.0,0.1413972888425443
0.09037479758262634,0.07606013013237604,1.0,0.1413678065054212
0.0886964201927185,0.07604306864064603,1.0,0.14133833646028768
0.0855603963136673,0.076026014801525,1.0,0.1413088786994581
0.08467242866754532,0.07600896860986547,1.0,0.1412794332152532
0.08370865136384964,0.07599193006052454,1.0,0.14125
0.08300460129976273,0.07597489914836396,1.0,0.14122057904603208
0.08286238461732864,0.07595787586825005,1.0,0.1411911703456893
0.08211333304643631,0.07594086021505377,1.0,0.14116177389131793
0.08033263683319092,0.07592385218365062,1.0,0.14113238967527061
0.07887858152389526,0.07590685176892073,1.0,0.14110301768990632
0.07663243263959885,0.07588985896574882,1.0,0.1410736579275905
0.07461465150117874,0.07587287376902417,1.0,0.14104431038069482
0.07345912605524063,0.07585589617364064,1.0,0.14101497504159735
0.06902928650379181,0.07583892617449664,1.0,0.14098565190268245
0.0686289370059967,0.07582196376649519,1.0,0.14095634095634096
0.06752780079841614,0.07580500894454383,1.0,0.14092704219496985
0.06602219492197037,0.07578806170355466,1.0,0.14089775561097256
0.06594830751419067,0.07577112203844434,1.0,0.1408684811967588
0.06526597589254379,0.07575418994413408,1.0,0.1408392189447445
0.062237489968538284,0.07573726541554959,1.0,0.140809968847352
0.061850134283304214,0.07572034844762117,1.0,0.14078073089700996
0.060780011117458344,0.0757034390352836,1.0,0.14075150508615322
0.05869244784116745,0.07568653717347622,1.0,0.1407222914072229
0.0556088425219059,0.07566964285714285,1.0,0.14069308985266651
0.05485115200281143,0.07565275608123187,1.0,0.14066390041493776
0.050965894013643265,0.07563587684069611,1.0,0.14063472308649658
0.05074689909815788,0.07561900513049297,1.0,0.1406055578598092
0.049280133098363876,0.0756021409455843,1.0,0.14057640472734814
0.04913663491606712,0.07558528428093646,1.0,0.14054726368159207
0.04667830839753151,0.07556843513152028,1.0,0.14051813471502592
0.04267014190554619,0.07555159349231112,1.0,0.1404890178201409
0.03240964561700821,0.07553475935828877,1.0,0.14045991298943444
0.029927033931016922,0.07551793272443752,1.0,0.14043082021541012
0.02809528075158596,0.0755011135857461,1.0,0.14040173949057774
0.0260251946747303,0.07548430193720775,1.0,0.14037267080745341
0.023088132962584496,0.07546749777382013,1.0,0.1403436141585593
0.021786769852042198,0.07545070109058535,1.0,0.14031456953642382
0.02032044716179371,0.07543391188251002,1.0,0.14028553693358162
0.019883116707205772,0.07541713014460512,1.0,0.14025651634257344
0.017457585781812668,0.07540035587188612,1.0,0.14022750775594622
0.017432764172554016,0.07538358905937291,1.0,0.1401985111662531
0.01522181648761034,0.07536682970208981,1.0,0.14016952656605333
0.01424595806747675,0.07535007779506557,1.0,0.14014055394791236
0.011406277306377888,0.07533333333333334,1.0,0.14011159330440176
