u,v,score,label
cand_022526.cpp,cand_164198.cpp,0.4408380091190338,0
cand_171771.cpp,cand_271264.cpp,0.5265006422996521,0
cand_093870.cpp,cand_176971.cpp,0.5031086802482605,0
cand_055351.cpp,cand_131153.cpp,0.41108447313308716,0
cand_024152.cpp,cand_148898.cpp,0.416460782289505,0
cand_067358.cpp,cand_076180.cpp,0.5209296345710754,0
cand_252505.cpp,cand_267110.cpp,0.5013116598129272,0
cand_259693.cpp,cand_262492.cpp,0.48668110370635986,0
cand_020863.cpp,cand_088399.cpp,0.30500665307044983,0
cand_101700.cpp,cand_297739.cpp,0.5045596361160278,0
cand_134841.cpp,cand_145427.cpp,0.4068641662597656,0
cand_100646.cpp,cand_161071.cpp,0.4051656424999237,0
cand_237690.cpp,cand_250864.cpp,0.36797913908958435,0
cand_096864.cpp,cand_130507.cpp,0.4553959369659424,0
cand_021016.cpp,cand_176492.cpp,0.4478178918361664,0
cand_265399.cpp,cand_266441.cpp,0.5626661777496338,0
cand_028309.cpp,cand_110981.cpp,0.553658664226532,0
cand_057101.cpp,cand_201298.cpp,0.4226903021335602,0
cand_084005.cpp,cand_086543.cpp,0.5208747386932373,0
cand_088409.cpp,cand_190821.cpp,0.4681873917579651,0
cand_130474.cpp,cand_152712.cpp,0.4118667244911194,0
cand_033807.cpp,cand_240080.cpp,0.47125765681266785,0
cand_067459.cpp,cand_138380.cpp,0.4777226448059082,0
cand_157571.cpp,cand_194342.cpp,0.48414555191993713,0
cand_267135.cpp,cand_271573.cpp,0.561628520488739,0
cand_073335.cpp,cand_165210.cpp,0.4283306896686554,0
cand_111102.cpp,cand_150371.cpp,0.4745064079761505,0
cand_266425.cpp,cand_266995.cpp,0.5431169271469116,0
cand_049822.cpp,cand_173559.cpp,0.5099807381629944,0
cand_006248.cpp,cand_119469.cpp,0.4802514612674713,0
cand_057337.cpp,cand_090045.cpp,0.5193301439285278,0
cand_031853.cpp,cand_091379.cpp,0.5659703016281128,0
cand_053902.cpp,cand_245545.cpp,0.42404958605766296,0
cand_089790.cpp,cand_113716.cpp,0.49317461252212524,0
cand_266343.cpp,cand_267092.cpp,0.5385341644287109,0
cand_152476.cpp,cand_217276.cpp,0.48659151792526245,0
cand_154210.cpp,cand_176426.cpp,0.464995801448822,0
cand_056660.cpp,cand_253770.cpp,0.37850913405418396,0
cand_264614.cpp,cand_267015.cpp,0.5082013010978699,0
cand_113710.cpp,cand_163669.cpp,0.44818001985549927,0
cand_266427.cpp,cand_267065.cpp,0.5358588099479675,0
cand_053825.cpp,cand_053826.cpp,0.5639622211456299,0
cand_113806.cpp,cand_168184.cpp,0.4917653501033783,0
cand_051656.cpp,cand_138914.cpp,0.36701279878616333,0
cand_176068.cpp,cand_193275.cpp,0.4167398512363434,0
cand_024290.cpp,cand_031927.cpp,0.21037174761295319,0
cand_052250.cpp,cand_168551.cpp,0.5444825291633606,0
cand_266448.cpp,cand_267064.cpp,0.5440066456794739,0
cand_266407.cpp,cand_267019.cpp,0.5385064482688904,0
cand_024336.cpp,cand_093409.cpp,0.5431529879570007,0
cand_016871.cpp,cand_078599.cpp,0.4996335804462433,0
cand_063338.cpp,cand_091508.cpp,0.4950810670852661,0
cand_128054.cpp,cand_283400.cpp,0.2633107304573059,0
cand_033887.cpp,cand_033889.cpp,0.4418196976184845,0
cand_149931.cpp,cand_157365.cpp,0.5422013401985168,0
cand_057074.cpp,cand_057807.cpp,0.20137199759483337,0
cand_007706.cpp,cand_114857.cpp,0.5230919122695923,0
cand_267166.cpp,cand_268681.cpp,0.47417375445365906,0
cand_138940.cpp,cand_247525.cpp,0.44157832860946655,0
cand_096014.cpp,cand_108647.cpp,0.5386159420013428,0
cand_190997.cpp,cand_227263.cpp,0.31260865926742554,0
cand_129896.cpp,cand_226425.cpp,0.5427728295326233,0
cand_267137.cpp,cand_268681.cpp,0.4781094491481781,0
cand_266356.cpp,cand_267018.cpp,0.5205164551734924,0
cand_108055.cpp,cand_121052.cpp,0.32267045974731445,0
cand_030676.cpp,cand_261144.cpp,0.5215379595756531,0
cand_059751.cpp,cand_267005.cpp,0.3584658205509186,0
cand_266388.cpp,cand_267008.cpp,0.5242092609405518,0
cand_144458.cpp,cand_267156.cpp,0.36714592576026917,0
cand_078289.cpp,cand_126042.cpp,0.5181468725204468,0
cand_146141.cpp,cand_228802.cpp,0.23085352778434753,0
cand_192755.cpp,cand_237573.cpp,0.5253363847732544,0
cand_027379.cpp,cand_175102.cpp,0.5471559762954712,0
cand_136077.cpp,cand_141947.cpp,0.4587162435054779,0
cand_074003.cpp,cand_124150.cpp,0.439230740070343,0
cand_033888.cpp,cand_121957.cpp,0.47375980019569397,0
cand_024159.cpp,cand_083465.cpp,0.45623070001602173,0
cand_266426.cpp,cand_267079.cpp,0.5329504013061523,0
cand_150759.cpp,cand_294090.cpp,0.5394226312637329,0
cand_266469.cpp,cand_267129.cpp,0.5489988327026367,0
cand_267154.cpp,cand_271646.cpp,0.5101662278175354,0
cand_005660.cpp,cand_259750.cpp,0.43875420093536377,0
cand_068932.cpp,cand_167454.cpp,0.47225862741470337,0
cand_096139.cpp,cand_110890.cpp,0.5495383143424988,0
cand_123568.cpp,cand_271573.cpp,0.45389649271965027,0
cand_117784.cpp,cand_200850.cpp,0.47804492712020874,0
cand_074077.cpp,cand_256248.cpp,0.5289526581764221,0
cand_108065.cpp,cand_130244.cpp,0.4435387849807739,0
cand_009156.cpp,cand_109991.cpp,0.5281331539154053,0
cand_173416.cpp,cand_173515.cpp,0.5619938373565674,1
cand_034755.cpp,cand_181733.cpp,0.35022178292274475,0
cand_067668.cpp,cand_107942.cpp,0.52726149559021,0
cand_004143.cpp,cand_029932.cpp,0.4851847290992737,0
cand_074767.cpp,cand_259385.cpp,0.5680069923400879,0
cand_086158.cpp,cand_135255.cpp,0.5415056347846985,0
cand_024319.cpp,cand_098173.cpp,0.5356451272964478,0
cand_010586.cpp,cand_265709.cpp,0.4906292259693146,0
cand_028539.cpp,cand_078559.cpp,0.5105035901069641,0
cand_016918.cpp,cand_096639.cpp,0.4769100248813629,0
cand_016844.cpp,cand_226852.cpp,0.47102612257003784,0
cand_023691.cpp,cand_241999.cpp,0.5158571600914001,0
cand_170904.cpp,cand_232592.cpp,0.4699538052082062,0
cand_068189.cpp,cand_219902.cpp,0.43732717633247375,0
cand_081781.cpp,cand_120862.cpp,0.5357138514518738,0
cand_194266.cpp,cand_198575.cpp,0.5120537281036377,0
cand_098583.cpp,cand_237567.cpp,0.40938642621040344,0
cand_126674.cpp,cand_241982.cpp,0.350701242685318,0
cand_127537.cpp,cand_136106.cpp,0.368866890668869,0
cand_085592.cpp,cand_158953.cpp,0.5265349745750427,0
cand_266425.cpp,cand_267198.cpp,0.5489988327026367,0
cand_054849.cpp,cand_095170.cpp,0.5118974447250366,0
cand_266406.cpp,cand_267006.cpp,0.5346379280090332,0
cand_055806.cpp,cand_181265.cpp,0.4935937523841858,0
cand_266389.cpp,cand_267019.cpp,0.5300160646438599,0
cand_165648.cpp,cand_181307.cpp,0.43177905678749084,0
cand_266447.cpp,cand_267006.cpp,0.5518353581428528,0
cand_190818.cpp,cand_271538.cpp,0.23222793638706207,0
cand_097889.cpp,cand_220029.cpp,0.22961853444576263,0
cand_012683.cpp,cand_158800.cpp,0.5084921717643738,0
cand_039885.cpp,cand_252522.cpp,0.5377269983291626,0
cand_019070.cpp,cand_211284.cpp,0.4357295632362366,0
cand_103201.cpp,cand_148682.cpp,0.5361779928207397,0
cand_271526.cpp,cand_271648.cpp,0.473599374294281,0
cand_186710.cpp,cand_254901.cpp,0.4249511957168579,0
cand_129851.cpp,cand_161204.cpp,0.5582371354103088,0
cand_089252.cpp,cand_277563.cpp,0.4762263000011444,0
cand_005738.cpp,cand_194888.cpp,0.5099099278450012,0
cand_113497.cpp,cand_132993.cpp,0.4848340153694153,0
cand_024201.cpp,cand_114334.cpp,0.5040765404701233,0
cand_256833.cpp,cand_294262.cpp,0.39304667711257935,0
cand_039591.cpp,cand_077979.cpp,0.5372577905654907,0
cand_021944.cpp,cand_097392.cpp,0.45746225118637085,0
cand_165087.cpp,cand_253027.cpp,0.4831540882587433,0
cand_050056.cpp,cand_114348.cpp,0.47658559679985046,0
cand_175774.cpp,cand_274743.cpp,0.1649474799633026,0
cand_226906.cpp,cand_265399.cpp,0.541292667388916,0
cand_193831.cpp,cand_243672.cpp,0.41382262110710144,0
cand_266444.cpp,cand_267034.cpp,0.5315083861351013,0
cand_006203.cpp,cand_276804.cpp,0.49324560165405273,0
cand_267080.cpp,cand_296615.cpp,0.43448692560195923,0
cand_041357.cpp,cand_195571.cpp,0.43820810317993164,0
cand_264614.cpp,cand_267029.cpp,0.49535927176475525,0
cand_001394.cpp,cand_281332.cpp,0.4869997799396515,0
cand_106360.cpp,cand_108044.cpp,0.41456153988838196,0
cand_113568.cpp,cand_134775.cpp,0.36362144351005554,0
cand_254812.cpp,cand_283078.cpp,0.518260657787323,0
cand_266469.cpp,cand_267032.cpp,0.5385064482688904,0
cand_096290.cpp,cand_175399.cpp,0.5679988265037537,0
cand_069002.cpp,cand_107998.cpp,0.5382215976715088,0
cand_026357.cpp,cand_096575.cpp,0.4701995253562927,0
cand_030427.cpp,cand_111094.cpp,0.5146514773368835,0
cand_079890.cpp,cand_186208.cpp,0.5085417628288269,0
cand_135030.cpp,cand_135050.cpp,0.5281878709793091,0
cand_265401.cpp,cand_267005.cpp,0.5654820799827576,0
cand_245579.cpp,cand_267141.cpp,0.5084763169288635,0
cand_072314.cpp,cand_126042.cpp,0.5385836958885193,0
cand_056804.cpp,cand_117278.cpp,0.4578765630722046,0
cand_171688.cpp,cand_184321.cpp,0.5128217935562134,0
cand_096606.cpp,cand_277991.cpp,0.554926335811615,0
cand_097407.cpp,cand_150373.cpp,0.43087080121040344,0
cand_267215.cpp,cand_271532.cpp,0.5554853677749634,0
cand_031911.cpp,cand_050799.cpp,0.520404040813446,0
cand_267161.cpp,cand_271567.cpp,0.531239926815033,0
cand_018999.cpp,cand_259730.cpp,0.403916597366333,0
cand_054321.cpp,cand_108317.cpp,0.5079820156097412,0
cand_159741.cpp,cand_231291.cpp,0.4584144353866577,0
cand_031246.cpp,cand_169458.cpp,0.3165610134601593,0
cand_020454.cpp,cand_088728.cpp,0.5538693070411682,0
cand_032932.cpp,cand_119425.cpp,0.42842212319374084,0
cand_096758.cpp,cand_117550.cpp,0.4264448583126068,0
cand_020608.cpp,cand_080907.cpp,0.5186939239501953,0
cand_057103.cpp,cand_059943.cpp,0.5237762331962585,0
cand_032674.cpp,cand_288592.cpp,0.531343936920166,0
cand_085413.cpp,cand_102611.cpp,0.5205850005149841,0
cand_194703.cpp,cand_266996.cpp,0.46898484230041504,0
cand_171588.cpp,cand_230654.cpp,0.5157323479652405,0
cand_161573.cpp,cand_230115.cpp,0.4272753596305847,0
cand_164296.cpp,cand_274013.cpp,0.5076979994773865,0
cand_103031.cpp,cand_120214.cpp,0.5126639008522034,0
cand_153726.cpp,cand_193580.cpp,0.47691529989242554,0
cand_033374.cpp,cand_252522.cpp,0.5443404316902161,0
cand_265401.cpp,cand_266407.cpp,0.5497642755508423,0
cand_145730.cpp,cand_264221.cpp,0.38205084204673767,0
cand_095906.cpp,cand_176492.cpp,0.4966929852962494,0
cand_194535.cpp,cand_254413.cpp,0.48300984501838684,0
cand_016484.cpp,cand_036366.cpp,0.47598958015441895,0
cand_001404.cpp,cand_096044.cpp,0.4457816779613495,0
cand_186089.cpp,cand_252486.cpp,0.5005415678024292,0
cand_267092.cpp,cand_271567.cpp,0.5538022518157959,0
cand_168412.cpp,cand_184346.cpp,0.42655453085899353,0
cand_153195.cpp,cand_228793.cpp,0.4135427176952362,0
cand_012695.cpp,cand_051472.cpp,0.5149547457695007,0
cand_267133.cpp,cand_271532.cpp,0.5712130665779114,0
cand_064425.cpp,cand_103158.cpp,0.5418940186500549,0
cand_024532.cpp,cand_101986.cpp,0.5236281156539917,0
cand_126319.cpp,cand_131125.cpp,0.362779825925827,0
cand_039884.cpp,cand_271555.cpp,0.5213736891746521,0
cand_026971.cpp,cand_165592.cpp,0.4762982130050659,0
cand_054739.cpp,cand_173697.cpp,0.48769280314445496,0
cand_066610.cpp,cand_245585.cpp,0.45759332180023193,0
cand_208420.cpp,cand_267115.cpp,0.47997042536735535,0
cand_111819.cpp,cand_127379.cpp,0.399353951215744,0
cand_108371.cpp,cand_121639.cpp,0.4840139150619507,0
cand_118920.cpp,cand_129929.cpp,0.4180264174938202,0
cand_054278.cpp,cand_108056.cpp,0.45219674706459045,0
cand_133276.cpp,cand_209316.cpp,0.3866023123264313,0
cand_107942.cpp,cand_122755.cpp,0.48126479983329773,0
cand_190861.cpp,cand_271143.cpp,0.4990136921405792,0
cand_260728.cpp,cand_296268.cpp,0.563610315322876,0
cand_173383.cpp,cand_173499.cpp,0.5554332733154297,1
cand_265401.cpp,cand_267132.cpp,0.5523384213447571,0
cand_267079.cpp,cand_271573.cpp,0.565395712852478,0
cand_007949.cpp,cand_037478.cpp,0.3849121034145355,0
cand_024054.cpp,cand_122711.cpp,0.5611712336540222,0
cand_145196.cpp,cand_232540.cpp,0.415454238653183,0
cand_077396.cpp,cand_152495.cpp,0.5388999581336975,0
cand_253345.cpp,cand_253921.cpp,0.5401955842971802,0
cand_008214.cpp,cand_011571.cpp,0.3598685562610626,0
cand_131260.cpp,cand_294147.cpp,0.4545326828956604,0
cand_019064.cpp,cand_105623.cpp,0.47559428215026855,0
cand_165461.cpp,cand_172451.cpp,0.4465075135231018,0
cand_098166.cpp,cand_162761.cpp,0.4841671884059906,0
cand_267044.cpp,cand_293847.cpp,0.5023234486579895,0
cand_020457.cpp,cand_116554.cpp,0.5502676367759705,0
cand_032965.cpp,cand_137273.cpp,0.5416585206985474,0
cand_260376.cpp,cand_271527.cpp,0.4709474742412567,0
cand_007931.cpp,cand_137366.cpp,0.5232512950897217,0
cand_226488.cpp,cand_278300.cpp,0.4418739676475525,0
cand_226871.cpp,cand_264758.cpp,0.568809986114502,0
cand_005340.cpp,cand_098224.cpp,0.4939711391925812,0
cand_168095.cpp,cand_242267.cpp,0.3091731369495392,0
cand_034321.cpp,cand_055796.cpp,0.5382741093635559,0
cand_072340.cpp,cand_195150.cpp,0.3876195549964905,0
cand_122552.cpp,cand_167877.cpp,0.5088931918144226,0
cand_080650.cpp,cand_138918.cpp,0.5387107133865356,0
cand_054786.cpp,cand_149676.cpp,0.5341180562973022,0
cand_051068.cpp,cand_252951.cpp,0.5032817721366882,0
cand_006309.cpp,cand_083479.cpp,0.5371323227882385,0
cand_190414.cpp,cand_190441.cpp,0.3392741084098816,0
cand_092611.cpp,cand_130295.cpp,0.4217778444290161,0
cand_243833.cpp,cand_270385.cpp,0.5156128406524658,0
cand_139080.cpp,cand_157795.cpp,0.5459900498390198,0
cand_086604.cpp,cand_151854.cpp,0.4180225133895874,0
cand_132860.cpp,cand_141188.cpp,0.48360687494277954,0
cand_053499.cpp,cand_100578.cpp,0.5163940191268921,0
cand_264614.cpp,cand_267134.cpp,0.4668058156967163,0
cand_057073.cpp,cand_101951.cpp,0.5594481229782104,0
cand_035642.cpp,cand_076567.cpp,0.35122227668762207,0
cand_160076.cpp,cand_187035.cpp,0.47463715076446533,0
cand_169946.cpp,cand_226841.cpp,0.13993345201015472,0
cand_011778.cpp,cand_125518.cpp,0.47922438383102417,0
cand_068602.cpp,cand_068631.cpp,0.5073565244674683,0
cand_054335.cpp,cand_165240.cpp,0.5384286642074585,0
cand_143548.cpp,cand_267165.cpp,0.42419272661209106,0
cand_075894.cpp,cand_267031.cpp,0.45924246311187744,0
cand_088046.cpp,cand_296891.cpp,0.4898139238357544,0
cand_053131.cpp,cand_181298.cpp,0.34860673546791077,0
cand_131929.cpp,cand_132100.cpp,0.36666759848594666,0
cand_123572.cpp,cand_260854.cpp,0.5135660767555237,0
cand_183099.cpp,cand_266383.cpp,0.5132920145988464,0
cand_103036.cpp,cand_254064.cpp,0.5405082702636719,0
cand_127618.cpp,cand_187889.cpp,0.5058870911598206,0
cand_089604.cpp,cand_159763.cpp,0.5289358496665955,0
cand_245580.cpp,cand_271595.cpp,0.4823284447193146,0
cand_049124.cpp,cand_295972.cpp,0.11220747977495193,0
cand_116399.cpp,cand_236863.cpp,0.41883713006973267,0
cand_035739.cpp,cand_208414.cpp,0.5308799147605896,0
cand_025665.cpp,cand_225472.cpp,0.4561866223812103,0
cand_184709.cpp,cand_269415.cpp,0.5077381134033203,0
cand_159362.cpp,cand_259427.cpp,0.4951797127723694,0
cand_018326.cpp,cand_184689.cpp,0.43197351694107056,0
cand_033577.cpp,cand_052757.cpp,0.41589120030403137,0
cand_108049.cpp,cand_226284.cpp,0.5153211355209351,0
cand_052218.cpp,cand_062145.cpp,0.5558570027351379,0
cand_155272.cpp,cand_210835.cpp,0.08033263683319092,0
cand_033021.cpp,cand_086313.cpp,0.08286238461732864,0
cand_253481.cpp,cand_283457.cpp,0.4579053521156311,0
cand_012271.cpp,cand_024141.cpp,0.49801626801490784,0
cand_010101.cpp,cand_246401.cpp,0.5449177026748657,0
cand_089348.cpp,cand_176947.cpp,0.4807910621166229,0
cand_001245.cpp,cand_050888.cpp,0.19290035963058472,0
cand_232715.cpp,cand_241835.cpp,0.5078091025352478,0
cand_053654.cpp,cand_241504.cpp,0.5063811540603638,0
cand_051968.cpp,cand_242909.cpp,0.47441747784614563,0
cand_228693.cpp,cand_276999.cpp,0.5234223008155823,0
cand_098425.cpp,cand_253094.cpp,0.34741517901420593,0
cand_035173.cpp,cand_186758.cpp,0.500359296798706,0
cand_143162.cpp,cand_173476.cpp,0.24862425029277802,0
cand_057361.cpp,cand_092142.cpp,0.023088132962584496,0
cand_085150.cpp,cand_203928.cpp,0.46696385741233826,0
cand_139923.cpp,cand_243815.cpp,0.2630365490913391,0
cand_011551.cpp,cand_197567.cpp,0.34689217805862427,0
cand_049234.cpp,cand_100237.cpp,0.4242976903915405,0
cand_099379.cpp,cand_164186.cpp,0.38443681597709656,0
cand_113318.cpp,cand_134693.cpp,0.49981141090393066,0
cand_033029.cpp,cand_078532.cpp,0.3715806305408478,0
cand_086459.cpp,cand_161338.cpp,0.495876669883728,0
cand_031479.cpp,cand_101012.cpp,0.465861052274704,0
cand_172096.cpp,cand_235320.cpp,0.4413025975227356,0
cand_104124.cpp,cand_266388.cpp,0.4667988121509552,0
cand_098043.cpp,cand_139553.cpp,0.385405570268631,0
cand_099582.cpp,cand_167266.cpp,0.48863446712493896,0
cand_079470.cpp,cand_190927.cpp,0.4902499318122864,0
cand_019044.cpp,cand_123189.cpp,0.4253847599029541,0
cand_093054.cpp,cand_137242.cpp,0.4993226230144501,0
cand_063797.cpp,cand_131336.cpp,0.4201188087463379,0
cand_085420.cpp,cand_158695.cpp,0.4650854170322418,0
cand_009067.cpp,cand_244217.cpp,0.5430986285209656,0
cand_112888.cpp,cand_169038.cpp,0.5373143553733826,0
cand_135821.cpp,cand_255554.cpp,0.5141806602478027,0
cand_033901.cpp,cand_049330.cpp,0.5504370927810669,0
cand_085331.cpp,cand_095995.cpp,0.36656150221824646,0
cand_067878.cpp,cand_126301.cpp,0.37486714124679565,0
cand_155419.cpp,cand_239064.cpp,0.4436369240283966,0
cand_076560.cpp,cand_279990.cpp,0.42919299006462097,0
cand_054793.cpp,cand_261497.cpp,0.5320802927017212,0
cand_056499.cpp,cand_252197.cpp,0.472586989402771,0
cand_018257.cpp,cand_122428.cpp,0.5387277007102966,0
cand_036487.cpp,cand_139681.cpp,0.33201083540916443,0
cand_108049.cpp,cand_239579.cpp,0.4560016393661499,0
cand_165327.cpp,cand_192705.cpp,0.5208011269569397,0
cand_228559.cpp,cand_276999.cpp,0.5144155025482178,0
cand_262571.cpp,cand_295982.cpp,0.5148377418518066,0
cand_016537.cpp,cand_112766.cpp,0.53423011302948,0
cand_062948.cpp,cand_119975.cpp,0.5395752191543579,0
cand_083505.cpp,cand_295962.cpp,0.4107750356197357,0
cand_197778.cpp,cand_252197.cpp,0.5264867544174194,0
cand_018135.cpp,cand_193231.cpp,0.39181768894195557,0
cand_078617.cpp,cand_198384.cpp,0.5288063287734985,0
cand_035513.cpp,cand_163669.cpp,0.5095455646514893,0
cand_086604.cpp,cand_101672.cpp,0.4188709855079651,0
cand_157303.cpp,cand_252364.cpp,0.5254020094871521,0
cand_049264.cpp,cand_294143.cpp,0.5287514925003052,0
cand_042163.cpp,cand_287816.cpp,0.3968104124069214,0
cand_009084.cpp,cand_181746.cpp,0.4821840524673462,0
cand_032018.cpp,cand_169253.cpp,0.5325790047645569,0
cand_021526.cpp,cand_144063.cpp,0.47702446579933167,0
cand_027221.cpp,cand_070474.cpp,0.5541417002677917,0
cand_001760.cpp,cand_173559.cpp,0.426261842250824,0
cand_126354.cpp,cand_286902.cpp,0.5250272750854492,0
cand_002150.cpp,cand_097989.cpp,0.4627189040184021,0
cand_063395.cpp,cand_189268.cpp,0.4272920489311218,0
cand_092491.cpp,cand_153128.cpp,0.4711526930332184,0
cand_004684.cpp,cand_121192.cpp,0.32287514209747314,0
cand_254750.cpp,cand_283421.cpp,0.49939775466918945,0
cand_034788.cpp,cand_142648.cpp,0.4587235450744629,0
cand_159742.cpp,cand_231632.cpp,0.5357054471969604,0
cand_020690.cpp,cand_164950.cpp,0.3814157545566559,0
cand_135041.cpp,cand_181332.cpp,0.36104217171669006,0
cand_132156.cpp,cand_171364.cpp,0.45266154408454895,0
cand_034930.cpp,cand_060379.cpp,0.5016964077949524,0
cand_112237.cpp,cand_172950.cpp,0.5332576036453247,0
cand_087652.cpp,cand_283478.cpp,0.47900086641311646,0
cand_012518.cpp,cand_097255.cpp,0.4173182249069214,0
cand_034584.cpp,cand_151378.cpp,0.4871145784854889,0
cand_175120.cpp,cand_278133.cpp,0.4585185945034027,0
cand_128241.cpp,cand_153113.cpp,0.45768168568611145,0
cand_153190.cpp,cand_186710.cpp,0.5176808834075928,0
cand_116552.cpp,cand_188195.cpp,0.42670148611068726,0
cand_022064.cpp,cand_261427.cpp,0.3869856894016266,0
cand_146169.cpp,cand_190854.cpp,0.3742821216583252,0
cand_007931.cpp,cand_011367.cpp,0.5321005582809448,0
cand_144573.cpp,cand_151706.cpp,0.4804169833660126,0
cand_159782.cpp,cand_255121.cpp,0.26113802194595337,0
cand_099022.cpp,cand_099139.cpp,0.4352138638496399,0
cand_030381.cpp,cand_129228.cpp,0.499314546585083,0
cand_026487.cpp,cand_176959.cpp,0.5311656594276428,0
cand_061300.cpp,cand_110973.cpp,0.3440108895301819,0
cand_194526.cpp,cand_221992.cpp,0.5600342750549316,0
cand_135039.cpp,cand_135122.cpp,0.38057518005371094,0
cand_102930.cpp,cand_148903.cpp,0.39060571789741516,0
cand_108284.cpp,cand_111726.cpp,0.47220343351364136,0
cand_073655.cpp,cand_129726.cpp,0.4761061668395996,0
cand_111018.cpp,cand_111184.cpp,0.5020108222961426,0
cand_022010.cpp,cand_092641.cpp,0.45539361238479614,0
cand_183574.cpp,cand_193476.cpp,0.3694344758987427,0
cand_086543.cpp,cand_120167.cpp,0.5092713236808777,0
cand_098433.cpp,cand_146772.cpp,0.42377737164497375,0
cand_008214.cpp,cand_087868.cpp,0.4839177131652832,0
cand_054321.cpp,cand_110818.cpp,0.4927007257938385,0
cand_121397.cpp,cand_152669.cpp,0.5358772277832031,0
cand_118024.cpp,cand_294168.cpp,0.320508748292923,0
cand_131926.cpp,cand_239395.cpp,0.2992284595966339,0
cand_157336.cpp,cand_173588.cpp,0.4925523102283478,0
cand_055034.cpp,cand_095595.cpp,0.2774798572063446,0
cand_108418.cpp,cand_108424.cpp,0.4775311350822449,0
cand_007855.cpp,cand_127379.cpp,0.5140694379806519,0
cand_025048.cpp,cand_187839.cpp,0.520595133304596,0
cand_081279.cpp,cand_149158.cpp,0.4540252089500427,0
cand_108360.cpp,cand_108380.cpp,0.511273980140686,0
cand_104537.cpp,cand_106422.cpp,0.4782036244869232,0
cand_063276.cpp,cand_083996.cpp,0.4032348096370697,0
cand_011033.cpp,cand_241233.cpp,0.4741872251033783,0
cand_140951.cpp,cand_163067.cpp,0.3348790109157562,0
cand_079054.cpp,cand_103066.cpp,0.46248477697372437,0
cand_003032.cpp,cand_165101.cpp,0.5235069990158081,0
cand_154203.cpp,cand_229757.cpp,0.5504933595657349,0
cand_173616.cpp,cand_297822.cpp,0.4190690815448761,0
cand_034876.cpp,cand_120176.cpp,0.42545172572135925,0
cand_131623.cpp,cand_250906.cpp,0.5578365921974182,0
cand_034912.cpp,cand_138962.cpp,0.4903300702571869,0
cand_054320.cpp,cand_070224.cpp,0.5036835670471191,0
cand_078507.cpp,cand_128238.cpp,0.45586156845092773,0
cand_039567.cpp,cand_097737.cpp,0.5319464206695557,0
cand_076505.cpp,cand_119001.cpp,0.3695591986179352,0
cand_133668.cpp,cand_181764.cpp,0.5428572297096252,0
cand_013403.cpp,cand_259778.cpp,0.019883116707205772,0
cand_002175.cpp,cand_006072.cpp,0.5056769251823425,0
cand_024055.cpp,cand_131742.cpp,0.4605388343334198,0
cand_027763.cpp,cand_139980.cpp,0.5571282505989075,0
cand_006181.cpp,cand_188863.cpp,0.4449716806411743,0
cand_122755.cpp,cand_176595.cpp,0.5245766639709473,0
cand_006071.cpp,cand_085596.cpp,0.4623110294342041,0
cand_067924.cpp,cand_131150.cpp,0.397859126329422,0
cand_074112.cpp,cand_277092.cpp,0.5265429615974426,0
cand_038471.cpp,cand_120216.cpp,0.559058666229248,0
cand_022792.cpp,cand_055899.cpp,0.4101220369338989,0
cand_053013.cpp,cand_100993.cpp,0.44727134704589844,0
cand_036525.cpp,cand_120945.cpp,0.4717272222042084,0
cand_104124.cpp,cand_266425.cpp,0.45704343914985657,0
cand_159237.cpp,cand_290181.cpp,0.5089567303657532,0
cand_112056.cpp,cand_261310.cpp,0.44044435024261475,0
cand_055744.cpp,cand_156817.cpp,0.3914017379283905,0
cand_049517.cpp,cand_152671.cpp,0.5680590867996216,0
cand_024597.cpp,cand_175335.cpp,0.46500879526138306,0
cand_080119.cpp,cand_237876.cpp,0.49406448006629944,0
cand_123968.cpp,cand_130295.cpp,0.4521567225456238,0
cand_030334.cpp,cand_164452.cpp,0.5025844573974609,0
cand_027946.cpp,cand_241589.cpp,0.3570541739463806,0
cand_031982.cpp,cand_253396.cpp,0.352576345205307,0
cand_027350.cpp,cand_059588.cpp,0.49390679597854614,0
cand_122608.cpp,cand_186393.cpp,0.5330914855003357,0
cand_007757.cpp,cand_013681.cpp,0.5115541815757751,0
cand_126106.cpp,cand_268039.cpp,0.45878317952156067,0
cand_153014.cpp,cand_270915.cpp,0.5186574459075928,0
cand_022347.cpp,cand_134298.cpp,0.41290467977523804,0
cand_049827.cpp,cand_236941.cpp,0.3703586757183075,0
cand_078555.cpp,cand_132181.cpp,0.3900626599788666,0
cand_149525.cpp,cand_250501.cpp,0.3412013351917267,0
cand_103138.cpp,cand_244217.cpp,0.4920940399169922,0
cand_199952.cpp,cand_253242.cpp,0.37112903594970703,0
cand_158687.cpp,cand_181743.cpp,0.5226019620895386,0
cand_051097.cpp,cand_136595.cpp,0.4641018807888031,0
cand_089901.cpp,cand_142720.cpp,0.5397926568984985,0
cand_151762.cpp,cand_267132.cpp,0.5068827867507935,0
cand_111210.cpp,cand_240827.cpp,0.5154446959495544,0
cand_088864.cpp,cand_173654.cpp,0.48016348481178284,0
cand_054755.cpp,cand_074159.cpp,0.45701494812965393,0
cand_148206.cpp,cand_267045.cpp,0.4762347936630249,0
cand_022331.cpp,cand_126205.cpp,0.4527829885482788,0
cand_018531.cpp,cand_286917.cpp,0.4632789194583893,0
cand_077639.cpp,cand_160876.cpp,0.4223414361476898,0
cand_021941.cpp,cand_294822.cpp,0.05485115200281143,0
cand_171206.cpp,cand_293264.cpp,0.42332324385643005,0
cand_128616.cpp,cand_148885.cpp,0.38605406880378723,0
cand_083722.cpp,cand_094783.cpp,0.42663073539733887,0
cand_067065.cpp,cand_217279.cpp,0.4986034333705902,0
cand_142068.cpp,cand_151023.cpp,0.4674670696258545,0
cand_022520.cpp,cand_159376.cpp,0.42350661754608154,0
cand_073598.cpp,cand_111065.cpp,0.4728318452835083,0
cand_188025.cpp,cand_277414.cpp,0.2741597294807434,0
cand_117588.cpp,cand_153639.cpp,0.45865774154663086,0
cand_085437.cpp,cand_268028.cpp,0.5422007441520691,0
cand_247620.cpp,cand_283465.cpp,0.45312681794166565,0
cand_102560.cpp,cand_116336.cpp,0.5181149244308472,0
cand_005660.cpp,cand_091476.cpp,0.5179920792579651,0
cand_126329.cpp,cand_150528.cpp,0.46406951546669006,0
cand_098150.cpp,cand_239322.cpp,0.5639604330062866,0
cand_184166.cpp,cand_268726.cpp,0.51362144947052,0
cand_020267.cpp,cand_194020.cpp,0.5586386322975159,0
cand_128777.cpp,cand_151862.cpp,0.4411008059978485,0
cand_121424.cpp,cand_244227.cpp,0.5270358324050903,0
cand_118066.cpp,cand_127633.cpp,0.4916217625141144,0
cand_117067.cpp,cand_142351.cpp,0.5234106779098511,0
cand_010174.cpp,cand_231878.cpp,0.5172853469848633,0
cand_287234.cpp,cand_294047.cpp,0.44713878631591797,0
cand_078509.cpp,cand_112645.cpp,0.4336279034614563,0
cand_070667.cpp,cand_264965.cpp,0.5099904537200928,0
cand_081804.cpp,cand_186828.cpp,0.43100854754447937,0
cand_166342.cpp,cand_232630.cpp,0.5320332050323486,0
cand_080791.cpp,cand_114244.cpp,0.4660494029521942,0
cand_189210.cpp,cand_231328.cpp,0.5236021876335144,0
cand_235136.cpp,cand_295983.cpp,0.4557479918003082,0
cand_053493.cpp,cand_186699.cpp,0.36416101455688477,0
cand_050641.cpp,cand_169025.cpp,0.5656505823135376,0
cand_110788.cpp,cand_149071.cpp,0.40595218539237976,0
cand_110847.cpp,cand_148407.cpp,0.5479291677474976,0
cand_126321.cpp,cand_259578.cpp,0.38706839084625244,0
cand_006207.cpp,cand_067083.cpp,0.5513971447944641,0
cand_006929.cpp,cand_143254.cpp,0.5531142950057983,0
cand_194692.cpp,cand_210669.cpp,0.5033597946166992,0
cand_061378.cpp,cand_095962.cpp,0.5210445523262024,0
cand_128538.cpp,cand_226850.cpp,0.44054099917411804,0
cand_072292.cpp,cand_218043.cpp,0.5270446538925171,0
cand_030328.cpp,cand_068851.cpp,0.5402673482894897,0
cand_033489.cpp,cand_283428.cpp,0.49777892231941223,0
cand_051500.cpp,cand_068899.cpp,0.5354302525520325,0
cand_113410.cpp,cand_140913.cpp,0.431098073720932,0
cand_027222.cpp,cand_277853.cpp,0.5448671579360962,0
cand_185570.cpp,cand_264736.cpp,0.5502989888191223,0
cand_081548.cpp,cand_267440.cpp,0.5351192355155945,0
cand_134719.cpp,cand_290182.cpp,0.14312656223773956,0
cand_228247.cpp,cand_276999.cpp,0.49997150897979736,0
cand_171646.cpp,cand_192242.cpp,0.37278395891189575,0
cand_082943.cpp,cand_239625.cpp,0.5336734056472778,0
cand_111179.cpp,cand_113337.cpp,0.45416462421417236,0
cand_130470.cpp,cand_203928.cpp,0.48943015933036804,0
cand_027095.cpp,cand_053318.cpp,0.36240503191947937,0
cand_097590.cpp,cand_288937.cpp,0.5170971155166626,0
cand_102642.cpp,cand_156722.cpp,0.5417214632034302,0
cand_005309.cpp,cand_033696.cpp,0.4764040410518646,0
cand_009730.cpp,cand_098425.cpp,0.42809802293777466,0
cand_061456.cpp,cand_084005.cpp,0.5226039290428162,0
cand_192801.cpp,cand_246736.cpp,0.49631330370903015,0
cand_157066.cpp,cand_158947.cpp,0.48160073161125183,0
cand_120787.cpp,cand_271532.cpp,0.4606398940086365,0
cand_283988.cpp,cand_284048.cpp,0.46021801233291626,1
cand_228588.cpp,cand_228595.cpp,0.5251855254173279,1
cand_228226.cpp,cand_228694.cpp,0.5454769730567932,0
cand_228292.cpp,cand_228758.cpp,0.5627692937850952,0
cand_228289.cpp,cand_228753.cpp,0.5657715797424316,0
cand_228625.cpp,cand_228804.cpp,0.4996473789215088,1
cand_283904.cpp,cand_284090.cpp,0.5245504975318909,1
cand_283874.cpp,cand_284048.cpp,0.47235631942749023,1
cand_228328.cpp,cand_228859.cpp,0.5573645830154419,0
cand_228795.cpp,cand_228803.cpp,0.540122389793396,0
cand_228888.cpp,cand_228917.cpp,0.5631099343299866,0
cand_283883.cpp,cand_284030.cpp,0.5179557800292969,1
cand_228242.cpp,cand_228555.cpp,0.5637190341949463,0
cand_228294.cpp,cand_228768.cpp,0.5661990642547607,0
cand_228547.cpp,cand_228568.cpp,0.5169549584388733,1
cand_228658.cpp,cand_228880.cpp,0.5616627335548401,1
cand_228741.cpp,cand_228879.cpp,0.5592390894889832,1
cand_228342.cpp,cand_228909.cpp,0.565100908279419,0
cand_265553.cpp,cand_265793.cpp,0.5615367889404297,1
cand_228887.cpp,cand_228919.cpp,0.5604162216186523,1
cand_228727.cpp,cand_228848.cpp,0.5702791810035706,1
cand_228810.cpp,cand_228832.cpp,0.5184743404388428,1
cand_228338.cpp,cand_228895.cpp,0.5640125274658203,0
cand_265769.cpp,cand_265789.cpp,0.57026606798172,1
cand_228228.cpp,cand_228249.cpp,0.554899275302887,1
cand_228655.cpp,cand_228899.cpp,0.5531962513923645,0
cand_242186.cpp,cand_242207.cpp,0.5715569853782654,0
cand_228277.cpp,cand_228714.cpp,0.5606381893157959,0
cand_228757.cpp,cand_228860.cpp,0.5611280798912048,1
cand_265565.cpp,cand_265567.cpp,0.5643812417984009,1
cand_265505.cpp,cand_265511.cpp,0.5323200225830078,1
cand_228549.cpp,cand_228563.cpp,0.5392702221870422,0
cand_228732.cpp,cand_228921.cpp,0.5375500917434692,1
cand_228764.cpp,cand_228863.cpp,0.5612568855285645,1
cand_228504.cpp,cand_228793.cpp,0.562764048576355,1
cand_228345.cpp,cand_228773.cpp,0.555715024471283,0
cand_228615.cpp,cand_228700.cpp,0.5669594407081604,1
cand_265667.cpp,cand_265685.cpp,0.5688356757164001,1
cand_228567.cpp,cand_228824.cpp,0.5581426024436951,1
cand_283769.cpp,cand_283991.cpp,0.4710399806499481,1
cand_283787.cpp,cand_283862.cpp,0.5133760571479797,1
cand_228684.cpp,cand_228710.cpp,0.49453142285346985,0
cand_228254.cpp,cand_228861.cpp,0.56827712059021,0
cand_033057.cpp,cand_271550.cpp,0.44836729764938354,0
cand_228335.cpp,cand_228760.cpp,0.5594807863235474,0
cand_228230.cpp,cand_228693.cpp,0.5143317580223083,0
cand_265559.cpp,cand_265651.cpp,0.5701988339424133,1
cand_228733.cpp,cand_228896.cpp,0.5468754172325134,0
cand_228226.cpp,cand_228628.cpp,0.5489102602005005,0
cand_228693.cpp,cand_228806.cpp,0.5453105568885803,0
cand_283685.cpp,cand_284057.cpp,0.3682457208633423,1
cand_228259.cpp,cand_228919.cpp,0.555844783782959,0
cand_265649.cpp,cand_265767.cpp,0.5632038116455078,1
cand_228305.cpp,cand_228684.cpp,0.564296305179596,0
cand_170020.cpp,cand_170038.cpp,0.5584839582443237,1
cand_265621.cpp,cand_265755.cpp,0.5226553082466125,1
cand_283742.cpp,cand_283973.cpp,0.4333944618701935,1
cand_266366.cpp,cand_266465.cpp,0.5145096182823181,1
cand_228290.cpp,cand_228741.cpp,0.5564811825752258,0
cand_228318.cpp,cand_228831.cpp,0.5486659407615662,0
cand_265577.cpp,cand_265779.cpp,0.5546999573707581,1
cand_228251.cpp,cand_228633.cpp,0.5612298250198364,0
cand_283907.cpp,cand_284015.cpp,0.5581597089767456,1
cand_228345.cpp,cand_228918.cpp,0.5655162334442139,0
cand_228689.cpp,cand_228692.cpp,0.5588014721870422,1
cand_265515.cpp,cand_265761.cpp,0.5496106147766113,1
cand_228769.cpp,cand_228925.cpp,0.5597074627876282,1
cand_228333.cpp,cand_228741.cpp,0.5500655770301819,0
cand_228162.cpp,cand_228772.cpp,0.48477211594581604,0
cand_173350.cpp,cand_173367.cpp,0.5526487827301025,1
cand_283817.cpp,cand_284099.cpp,0.5218304395675659,1
cand_228228.cpp,cand_228558.cpp,0.5529662370681763,0
cand_228572.cpp,cand_228694.cpp,0.52556973695755,1
cand_265563.cpp,cand_265687.cpp,0.521443247795105,1
cand_265513.cpp,cand_265515.cpp,0.5680291056632996,1
cand_228288.cpp,cand_228774.cpp,0.5661725997924805,0
cand_228242.cpp,cand_228712.cpp,0.5344158411026001,0
cand_283691.cpp,cand_283835.cpp,0.42140743136405945,1
cand_265711.cpp,cand_265747.cpp,0.5565902590751648,1
cand_228338.cpp,cand_228894.cpp,0.5635917782783508,0
cand_228852.cpp,cand_228913.cpp,0.5423247218132019,1
cand_283856.cpp,cand_283877.cpp,0.4600597620010376,1
cand_265557.cpp,cand_265785.cpp,0.5633988380432129,1
cand_283883.cpp,cand_284078.cpp,0.4861821234226227,1
cand_265593.cpp,cand_265641.cpp,0.5671607255935669,1
cand_228507.cpp,cand_228602.cpp,0.5254312753677368,0
cand_283877.cpp,cand_284102.cpp,0.45980456471443176,1
cand_266403.cpp,cand_266462.cpp,0.5215337872505188,1
cand_228292.cpp,cand_228660.cpp,0.5578557252883911,0
cand_228277.cpp,cand_228716.cpp,0.55964195728302,0
cand_228743.cpp,cand_228904.cpp,0.5493363738059998,1
cand_265597.cpp,cand_265783.cpp,0.5641679763793945,1
cand_228656.cpp,cand_228894.cpp,0.5526965856552124,0
cand_170036.cpp,cand_242356.cpp,0.5658110976219177,0
cand_265651.cpp,cand_265741.cpp,0.5679783821105957,1
cand_228852.cpp,cand_228885.cpp,0.5517458915710449,1
cand_284063.cpp,cand_284099.cpp,0.5581281781196594,1
cand_228866.cpp,cand_228883.cpp,0.5611359477043152,0
cand_169911.cpp,cand_242182.cpp,0.5395587682723999,0
cand_228753.cpp,cand_228777.cpp,0.5609220862388611,1
cand_228657.cpp,cand_228758.cpp,0.564669668674469,0
cand_228608.cpp,cand_228810.cpp,0.5694584250450134,0
cand_228618.cpp,cand_228820.cpp,0.567428469657898,1
cand_228276.cpp,cand_228693.cpp,0.5143317580223083,0
cand_265549.cpp,cand_265657.cpp,0.5671563744544983,1
cand_265517.cpp,cand_265679.cpp,0.5528203845024109,1
cand_283988.cpp,cand_284036.cpp,0.47003698348999023,1
cand_265519.cpp,cand_265705.cpp,0.5631967186927795,1
cand_265589.cpp,cand_265713.cpp,0.5648120641708374,1
cand_228656.cpp,cand_228754.cpp,0.5627128481864929,1
cand_283775.cpp,cand_284102.cpp,0.39183881878852844,1
cand_228285.cpp,cand_228733.cpp,0.5589295625686646,0
cand_265651.cpp,cand_265673.cpp,0.5659612417221069,1
cand_228327.cpp,cand_228657.cpp,0.5601739883422852,0
cand_228696.cpp,cand_228830.cpp,0.5367505550384521,0
cand_228661.cpp,cand_228896.cpp,0.5582929849624634,0
cand_093582.cpp,cand_161069.cpp,0.4595712721347809,0
cand_228564.cpp,cand_228615.cpp,0.5581650733947754,1
cand_265657.cpp,cand_265737.cpp,0.5709848403930664,1
cand_228147.cpp,cand_228775.cpp,0.43392452597618103,0
cand_228654.cpp,cand_228846.cpp,0.5610368251800537,1
cand_228709.cpp,cand_228823.cpp,0.5654839873313904,1
cand_283700.cpp,cand_283976.cpp,0.5059249401092529,1
cand_265521.cpp,cand_265597.cpp,0.5618845224380493,1
cand_228242.cpp,cand_228610.cpp,0.5688599944114685,0
cand_228853.cpp,cand_228855.cpp,0.5700781941413879,1
cand_228754.cpp,cand_228875.cpp,0.570914089679718,0
cand_228861.cpp,cand_228907.cpp,0.5510582327842712,1
cand_228328.cpp,cand_228905.cpp,0.5654675960540771,0
cand_228272.cpp,cand_228627.cpp,0.550853431224823,0
cand_228757.cpp,cand_228889.cpp,0.5649387836456299,1
cand_265519.cpp,cand_265689.cpp,0.5538549423217773,1
cand_265705.cpp,cand_265731.cpp,0.5523818135261536,1
cand_265557.cpp,cand_265733.cpp,0.5709006190299988,1
cand_283868.cpp,cand_284060.cpp,0.43931466341018677,1
cand_228333.cpp,cand_228893.cpp,0.5671908855438232,0
cand_228325.cpp,cand_228913.cpp,0.5574042797088623,0
cand_265593.cpp,cand_265597.cpp,0.5701987743377686,1
cand_265525.cpp,cand_265537.cpp,0.5391688346862793,1
cand_265581.cpp,cand_265705.cpp,0.5586642622947693,1
cand_283901.cpp,cand_284090.cpp,0.520031750202179,1
cand_265521.cpp,cand_265589.cpp,0.5648120641708374,1
cand_228564.cpp,cand_228819.cpp,0.5581650137901306,1
cand_228515.cpp,cand_228678.cpp,0.5401224493980408,0
cand_265545.cpp,cand_265603.cpp,0.5640734434127808,1
cand_228295.cpp,cand_228770.cpp,0.5648155808448792,0
cand_283721.cpp,cand_283730.cpp,0.5307548642158508,1
cand_266418.cpp,cand_266465.cpp,0.5215337872505188,1
cand_266304.cpp,cand_266438.cpp,0.5671975016593933,1
cand_228342.cpp,cand_228740.cpp,0.5390011668205261,0
cand_283700.cpp,cand_283844.cpp,0.46021801233291626,1
cand_228766.cpp,cand_228892.cpp,0.5680167078971863,1
cand_228288.cpp,cand_228746.cpp,0.5613977313041687,0
cand_283751.cpp,cand_284063.cpp,0.5205835103988647,1
cand_228880.cpp,cand_228913.cpp,0.5601428151130676,1
cand_284021.cpp,cand_284048.cpp,0.5444199442863464,1
cand_228868.cpp,cand_228892.cpp,0.5605404376983643,1
cand_228708.cpp,cand_228726.cpp,0.5442199110984802,1
cand_228213.cpp,cand_228686.cpp,0.5612500309944153,0
cand_266328.cpp,cand_266367.cpp,0.5215337872505188,1
cand_266420.cpp,cand_266440.cpp,0.5537788271903992,1
cand_228762.cpp,cand_228891.cpp,0.5665925741195679,1
cand_283715.cpp,cand_284057.cpp,0.38981136679649353,1
cand_265555.cpp,cand_265701.cpp,0.5409326553344727,1
cand_265549.cpp,cand_265583.cpp,0.569589376449585,1
cand_228649.cpp,cand_228767.cpp,0.5543283820152283,0
cand_283817.cpp,cand_284036.cpp,0.554190993309021,1
cand_056608.cpp,cand_282717.cpp,0.42356741428375244,0
cand_088722.cpp,cand_103018.cpp,0.37369227409362793,0
cand_228344.cpp,cand_228867.cpp,0.5464362502098083,0
cand_075696.cpp,cand_285593.cpp,0.45804262161254883,0
cand_039465.cpp,cand_121052.cpp,0.45921263098716736,0
cand_007794.cpp,cand_067906.cpp,0.32790544629096985,0
cand_073570.cpp,cand_073744.cpp,0.5182071328163147,0
cand_074083.cpp,cand_280622.cpp,0.4717770218849182,0
cand_153711.cpp,cand_222931.cpp,0.5056638717651367,0
cand_228149.cpp,cand_228874.cpp,0.46360746026039124,0
cand_065328.cpp,cand_116331.cpp,0.38365745544433594,0
cand_076794.cpp,cand_132173.cpp,0.5454023480415344,0
cand_078142.cpp,cand_133631.cpp,0.47418469190597534,0
cand_267344.cpp,cand_295954.cpp,0.37227538228034973,0
cand_055240.cpp,cand_232380.cpp,0.545933723449707,0
cand_041614.cpp,cand_155255.cpp,0.5022454857826233,0
cand_087774.cpp,cand_117297.cpp,0.3713200092315674,0
cand_118130.cpp,cand_118755.cpp,0.47620120644569397,0
cand_206458.cpp,cand_275563.cpp,0.48638612031936646,0
cand_061218.cpp,cand_101275.cpp,0.5054764747619629,0
cand_020447.cpp,cand_257308.cpp,0.4763759970664978,0
cand_093708.cpp,cand_116520.cpp,0.4728126525878906,0
cand_028058.cpp,cand_104122.cpp,0.38747891783714294,0
cand_012424.cpp,cand_164748.cpp,0.3391457200050354,0
cand_033900.cpp,cand_097599.cpp,0.4980110228061676,0
cand_022525.cpp,cand_119133.cpp,0.46359556913375854,0
cand_150116.cpp,cand_293709.cpp,0.48752620816230774,0
cand_005740.cpp,cand_283379.cpp,0.43402671813964844,0
cand_281248.cpp,cand_287899.cpp,0.4308831989765167,0
cand_038196.cpp,cand_241839.cpp,0.47211524844169617,0
cand_073645.cpp,cand_119008.cpp,0.5492046475410461,0
cand_131175.cpp,cand_255161.cpp,0.5395285487174988,0
cand_085187.cpp,cand_253256.cpp,0.5180825591087341,0
cand_223699.cpp,cand_294465.cpp,0.5212180018424988,0
cand_148889.cpp,cand_279970.cpp,0.42575839161872864,0
cand_068192.cpp,cand_296661.cpp,0.5104379653930664,0
cand_002760.cpp,cand_236945.cpp,0.36898720264434814,0
cand_044830.cpp,cand_242393.cpp,0.3516184687614441,0
cand_121337.cpp,cand_258714.cpp,0.41381606459617615,0
cand_034667.cpp,cand_232390.cpp,0.5178338885307312,0
cand_020332.cpp,cand_027411.cpp,0.4058067500591278,0
cand_126777.cpp,cand_294908.cpp,0.421403169631958,0
cand_078699.cpp,cand_193630.cpp,0.47538018226623535,0
cand_121436.cpp,cand_228647.cpp,0.4654143750667572,0
cand_009935.cpp,cand_265122.cpp,0.3482570946216583,0
cand_057264.cpp,cand_267128.cpp,0.4087130129337311,0
cand_126882.cpp,cand_274840.cpp,0.5183565020561218,0
cand_003408.cpp,cand_294075.cpp,0.4892997741699219,0
cand_129817.cpp,cand_149139.cpp,0.3677264451980591,0
cand_079666.cpp,cand_248126.cpp,0.35595884919166565,0
cand_023802.cpp,cand_192224.cpp,0.32048583030700684,0
cand_036340.cpp,cand_067679.cpp,0.4938907027244568,0
cand_042593.cpp,cand_100095.cpp,0.3015919327735901,0
cand_030705.cpp,cand_142491.cpp,0.4211554527282715,0
cand_061204.cpp,cand_133455.cpp,0.06752780079841614,0
cand_006264.cpp,cand_147517.cpp,0.41781237721443176,0
cand_146509.cpp,cand_239088.cpp,0.45136758685112,0
cand_007654.cpp,cand_049124.cpp,0.16427300870418549,0
cand_102257.cpp,cand_138395.cpp,0.3979170024394989,0
cand_092281.cpp,cand_227281.cpp,0.49597489833831787,0
cand_219462.cpp,cand_283444.cpp,0.4098340570926666,0
cand_102475.cpp,cand_228627.cpp,0.46415287256240845,0
cand_161002.cpp,cand_251478.cpp,0.509791910648346,0
cand_156822.cpp,cand_211284.cpp,0.45392006635665894,0
cand_118734.cpp,cand_269788.cpp,0.55470210313797,0
cand_052608.cpp,cand_113572.cpp,0.44400617480278015,0
cand_033049.cpp,cand_135170.cpp,0.4672871530056,0
cand_009914.cpp,cand_130668.cpp,0.27642300724983215,0
cand_135593.cpp,cand_202681.cpp,0.5113579034805298,0
cand_121752.cpp,cand_296356.cpp,0.5026994347572327,0
cand_039634.cpp,cand_256467.cpp,0.4853611886501312,0
cand_034314.cpp,cand_172096.cpp,0.48359784483909607,0
cand_144573.cpp,cand_229361.cpp,0.4763511121273041,0
cand_011320.cpp,cand_152806.cpp,0.515830397605896,0
cand_149347.cpp,cand_189335.cpp,0.3900127410888672,0
cand_126218.cpp,cand_131689.cpp,0.47931212186813354,0
cand_184428.cpp,cand_259422.cpp,0.44247961044311523,0
cand_122453.cpp,cand_239939.cpp,0.5405297875404358,0
cand_027313.cpp,cand_111113.cpp,0.4027242362499237,0
cand_085354.cpp,cand_175328.cpp,0.46122097969055176,0
cand_035592.cpp,cand_070664.cpp,0.504304826259613,0
cand_031810.cpp,cand_158606.cpp,0.45981478691101074,0
cand_023936.cpp,cand_223101.cpp,0.4411967098712921,0
cand_127131.cpp,cand_228225.cpp,0.5053779482841492,0
cand_099236.cpp,cand_190913.cpp,0.4080514907836914,0
cand_087826.cpp,cand_228526.cpp,0.48314523696899414,0
cand_019789.cpp,cand_287232.cpp,0.5507680177688599,0
cand_001217.cpp,cand_141760.cpp,0.4654124975204468,0
cand_096375.cpp,cand_098149.cpp,0.4839648902416229,0
cand_046986.cpp,cand_228754.cpp,0.5205391645431519,0
cand_030992.cpp,cand_246627.cpp,0.5137311816215515,0
cand_021864.cpp,cand_145554.cpp,0.48707136511802673,0
cand_069827.cpp,cand_119325.cpp,0.4898291230201721,0
cand_018247.cpp,cand_080506.cpp,0.38478344678878784,0
cand_054769.cpp,cand_271111.cpp,0.3024289011955261,0
cand_011716.cpp,cand_103521.cpp,0.48422107100486755,0
cand_005392.cpp,cand_096616.cpp,0.4845670759677887,0
cand_016618.cpp,cand_217482.cpp,0.49307915568351746,0
cand_149861.cpp,cand_265705.cpp,0.5132131576538086,0
cand_163418.cpp,cand_222227.cpp,0.5042763948440552,0
cand_128719.cpp,cand_171581.cpp,0.4219563603401184,0
cand_144463.cpp,cand_265456.cpp,0.456898957490921,0
cand_085492.cpp,cand_086685.cpp,0.2665131092071533,0
cand_136969.cpp,cand_149733.cpp,0.5131983160972595,0
cand_156125.cpp,cand_229291.cpp,0.5199854373931885,0
cand_077452.cpp,cand_237550.cpp,0.45613622665405273,0
cand_061129.cpp,cand_228866.cpp,0.5491267442703247,0
cand_059086.cpp,cand_295616.cpp,0.5564404726028442,0
cand_009061.cpp,cand_267490.cpp,0.4764496684074402,0
cand_147417.cpp,cand_262571.cpp,0.5090324878692627,0
cand_112376.cpp,cand_145897.cpp,0.3965959846973419,0
cand_073579.cpp,cand_246769.cpp,0.3016672432422638,0
cand_184465.cpp,cand_199772.cpp,0.4020453691482544,0
cand_082433.cpp,cand_092413.cpp,0.5006257891654968,0
cand_126091.cpp,cand_242242.cpp,0.4113719165325165,0
cand_073471.cpp,cand_123567.cpp,0.549152672290802,0
cand_042040.cpp,cand_228606.cpp,0.5034098029136658,0
cand_078846.cpp,cand_228722.cpp,0.4823210537433624,0
cand_119171.cpp,cand_141836.cpp,0.5301613211631775,0
cand_012433.cpp,cand_239281.cpp,0.11605612188577652,0
cand_072412.cpp,cand_152729.cpp,0.5078946352005005,0
cand_189290.cpp,cand_250843.cpp,0.4850894808769226,0
cand_151441.cpp,cand_175111.cpp,0.4160621166229248,0
cand_036287.cpp,cand_100957.cpp,0.48479321599006653,0
cand_019994.cpp,cand_066870.cpp,0.4386034309864044,0
cand_130973.cpp,cand_159143.cpp,0.4879981279373169,0
cand_101512.cpp,cand_159329.cpp,0.16851763427257538,0
cand_022016.cpp,cand_126175.cpp,0.5401709079742432,0
cand_013923.cpp,cand_186472.cpp,0.5064149498939514,0
cand_171355.cpp,cand_223146.cpp,0.5416256189346313,0
cand_074067.cpp,cand_141635.cpp,0.39735445380210876,0
cand_067900.cpp,cand_280383.cpp,0.4409481883049011,0
cand_134938.cpp,cand_253396.cpp,0.41030779480934143,0
cand_068756.cpp,cand_096576.cpp,0.4107687771320343,0
cand_135512.cpp,cand_151053.cpp,0.49175405502319336,0
cand_088213.cpp,cand_254339.cpp,0.49394065141677856,0
cand_079053.cpp,cand_241678.cpp,0.5051565766334534,0
cand_203930.cpp,cand_280394.cpp,0.44474053382873535,0
cand_137154.cpp,cand_269508.cpp,0.5075116753578186,0
cand_161035.cpp,cand_295337.cpp,0.4264145493507385,0
cand_080075.cpp,cand_185888.cpp,0.5332551002502441,0
cand_127220.cpp,cand_181233.cpp,0.5422083735466003,0
cand_082008.cpp,cand_108317.cpp,0.5337094664573669,0
cand_124145.cpp,cand_229361.cpp,0.46430790424346924,0
cand_061202.cpp,cand_296077.cpp,0.4723632335662842,0
cand_140553.cpp,cand_161036.cpp,0.41189709305763245,0
cand_034687.cpp,cand_064573.cpp,0.5687117576599121,0
cand_155168.cpp,cand_164619.cpp,0.4677508771419525,0
cand_009911.cpp,cand_133101.cpp,0.5007969737052917,0
cand_114779.cpp,cand_126366.cpp,0.5190402269363403,0
cand_145382.cpp,cand_238407.cpp,0.5354815721511841,0
cand_007780.cpp,cand_111358.cpp,0.4719981551170349,0
cand_056757.cpp,cand_121436.cpp,0.43401962518692017,0
cand_057862.cpp,cand_251128.cpp,0.5563436150550842,0
cand_164605.cpp,cand_297673.cpp,0.42415034770965576,0
cand_089651.cpp,cand_239243.cpp,0.5097507238388062,0
cand_022679.cpp,cand_035042.cpp,0.5210155844688416,0
cand_149367.cpp,cand_269257.cpp,0.4087614417076111,0
cand_114521.cpp,cand_237648.cpp,0.47900211811065674,0
cand_055297.cpp,cand_281512.cpp,0.3998865485191345,0
cand_138247.cpp,cand_153530.cpp,0.517119824886322,0
cand_074063.cpp,cand_141635.cpp,0.29804113507270813,0
cand_063273.cpp,cand_143207.cpp,0.5148425698280334,0
cand_108336.cpp,cand_186152.cpp,0.5036846399307251,0
cand_176324.cpp,cand_254132.cpp,0.497300386428833,0
cand_238256.cpp,cand_294868.cpp,0.5489456057548523,0
cand_078596.cpp,cand_228643.cpp,0.366128534078598,0
cand_074082.cpp,cand_139986.cpp,0.5432339310646057,0
cand_011483.cpp,cand_033943.cpp,0.5365764498710632,0
cand_016964.cpp,cand_150067.cpp,0.4563937187194824,0
cand_016212.cpp,cand_194659.cpp,0.45549672842025757,0
cand_065653.cpp,cand_076498.cpp,0.3859660029411316,0
cand_059856.cpp,cand_190670.cpp,0.5039401650428772,0
cand_033929.cpp,cand_072796.cpp,0.4744390547275543,0
cand_110951.cpp,cand_195759.cpp,0.4987063705921173,0
cand_084405.cpp,cand_197867.cpp,0.5370662212371826,0
cand_164235.cpp,cand_252078.cpp,0.48074302077293396,0
cand_123969.cpp,cand_294146.cpp,0.544099748134613,0
cand_164940.cpp,cand_284499.cpp,0.3903311491012573,0
cand_065128.cpp,cand_238547.cpp,0.492483526468277,0
cand_096165.cpp,cand_157803.cpp,0.524401068687439,0
cand_250133.cpp,cand_255294.cpp,0.4945749342441559,0
cand_096147.cpp,cand_118981.cpp,0.47422555088996887,0
cand_078845.cpp,cand_228881.cpp,0.5312900543212891,0
cand_127739.cpp,cand_259137.cpp,0.5425334572792053,0
cand_120167.cpp,cand_228247.cpp,0.4922833740711212,0
cand_042620.cpp,cand_054075.cpp,0.41543322801589966,0
cand_144721.cpp,cand_172945.cpp,0.3472459018230438,0
cand_158182.cpp,cand_271191.cpp,0.10498999059200287,0
cand_039634.cpp,cand_112457.cpp,0.4744887351989746,0
cand_130274.cpp,cand_228733.cpp,0.49741727113723755,0
cand_161362.cpp,cand_298074.cpp,0.4803221821784973,0
cand_116126.cpp,cand_283315.cpp,0.5234904885292053,0
cand_113405.cpp,cand_295061.cpp,0.43548163771629333,0
cand_033036.cpp,cand_118815.cpp,0.4521075487136841,0
cand_033267.cpp,cand_148207.cpp,0.4798717796802521,0
cand_088549.cpp,cand_134712.cpp,0.49958282709121704,0
cand_035126.cpp,cand_240724.cpp,0.19553305208683014,0
cand_209562.cpp,cand_231950.cpp,0.4687311053276062,0
cand_134494.cpp,cand_253326.cpp,0.42066478729248047,0
cand_119472.cpp,cand_191971.cpp,0.5558896064758301,0
cand_122486.cpp,cand_146129.cpp,0.4885447919368744,0
cand_169916.cpp,cand_242228.cpp,0.3553328216075897,0
cand_111858.cpp,cand_228683.cpp,0.5475565791130066,0
cand_028295.cpp,cand_054897.cpp,0.5033634901046753,0
cand_015172.cpp,cand_112808.cpp,0.4533211290836334,0
cand_115074.cpp,cand_151962.cpp,0.3904145658016205,0
cand_001891.cpp,cand_060015.cpp,0.48765692114830017,0
cand_045871.cpp,cand_079950.cpp,0.5054396986961365,0
cand_078494.cpp,cand_218388.cpp,0.49956098198890686,0
cand_077088.cpp,cand_287269.cpp,0.1877666562795639,0
cand_043889.cpp,cand_239317.cpp,0.3085170090198517,0
cand_159569.cpp,cand_210086.cpp,0.5227922201156616,0
cand_061129.cpp,cand_228912.cpp,0.5693874955177307,0
cand_201302.cpp,cand_295294.cpp,0.5170649886131287,0
cand_026922.cpp,cand_158308.cpp,0.47412657737731934,0
cand_005537.cpp,cand_030263.cpp,0.4337092339992523,0
cand_070492.cpp,cand_149480.cpp,0.3832646310329437,0
cand_134209.cpp,cand_297819.cpp,0.48902103304862976,0
cand_135525.cpp,cand_218134.cpp,0.4884113669395447,0
cand_116205.cpp,cand_184324.cpp,0.44261524081230164,0
cand_100584.cpp,cand_129392.cpp,0.36220961809158325,0
cand_167019.cpp,cand_246485.cpp,0.2674344778060913,0
cand_032640.cpp,cand_083531.cpp,0.4927257299423218,0
cand_127372.cpp,cand_167911.cpp,0.40197911858558655,0
cand_011755.cpp,cand_071223.cpp,0.4759153723716736,0
cand_137591.cpp,cand_243659.cpp,0.2721655070781708,0
cand_266337.cpp,cand_267204.cpp,0.48704081773757935,0
cand_210511.cpp,cand_279856.cpp,0.5452567338943481,0
cand_004498.cpp,cand_050479.cpp,0.36478427052497864,0
cand_173375.cpp,cand_173411.cpp,0.5615003705024719,1
cand_169063.cpp,cand_256545.cpp,0.43419358134269714,0
cand_132310.cpp,cand_156817.cpp,0.527474045753479,0
cand_011541.cpp,cand_111744.cpp,0.45625993609428406,0
cand_188893.cpp,cand_237264.cpp,0.5395261645317078,0
cand_053479.cpp,cand_238735.cpp,0.3669328987598419,0
cand_118821.cpp,cand_278161.cpp,0.537408709526062,0
cand_024499.cpp,cand_075706.cpp,0.4780125021934509,0
cand_097435.cpp,cand_221789.cpp,0.4816643297672272,0
cand_266471.cpp,cand_267016.cpp,0.5647059082984924,0
cand_065502.cpp,cand_128955.cpp,0.4640532433986664,0
cand_056039.cpp,cand_254648.cpp,0.4892585575580597,0
cand_191626.cpp,cand_225131.cpp,0.5284305214881897,0
cand_152510.cpp,cand_187767.cpp,0.517420768737793,0
cand_266316.cpp,cand_267214.cpp,0.5316904187202454,0
cand_125192.cpp,cand_181298.cpp,0.509882390499115,0
cand_154849.cpp,cand_228887.cpp,0.4896250069141388,0
cand_266312.cpp,cand_267204.cpp,0.4870406985282898,0
cand_029495.cpp,cand_083536.cpp,0.5028889775276184,0
cand_058153.cpp,cand_058242.cpp,0.3580567240715027,0
cand_078661.cpp,cand_149139.cpp,0.38174474239349365,0
cand_001709.cpp,cand_023697.cpp,0.4904058575630188,0
cand_266301.cpp,cand_267090.cpp,0.4870406985282898,0
cand_175819.cpp,cand_271357.cpp,0.42639756202697754,0
cand_023243.cpp,cand_083876.cpp,0.48794806003570557,0
cand_281336.cpp,cand_295558.cpp,0.4294930696487427,0
cand_193428.cpp,cand_252148.cpp,0.5416920781135559,0
cand_194515.cpp,cand_266353.cpp,0.4882073998451233,0
cand_032041.cpp,cand_055847.cpp,0.5146996378898621,0
cand_144688.cpp,cand_159944.cpp,0.36720073223114014,0
cand_169962.cpp,cand_242232.cpp,0.4008679687976837,0
cand_091395.cpp,cand_102765.cpp,0.5459303259849548,0
cand_053827.cpp,cand_186089.cpp,0.44720691442489624,0
cand_010069.cpp,cand_132212.cpp,0.5002798438072205,0
cand_018302.cpp,cand_174102.cpp,0.4620918333530426,0
cand_060381.cpp,cand_277428.cpp,0.4541768431663513,0
cand_017967.cpp,cand_044808.cpp,0.47807684540748596,0
cand_144458.cpp,cand_267183.cpp,0.3960762321949005,0
cand_077317.cpp,cand_239235.cpp,0.41472598910331726,0
cand_073370.cpp,cand_267348.cpp,0.4850883185863495,0
cand_190818.cpp,cand_266425.cpp,0.26487451791763306,0
cand_039768.cpp,cand_266382.cpp,0.5199730396270752,0
cand_198376.cpp,cand_265652.cpp,0.4416769742965698,0
cand_070571.cpp,cand_245502.cpp,0.4144601821899414,0
cand_103546.cpp,cand_250125.cpp,0.3969348669052124,0
cand_134908.cpp,cand_286425.cpp,0.5077798962593079,0
cand_266417.cpp,cand_267091.cpp,0.47421783208847046,0
cand_066236.cpp,cand_198798.cpp,0.4350123703479767,0
cand_119287.cpp,cand_283471.cpp,0.4984244406223297,0
cand_237425.cpp,cand_237494.cpp,0.5129311084747314,0
cand_166690.cpp,cand_267090.cpp,0.3715091347694397,0
cand_042333.cpp,cand_240499.cpp,0.5124271512031555,0
cand_127379.cpp,cand_128939.cpp,0.41846683621406555,0
cand_154748.cpp,cand_270756.cpp,0.5382897853851318,0
cand_259866.cpp,cand_271569.cpp,0.5155631303787231,0
cand_092446.cpp,cand_187757.cpp,0.3878069519996643,0
cand_173350.cpp,cand_173397.cpp,0.540626049041748,1
cand_079033.cpp,cand_108068.cpp,0.4882778823375702,0
cand_232105.cpp,cand_266371.cpp,0.5459946990013123,0
cand_012424.cpp,cand_118939.cpp,0.4806482493877411,0
cand_039505.cpp,cand_126415.cpp,0.4086899161338806,0
cand_125547.cpp,cand_167911.cpp,0.47589755058288574,0
cand_083276.cpp,cand_134010.cpp,0.3565705716609955,0
cand_170042.cpp,cand_242195.cpp,0.25829604268074036,0
cand_071864.cpp,cand_190144.cpp,0.5623441338539124,0
cand_018902.cpp,cand_269294.cpp,0.5237395167350769,0
cand_054817.cpp,cand_126497.cpp,0.5273645520210266,0
cand_116279.cpp,cand_134727.cpp,0.5003674626350403,0
cand_039203.cpp,cand_057634.cpp,0.5331013202667236,0
cand_017083.cpp,cand_167203.cpp,0.524890124797821,0
cand_076245.cpp,cand_094832.cpp,0.39052674174308777,0
cand_054070.cpp,cand_132993.cpp,0.46480947732925415,0
cand_198376.cpp,cand_265514.cpp,0.4700062572956085,0
cand_237613.cpp,cand_280034.cpp,0.39214321970939636,0
cand_011160.cpp,cand_242898.cpp,0.4959171414375305,0
cand_068111.cpp,cand_070581.cpp,0.47874510288238525,0
cand_080124.cpp,cand_165918.cpp,0.44301822781562805,0
cand_147118.cpp,cand_274725.cpp,0.4837827980518341,0
cand_097973.cpp,cand_259082.cpp,0.5446578860282898,0
cand_033372.cpp,cand_176971.cpp,0.4627224802970886,0
cand_266341.cpp,cand_266993.cpp,0.5316904187202454,0
cand_007804.cpp,cand_225473.cpp,0.4846150577068329,0
cand_031379.cpp,cand_056671.cpp,0.5585662126541138,0
cand_092836.cpp,cand_096891.cpp,0.5106433033943176,0
cand_173362.cpp,cand_173405.cpp,0.554081916809082,1
cand_153215.cpp,cand_159782.cpp,0.29340437054634094,0
cand_053134.cpp,cand_241361.cpp,0.3356143832206726,0
cand_052719.cpp,cand_070526.cpp,0.5440710783004761,0
cand_034318.cpp,cand_294462.cpp,0.5466216802597046,0
cand_020487.cpp,cand_246581.cpp,0.5177425742149353,0
cand_127418.cpp,cand_176968.cpp,0.41039618849754333,0
cand_179855.cpp,cand_248679.cpp,0.46561938524246216,0
cand_033293.cpp,cand_125449.cpp,0.5052080750465393,0
cand_096943.cpp,cand_161132.cpp,0.4738351106643677,0
cand_088496.cpp,cand_129956.cpp,0.37208080291748047,0
cand_118156.cpp,cand_154778.cpp,0.4436202645301819,0
cand_266301.cpp,cand_271533.cpp,0.469747930765152,0
cand_102600.cpp,cand_283490.cpp,0.4142420291900635,0
cand_143182.cpp,cand_240047.cpp,0.4730933904647827,0
cand_075692.cpp,cand_176595.cpp,0.49763375520706177,0
cand_259573.cpp,cand_287334.cpp,0.3209248185157776,0
cand_123139.cpp,cand_184882.cpp,0.505397379398346,0
cand_067927.cpp,cand_239295.cpp,0.5196924209594727,0
cand_101671.cpp,cand_286773.cpp,0.45717743039131165,0
cand_266314.cpp,cand_267152.cpp,0.5220523476600647,0
cand_260909.cpp,cand_260927.cpp,0.5587606430053711,0
cand_024281.cpp,cand_076431.cpp,0.31267213821411133,0
cand_266505.cpp,cand_267213.cpp,0.48704081773757935,0
cand_246408.cpp,cand_251030.cpp,0.5182291269302368,0
cand_111183.cpp,cand_123103.cpp,0.45972809195518494,0
cand_266405.cpp,cand_271528.cpp,0.5576672554016113,0
cand_024152.cpp,cand_156818.cpp,0.029927033931016922,0
cand_096890.cpp,cand_173223.cpp,0.4533950984477997,0
cand_002736.cpp,cand_122637.cpp,0.38135093450546265,0
cand_033080.cpp,cand_266405.cpp,0.45715874433517456,0
cand_009968.cpp,cand_109704.cpp,0.43459564447402954,0
cand_111812.cpp,cand_254664.cpp,0.4203774333000183,0
cand_189289.cpp,cand_228719.cpp,0.4675306975841522,0
cand_060957.cpp,cand_076390.cpp,0.4579939544200897,0
cand_266405.cpp,cand_267004.cpp,0.5466780662536621,0
cand_071122.cpp,cand_137014.cpp,0.4127817153930664,0
cand_266463.cpp,cand_267028.cpp,0.5220523476600647,0
cand_011498.cpp,cand_047808.cpp,0.5276122689247131,0
cand_056403.cpp,cand_131172.cpp,0.3837924301624298,0
cand_198376.cpp,cand_265616.cpp,0.43501994013786316,0
cand_169975.cpp,cand_242257.cpp,0.46386095881462097,0
cand_266446.cpp,cand_271555.cpp,0.5326744318008423,0
cand_029163.cpp,cand_294442.cpp,0.496182382106781,0
cand_011571.cpp,cand_253094.cpp,0.5120048522949219,0
cand_022549.cpp,cand_105432.cpp,0.1597394347190857,0
cand_266522.cpp,cand_267108.cpp,0.48704081773757935,0
cand_027209.cpp,cand_232569.cpp,0.4802403450012207,0
cand_211876.cpp,cand_247085.cpp,0.4529957175254822,0
cand_171976.cpp,cand_246135.cpp,0.5267781615257263,0
cand_039685.cpp,cand_079818.cpp,0.47110894322395325,0
cand_087316.cpp,cand_238528.cpp,0.4173854887485504,0
cand_159782.cpp,cand_189256.cpp,0.3230705261230469,0
cand_168796.cpp,cand_266405.cpp,0.4745110869407654,0
cand_173369.cpp,cand_173400.cpp,0.560300350189209,1
cand_058153.cpp,cand_058203.cpp,0.2867220342159271,0
cand_010939.cpp,cand_093193.cpp,0.3996469974517822,0
cand_032957.cpp,cand_039329.cpp,0.522435188293457,0
cand_244227.cpp,cand_270009.cpp,0.5367655158042908,0
cand_033274.cpp,cand_151905.cpp,0.4944142997264862,0
cand_023342.cpp,cand_246292.cpp,0.48746421933174133,0
cand_238210.cpp,cand_254817.cpp,0.530602216720581,0
cand_135534.cpp,cand_266352.cpp,0.55608731508255,0
cand_033056.cpp,cand_267003.cpp,0.5540162920951843,0
cand_161730.cpp,cand_228160.cpp,0.5200002193450928,0
cand_259098.cpp,cand_260913.cpp,0.54849773645401,0
cand_188486.cpp,cand_188720.cpp,0.49854499101638794,0
cand_173347.cpp,cand_173421.cpp,0.5302385687828064,1
cand_265523.cpp,cand_265664.cpp,0.5023090839385986,1
cand_086660.cpp,cand_266390.cpp,0.45567455887794495,0
cand_131442.cpp,cand_290521.cpp,0.5289852619171143,0
cand_121877.cpp,cand_187044.cpp,0.40737780928611755,0
cand_090117.cpp,cand_142752.cpp,0.5344651341438293,0
cand_143276.cpp,cand_170591.cpp,0.5282182693481445,0
cand_086246.cpp,cand_121454.cpp,0.5335105061531067,0
cand_267043.cpp,cand_296615.cpp,0.46283936500549316,0
cand_126210.cpp,cand_180417.cpp,0.5279051661491394,0
cand_078596.cpp,cand_228771.cpp,0.3427295684814453,0
cand_086298.cpp,cand_164193.cpp,0.14778979122638702,0
cand_059088.cpp,cand_148202.cpp,0.47408029437065125,0
cand_112884.cpp,cand_172451.cpp,0.5150004029273987,0
cand_117799.cpp,cand_189290.cpp,0.47047606110572815,0
cand_018398.cpp,cand_068111.cpp,0.45370960235595703,0
cand_063246.cpp,cand_139946.cpp,0.3316970765590668,0
cand_173053.cpp,cand_275756.cpp,0.5185673832893372,0
cand_087571.cpp,cand_239599.cpp,0.3542214035987854,0
cand_121256.cpp,cand_160040.cpp,0.4902869760990143,0
cand_032004.cpp,cand_043696.cpp,0.48192858695983887,0
cand_031097.cpp,cand_121039.cpp,0.34338638186454773,0
cand_033694.cpp,cand_117274.cpp,0.46989905834198,0
cand_050183.cpp,cand_082915.cpp,0.5325080752372742,0
cand_091823.cpp,cand_130021.cpp,0.348629891872406,0
cand_056113.cpp,cand_287190.cpp,0.5057440400123596,0
cand_052345.cpp,cand_097159.cpp,0.49709904193878174,0
cand_169987.cpp,cand_242251.cpp,0.4512472152709961,0
cand_162045.cpp,cand_172807.cpp,0.466079980134964,0
cand_057807.cpp,cand_181298.cpp,0.2818054258823395,0
cand_062071.cpp,cand_279753.cpp,0.23739908635616302,0
cand_186359.cpp,cand_194644.cpp,0.5473175644874573,0
cand_158028.cpp,cand_172216.cpp,0.43742528557777405,0
cand_022859.cpp,cand_223001.cpp,0.4385106563568115,0
cand_173365.cpp,cand_173410.cpp,0.5556175708770752,1
cand_088639.cpp,cand_159540.cpp,0.3773714601993561,0
cand_131449.cpp,cand_177090.cpp,0.5053355693817139,0
cand_266423.cpp,cand_271533.cpp,0.5422296524047852,0
cand_064366.cpp,cand_260376.cpp,0.4873026907444,0
cand_031053.cpp,cand_172381.cpp,0.3816937506198883,0
cand_127023.cpp,cand_271353.cpp,0.45913296937942505,0
cand_007744.cpp,cand_295956.cpp,0.43393754959106445,0
cand_055932.cpp,cand_195080.cpp,0.43179386854171753,0
cand_148353.cpp,cand_155368.cpp,0.4105280935764313,0
cand_118670.cpp,cand_199773.cpp,0.5605865120887756,0
cand_135587.cpp,cand_157833.cpp,0.42715984582901,0
cand_048458.cpp,cand_240155.cpp,0.5245041251182556,0
cand_100544.cpp,cand_126095.cpp,0.5239650011062622,0
cand_002107.cpp,cand_020876.cpp,0.4238620102405548,0
cand_119911.cpp,cand_228151.cpp,0.4683520793914795,0
cand_095581.cpp,cand_294975.cpp,0.36097007989883423,0
cand_056775.cpp,cand_231734.cpp,0.4902409017086029,0
cand_078493.cpp,cand_154978.cpp,0.3756897449493408,0
cand_062071.cpp,cand_252363.cpp,0.33773836493492126,0
cand_162771.cpp,cand_257471.cpp,0.4261316657066345,0
cand_049854.cpp,cand_171657.cpp,0.5085821747779846,0
cand_003853.cpp,cand_122533.cpp,0.3745872974395752,0
cand_165463.cpp,cand_193384.cpp,0.45149582624435425,0
cand_033243.cpp,cand_126651.cpp,0.03240964561700821,0
cand_010262.cpp,cand_108441.cpp,0.49340933561325073,0
cand_111837.cpp,cand_287927.cpp,0.5697213411331177,0
cand_102367.cpp,cand_125774.cpp,0.5286164879798889,0
cand_111276.cpp,cand_152515.cpp,0.5250474810600281,0
cand_096691.cpp,cand_154426.cpp,0.5499830842018127,0
cand_119349.cpp,cand_157997.cpp,0.4867115616798401,0
cand_099428.cpp,cand_257296.cpp,0.4420933425426483,0
cand_248904.cpp,cand_260423.cpp,0.4781256318092346,0
cand_105830.cpp,cand_106507.cpp,0.37788641452789307,0
cand_067894.cpp,cand_095580.cpp,0.40161508321762085,0
cand_007546.cpp,cand_038868.cpp,0.46706172823905945,0
cand_027761.cpp,cand_210412.cpp,0.41495481133461,0
cand_085950.cpp,cand_239673.cpp,0.23168879747390747,0
cand_021892.cpp,cand_094790.cpp,0.4893587827682495,0
cand_009006.cpp,cand_084154.cpp,0.3487906754016876,0
cand_117910.cpp,cand_274374.cpp,0.4867635667324066,0
cand_181683.cpp,cand_294946.cpp,0.5318475365638733,0
cand_133324.cpp,cand_192491.cpp,0.36368328332901,0
cand_117353.cpp,cand_203929.cpp,0.4403518736362457,0
cand_165018.cpp,cand_228265.cpp,0.5393288135528564,0
cand_081286.cpp,cand_283970.cpp,0.44878318905830383,0
cand_047997.cpp,cand_172590.cpp,0.0686289370059967,0
cand_227412.cpp,cand_242385.cpp,0.3988233506679535,0
cand_063361.cpp,cand_202182.cpp,0.44989702105522156,0
cand_079687.cpp,cand_123025.cpp,0.40855443477630615,0
cand_056757.cpp,cand_228652.cpp,0.40000274777412415,0
cand_162304.cpp,cand_230454.cpp,0.3430106043815613,0
cand_023825.cpp,cand_228639.cpp,0.40722817182540894,0
cand_180424.cpp,cand_254837.cpp,0.5074007511138916,0
cand_074108.cpp,cand_295337.cpp,0.0855603963136673,0
cand_076771.cpp,cand_283448.cpp,0.513019323348999,0
cand_033769.cpp,cand_190930.cpp,0.5505600571632385,0
cand_060457.cpp,cand_174284.cpp,0.4013550281524658,0
cand_073530.cpp,cand_119015.cpp,0.5084802508354187,0
cand_002241.cpp,cand_112653.cpp,0.4090995788574219,0
cand_089679.cpp,cand_246741.cpp,0.5207523107528687,0
cand_018903.cpp,cand_127020.cpp,0.3793327510356903,0
cand_123410.cpp,cand_228564.cpp,0.3000153601169586,0
cand_073468.cpp,cand_228579.cpp,0.3869718909263611,0
cand_052145.cpp,cand_144027.cpp,0.5469076633453369,0
cand_114497.cpp,cand_175770.cpp,0.12596499919891357,0
cand_228205.cpp,cand_228793.cpp,0.46888816356658936,1
cand_150468.cpp,cand_269714.cpp,0.32709306478500366,0
cand_160086.cpp,cand_250232.cpp,0.36233311891555786,0
cand_260827.cpp,cand_260927.cpp,0.5379535555839539,0
cand_265570.cpp,cand_265794.cpp,0.5408362150192261,1
cand_265515.cpp,cand_265716.cpp,0.5644271969795227,0
cand_173371.cpp,cand_173400.cpp,0.5614966750144958,1
cand_265684.cpp,cand_265720.cpp,0.5595889687538147,1
cand_265604.cpp,cand_265723.cpp,0.5663877129554749,0
cand_265515.cpp,cand_265734.cpp,0.5556970834732056,0
cand_265542.cpp,cand_265705.cpp,0.5608856678009033,0
cand_265658.cpp,cand_265669.cpp,0.5682637691497803,0
cand_265549.cpp,cand_265578.cpp,0.564590573310852,0
cand_265616.cpp,cand_265769.cpp,0.5691632628440857,0
cand_265604.cpp,cand_265787.cpp,0.5653351545333862,0
cand_266329.cpp,cand_266448.cpp,0.5356934666633606,1
cand_265588.cpp,cand_265705.cpp,0.556136965751648,0
cand_265577.cpp,cand_265594.cpp,0.5637291073799133,0
cand_265526.cpp,cand_265640.cpp,0.5225100517272949,1
cand_266302.cpp,cand_266343.cpp,0.5064652562141418,1
cand_265623.cpp,cand_265730.cpp,0.5414174795150757,0
cand_265590.cpp,cand_265791.cpp,0.5602652430534363,0
cand_033057.cpp,cand_267016.cpp,0.38917016983032227,0
cand_265551.cpp,cand_265744.cpp,0.5662484169006348,0
cand_265518.cpp,cand_265595.cpp,0.5569804906845093,0
cand_265638.cpp,cand_265696.cpp,0.5557714700698853,1
cand_265530.cpp,cand_265693.cpp,0.5358437895774841,0
cand_265630.cpp,cand_265682.cpp,0.5478394031524658,1
cand_265540.cpp,cand_265753.cpp,0.5562093257904053,0
cand_265527.cpp,cand_265634.cpp,0.5524232387542725,0
cand_234114.cpp,cand_234135.cpp,0.5332520604133606,1
cand_265602.cpp,cand_265608.cpp,0.5699906945228577,1
cand_265522.cpp,cand_265656.cpp,0.5612102150917053,1
cand_266302.cpp,cand_266467.cpp,0.5064652562141418,1
cand_265717.cpp,cand_265758.cpp,0.5596849918365479,0
cand_266373.cpp,cand_266387.cpp,0.5576288104057312,1
cand_234118.cpp,cand_234137.cpp,0.5415460467338562,1
cand_265586.cpp,cand_265691.cpp,0.5597442388534546,0
cand_265557.cpp,cand_265704.cpp,0.5431730151176453,0
cand_057807.cpp,cand_137064.cpp,0.2977910041809082,0
cand_265635.cpp,cand_265720.cpp,0.5683751702308655,0
cand_265695.cpp,cand_265754.cpp,0.5691786408424377,0
cand_265666.cpp,cand_265721.cpp,0.5644347667694092,0
cand_265508.cpp,cand_265693.cpp,0.5079647302627563,0
cand_265607.cpp,cand_265710.cpp,0.5536148548126221,0
cand_266358.cpp,cand_266514.cpp,0.504450261592865,1
cand_265786.cpp,cand_265789.cpp,0.5712774395942688,0
cand_265548.cpp,cand_265662.cpp,0.5647927522659302,1
cand_265684.cpp,cand_265794.cpp,0.5691923499107361,1
cand_265640.cpp,cand_265699.cpp,0.5354128479957581,0
cand_265554.cpp,cand_265645.cpp,0.5703954100608826,0
cand_265688.cpp,cand_265783.cpp,0.570088803768158,0
cand_265626.cpp,cand_265696.cpp,0.5357872843742371,1
cand_265568.cpp,cand_265650.cpp,0.5451635122299194,1
cand_265533.cpp,cand_265572.cpp,0.5694061517715454,0
cand_232079.cpp,cand_267190.cpp,0.5222671627998352,0
cand_265742.cpp,cand_265757.cpp,0.5683340430259705,0
cand_017438.cpp,cand_234068.cpp,0.5052187442779541,0
cand_265581.cpp,cand_265666.cpp,0.5622597336769104,0
cand_265625.cpp,cand_265664.cpp,0.5448876023292542,0
cand_265730.cpp,cand_265791.cpp,0.5619048476219177,0
cand_265588.cpp,cand_265607.cpp,0.5644832253456116,0
cand_265637.cpp,cand_265730.cpp,0.5652120113372803,0
cand_265650.cpp,cand_265784.cpp,0.5616098046302795,1
cand_265508.cpp,cand_265700.cpp,0.5715569853782654,1
cand_265598.cpp,cand_265703.cpp,0.5472343564033508,0
cand_265518.cpp,cand_265721.cpp,0.5610727071762085,0
cand_265527.cpp,cand_265564.cpp,0.5489670038223267,0
cand_265590.cpp,cand_265597.cpp,0.5680879354476929,0
cand_265571.cpp,cand_265670.cpp,0.5519884824752808,0
cand_265578.cpp,cand_265681.cpp,0.5553765892982483,0
cand_265582.cpp,cand_265679.cpp,0.5586972236633301,0
cand_265628.cpp,cand_265659.cpp,0.5475601553916931,0
cand_265507.cpp,cand_265786.cpp,0.5200393795967102,0
cand_266374.cpp,cand_266424.cpp,0.563181459903717,1
cand_265537.cpp,cand_265746.cpp,0.5572695732116699,0
cand_265573.cpp,cand_265638.cpp,0.5671229958534241,0
cand_265512.cpp,cand_265531.cpp,0.5624300837516785,0
cand_265552.cpp,cand_265573.cpp,0.5614714026451111,0
cand_265629.cpp,cand_265680.cpp,0.5502825975418091,0
cand_265543.cpp,cand_265688.cpp,0.5587197542190552,0
cand_266447.cpp,cand_267004.cpp,0.5657750368118286,0
cand_265610.cpp,cand_265659.cpp,0.5699031949043274,0
cand_265543.cpp,cand_265794.cpp,0.5567871332168579,0
cand_265584.cpp,cand_265653.cpp,0.5657362341880798,0
cand_267003.cpp,cand_267204.cpp,0.5715569853782654,1
cand_265509.cpp,cand_265514.cpp,0.5624477863311768,0
cand_265720.cpp,cand_265768.cpp,0.5589415431022644,1
cand_265548.cpp,cand_265648.cpp,0.5696494579315186,1
cand_265525.cpp,cand_265538.cpp,0.5405069589614868,0
cand_265658.cpp,cand_265687.cpp,0.5657343864440918,0
cand_265598.cpp,cand_265682.cpp,0.5659173727035522,1
cand_265713.cpp,cand_265740.cpp,0.5604974627494812,0
cand_265580.cpp,cand_265598.cpp,0.5628589391708374,1
cand_265704.cpp,cand_265733.cpp,0.5425078868865967,0
cand_173376.cpp,cand_173387.cpp,0.567406177520752,1
cand_265535.cpp,cand_265574.cpp,0.5699037909507751,0
cand_265660.cpp,cand_265729.cpp,0.5693771243095398,0
cand_265653.cpp,cand_265706.cpp,0.549422562122345,0
cand_265568.cpp,cand_265583.cpp,0.548328161239624,0
cand_265564.cpp,cand_265571.cpp,0.5318914651870728,0
cand_265677.cpp,cand_265762.cpp,0.5709415674209595,0
cand_265527.cpp,cand_265560.cpp,0.539979100227356,0
cand_265544.cpp,cand_265769.cpp,0.5574066042900085,0
cand_265672.cpp,cand_265763.cpp,0.5693721771240234,0
cand_265589.cpp,cand_265744.cpp,0.5662482976913452,0
cand_170030.cpp,cand_242361.cpp,0.5642521381378174,0
cand_265637.cpp,cand_265726.cpp,0.5668466091156006,0
cand_265606.cpp,cand_265710.cpp,0.5544019341468811,1
cand_265612.cpp,cand_265711.cpp,0.5568471550941467,0
cand_265719.cpp,cand_265768.cpp,0.5596652626991272,0
cand_265636.cpp,cand_265773.cpp,0.5540167689323425,0
cand_265590.cpp,cand_265693.cpp,0.5614954233169556,0
cand_265700.cpp,cand_265735.cpp,0.5140414834022522,0
cand_265703.cpp,cand_265794.cpp,0.5388835072517395,1
cand_265606.cpp,cand_265776.cpp,0.5666759014129639,1
cand_265715.cpp,cand_265772.cpp,0.5568665862083435,0
cand_266337.cpp,cand_266406.cpp,0.4974169135093689,1
cand_265618.cpp,cand_265772.cpp,0.5694392919540405,1
cand_265647.cpp,cand_265710.cpp,0.55925452709198,0
cand_265625.cpp,cand_265756.cpp,0.5420946478843689,0
cand_265579.cpp,cand_265786.cpp,0.5559090971946716,0
cand_266316.cpp,cand_266428.cpp,0.5375552773475647,1
cand_265566.cpp,cand_265700.cpp,0.5554566979408264,1
cand_265593.cpp,cand_265790.cpp,0.562549889087677,0
cand_266366.cpp,cand_266427.cpp,0.4811846911907196,1
cand_265586.cpp,cand_265782.cpp,0.5589635968208313,1
cand_266468.cpp,cand_267015.cpp,0.5613617300987244,0
cand_265539.cpp,cand_265672.cpp,0.558214008808136,0
cand_265521.cpp,cand_265674.cpp,0.5578494668006897,0
cand_173394.cpp,cand_173422.cpp,0.5663755536079407,1
cand_265594.cpp,cand_265630.cpp,0.5549592971801758,1
cand_266373.cpp,cand_266463.cpp,0.5324002504348755,1
cand_265767.cpp,cand_265782.cpp,0.570603609085083,0
cand_265587.cpp,cand_265652.cpp,0.5696095824241638,0
cand_265556.cpp,cand_265761.cpp,0.5640944242477417,0
cand_086042.cpp,cand_125547.cpp,0.34261855483055115,0
cand_265734.cpp,cand_265736.cpp,0.5709168314933777,1
cand_265674.cpp,cand_265728.cpp,0.5649131536483765,1
cand_265662.cpp,cand_265755.cpp,0.5680875778198242,0
cand_173409.cpp,cand_173420.cpp,0.5697962641716003,1
cand_265660.cpp,cand_265748.cpp,0.5691185593605042,1
cand_265546.cpp,cand_265792.cpp,0.5573075413703918,1
cand_265642.cpp,cand_265647.cpp,0.568000078201294,0
cand_242328.cpp,cand_242373.cpp,0.5562507510185242,0
cand_265762.cpp,cand_265765.cpp,0.5709824562072754,0
cand_265529.cpp,cand_265574.cpp,0.5621194243431091,0
cand_266304.cpp,cand_266426.cpp,0.5268862247467041,1
cand_267183.cpp,cand_267214.cpp,0.5589335560798645,1
cand_265669.cpp,cand_265694.cpp,0.5686049461364746,0
cand_173394.cpp,cand_173429.cpp,0.5654214024543762,1
cand_261434.cpp,cand_271594.cpp,0.5373563766479492,0
cand_267008.cpp,cand_267121.cpp,0.5595115423202515,1
cand_173405.cpp,cand_173455.cpp,0.5648471117019653,1
cand_267133.cpp,cand_267197.cpp,0.5472524166107178,1
cand_266408.cpp,cand_267198.cpp,0.550432562828064,0
cand_271603.cpp,cand_278492.cpp,0.5638126730918884,0
cand_173439.cpp,cand_173464.cpp,0.5689476132392883,1
cand_173450.cpp,cand_173469.cpp,0.5697104334831238,1
cand_173413.cpp,cand_173433.cpp,0.5687246322631836,1
cand_173435.cpp,cand_173470.cpp,0.5679226517677307,1
cand_267022.cpp,cand_267058.cpp,0.5451802015304565,1
cand_002919.cpp,cand_053131.cpp,0.5468624830245972,0
cand_133213.cpp,cand_164120.cpp,0.48123788833618164,0
cand_267077.cpp,cand_267198.cpp,0.5615831613540649,1
cand_267081.cpp,cand_267207.cpp,0.557856559753418,1
cand_173452.cpp,cand_173479.cpp,0.5690593123435974,1
cand_267067.cpp,cand_267161.cpp,0.5702972412109375,1
cand_267063.cpp,cand_267196.cpp,0.5333489775657654,1
cand_267092.cpp,cand_267101.cpp,0.5481835007667542,1
cand_173404.cpp,cand_173440.cpp,0.5662773847579956,1
cand_267116.cpp,cand_267204.cpp,0.5293924808502197,1
cand_267021.cpp,cand_267139.cpp,0.5629621148109436,1
cand_267003.cpp,cand_267217.cpp,0.5403434038162231,1
cand_267114.cpp,cand_267206.cpp,0.5558320879936218,1
cand_173401.cpp,cand_173464.cpp,0.5631694793701172,1
cand_173443.cpp,cand_173482.cpp,0.5678443908691406,1
cand_173462.cpp,cand_173471.cpp,0.5707334280014038,1
cand_267062.cpp,cand_267141.cpp,0.5586671829223633,1
cand_267075.cpp,cand_267164.cpp,0.5471716523170471,1
cand_267101.cpp,cand_267128.cpp,0.5395785570144653,1
cand_139461.cpp,cand_139468.cpp,0.521019697189331,0
cand_173468.cpp,cand_173476.cpp,0.5708578824996948,1
cand_173495.cpp,cand_173504.cpp,0.5709372162818909,1
cand_173465.cpp,cand_173487.cpp,0.569696843624115,1
cand_026967.cpp,cand_190223.cpp,0.5062181353569031,0
cand_266424.cpp,cand_267075.cpp,0.5405368208885193,0
cand_267116.cpp,cand_267206.cpp,0.5520476698875427,1
cand_267066.cpp,cand_267111.cpp,0.5563951730728149,1
cand_173386.cpp,cand_173447.cpp,0.5610159635543823,1
cand_173448.cpp,cand_173485.cpp,0.5681555271148682,1
cand_173400.cpp,cand_173449.cpp,0.5644584894180298,1
cand_153949.cpp,cand_267215.cpp,0.2782709002494812,0
cand_267129.cpp,cand_271574.cpp,0.5554999709129333,0
cand_173427.cpp,cand_173444.cpp,0.569492518901825,1
cand_173442.cpp,cand_173450.cpp,0.5706831216812134,1
cand_173425.cpp,cand_173487.cpp,0.5652216076850891,1
cand_173399.cpp,cand_173458.cpp,0.5633174777030945,1
cand_076904.cpp,cand_076926.cpp,0.10345480591058731,1
cand_173430.cpp,cand_173470.cpp,0.5672962665557861,1
cand_173513.cpp,cand_173518.cpp,0.5712609887123108,1
cand_267075.cpp,cand_267095.cpp,0.5583714246749878,1
cand_267079.cpp,cand_267154.cpp,0.5558320879936218,1
cand_169920.cpp,cand_242354.cpp,0.2476503849029541,0
cand_108010.cpp,cand_274376.cpp,0.3776053786277771,0
cand_228295.cpp,cand_228841.cpp,0.5340630412101746,0
cand_003478.cpp,cand_017469.cpp,0.5359109044075012,0
cand_228277.cpp,cand_228618.cpp,0.5432971715927124,0
cand_136089.cpp,cand_278578.cpp,0.3478788733482361,0
cand_228299.cpp,cand_228692.cpp,0.37348994612693787,0
cand_228268.cpp,cand_228699.cpp,0.5381942391395569,0
cand_295053.cpp,cand_295084.cpp,0.44893476366996765,0
cand_003463.cpp,cand_199307.cpp,0.55610191822052,0
cand_228496.cpp,cand_228586.cpp,0.5114710927009583,1
cand_153949.cpp,cand_266523.cpp,0.3654874265193939,0
cand_283811.cpp,cand_283970.cpp,0.38330134749412537,1
cand_228549.cpp,cand_228787.cpp,0.43541374802589417,1
cand_228814.cpp,cand_228896.cpp,0.4850144386291504,0
cand_045126.cpp,cand_181201.cpp,0.5677016973495483,0
cand_092125.cpp,cand_277728.cpp,0.22722160816192627,0
cand_062036.cpp,cand_241982.cpp,0.36715489625930786,0
cand_011578.cpp,cand_074735.cpp,0.434021919965744,0
cand_228731.cpp,cand_231631.cpp,0.5011548399925232,0
cand_228518.cpp,cand_228723.cpp,0.4807998836040497,0
cand_028442.cpp,cand_175238.cpp,0.5055333971977234,0
cand_072884.cpp,cand_152020.cpp,0.4489239752292633,0
cand_131860.cpp,cand_228129.cpp,0.47675156593322754,0
cand_228805.cpp,cand_228820.cpp,0.5235301852226257,1
cand_194887.cpp,cand_228505.cpp,0.5650159120559692,0
cand_119649.cpp,cand_133606.cpp,0.30043330788612366,0
cand_228268.cpp,cand_231631.cpp,0.556936502456665,0
cand_223543.cpp,cand_288953.cpp,0.5445907711982727,0
cand_228242.cpp,cand_228518.cpp,0.5344488620758057,0
cand_141106.cpp,cand_227414.cpp,0.5198734998703003,0
cand_170005.cpp,cand_242338.cpp,0.25605103373527527,0
cand_228528.cpp,cand_228579.cpp,0.5067903399467468,1
cand_228771.cpp,cand_247545.cpp,0.25854364037513733,0
cand_228214.cpp,cand_228729.cpp,0.48565661907196045,0
cand_265505.cpp,cand_265753.cpp,0.49960559606552124,1
cand_228518.cpp,cand_228603.cpp,0.5564226508140564,0
cand_228162.cpp,cand_228850.cpp,0.5082235336303711,0
cand_168806.cpp,cand_266356.cpp,0.4738403558731079,0
cand_232086.cpp,cand_266354.cpp,0.5555307865142822,0
cand_180802.cpp,cand_241510.cpp,0.5012945532798767,0
cand_228129.cpp,cand_228733.cpp,0.3887188732624054,0
cand_086323.cpp,cand_134693.cpp,0.5237644910812378,0
cand_037176.cpp,cand_131408.cpp,0.5232521295547485,0
cand_228727.cpp,cand_228804.cpp,0.47858068346977234,1
cand_155281.cpp,cand_264518.cpp,0.5544885396957397,0
cand_009997.cpp,cand_104457.cpp,0.3180365562438965,0
cand_248236.cpp,cand_295469.cpp,0.4012168347835541,0
cand_228698.cpp,cand_228718.cpp,0.5219680666923523,1
cand_165279.cpp,cand_197739.cpp,0.5232000350952148,0
cand_169918.cpp,cand_169941.cpp,0.5498219132423401,0
cand_266522.cpp,cand_271549.cpp,0.5424168705940247,0
cand_228661.cpp,cand_228843.cpp,0.5528628826141357,1
cand_228671.cpp,cand_228672.cpp,0.5358539819717407,0
cand_036895.cpp,cand_213064.cpp,0.3985040783882141,0
cand_228160.cpp,cand_228283.cpp,0.48393458127975464,0
cand_228601.cpp,cand_228724.cpp,0.48729172348976135,1
cand_283853.cpp,cand_283886.cpp,0.4075583219528198,1
cand_228270.cpp,cand_228644.cpp,0.5120840668678284,0
cand_228160.cpp,cand_228728.cpp,0.5001704692840576,0
cand_018902.cpp,cand_279861.cpp,0.4797062575817108,0
cand_283853.cpp,cand_284027.cpp,0.36695799231529236,1
cand_228584.cpp,cand_228789.cpp,0.5358539819717407,0
cand_228727.cpp,cand_228808.cpp,0.49588167667388916,1
cand_228313.cpp,cand_228644.cpp,0.5530585050582886,0
cand_228631.cpp,cand_228707.cpp,0.5464626550674438,0
cand_228135.cpp,cand_228916.cpp,0.38487499952316284,0
cand_116462.cpp,cand_178626.cpp,0.4344766438007355,0
cand_050375.cpp,cand_096362.cpp,0.5481759309768677,0
cand_228162.cpp,cand_228913.cpp,0.47697868943214417,0
cand_170072.cpp,cand_170094.cpp,0.5472059845924377,0
cand_080506.cpp,cand_228771.cpp,0.3694756031036377,0
cand_030731.cpp,cand_056384.cpp,0.4794051945209503,0
cand_054825.cpp,cand_056757.cpp,0.511799156665802,0
cand_240152.cpp,cand_282771.cpp,0.484153151512146,0
cand_153949.cpp,cand_266304.cpp,0.33505979180336,0
cand_080788.cpp,cand_167258.cpp,0.5435413122177124,0
cand_228753.cpp,cand_228918.cpp,0.5537384152412415,1
cand_228163.cpp,cand_228921.cpp,0.5094158053398132,0
cand_169990.cpp,cand_170015.cpp,0.27377384901046753,0
cand_108304.cpp,cand_121277.cpp,0.36650925874710083,0
cand_228646.cpp,cand_228764.cpp,0.5530483722686768,0
cand_228303.cpp,cand_228512.cpp,0.5586624145507812,0
cand_149816.cpp,cand_186240.cpp,0.4514228403568268,0
cand_169918.cpp,cand_242185.cpp,0.5395587682723999,0
cand_228319.cpp,cand_228759.cpp,0.5566025972366333,0
cand_036067.cpp,cand_120744.cpp,0.5504931211471558,0
cand_228288.cpp,cand_228653.cpp,0.5568427443504333,0
cand_228919.cpp,cand_281253.cpp,0.3723710775375366,0
cand_108441.cpp,cand_237266.cpp,0.3942785859107971,0
cand_228294.cpp,cand_228637.cpp,0.5352116823196411,0
cand_228242.cpp,cand_228724.cpp,0.5168541669845581,0
cand_053210.cpp,cand_228724.cpp,0.4174349009990692,0
cand_228700.cpp,cand_228705.cpp,0.5599046349525452,1
cand_228516.cpp,cand_228676.cpp,0.5102243423461914,1
cand_228884.cpp,cand_231890.cpp,0.3197169303894043,0
cand_195012.cpp,cand_228161.cpp,0.3146451413631439,0
cand_228296.cpp,cand_228846.cpp,0.5383533835411072,0
cand_228129.cpp,cand_228641.cpp,0.3964814841747284,0
cand_228543.cpp,cand_228559.cpp,0.5182879567146301,1
cand_228619.cpp,cand_228729.cpp,0.5371866822242737,1
cand_168806.cpp,cand_266403.cpp,0.47676441073417664,0
cand_139181.cpp,cand_228887.cpp,0.44343072175979614,0
cand_138378.cpp,cand_221001.cpp,0.3612523078918457,0
cand_228310.cpp,cand_228690.cpp,0.5302014946937561,0
cand_026078.cpp,cand_228554.cpp,0.4202907383441925,0
cand_265505.cpp,cand_265599.cpp,0.503623902797699,1
cand_228294.cpp,cand_228915.cpp,0.5671140551567078,0
cand_228250.cpp,cand_228834.cpp,0.5609240531921387,0
cand_242183.cpp,cand_242357.cpp,0.2723684012889862,0
cand_170019.cpp,cand_242194.cpp,0.2664584517478943,0
cand_126366.cpp,cand_139203.cpp,0.4473031163215637,0
cand_035397.cpp,cand_112378.cpp,0.5192258954048157,0
cand_228281.cpp,cand_228645.cpp,0.5680639743804932,0
cand_228606.cpp,cand_228728.cpp,0.5045034885406494,0
cand_074948.cpp,cand_148647.cpp,0.2426978051662445,0
cand_011906.cpp,cand_147639.cpp,0.4546712338924408,0
cand_228542.cpp,cand_228629.cpp,0.4801398515701294,1
cand_228238.cpp,cand_228516.cpp,0.5463798642158508,0
cand_228897.cpp,cand_235588.cpp,0.3028343915939331,0
cand_283853.cpp,cand_283955.cpp,0.33702242374420166,1
cand_228560.cpp,cand_228781.cpp,0.34119048714637756,0
cand_194869.cpp,cand_228142.cpp,0.3732396066188812,0
cand_228729.cpp,cand_228759.cpp,0.5500977635383606,1
cand_228325.cpp,cand_228763.cpp,0.5688347220420837,0
cand_228221.cpp,cand_228517.cpp,0.5595729351043701,0
cand_170032.cpp,cand_242197.cpp,0.282029390335083,0
cand_118128.cpp,cand_172301.cpp,0.46044448018074036,0
cand_141850.cpp,cand_271707.cpp,0.4991738200187683,0
cand_228136.cpp,cand_228732.cpp,0.42083945870399475,0
cand_181406.cpp,cand_241083.cpp,0.31550827622413635,0
cand_228293.cpp,cand_228923.cpp,0.5645445585250854,0
cand_228135.cpp,cand_228646.cpp,0.41565343737602234,0
cand_111674.cpp,cand_111690.cpp,0.44178032875061035,0
cand_056740.cpp,cand_056777.cpp,0.5573789477348328,0
cand_098170.cpp,cand_098171.cpp,0.5516359210014343,0
cand_210379.cpp,cand_210384.cpp,0.47703292965888977,0
cand_134823.cpp,cand_054828.cpp,0.5559045672416687,0
cand_036315.cpp,cand_036325.cpp,0.5535191297531128,0
cand_172114.cpp,cand_195720.cpp,0.43226444721221924,0
cand_004824.cpp,cand_070710.cpp,0.4371086359024048,0
cand_147683.cpp,cand_033939.cpp,0.5132473707199097,0
cand_102627.cpp,cand_218008.cpp,0.5397237539291382,0
cand_140910.cpp,cand_140931.cpp,0.48392659425735474,0
cand_031431.cpp,cand_283262.cpp,0.5233744382858276,0
cand_093225.cpp,cand_093186.cpp,0.5568971633911133,0
cand_139929.cpp,cand_139930.cpp,0.5704296827316284,0
cand_070334.cpp,cand_110928.cpp,0.5182687640190125,0
cand_102631.cpp,cand_246569.cpp,0.5217347145080566,1
cand_017208.cpp,cand_017203.cpp,0.5638254880905151,0
cand_172191.cpp,cand_242295.cpp,0.5544395446777344,0
cand_118738.cpp,cand_119118.cpp,0.5369536876678467,0
cand_011802.cpp,cand_011786.cpp,0.5600583553314209,0
cand_256342.cpp,cand_223584.cpp,0.4327528774738312,0
cand_148399.cpp,cand_148408.cpp,0.517808735370636,0
cand_148695.cpp,cand_148688.cpp,0.5229626893997192,0
cand_050867.cpp,cand_146983.cpp,0.5494934916496277,0
cand_264571.cpp,cand_264577.cpp,0.41019412875175476,0
cand_054254.cpp,cand_172669.cpp,0.5473525524139404,0
cand_101920.cpp,cand_101941.cpp,0.4122663736343384,0
cand_253149.cpp,cand_253361.cpp,0.5168557167053223,0
cand_106228.cpp,cand_106254.cpp,0.4425497353076935,0
cand_175110.cpp,cand_175109.cpp,0.524693489074707,0
cand_231299.cpp,cand_055922.cpp,0.535834550857544,0
cand_007421.cpp,cand_131249.cpp,0.5420241355895996,0
cand_051358.cpp,cand_051359.cpp,0.5100558996200562,0
cand_145211.cpp,cand_145178.cpp,0.44484153389930725,0
cand_259877.cpp,cand_259869.cpp,0.39436399936676025,0
cand_033770.cpp,cand_085475.cpp,0.5224543809890747,0
cand_007278.cpp,cand_007285.cpp,0.48133355379104614,0
cand_164428.cpp,cand_287191.cpp,0.4603264331817627,0
cand_257446.cpp,cand_257447.cpp,0.5390341281890869,0
cand_039174.cpp,cand_039299.cpp,0.4978168308734894,0
cand_036309.cpp,cand_036348.cpp,0.54318767786026,0
cand_005314.cpp,cand_005340.cpp,0.5136195421218872,0
cand_096093.cpp,cand_096087.cpp,0.5351336002349854,0
cand_036208.cpp,cand_036261.cpp,0.4933992326259613,0
cand_246642.cpp,cand_102732.cpp,0.5511040091514587,0
cand_260890.cpp,cand_050710.cpp,0.5529633164405823,0
cand_228295.cpp,cand_228330.cpp,0.5679653286933899,1
cand_011989.cpp,cand_009024.cpp,0.5166749358177185,0
cand_168165.cpp,cand_078545.cpp,0.4059094786643982,0
cand_251101.cpp,cand_251160.cpp,0.5387281179428101,0
cand_131249.cpp,cand_141665.cpp,0.5461007952690125,0
cand_093245.cpp,cand_081229.cpp,0.492323637008667,0
cand_027789.cpp,cand_175297.cpp,0.5576532483100891,0
cand_118926.cpp,cand_056767.cpp,0.470182865858078,0
cand_294917.cpp,cand_294947.cpp,0.49878084659576416,0
cand_056448.cpp,cand_073632.cpp,0.550007164478302,0
cand_073626.cpp,cand_056749.cpp,0.43342697620391846,0
cand_020599.cpp,cand_077076.cpp,0.5088275074958801,0
cand_143213.cpp,cand_277602.cpp,0.5470942854881287,0
cand_119156.cpp,cand_056816.cpp,0.4926736354827881,0
cand_253686.cpp,cand_253313.cpp,0.556292712688446,0
cand_064313.cpp,cand_074635.cpp,0.517909824848175,0
cand_039662.cpp,cand_039655.cpp,0.562815248966217,0
cand_294403.cpp,cand_294404.cpp,0.523322582244873,0
cand_055260.cpp,cand_184166.cpp,0.5671020150184631,0
cand_237800.cpp,cand_268681.cpp,0.5368231534957886,0
cand_094657.cpp,cand_114750.cpp,0.3447929918766022,0
cand_172191.cpp,cand_236383.cpp,0.5397210121154785,0
cand_036261.cpp,cand_036280.cpp,0.49913471937179565,0
cand_186415.cpp,cand_186321.cpp,0.34970125555992126,0
cand_150382.cpp,cand_055867.cpp,0.5496602654457092,0
cand_111103.cpp,cand_111107.cpp,0.4181142747402191,0
cand_253556.cpp,cand_255442.cpp,0.5715569853782654,1
cand_119200.cpp,cand_073602.cpp,0.5450212955474854,0
cand_054770.cpp,cand_086577.cpp,0.47297564148902893,0
cand_266302.cpp,cand_266374.cpp,0.49591976404190063,1
cand_039017.cpp,cand_039453.cpp,0.5039677023887634,0
cand_086301.cpp,cand_086315.cpp,0.567203938961029,0
cand_242516.cpp,cand_242411.cpp,0.38661718368530273,0
cand_228530.cpp,cand_228896.cpp,0.3503396511077881,1
cand_266514.cpp,cand_266388.cpp,0.5064653158187866,1
cand_297737.cpp,cand_163668.cpp,0.49884629249572754,0
cand_056462.cpp,cand_056603.cpp,0.5155127048492432,0
cand_118230.cpp,cand_118166.cpp,0.4827733635902405,0
cand_070650.cpp,cand_070668.cpp,0.5576573014259338,0
cand_118765.cpp,cand_031171.cpp,0.54006427526474,0
cand_056772.cpp,cand_113171.cpp,0.5314728021621704,0
cand_086201.cpp,cand_086313.cpp,0.09803474694490433,0
cand_211336.cpp,cand_298464.cpp,0.48850131034851074,0
cand_173255.cpp,cand_156156.cpp,0.40134936571121216,0
cand_054801.cpp,cand_054815.cpp,0.3868796229362488,0
cand_210376.cpp,cand_200784.cpp,0.5057654976844788,0
cand_228693.cpp,cand_228843.cpp,0.5038098096847534,1
cand_025701.cpp,cand_025702.cpp,0.5348536372184753,0
cand_117987.cpp,cand_117954.cpp,0.18012146651744843,0
cand_034467.cpp,cand_034696.cpp,0.5538120865821838,0
cand_295114.cpp,cand_295116.cpp,0.515670895576477,0
cand_243413.cpp,cand_056490.cpp,0.5509091019630432,0
cand_118076.cpp,cand_118090.cpp,0.5286721587181091,0
cand_050766.cpp,cand_119059.cpp,0.5534337759017944,0
cand_025386.cpp,cand_095678.cpp,0.5715569853782654,1
cand_035311.cpp,cand_121892.cpp,0.4829937815666199,0
cand_236359.cpp,cand_169993.cpp,0.2824922502040863,0
cand_025320.cpp,cand_058211.cpp,0.5453596711158752,1
cand_228552.cpp,cand_228218.cpp,0.46488767862319946,0
cand_028359.cpp,cand_020286.cpp,0.4778836965560913,0
cand_295377.cpp,cand_295388.cpp,0.569086492061615,0
cand_248903.cpp,cand_271378.cpp,0.46578675508499146,0
cand_136106.cpp,cand_126630.cpp,0.39211708307266235,0
cand_095214.cpp,cand_050858.cpp,0.4787514805793762,0
cand_248898.cpp,cand_248899.cpp,0.5395814180374146,1
cand_059790.cpp,cand_066864.cpp,0.48102661967277527,0
cand_118945.cpp,cand_079984.cpp,0.46306684613227844,0
cand_006039.cpp,cand_059776.cpp,0.10493442416191101,0
cand_099533.cpp,cand_025259.cpp,0.40764743089675903,0
cand_228303.cpp,cand_228239.cpp,0.5316280126571655,1
cand_136347.cpp,cand_136339.cpp,0.5494166612625122,0
cand_210666.cpp,cand_211465.cpp,0.5667436718940735,0
cand_135061.cpp,cand_141917.cpp,0.49147289991378784,0
cand_256342.cpp,cand_288934.cpp,0.42683300375938416,0
cand_228260.cpp,cand_228696.cpp,0.4877014756202698,0
cand_020266.cpp,cand_188590.cpp,0.5151305794715881,0
cand_164729.cpp,cand_164730.cpp,0.5537899732589722,0
cand_219759.cpp,cand_297092.cpp,0.49916765093803406,0
cand_143196.cpp,cand_252786.cpp,0.4340206980705261,0
cand_059704.cpp,cand_059702.cpp,0.33365437388420105,0
cand_168339.cpp,cand_168350.cpp,0.19651421904563904,0
cand_073627.cpp,cand_073629.cpp,0.4978845715522766,0
cand_237308.cpp,cand_237428.cpp,0.45013007521629333,0
cand_134777.cpp,cand_134671.cpp,0.4716099798679352,0
cand_049512.cpp,cand_049517.cpp,0.5563414692878723,0
cand_248751.cpp,cand_056613.cpp,0.4946359395980835,0
cand_104244.cpp,cand_143412.cpp,0.28184974193573,0
cand_097074.cpp,cand_097080.cpp,0.5590577125549316,0
cand_242230.cpp,cand_242362.cpp,0.3564954102039337,0
cand_031199.cpp,cand_031197.cpp,0.5175350904464722,0
cand_011640.cpp,cand_011642.cpp,0.5691535472869873,0
cand_006887.cpp,cand_141830.cpp,0.48049649596214294,0
cand_118140.cpp,cand_118057.cpp,0.5017367601394653,0
cand_027735.cpp,cand_027758.cpp,0.5013067126274109,0
cand_253821.cpp,cand_253842.cpp,0.4878334403038025,0
cand_080087.cpp,cand_096319.cpp,0.5438372492790222,0
cand_034942.cpp,cand_034927.cpp,0.5715569853782654,0
cand_039068.cpp,cand_039380.cpp,0.5385765433311462,0
cand_253533.cpp,cand_253395.cpp,0.3806683123111725,0
cand_172230.cpp,cand_169999.cpp,0.4427246153354645,0
cand_037422.cpp,cand_037437.cpp,0.544346272945404,0
cand_051154.cpp,cand_049189.cpp,0.5450300574302673,0
cand_118156.cpp,cand_118026.cpp,0.46306610107421875,0
cand_006880.cpp,cand_054792.cpp,0.3740990459918976,0
cand_294947.cpp,cand_294967.cpp,0.5602512955665588,0
cand_066140.cpp,cand_277849.cpp,0.5698593854904175,0
cand_242875.cpp,cand_284822.cpp,0.5370505452156067,0
cand_118184.cpp,cand_117982.cpp,0.3839346468448639,0
cand_119057.cpp,cand_025740.cpp,0.5350726842880249,0
cand_114339.cpp,cand_131142.cpp,0.3472219407558441,0
cand_141207.cpp,cand_141210.cpp,0.4706770181655884,0
cand_186709.cpp,cand_269035.cpp,0.34761157631874084,0
cand_033811.cpp,cand_296021.cpp,0.4878987967967987,0
cand_128656.cpp,cand_137021.cpp,0.44519564509391785,0
cand_142343.cpp,cand_118102.cpp,0.5013444423675537,0
cand_176220.cpp,cand_079185.cpp,0.43865323066711426,0
cand_048978.cpp,cand_133320.cpp,0.47398868203163147,0
cand_135247.cpp,cand_141830.cpp,0.5136138200759888,0
cand_039465.cpp,cand_039017.cpp,0.4957047998905182,0
cand_271597.cpp,cand_261466.cpp,0.5442368388175964,0
cand_025290.cpp,cand_057646.cpp,0.4879990518093109,0
cand_139887.cpp,cand_220779.cpp,0.5605140924453735,0
cand_244234.cpp,cand_246619.cpp,0.4784819185733795,0
cand_120411.cpp,cand_056668.cpp,0.42958149313926697,0
cand_073655.cpp,cand_118837.cpp,0.4359854757785797,0
cand_226207.cpp,cand_052189.cpp,0.49999117851257324,0
cand_145485.cpp,cand_105432.cpp,0.14833642542362213,0
cand_271597.cpp,cand_267134.cpp,0.5648600459098816,0
cand_141512.cpp,cand_141535.cpp,0.44433680176734924,0
cand_007371.cpp,cand_134826.cpp,0.40442001819610596,0
cand_165397.cpp,cand_240545.cpp,0.43131697177886963,0
cand_186713.cpp,cand_259091.cpp,0.5281529426574707,0
cand_243522.cpp,cand_253469.cpp,0.4983453154563904,0
cand_006117.cpp,cand_036179.cpp,0.5389376878738403,0
cand_253082.cpp,cand_253647.cpp,0.5176662802696228,0
cand_016863.cpp,cand_080001.cpp,0.43724584579467773,0
cand_080569.cpp,cand_080673.cpp,0.44871219992637634,0
cand_079970.cpp,cand_024067.cpp,0.2453729659318924,0
cand_049449.cpp,cand_015248.cpp,0.5273325443267822,0
cand_165320.cpp,cand_025755.cpp,0.4557861387729645,0
cand_044801.cpp,cand_259813.cpp,0.3451489508152008,0
cand_006097.cpp,cand_016867.cpp,0.4997769892215729,0
cand_180777.cpp,cand_193292.cpp,0.5507471561431885,0
cand_027736.cpp,cand_027755.cpp,0.26823705434799194,0
cand_042742.cpp,cand_160750.cpp,0.467931866645813,0
cand_192858.cpp,cand_077634.cpp,0.518744945526123,0
cand_064241.cpp,cand_064291.cpp,0.40125057101249695,0
cand_080175.cpp,cand_241247.cpp,0.4578964114189148,0
cand_259365.cpp,cand_259446.cpp,0.5134725570678711,0
cand_060695.cpp,cand_246737.cpp,0.43392035365104675,0
cand_134670.cpp,cand_131497.cpp,0.5149682760238647,0
cand_053784.cpp,cand_269462.cpp,0.47542425990104675,0
cand_084460.cpp,cand_060634.cpp,0.5416300296783447,0
cand_278303.cpp,cand_240072.cpp,0.3979915380477905,0
cand_172579.cpp,cand_056308.cpp,0.49737173318862915,0
cand_049346.cpp,cand_103075.cpp,0.4726957380771637,0
cand_054813.cpp,cand_054955.cpp,0.5083513855934143,0
cand_285600.cpp,cand_295463.cpp,0.5505396127700806,0
cand_102006.cpp,cand_121212.cpp,0.4592996835708618,0
cand_164198.cpp,cand_286969.cpp,0.4423566460609436,0
cand_154830.cpp,cand_154838.cpp,0.5163111686706543,0
cand_151434.cpp,cand_053380.cpp,0.5032183527946472,0
cand_118077.cpp,cand_118238.cpp,0.5351393818855286,0
cand_103036.cpp,cand_159764.cpp,0.5062885880470276,0
cand_210534.cpp,cand_211521.cpp,0.5554569959640503,0
cand_077197.cpp,cand_077230.cpp,0.5618065595626831,0
cand_165892.cpp,cand_025723.cpp,0.3969372510910034,0
cand_158172.cpp,cand_159096.cpp,0.47477948665618896,0
cand_181787.cpp,cand_181793.cpp,0.49502357840538025,0
cand_125823.cpp,cand_102323.cpp,0.4210253357887268,0
cand_103835.cpp,cand_296289.cpp,0.4734615385532379,0
cand_252524.cpp,cand_237267.cpp,0.5386551022529602,0
cand_270719.cpp,cand_270717.cpp,0.18199405074119568,0
cand_209342.cpp,cand_085758.cpp,0.4151644706726074,0
cand_133409.cpp,cand_133445.cpp,0.4901856482028961,0
cand_036320.cpp,cand_036219.cpp,0.517856776714325,0
cand_012330.cpp,cand_247411.cpp,0.42881035804748535,0
cand_114314.cpp,cand_256244.cpp,0.5342988967895508,0
cand_295092.cpp,cand_294962.cpp,0.5606755614280701,0
cand_159002.cpp,cand_158998.cpp,0.5054075121879578,0
cand_084020.cpp,cand_051476.cpp,0.4865341782569885,0
cand_186946.cpp,cand_083703.cpp,0.541843831539154,0
cand_295143.cpp,cand_294984.cpp,0.5015341639518738,0
cand_037171.cpp,cand_211500.cpp,0.5485266447067261,0
cand_009515.cpp,cand_064292.cpp,0.5177792310714722,0
cand_032004.cpp,cand_077211.cpp,0.47746211290359497,0
cand_073699.cpp,cand_056803.cpp,0.4520163834095001,0
cand_006225.cpp,cand_006305.cpp,0.45287010073661804,0
cand_179241.cpp,cand_171688.cpp,0.45013222098350525,0
cand_173922.cpp,cand_123985.cpp,0.5195165276527405,0
cand_052774.cpp,cand_069172.cpp,0.5573816299438477,0
cand_135010.cpp,cand_127820.cpp,0.15476815402507782,0
cand_018375.cpp,cand_270702.cpp,0.5410603880882263,0
cand_085393.cpp,cand_092525.cpp,0.4336773455142975,0
cand_222952.cpp,cand_254224.cpp,0.4184645712375641,0
cand_148871.cpp,cand_192838.cpp,0.4632246792316437,0
cand_023347.cpp,cand_035133.cpp,0.44040530920028687,0
cand_151858.cpp,cand_062841.cpp,0.40141767263412476,0
cand_111172.cpp,cand_111264.cpp,0.5131049752235413,0
cand_275912.cpp,cand_251474.cpp,0.5033445954322815,0
cand_152404.cpp,cand_152409.cpp,0.5378094911575317,0
cand_116326.cpp,cand_131026.cpp,0.45651593804359436,0
cand_294082.cpp,cand_294152.cpp,0.4485381841659546,0
cand_237349.cpp,cand_046458.cpp,0.47600987553596497,0
cand_193865.cpp,cand_243677.cpp,0.5543366074562073,0
cand_278055.cpp,cand_161651.cpp,0.4189785420894623,0
cand_246752.cpp,cand_119125.cpp,0.4618091583251953,0
cand_113712.cpp,cand_148703.cpp,0.5222126841545105,0
cand_093197.cpp,cand_093243.cpp,0.5350709557533264,0
cand_081224.cpp,cand_081248.cpp,0.4554547369480133,0
cand_170226.cpp,cand_038226.cpp,0.12674923241138458,0
cand_075652.cpp,cand_165170.cpp,0.3837275207042694,0
cand_031605.cpp,cand_006245.cpp,0.4686686396598816,0
cand_083703.cpp,cand_055533.cpp,0.4709312617778778,0
cand_219880.cpp,cand_068437.cpp,0.3227643370628357,0
cand_269071.cpp,cand_031654.cpp,0.513057291507721,0
cand_068842.cpp,cand_057430.cpp,0.495227187871933,0
cand_049016.cpp,cand_104244.cpp,0.36015599966049194,0
cand_197964.cpp,cand_197880.cpp,0.48845893144607544,0
cand_031162.cpp,cand_056746.cpp,0.563870370388031,0
cand_094692.cpp,cand_094694.cpp,0.5148506760597229,0
cand_175241.cpp,cand_110831.cpp,0.421199768781662,0
cand_110859.cpp,cand_096168.cpp,0.5375005602836609,0
cand_114328.cpp,cand_295983.cpp,0.5180056691169739,0
cand_140353.cpp,cand_152872.cpp,0.45432040095329285,0
cand_024214.cpp,cand_277992.cpp,0.4814627468585968,0
cand_113710.cpp,cand_103195.cpp,0.5296895503997803,0
cand_210044.cpp,cand_210041.cpp,0.5588501691818237,0
cand_056951.cpp,cand_101970.cpp,0.5255184173583984,0
cand_101484.cpp,cand_053025.cpp,0.4398084282875061,0
cand_286791.cpp,cand_286792.cpp,0.5530427098274231,0
cand_131435.cpp,cand_102757.cpp,0.5438739061355591,0
cand_143017.cpp,cand_105134.cpp,0.39765483140945435,0
cand_236415.cpp,cand_236417.cpp,0.41181761026382446,0
cand_099390.cpp,cand_130448.cpp,0.4601958394050598,0
cand_063226.cpp,cand_063228.cpp,0.5338298678398132,0
cand_011648.cpp,cand_011629.cpp,0.4960901737213135,0
cand_039203.cpp,cand_039179.cpp,0.44830548763275146,0
cand_094656.cpp,cand_114747.cpp,0.4361060559749603,0
cand_118413.cpp,cand_079176.cpp,0.1551438868045807,0
cand_210125.cpp,cand_222611.cpp,0.4628560543060303,0
cand_110214.cpp,cand_108287.cpp,0.05074689909815788,0
cand_069930.cpp,cand_259753.cpp,0.3122923970222473,0
cand_096398.cpp,cand_165199.cpp,0.42305120825767517,0
cand_114581.cpp,cand_095583.cpp,0.4699535071849823,0
cand_130234.cpp,cand_130200.cpp,0.499868780374527,0
cand_076754.cpp,cand_076759.cpp,0.5081836581230164,0
cand_074627.cpp,cand_044250.cpp,0.35165494680404663,0
cand_034813.cpp,cand_165880.cpp,0.5439650416374207,0
cand_111187.cpp,cand_111205.cpp,0.47768378257751465,0
cand_111013.cpp,cand_110995.cpp,0.5699068903923035,0
cand_006230.cpp,cand_006213.cpp,0.5004748106002808,0
cand_165363.cpp,cand_080255.cpp,0.32650041580200195,0
cand_006984.cpp,cand_006920.cpp,0.5168315172195435,0
cand_139761.cpp,cand_139758.cpp,0.4704110622406006,0
cand_025701.cpp,cand_025583.cpp,0.4958820044994354,0
cand_022680.cpp,cand_098681.cpp,0.5360450148582458,0
cand_111184.cpp,cand_111244.cpp,0.5281951427459717,0
cand_092464.cpp,cand_158297.cpp,0.4503936469554901,0
cand_095989.cpp,cand_122384.cpp,0.5334492325782776,0
cand_083256.cpp,cand_255327.cpp,0.5398332476615906,0
cand_163669.cpp,cand_164125.cpp,0.427374929189682,0
cand_269797.cpp,cand_178391.cpp,0.5608404874801636,0
cand_035149.cpp,cand_050786.cpp,0.5403130650520325,0
cand_144787.cpp,cand_102415.cpp,0.40090999007225037,0
cand_086217.cpp,cand_135063.cpp,0.4184836149215698,0
cand_031643.cpp,cand_165272.cpp,0.34233033657073975,0
cand_088119.cpp,cand_131968.cpp,0.4476916491985321,0
cand_165228.cpp,cand_165173.cpp,0.5518680214881897,0
cand_021923.cpp,cand_111819.cpp,0.01424595806747675,0
cand_148897.cpp,cand_145212.cpp,0.5097296237945557,0
cand_125970.cpp,cand_279677.cpp,0.3294263184070587,0
cand_034538.cpp,cand_055039.cpp,0.5592536330223083,0
cand_160559.cpp,cand_126621.cpp,0.2781105935573578,0
cand_049480.cpp,cand_071491.cpp,0.49536243081092834,0
cand_112123.cpp,cand_085231.cpp,0.4502442181110382,0
cand_006182.cpp,cand_006185.cpp,0.5551796555519104,0
cand_030655.cpp,cand_021934.cpp,0.4142538011074066,0
cand_237813.cpp,cand_237801.cpp,0.482858270406723,0
cand_219435.cpp,cand_150513.cpp,0.5239757895469666,0
cand_071822.cpp,cand_082607.cpp,0.5564464926719666,0
cand_011332.cpp,cand_006268.cpp,0.420639306306839,0
cand_131225.cpp,cand_054794.cpp,0.5401129126548767,0
cand_079806.cpp,cand_065361.cpp,0.47845351696014404,0
cand_004763.cpp,cand_074696.cpp,0.5154300928115845,0
cand_081790.cpp,cand_098863.cpp,0.3521777391433716,0
cand_101627.cpp,cand_223760.cpp,0.47294890880584717,0
cand_011114.cpp,cand_147694.cpp,0.5214770436286926,0
cand_050864.cpp,cand_118803.cpp,0.5206957459449768,0
cand_140480.cpp,cand_006975.cpp,0.5129832625389099,0
cand_143599.cpp,cand_162032.cpp,0.4194355905056,0
cand_036267.cpp,cand_036320.cpp,0.4915919601917267,0
cand_079975.cpp,cand_118715.cpp,0.5023553371429443,0
cand_150376.cpp,cand_051098.cpp,0.5286630988121033,0
cand_050146.cpp,cand_056742.cpp,0.420189768075943,0
cand_225417.cpp,cand_041903.cpp,0.476014643907547,0
cand_102665.cpp,cand_072586.cpp,0.449065238237381,0
cand_080801.cpp,cand_181151.cpp,0.4982764720916748,0
cand_138371.cpp,cand_020811.cpp,0.42369288206100464,0
cand_019922.cpp,cand_021944.cpp,0.505142092704773,0
cand_031030.cpp,cand_051173.cpp,0.5224224328994751,0
cand_017300.cpp,cand_032682.cpp,0.5202555656433105,0
cand_049051.cpp,cand_021845.cpp,0.5174322724342346,0
cand_269560.cpp,cand_237512.cpp,0.5109874606132507,0
cand_253137.cpp,cand_279573.cpp,0.40052422881126404,0
cand_152432.cpp,cand_237408.cpp,0.5193025469779968,0
cand_027106.cpp,cand_100618.cpp,0.441400408744812,0
cand_254397.cpp,cand_158693.cpp,0.3874029815196991,0
cand_150465.cpp,cand_150405.cpp,0.333691269159317,0
cand_077230.cpp,cand_077130.cpp,0.4373663067817688,0
cand_122631.cpp,cand_096045.cpp,0.5173327922821045,0
cand_111374.cpp,cand_056834.cpp,0.5574800372123718,0
cand_186281.cpp,cand_181717.cpp,0.5140239596366882,0
cand_113731.cpp,cand_036472.cpp,0.32139894366264343,0
cand_008176.cpp,cand_043702.cpp,0.4853852093219757,0
cand_121895.cpp,cand_165408.cpp,0.5629655122756958,0
cand_248905.cpp,cand_169253.cpp,0.5491886734962463,0
cand_222949.cpp,cand_030710.cpp,0.5563359260559082,0
cand_035717.cpp,cand_080221.cpp,0.510378360748291,0
cand_028220.cpp,cand_143085.cpp,0.5094839930534363,0
cand_052611.cpp,cand_017335.cpp,0.4728619158267975,0
cand_134545.cpp,cand_217296.cpp,0.48553794622421265,0
cand_170219.cpp,cand_170184.cpp,0.5340477824211121,0
cand_003771.cpp,cand_168807.cpp,0.4309515357017517,0
cand_093685.cpp,cand_030061.cpp,0.37814778089523315,0
cand_264650.cpp,cand_199168.cpp,0.5390042066574097,0
cand_176597.cpp,cand_021717.cpp,0.503818929195404,0
cand_187320.cpp,cand_184055.cpp,0.4987471103668213,0
cand_122607.cpp,cand_145371.cpp,0.5288820862770081,0
cand_059576.cpp,cand_059578.cpp,0.49291980266571045,0
cand_116982.cpp,cand_081233.cpp,0.343393474817276,0
cand_088796.cpp,cand_088760.cpp,0.295082151889801,0
cand_178169.cpp,cand_219558.cpp,0.5657305717468262,0
cand_134818.cpp,cand_054952.cpp,0.5338818430900574,0
cand_034430.cpp,cand_111117.cpp,0.5403308868408203,0
cand_246611.cpp,cand_102727.cpp,0.45984920859336853,0
cand_066229.cpp,cand_033957.cpp,0.43478456139564514,0
cand_060824.cpp,cand_178891.cpp,0.33965760469436646,0
cand_297792.cpp,cand_162755.cpp,0.4838145077228546,0
cand_251167.cpp,cand_251186.cpp,0.5551730990409851,0
cand_138501.cpp,cand_274140.cpp,0.49005553126335144,0
cand_040654.cpp,cand_028321.cpp,0.536913275718689,0
cand_080393.cpp,cand_080382.cpp,0.5272113680839539,0
cand_129954.cpp,cand_222931.cpp,0.4689631164073944,0
cand_120212.cpp,cand_252987.cpp,0.3968295156955719,0
cand_206408.cpp,cand_206413.cpp,0.5517987608909607,0
cand_103944.cpp,cand_064376.cpp,0.545248806476593,0
cand_123968.cpp,cand_174008.cpp,0.5100340843200684,0
cand_130650.cpp,cand_141698.cpp,0.4060537815093994,0
cand_122907.cpp,cand_297302.cpp,0.44687405228614807,0
cand_029361.cpp,cand_185845.cpp,0.47991979122161865,0
cand_002982.cpp,cand_003241.cpp,0.5351862907409668,0
cand_086254.cpp,cand_086209.cpp,0.38278359174728394,0
cand_239092.cpp,cand_101946.cpp,0.11968083679676056,0
cand_139462.cpp,cand_108719.cpp,0.27566567063331604,0
cand_081381.cpp,cand_081322.cpp,0.49249279499053955,0
cand_175770.cpp,cand_175895.cpp,0.08370865136384964,0
cand_186426.cpp,cand_187727.cpp,0.4544377028942108,0
cand_149269.cpp,cand_059055.cpp,0.4892093539237976,0
cand_096183.cpp,cand_113169.cpp,0.5323481559753418,0
cand_035109.cpp,cand_034622.cpp,0.570004940032959,0
cand_080016.cpp,cand_056777.cpp,0.44485968351364136,0
cand_083694.cpp,cand_055844.cpp,0.4476323127746582,0
cand_085475.cpp,cand_201317.cpp,0.5060057640075684,0
cand_035508.cpp,cand_122626.cpp,0.5520355105400085,0
cand_055915.cpp,cand_153650.cpp,0.5641480684280396,0
cand_085295.cpp,cand_085214.cpp,0.5412448048591614,0
cand_050256.cpp,cand_200870.cpp,0.5002747178077698,0
cand_080016.cpp,cand_056870.cpp,0.5475126504898071,0
cand_052689.cpp,cand_078369.cpp,0.5616528987884521,0
cand_147734.cpp,cand_072570.cpp,0.5606310963630676,0
cand_065249.cpp,cand_259887.cpp,0.4975634813308716,0
cand_006323.cpp,cand_111797.cpp,0.3943184018135071,0
cand_017405.cpp,cand_038342.cpp,0.10080026090145111,0
cand_031175.cpp,cand_119130.cpp,0.5388084053993225,0
cand_113596.cpp,cand_131027.cpp,0.5375663042068481,0
cand_101700.cpp,cand_180437.cpp,0.5051293969154358,0
cand_237800.cpp,cand_188902.cpp,0.545880913734436,0
cand_135346.cpp,cand_141920.cpp,0.5431089401245117,0
cand_056755.cpp,cand_165808.cpp,0.4693928062915802,0
cand_226496.cpp,cand_245359.cpp,0.4176281690597534,0
cand_107949.cpp,cand_108004.cpp,0.5352720618247986,0
cand_037192.cpp,cand_211460.cpp,0.19326011836528778,0
cand_057270.cpp,cand_080585.cpp,0.5169212222099304,0
cand_016161.cpp,cand_111754.cpp,0.5230579972267151,0
cand_140199.cpp,cand_114749.cpp,0.5213953852653503,0
cand_145224.cpp,cand_277470.cpp,0.4691937565803528,0
cand_104457.cpp,cand_127046.cpp,0.5099089741706848,0
cand_142380.cpp,cand_168339.cpp,0.531566321849823,0
cand_257294.cpp,cand_082985.cpp,0.43592900037765503,0
cand_016214.cpp,cand_024307.cpp,0.3685378432273865,0
cand_116435.cpp,cand_116456.cpp,0.5296449661254883,0
cand_142144.cpp,cand_036339.cpp,0.47728219628334045,0
cand_032944.cpp,cand_297774.cpp,0.5128204226493835,0
cand_088254.cpp,cand_114092.cpp,0.4965435564517975,0
cand_270704.cpp,cand_145491.cpp,0.5471111536026001,0
cand_102046.cpp,cand_060351.cpp,0.27745136618614197,0
cand_002831.cpp,cand_223670.cpp,0.40018075704574585,0
cand_242828.cpp,cand_288555.cpp,0.570210874080658,0
cand_190949.cpp,cand_122691.cpp,0.45859551429748535,0
cand_009084.cpp,cand_003061.cpp,0.4957934021949768,0
cand_186303.cpp,cand_055877.cpp,0.4410117566585541,0
cand_110929.cpp,cand_261594.cpp,0.4348188042640686,0
cand_254885.cpp,cand_254906.cpp,0.5158392786979675,0
cand_053264.cpp,cand_002093.cpp,0.5558421611785889,0
cand_045880.cpp,cand_084256.cpp,0.5194826722145081,0
cand_103931.cpp,cand_088594.cpp,0.3458922505378723,0
cand_048984.cpp,cand_042539.cpp,0.4938957691192627,0
cand_034581.cpp,cand_056705.cpp,0.43916019797325134,0
cand_158696.cpp,cand_057335.cpp,0.5500880479812622,0
cand_080355.cpp,cand_184426.cpp,0.4754737317562103,0
cand_135125.cpp,cand_086134.cpp,0.5502204298973083,0
cand_021944.cpp,cand_019867.cpp,0.49831175804138184,0
cand_261487.cpp,cand_271594.cpp,0.4743032157421112,0
cand_155023.cpp,cand_131491.cpp,0.011406277306377888,0
cand_066814.cpp,cand_082705.cpp,0.5373278260231018,0
cand_078646.cpp,cand_256243.cpp,0.49573156237602234,0
cand_117782.cpp,cand_126325.cpp,0.4703952968120575,0
cand_109786.cpp,cand_109787.cpp,0.4384908080101013,0
cand_226887.cpp,cand_237617.cpp,0.5649220943450928,0
cand_159877.cpp,cand_169624.cpp,0.5583997368812561,0
cand_092630.cpp,cand_085441.cpp,0.4308375120162964,0
cand_104122.cpp,cand_114779.cpp,0.5518559813499451,0
cand_095030.cpp,cand_190728.cpp,0.5240338444709778,0
cand_139756.cpp,cand_139689.cpp,0.5370873808860779,0
cand_111289.cpp,cand_101585.cpp,0.5112440586090088,0
cand_071173.cpp,cand_103192.cpp,0.5082311630249023,0
cand_098842.cpp,cand_077843.cpp,0.3798496723175049,0
cand_139877.cpp,cand_073088.cpp,0.5612195134162903,0
cand_112178.cpp,cand_269566.cpp,0.4203852713108063,0
cand_209249.cpp,cand_187675.cpp,0.47719234228134155,0
cand_030707.cpp,cand_118708.cpp,0.5560072660446167,0
cand_035001.cpp,cand_165870.cpp,0.4777466356754303,0
cand_053368.cpp,cand_278395.cpp,0.506864607334137,0
cand_210671.cpp,cand_037187.cpp,0.40346989035606384,0
cand_066812.cpp,cand_055862.cpp,0.5151198506355286,0
cand_157674.cpp,cand_023223.cpp,0.5184919834136963,0
cand_147309.cpp,cand_226291.cpp,0.44827964901924133,0
cand_118432.cpp,cand_050060.cpp,0.504928708076477,0
cand_053122.cpp,cand_053123.cpp,0.5207151174545288,0
cand_085318.cpp,cand_100604.cpp,0.4278770387172699,0
cand_088760.cpp,cand_097684.cpp,0.4694223701953888,0
cand_146578.cpp,cand_148641.cpp,0.5113127827644348,0
cand_122577.cpp,cand_092431.cpp,0.4946065843105316,0
cand_035094.cpp,cand_018116.cpp,0.4195941388607025,0
cand_283122.cpp,cand_089814.cpp,0.4527030885219574,0
cand_139217.cpp,cand_140035.cpp,0.5368010997772217,0
cand_096123.cpp,cand_080063.cpp,0.5655929446220398,0
cand_230903.cpp,cand_186680.cpp,0.4930439889431,0
cand_017081.cpp,cand_070907.cpp,0.4279349148273468,0
cand_241268.cpp,cand_146971.cpp,0.5533115267753601,0
cand_092783.cpp,cand_187750.cpp,0.46210119128227234,0
cand_005151.cpp,cand_005389.cpp,0.4981757402420044,0
cand_001696.cpp,cand_078719.cpp,0.40444308519363403,0
cand_059876.cpp,cand_088429.cpp,0.4831317663192749,0
cand_083550.cpp,cand_083530.cpp,0.46575653553009033,0
cand_132514.cpp,cand_031566.cpp,0.4733487069606781,0
cand_139928.cpp,cand_114736.cpp,0.5624438524246216,0
cand_080939.cpp,cand_052680.cpp,0.45368704199790955,0
cand_146995.cpp,cand_171972.cpp,0.35806259512901306,0
cand_051281.cpp,cand_040395.cpp,0.40649548172950745,0
cand_085390.cpp,cand_259744.cpp,0.3947497010231018,0
cand_138339.cpp,cand_186394.cpp,0.549740195274353,0
cand_035710.cpp,cand_179370.cpp,0.5161593556404114,0
cand_005389.cpp,cand_088650.cpp,0.5612861514091492,0
cand_250534.cpp,cand_275758.cpp,0.4844464063644409,0
cand_113224.cpp,cand_262475.cpp,0.4672214984893799,0
cand_111013.cpp,cand_175331.cpp,0.43208834528923035,0
cand_035097.cpp,cand_186783.cpp,0.5670682787895203,0
cand_031424.cpp,cand_165419.cpp,0.5047394037246704,0
cand_022415.cpp,cand_042153.cpp,0.44489890336990356,0
cand_236321.cpp,cand_295594.cpp,0.338706910610199,0
cand_123451.cpp,cand_031207.cpp,0.4909782111644745,0
cand_087932.cpp,cand_087955.cpp,0.4644424021244049,0
cand_255626.cpp,cand_287430.cpp,0.49971288442611694,0
cand_046358.cpp,cand_029362.cpp,0.3958110213279724,0
cand_018611.cpp,cand_080699.cpp,0.3697666823863983,0
cand_110215.cpp,cand_074122.cpp,0.5343427658081055,0
cand_145220.cpp,cand_102250.cpp,0.5683599710464478,0
cand_197146.cpp,cand_297524.cpp,0.35445868968963623,0
cand_235131.cpp,cand_081139.cpp,0.5247548222541809,0
cand_066080.cpp,cand_101941.cpp,0.5356293320655823,0
cand_267522.cpp,cand_052467.cpp,0.40790891647338867,0
cand_085914.cpp,cand_111319.cpp,0.26998910307884216,0
cand_295993.cpp,cand_161042.cpp,0.3482663631439209,0
cand_124137.cpp,cand_124127.cpp,0.4497544765472412,0
cand_259089.cpp,cand_027161.cpp,0.5078023076057434,0
cand_096076.cpp,cand_035162.cpp,0.48702651262283325,0
cand_103104.cpp,cand_049335.cpp,0.5371423363685608,0
cand_073746.cpp,cand_135392.cpp,0.11712207645177841,0
cand_045455.cpp,cand_071636.cpp,0.10436368733644485,0
cand_077045.cpp,cand_112980.cpp,0.5202232599258423,0
cand_093964.cpp,cand_078646.cpp,0.5540881752967834,0
cand_122494.cpp,cand_096125.cpp,0.5623695850372314,0
cand_146043.cpp,cand_146066.cpp,0.21132786571979523,0
cand_160876.cpp,cand_027099.cpp,0.5021539330482483,0
cand_094985.cpp,cand_130264.cpp,0.4782702624797821,0
cand_255116.cpp,cand_255113.cpp,0.49363070726394653,0
cand_100578.cpp,cand_085315.cpp,0.4833694398403168,0
cand_105592.cpp,cand_097115.cpp,0.46285203099250793,0
cand_171715.cpp,cand_122559.cpp,0.45341891050338745,0
cand_068599.cpp,cand_058800.cpp,0.5291191339492798,0
cand_186258.cpp,cand_101701.cpp,0.3617040812969208,0
cand_095970.cpp,cand_095974.cpp,0.5235444903373718,0
cand_238176.cpp,cand_007256.cpp,0.36483412981033325,0
cand_112805.cpp,cand_050763.cpp,0.07345912605524063,0
cand_091354.cpp,cand_120693.cpp,0.37811949849128723,0
cand_057323.cpp,cand_186712.cpp,0.5351627469062805,0
cand_130008.cpp,cand_114510.cpp,0.49588543176651,0
cand_059838.cpp,cand_136315.cpp,0.45260190963745117,0
cand_155479.cpp,cand_170909.cpp,0.49118852615356445,0
cand_008926.cpp,cand_242409.cpp,0.48534703254699707,0
cand_027358.cpp,cand_050535.cpp,0.5291405916213989,0
cand_060885.cpp,cand_060870.cpp,0.5200445055961609,0
cand_189263.cpp,cand_157336.cpp,0.47397422790527344,0
cand_245322.cpp,cand_056466.cpp,0.4511711597442627,0
cand_013821.cpp,cand_057974.cpp,0.28453853726387024,0
cand_256539.cpp,cand_256523.cpp,0.4914267957210541,0
cand_075709.cpp,cand_264450.cpp,0.5310575366020203,0
cand_077092.cpp,cand_257330.cpp,0.46941712498664856,0
cand_111755.cpp,cand_111823.cpp,0.40755411982536316,0
cand_278299.cpp,cand_158706.cpp,0.4813813269138336,0
cand_147540.cpp,cand_194733.cpp,0.3655988276004791,0
cand_254849.cpp,cand_086302.cpp,0.07461465150117874,0
cand_092989.cpp,cand_142839.cpp,0.48822546005249023,0
cand_035326.cpp,cand_051017.cpp,0.47316810488700867,0
cand_148203.cpp,cand_148354.cpp,0.5575538873672485,0
cand_257431.cpp,cand_085355.cpp,0.4495936930179596,0
cand_102730.cpp,cand_102624.cpp,0.5664920210838318,0
cand_028367.cpp,cand_139560.cpp,0.5136515498161316,0
cand_158379.cpp,cand_152608.cpp,0.4962151348590851,0
cand_283358.cpp,cand_140529.cpp,0.5298119783401489,0
cand_031503.cpp,cand_255176.cpp,0.337243914604187,0
cand_006412.cpp,cand_254186.cpp,0.4034838378429413,0
cand_143259.cpp,cand_164286.cpp,0.5248265266418457,0
cand_118645.cpp,cand_118730.cpp,0.5068952441215515,0
cand_070812.cpp,cand_070913.cpp,0.5351333022117615,0
cand_226827.cpp,cand_264620.cpp,0.5078067779541016,0
cand_118212.cpp,cand_117985.cpp,0.1649855226278305,0
cand_074080.cpp,cand_093596.cpp,0.45556727051734924,0
cand_141801.cpp,cand_116722.cpp,0.5247503519058228,0
cand_015167.cpp,cand_155286.cpp,0.4171389639377594,0
cand_080798.cpp,cand_190999.cpp,0.5090280175209045,0
cand_101671.cpp,cand_101390.cpp,0.47227421402931213,0
cand_020543.cpp,cand_081792.cpp,0.298240602016449,0
cand_055911.cpp,cand_053281.cpp,0.44957396388053894,0
cand_114100.cpp,cand_192042.cpp,0.5182279348373413,0
cand_099994.cpp,cand_099989.cpp,0.48988795280456543,0
cand_165344.cpp,cand_210068.cpp,0.5015453696250916,0
cand_134847.cpp,cand_086445.cpp,0.062237489968538284,0
cand_056722.cpp,cand_118584.cpp,0.5179410576820374,0
cand_126327.cpp,cand_100618.cpp,0.4431130290031433,0
cand_144509.cpp,cand_151638.cpp,0.5524792671203613,0
cand_017307.cpp,cand_017335.cpp,0.514468252658844,0
cand_169571.cpp,cand_275911.cpp,0.38625428080558777,0
cand_131128.cpp,cand_128966.cpp,0.3608826696872711,0
cand_092633.cpp,cand_158947.cpp,0.5226929187774658,0
cand_130506.cpp,cand_093878.cpp,0.4930444657802582,0
cand_135121.cpp,cand_007284.cpp,0.4337463676929474,0
cand_268037.cpp,cand_146510.cpp,0.0981655940413475,0
cand_134911.cpp,cand_118139.cpp,0.5222530961036682,0
cand_033690.cpp,cand_114214.cpp,0.47355467081069946,0
cand_139807.cpp,cand_141026.cpp,0.32359105348587036,0
cand_089818.cpp,cand_151887.cpp,0.27442389726638794,0
cand_240914.cpp,cand_052358.cpp,0.4657585024833679,0
cand_083772.cpp,cand_168327.cpp,0.374482661485672,0
cand_152534.cpp,cand_148201.cpp,0.5483543276786804,0
cand_210818.cpp,cand_167889.cpp,0.564617931842804,1
cand_049014.cpp,cand_241325.cpp,0.5159173011779785,0
cand_030460.cpp,cand_172991.cpp,0.454130619764328,0
cand_294127.cpp,cand_277969.cpp,0.46682390570640564,0
cand_100789.cpp,cand_278242.cpp,0.39211466908454895,0
cand_064872.cpp,cand_064927.cpp,0.5350446701049805,0
cand_111162.cpp,cand_111326.cpp,0.553078293800354,0
cand_024497.cpp,cand_044932.cpp,0.4724714756011963,0
cand_135522.cpp,cand_086157.cpp,0.407764196395874,0
cand_157153.cpp,cand_153676.cpp,0.46875908970832825,0
cand_169195.cpp,cand_198365.cpp,0.4115012288093567,0
cand_051323.cpp,cand_201314.cpp,0.5031856298446655,0
cand_137025.cpp,cand_050596.cpp,0.5046360492706299,0
cand_156132.cpp,cand_100579.cpp,0.5058057904243469,0
cand_251180.cpp,cand_251136.cpp,0.558866024017334,0
cand_253137.cpp,cand_253327.cpp,0.4949994385242462,0
cand_095920.cpp,cand_032654.cpp,0.4517447054386139,0
cand_126777.cpp,cand_061377.cpp,0.49307170510292053,0
cand_154407.cpp,cand_156369.cpp,0.3950268030166626,0
cand_206410.cpp,cand_203881.cpp,0.4305974245071411,0
cand_019786.cpp,cand_252748.cpp,0.5192644000053406,0
cand_191466.cpp,cand_041907.cpp,0.536411464214325,0
cand_153648.cpp,cand_245306.cpp,0.4898993968963623,0
cand_121646.cpp,cand_295966.cpp,0.45713409781455994,0
cand_063252.cpp,cand_128819.cpp,0.4325650632381439,0
cand_159237.cpp,cand_176518.cpp,0.5088921189308167,0
cand_178878.cpp,cand_055673.cpp,0.48971670866012573,0
cand_287332.cpp,cand_051429.cpp,0.42213332653045654,0
cand_077059.cpp,cand_077137.cpp,0.4844481945037842,0
cand_060879.cpp,cand_007280.cpp,0.4483935832977295,0
cand_239531.cpp,cand_051148.cpp,0.5421851873397827,0
cand_030797.cpp,cand_118033.cpp,0.4806247353553772,0
cand_165279.cpp,cand_085187.cpp,0.5242590308189392,0
cand_071103.cpp,cand_044839.cpp,0.552876353263855,0
cand_021110.cpp,cand_186389.cpp,0.5272526741027832,0
cand_053786.cpp,cand_259041.cpp,0.5049074292182922,0
cand_097113.cpp,cand_175556.cpp,0.3982933461666107,0
cand_054321.cpp,cand_222331.cpp,0.45345237851142883,0
cand_055853.cpp,cand_085269.cpp,0.5603826642036438,0
cand_259743.cpp,cand_024194.cpp,0.5399639010429382,0
cand_187785.cpp,cand_034420.cpp,0.47718897461891174,0
cand_050513.cpp,cand_139806.cpp,0.42594072222709656,0
cand_141475.cpp,cand_154382.cpp,0.5403473377227783,0
cand_150365.cpp,cand_277503.cpp,0.47656500339508057,0
cand_160876.cpp,cand_077055.cpp,0.4429367780685425,0
cand_030032.cpp,cand_088621.cpp,0.428169846534729,0
cand_143083.cpp,cand_103944.cpp,0.37132757902145386,0
cand_027411.cpp,cand_130446.cpp,0.34610071778297424,0
cand_192995.cpp,cand_197880.cpp,0.429927259683609,0
cand_229674.cpp,cand_229651.cpp,0.5421170592308044,0
cand_018906.cpp,cand_288589.cpp,0.3757704496383667,0
cand_271066.cpp,cand_231676.cpp,0.4468476176261902,0
cand_006911.cpp,cand_102673.cpp,0.4877486824989319,0
cand_126405.cpp,cand_088461.cpp,0.43168550729751587,0
cand_246784.cpp,cand_146979.cpp,0.3599604666233063,0
cand_094993.cpp,cand_079671.cpp,0.5473283529281616,0
cand_160084.cpp,cand_027646.cpp,0.34706786274909973,0
cand_146539.cpp,cand_050476.cpp,0.45012062788009644,0
cand_189243.cpp,cand_189233.cpp,0.46732857823371887,0
cand_005673.cpp,cand_139964.cpp,0.4781922996044159,0
cand_190663.cpp,cand_112478.cpp,0.4128246307373047,0
cand_111701.cpp,cand_021923.cpp,0.017457585781812668,0
cand_077846.cpp,cand_060045.cpp,0.42471209168434143,0
cand_100628.cpp,cand_143399.cpp,0.31697508692741394,0
cand_020285.cpp,cand_033826.cpp,0.47207486629486084,0
cand_033733.cpp,cand_118148.cpp,0.5686983466148376,0
cand_221853.cpp,cand_221854.cpp,0.432033509016037,0
cand_056331.cpp,cand_026952.cpp,0.51836758852005,0
cand_146708.cpp,cand_147582.cpp,0.4308355748653412,0
cand_023051.cpp,cand_297822.cpp,0.3991715610027313,0
cand_061218.cpp,cand_296679.cpp,0.518462598323822,0
cand_077045.cpp,cand_093593.cpp,0.45996710658073425,0
cand_230749.cpp,cand_229667.cpp,0.5430090427398682,0
cand_123908.cpp,cand_279832.cpp,0.4726940393447876,0
cand_271377.cpp,cand_218316.cpp,0.3913484215736389,0
cand_055801.cpp,cand_055790.cpp,0.41116663813591003,0
cand_270385.cpp,cand_135885.cpp,0.5226268768310547,0
cand_102665.cpp,cand_102792.cpp,0.5037818551063538,0
cand_149152.cpp,cand_118201.cpp,0.4031326472759247,0
cand_072063.cpp,cand_072059.cpp,0.5042906403541565,0
cand_261307.cpp,cand_271573.cpp,0.5585072636604309,0
cand_009251.cpp,cand_011876.cpp,0.4183061122894287,0
cand_096199.cpp,cand_080281.cpp,0.3773733377456665,0
cand_031496.cpp,cand_031451.cpp,0.31480199098587036,0
cand_117999.cpp,cand_118128.cpp,0.42838650941848755,0
cand_159544.cpp,cand_149861.cpp,0.5143619775772095,0
cand_027640.cpp,cand_122590.cpp,0.44701001048088074,0
cand_144726.cpp,cand_024454.cpp,0.4591473937034607,0
cand_055988.cpp,cand_111298.cpp,0.12543901801109314,0
cand_115914.cpp,cand_141438.cpp,0.44698458909988403,0
cand_095571.cpp,cand_246465.cpp,0.4636727571487427,0
cand_073646.cpp,cand_049124.cpp,0.1276266723871231,0
cand_057345.cpp,cand_128970.cpp,0.4371010363101959,0
cand_010933.cpp,cand_010922.cpp,0.5206298828125,0
cand_240401.cpp,cand_195535.cpp,0.41462433338165283,0
cand_267994.cpp,cand_041903.cpp,0.5610489249229431,0
cand_057946.cpp,cand_057613.cpp,0.5457578897476196,0
cand_019895.cpp,cand_066759.cpp,0.40030938386917114,0
cand_126137.cpp,cand_118835.cpp,0.3363853394985199,0
cand_172547.cpp,cand_251772.cpp,0.49970972537994385,0
cand_066321.cpp,cand_147683.cpp,0.44483229517936707,0
cand_165468.cpp,cand_103026.cpp,0.5355879664421082,0
cand_136213.cpp,cand_086256.cpp,0.3244379460811615,0
cand_116628.cpp,cand_095110.cpp,0.5042339563369751,0
cand_021734.cpp,cand_022978.cpp,0.3608221113681793,0
cand_099384.cpp,cand_130509.cpp,0.40597403049468994,0
cand_075663.cpp,cand_178894.cpp,0.5021143555641174,0
cand_194816.cpp,cand_194918.cpp,0.4804321229457855,0
cand_145771.cpp,cand_163110.cpp,0.41575127840042114,0
cand_210087.cpp,cand_031183.cpp,0.5203972458839417,0
cand_144517.cpp,cand_222327.cpp,0.3078262209892273,0
cand_174997.cpp,cand_227109.cpp,0.520813524723053,0
cand_108062.cpp,cand_176193.cpp,0.4945097863674164,0
cand_053250.cpp,cand_027995.cpp,0.4726976454257965,0
cand_081354.cpp,cand_072798.cpp,0.42899090051651,0
cand_004706.cpp,cand_028426.cpp,0.5047823190689087,0
cand_118897.cpp,cand_071921.cpp,0.3939409554004669,0
cand_024066.cpp,cand_161079.cpp,0.37982848286628723,0
cand_077053.cpp,cand_175770.cpp,0.09142602235078812,0
cand_232787.cpp,cand_017749.cpp,0.3738272786140442,0
cand_264760.cpp,cand_278170.cpp,0.5156479477882385,0
cand_011563.cpp,cand_094295.cpp,0.3366484045982361,0
cand_210420.cpp,cand_259189.cpp,0.479511022567749,0
cand_006248.cpp,cand_006083.cpp,0.5495872497558594,0
cand_273255.cpp,cand_081261.cpp,0.36875608563423157,0
cand_021975.cpp,cand_088281.cpp,0.5546708703041077,0
cand_237710.cpp,cand_237404.cpp,0.4986407160758972,0
cand_094650.cpp,cand_104364.cpp,0.3460964262485504,0
cand_101513.cpp,cand_051202.cpp,0.5545104146003723,0
cand_159251.cpp,cand_130562.cpp,0.5062788724899292,0
cand_022978.cpp,cand_188298.cpp,0.3153386414051056,0
cand_111739.cpp,cand_016833.cpp,0.4786840081214905,0
cand_147505.cpp,cand_125488.cpp,0.531886100769043,0
cand_108812.cpp,cand_036191.cpp,0.46124207973480225,0
cand_297043.cpp,cand_061286.cpp,0.3530609905719757,0
cand_143067.cpp,cand_146714.cpp,0.5570008158683777,1
cand_224688.cpp,cand_042263.cpp,0.531118631362915,0
cand_070875.cpp,cand_070786.cpp,0.5329173803329468,0
cand_068866.cpp,cand_059144.cpp,0.5465865731239319,0
cand_260593.cpp,cand_230117.cpp,0.524061381816864,0
cand_240228.cpp,cand_056671.cpp,0.4678855538368225,0
cand_190144.cpp,cand_240998.cpp,0.5342968106269836,0
cand_055304.cpp,cand_055268.cpp,0.5342382788658142,0
cand_093612.cpp,cand_030729.cpp,0.4626983404159546,0
cand_164288.cpp,cand_126349.cpp,0.5451482534408569,0
cand_071301.cpp,cand_064573.cpp,0.5529822707176208,0
cand_229565.cpp,cand_004492.cpp,0.5081560611724854,0
cand_288674.cpp,cand_280090.cpp,0.40840843319892883,0
cand_111773.cpp,cand_006284.cpp,0.08467242866754532,0
cand_003396.cpp,cand_249313.cpp,0.5180386304855347,0
cand_188667.cpp,cand_151431.cpp,0.4205687940120697,0
cand_089739.cpp,cand_219874.cpp,0.36622461676597595,0
cand_176532.cpp,cand_113796.cpp,0.35790151357650757,0
cand_223664.cpp,cand_073668.cpp,0.5602882504463196,0
cand_277448.cpp,cand_269550.cpp,0.5436745285987854,0
cand_254978.cpp,cand_006211.cpp,0.40202397108078003,0
cand_246781.cpp,cand_120193.cpp,0.36950239539146423,0
cand_193474.cpp,cand_157803.cpp,0.4570715129375458,0
cand_135539.cpp,cand_044515.cpp,0.5494160056114197,0
cand_011879.cpp,cand_191625.cpp,0.4339906871318817,0
cand_023679.cpp,cand_057103.cpp,0.5019292235374451,0
cand_020595.cpp,cand_016608.cpp,0.5126442909240723,0
cand_140197.cpp,cand_097105.cpp,0.4330720007419586,0
cand_108011.cpp,cand_026910.cpp,0.20466205477714539,0
cand_007709.cpp,cand_007663.cpp,0.4845035970211029,0
cand_283203.cpp,cand_269179.cpp,0.24661560356616974,0
cand_164142.cpp,cand_102924.cpp,0.3295328617095947,0
cand_245220.cpp,cand_161161.cpp,0.49089211225509644,0
cand_294950.cpp,cand_295076.cpp,0.37947195768356323,0
cand_102219.cpp,cand_181362.cpp,0.3060877323150635,0
cand_116927.cpp,cand_077264.cpp,0.5148976445198059,0
cand_087855.cpp,cand_096466.cpp,0.5522317886352539,0
cand_290416.cpp,cand_293382.cpp,0.495913028717041,0
cand_122425.cpp,cand_294914.cpp,0.38358381390571594,0
cand_077553.cpp,cand_089609.cpp,0.41691142320632935,0
cand_240166.cpp,cand_177705.cpp,0.5207716822624207,0
cand_069376.cpp,cand_118095.cpp,0.43775781989097595,0
cand_026523.cpp,cand_271707.cpp,0.4327421486377716,0
cand_045147.cpp,cand_265370.cpp,0.10762164741754532,0
cand_281260.cpp,cand_157609.cpp,0.4681769907474518,0
cand_065512.cpp,cand_021940.cpp,0.4938622713088989,0
cand_254272.cpp,cand_131734.cpp,0.4216465353965759,0
cand_070473.cpp,cand_053822.cpp,0.13705982267856598,0
cand_141202.cpp,cand_103538.cpp,0.4832003712654114,0
cand_093589.cpp,cand_259529.cpp,0.4726918041706085,0
cand_184494.cpp,cand_127918.cpp,0.4128740429878235,0
cand_118880.cpp,cand_237016.cpp,0.4474432170391083,0
cand_252735.cpp,cand_231254.cpp,0.5348007678985596,0
cand_222743.cpp,cand_061861.cpp,0.5331233143806458,0
cand_030620.cpp,cand_118099.cpp,0.5085537433624268,0
cand_145469.cpp,cand_079649.cpp,0.2657712996006012,0
cand_076491.cpp,cand_052601.cpp,0.4539755880832672,0
cand_153637.cpp,cand_078639.cpp,0.5535029172897339,0
cand_004824.cpp,cand_250275.cpp,0.43271374702453613,0
cand_296795.cpp,cand_089815.cpp,0.4312121570110321,0
cand_153130.cpp,cand_035149.cpp,0.4099577069282532,0
cand_144002.cpp,cand_027307.cpp,0.392080157995224,0
cand_118911.cpp,cand_144809.cpp,0.3931214213371277,0
cand_241863.cpp,cand_031355.cpp,0.5518968105316162,0
cand_281104.cpp,cand_002107.cpp,0.45313194394111633,0
cand_153641.cpp,cand_161041.cpp,0.4075816869735718,0
cand_021844.cpp,cand_056402.cpp,0.5073130130767822,0
cand_122105.cpp,cand_267446.cpp,0.5632897019386292,0
cand_132539.cpp,cand_105579.cpp,0.3209981620311737,0
cand_051266.cpp,cand_093166.cpp,0.5432290434837341,0
cand_069027.cpp,cand_191108.cpp,0.48167747259140015,0
cand_192424.cpp,cand_134983.cpp,0.43680310249328613,0
cand_239789.cpp,cand_097415.cpp,0.5125739574432373,0
cand_044362.cpp,cand_144700.cpp,0.48117855191230774,0
cand_269179.cpp,cand_034451.cpp,0.45654067397117615,0
cand_254884.cpp,cand_147402.cpp,0.4570525884628296,0
cand_056682.cpp,cand_083394.cpp,0.5011874437332153,0
cand_040206.cpp,cand_269802.cpp,0.5357671976089478,0
cand_100416.cpp,cand_100460.cpp,0.48504433035850525,0
cand_295987.cpp,cand_085413.cpp,0.4766022861003876,0
cand_259420.cpp,cand_259427.cpp,0.4746347963809967,0
cand_027001.cpp,cand_269870.cpp,0.46132153272628784,0
cand_011972.cpp,cand_016218.cpp,0.5235624313354492,0
cand_181455.cpp,cand_169032.cpp,0.4169418513774872,0
cand_018514.cpp,cand_130171.cpp,0.5223708152770996,0
cand_159947.cpp,cand_159957.cpp,0.4127536118030548,0
cand_023897.cpp,cand_024103.cpp,0.46270743012428284,0
cand_241885.cpp,cand_238270.cpp,0.5143044590950012,0
cand_129102.cpp,cand_044927.cpp,0.5402280688285828,0
cand_081362.cpp,cand_153663.cpp,0.43805378675460815,0
cand_030293.cpp,cand_252748.cpp,0.4507705867290497,0
cand_144458.cpp,cand_180392.cpp,0.1289953738451004,0
cand_150804.cpp,cand_150821.cpp,0.5170674920082092,0
cand_181253.cpp,cand_184397.cpp,0.5099315047264099,0
cand_010262.cpp,cand_002967.cpp,0.5125752687454224,0
cand_111365.cpp,cand_110908.cpp,0.550778329372406,0
cand_033601.cpp,cand_084256.cpp,0.5335809588432312,0
cand_117166.cpp,cand_229327.cpp,0.39804884791374207,0
cand_118844.cpp,cand_118926.cpp,0.3607875406742096,0
cand_033878.cpp,cand_033869.cpp,0.4972148835659027,0
cand_016825.cpp,cand_153659.cpp,0.507775604724884,0
cand_186841.cpp,cand_056780.cpp,0.48118147253990173,0
cand_007709.cpp,cand_074150.cpp,0.45135754346847534,0
cand_281032.cpp,cand_124385.cpp,0.45015597343444824,0
cand_140860.cpp,cand_028223.cpp,0.46259158849716187,0
cand_298629.cpp,cand_165452.cpp,0.5101137161254883,0
cand_279812.cpp,cand_260704.cpp,0.21751312911510468,0
cand_117452.cpp,cand_001760.cpp,0.5012050867080688,0
cand_020810.cpp,cand_083445.cpp,0.5380015969276428,0
cand_010081.cpp,cand_140163.cpp,0.5413108468055725,0
cand_094687.cpp,cand_114750.cpp,0.49078667163848877,0
cand_173041.cpp,cand_058793.cpp,0.18679817020893097,0
cand_296236.cpp,cand_163615.cpp,0.5035921931266785,0
cand_150382.cpp,cand_277506.cpp,0.37400582432746887,0
cand_218440.cpp,cand_068062.cpp,0.4979754686355591,0
cand_133201.cpp,cand_103727.cpp,0.559507429599762,0
cand_247782.cpp,cand_131686.cpp,0.5351495146751404,0
cand_118214.cpp,cand_118130.cpp,0.5255422592163086,0
cand_172014.cpp,cand_172006.cpp,0.25755083560943604,0
cand_145759.cpp,cand_252613.cpp,0.39728623628616333,0
cand_110703.cpp,cand_128005.cpp,0.43230095505714417,0
cand_290276.cpp,cand_160581.cpp,0.539668083190918,0
cand_251484.cpp,cand_257715.cpp,0.4647233188152313,0
cand_025554.cpp,cand_025683.cpp,0.49870505928993225,0
cand_050850.cpp,cand_165264.cpp,0.5464323163032532,0
cand_263188.cpp,cand_152150.cpp,0.5067445635795593,0
cand_294593.cpp,cand_175841.cpp,0.4005778431892395,0
cand_131517.cpp,cand_100547.cpp,0.5293349027633667,0
cand_085592.cpp,cand_031931.cpp,0.4445546865463257,0
cand_067602.cpp,cand_073682.cpp,0.5236533880233765,0
cand_121936.cpp,cand_165363.cpp,0.3404490649700165,0
cand_237842.cpp,cand_139606.cpp,0.3478030562400818,0
cand_191141.cpp,cand_147526.cpp,0.4896373450756073,0
cand_116840.cpp,cand_108813.cpp,0.2797727882862091,0
cand_089613.cpp,cand_229567.cpp,0.5125895738601685,0
cand_112759.cpp,cand_050893.cpp,0.4922817349433899,0
cand_210090.cpp,cand_254385.cpp,0.4622461199760437,0
cand_168408.cpp,cand_247384.cpp,0.4640132486820221,0
cand_240280.cpp,cand_028096.cpp,0.48092910647392273,0
cand_166680.cpp,cand_293575.cpp,0.5647082328796387,0
cand_007928.cpp,cand_168796.cpp,0.4418601095676422,0
cand_191143.cpp,cand_170361.cpp,0.5107696652412415,0
cand_250956.cpp,cand_021825.cpp,0.43502068519592285,0
cand_001843.cpp,cand_084625.cpp,0.4103511869907379,0
cand_226886.cpp,cand_271531.cpp,0.5520570874214172,0
cand_110537.cpp,cand_277501.cpp,0.4604533016681671,0
cand_033918.cpp,cand_143051.cpp,0.4510180950164795,0
cand_158292.cpp,cand_129937.cpp,0.436475545167923,0
cand_139932.cpp,cand_114749.cpp,0.5631068348884583,0
cand_158499.cpp,cand_165663.cpp,0.547187864780426,0
cand_050541.cpp,cand_059226.cpp,0.02809528075158596,0
cand_114282.cpp,cand_085405.cpp,0.37621456384658813,0
cand_234055.cpp,cand_044375.cpp,0.3747084140777588,0
cand_150844.cpp,cand_097523.cpp,0.37073442339897156,0
cand_250908.cpp,cand_077466.cpp,0.5462403893470764,0
cand_010834.cpp,cand_055750.cpp,0.45350003242492676,0
cand_027253.cpp,cand_270571.cpp,0.5140413641929626,0
cand_269374.cpp,cand_296356.cpp,0.3099950850009918,0
cand_028093.cpp,cand_033796.cpp,0.5309738516807556,0
cand_042026.cpp,cand_274138.cpp,0.3812471926212311,0
cand_141480.cpp,cand_134370.cpp,0.5236048698425293,0
cand_054023.cpp,cand_018187.cpp,0.51129549741745,0
cand_059283.cpp,cand_140409.cpp,0.48829638957977295,0
cand_286991.cpp,cand_266403.cpp,0.4813721179962158,0
cand_080513.cpp,cand_131359.cpp,0.49914875626564026,0
cand_141456.cpp,cand_128814.cpp,0.5175714492797852,0
cand_131767.cpp,cand_031482.cpp,0.4575061798095703,0
cand_070154.cpp,cand_114324.cpp,0.3959932327270508,0
cand_257057.cpp,cand_263032.cpp,0.42438191175460815,0
cand_141104.cpp,cand_209547.cpp,0.4892878830432892,0
cand_057456.cpp,cand_094999.cpp,0.4507771134376526,0
cand_103066.cpp,cand_036485.cpp,0.3808039426803589,0
cand_240078.cpp,cand_002160.cpp,0.3991657793521881,0
cand_295300.cpp,cand_283016.cpp,0.3236072361469269,0
cand_283421.cpp,cand_252684.cpp,0.45339688658714294,0
cand_223754.cpp,cand_269850.cpp,0.4550490975379944,0
cand_165228.cpp,cand_075567.cpp,0.4751630425453186,0
cand_095977.cpp,cand_054850.cpp,0.4776262044906616,0
cand_066925.cpp,cand_095789.cpp,0.5550064444541931,0
cand_190927.cpp,cand_089555.cpp,0.3925160765647888,0
cand_067426.cpp,cand_130304.cpp,0.29379624128341675,0
cand_070487.cpp,cand_023801.cpp,0.4838365912437439,0
cand_085701.cpp,cand_077775.cpp,0.29751870036125183,0
cand_286905.cpp,cand_161175.cpp,0.4126715064048767,0
cand_259578.cpp,cand_245370.cpp,0.2784510850906372,0
cand_088489.cpp,cand_245509.cpp,0.40103211998939514,0
cand_027328.cpp,cand_079594.cpp,0.44495689868927,0
cand_063315.cpp,cand_120951.cpp,0.43834513425827026,0
cand_195598.cpp,cand_195566.cpp,0.42208752036094666,0
cand_120867.cpp,cand_197610.cpp,0.546259343624115,0
cand_031511.cpp,cand_101528.cpp,0.4150473475456238,0
cand_101018.cpp,cand_165611.cpp,0.4313774108886719,0
cand_078318.cpp,cand_108438.cpp,0.3256782591342926,0
cand_018336.cpp,cand_109670.cpp,0.49842455983161926,0
cand_149475.cpp,cand_024074.cpp,0.5551962852478027,0
cand_064226.cpp,cand_041902.cpp,0.5431874394416809,0
cand_117010.cpp,cand_088608.cpp,0.3556631803512573,0
cand_137410.cpp,cand_140474.cpp,0.43820998072624207,0
cand_167765.cpp,cand_296679.cpp,0.4700332283973694,0
cand_296247.cpp,cand_296360.cpp,0.5552541017532349,0
cand_035081.cpp,cand_089683.cpp,0.45220592617988586,0
cand_096061.cpp,cand_096248.cpp,0.5238084197044373,0
cand_235592.cpp,cand_270529.cpp,0.4866729974746704,0
cand_240587.cpp,cand_120946.cpp,0.5229763984680176,0
cand_271126.cpp,cand_093982.cpp,0.460269957780838,0
cand_280020.cpp,cand_283065.cpp,0.4023030698299408,0
cand_230739.cpp,cand_118805.cpp,0.46683788299560547,0
cand_100342.cpp,cand_100460.cpp,0.5064253807067871,0
cand_278369.cpp,cand_128955.cpp,0.336396187543869,0
cand_259960.cpp,cand_178001.cpp,0.3592057526111603,0
cand_127996.cpp,cand_136350.cpp,0.41775795817375183,0
cand_175282.cpp,cand_095110.cpp,0.5434724688529968,0
cand_193233.cpp,cand_168874.cpp,0.4315597414970398,0
cand_072000.cpp,cand_128631.cpp,0.5472395420074463,0
cand_140196.cpp,cand_028153.cpp,0.5283592939376831,0
cand_037437.cpp,cand_037385.cpp,0.452449768781662,0
cand_009151.cpp,cand_121354.cpp,0.5618922710418701,0
cand_127379.cpp,cand_172643.cpp,0.5343666076660156,0
cand_076077.cpp,cand_197518.cpp,0.549127459526062,0
cand_120740.cpp,cand_034615.cpp,0.4997633099555969,0
cand_005742.cpp,cand_005695.cpp,0.5073273181915283,0
cand_080941.cpp,cand_030360.cpp,0.06602219492197037,0
cand_165119.cpp,cand_186854.cpp,0.5452377200126648,0
cand_240006.cpp,cand_069933.cpp,0.4598323702812195,0
cand_170799.cpp,cand_184197.cpp,0.5244225859642029,0
cand_294665.cpp,cand_169193.cpp,0.517244815826416,0
cand_017473.cpp,cand_017411.cpp,0.538385808467865,0
cand_009013.cpp,cand_286755.cpp,0.39825117588043213,0
cand_004641.cpp,cand_070652.cpp,0.4522356688976288,0
cand_230739.cpp,cand_123114.cpp,0.5177983045578003,0
cand_240250.cpp,cand_161903.cpp,0.49610602855682373,0
cand_256498.cpp,cand_080743.cpp,0.45843586325645447,0
cand_157538.cpp,cand_083741.cpp,0.4692755341529846,0
cand_112955.cpp,cand_073582.cpp,0.4541829228401184,0
cand_052783.cpp,cand_064555.cpp,0.4324398636817932,0
cand_256268.cpp,cand_083217.cpp,0.3902425169944763,0
cand_072055.cpp,cand_071781.cpp,0.4300311803817749,0
cand_113757.cpp,cand_287124.cpp,0.41273778676986694,0
cand_152627.cpp,cand_134712.cpp,0.5351098775863647,0
cand_232613.cpp,cand_279604.cpp,0.4216087758541107,0
cand_237851.cpp,cand_198067.cpp,0.5179585814476013,0
cand_035465.cpp,cand_165305.cpp,0.5538844466209412,0
cand_181184.cpp,cand_181135.cpp,0.46028396487236023,0
cand_159355.cpp,cand_083387.cpp,0.49309808015823364,0
cand_065974.cpp,cand_002653.cpp,0.540544867515564,0
cand_129896.cpp,cand_144843.cpp,0.4378637671470642,0
cand_029349.cpp,cand_181748.cpp,0.5164330005645752,0
cand_120737.cpp,cand_120290.cpp,0.43010130524635315,0
cand_063102.cpp,cand_140463.cpp,0.4990276098251343,0
cand_197359.cpp,cand_143022.cpp,0.5278578996658325,0
cand_042153.cpp,cand_071161.cpp,0.5167484283447266,0
cand_091679.cpp,cand_132310.cpp,0.430710107088089,0
cand_294384.cpp,cand_281259.cpp,0.5414447784423828,0
cand_144159.cpp,cand_144161.cpp,0.46935775876045227,0
cand_194733.cpp,cand_169066.cpp,0.39158737659454346,0
cand_011807.cpp,cand_144717.cpp,0.22345463931560516,0
cand_132772.cpp,cand_160118.cpp,0.37046828866004944,0
cand_072975.cpp,cand_036895.cpp,0.32299724221229553,0
cand_002715.cpp,cand_175118.cpp,0.04667830839753151,0
cand_030431.cpp,cand_135340.cpp,0.4210304021835327,0
cand_009172.cpp,cand_009142.cpp,0.4686294496059418,0
cand_057152.cpp,cand_112474.cpp,0.4245796203613281,0
cand_025689.cpp,cand_025559.cpp,0.5012624263763428,0
cand_227698.cpp,cand_288904.cpp,0.42423003911972046,0
cand_076131.cpp,cand_289026.cpp,0.5172178149223328,0
cand_102961.cpp,cand_075864.cpp,0.4914373755455017,0
cand_029897.cpp,cand_134509.cpp,0.5426641702651978,0
cand_259723.cpp,cand_114315.cpp,0.16983361542224884,0
cand_186194.cpp,cand_247359.cpp,0.5307809710502625,0
cand_085505.cpp,cand_243016.cpp,0.4512721598148346,0
cand_264605.cpp,cand_038287.cpp,0.4738985002040863,0
cand_136211.cpp,cand_132748.cpp,0.4555526375770569,0
cand_251247.cpp,cand_274725.cpp,0.42330747842788696,0
cand_129196.cpp,cand_126042.cpp,0.4781956672668457,0
cand_110209.cpp,cand_168354.cpp,0.3408268094062805,0
cand_279812.cpp,cand_176889.cpp,0.47857657074928284,0
cand_139143.cpp,cand_283397.cpp,0.5151430368423462,0
cand_147269.cpp,cand_128631.cpp,0.5042154788970947,0
cand_252474.cpp,cand_269805.cpp,0.5149521231651306,0
cand_098463.cpp,cand_184076.cpp,0.4207247495651245,0
cand_087680.cpp,cand_102016.cpp,0.44728001952171326,0
cand_241884.cpp,cand_085318.cpp,0.4004736542701721,0
cand_078330.cpp,cand_175885.cpp,0.5354809165000916,0
cand_276898.cpp,cand_045109.cpp,0.5285274386405945,0
cand_098419.cpp,cand_185152.cpp,0.49217748641967773,0
cand_083769.cpp,cand_111656.cpp,0.5545944571495056,0
cand_137392.cpp,cand_248758.cpp,0.5236545205116272,0
cand_120559.cpp,cand_190751.cpp,0.5117731094360352,0
cand_018836.cpp,cand_293740.cpp,0.3942694664001465,0
cand_006191.cpp,cand_006247.cpp,0.52150958776474,0
cand_257718.cpp,cand_077866.cpp,0.45065951347351074,0
cand_165898.cpp,cand_096997.cpp,0.4626336395740509,0
cand_129307.cpp,cand_105375.cpp,0.5600115656852722,0
cand_005620.cpp,cand_236651.cpp,0.4620159864425659,0
cand_167203.cpp,cand_193378.cpp,0.4626322090625763,0
cand_153152.cpp,cand_111077.cpp,0.3481416404247284,0
cand_057558.cpp,cand_132285.cpp,0.4083365499973297,0
cand_151824.cpp,cand_033486.cpp,0.23080025613307953,0
cand_072453.cpp,cand_057104.cpp,0.49968692660331726,0
cand_235716.cpp,cand_148300.cpp,0.5356059074401855,0
cand_279970.cpp,cand_056325.cpp,0.4313894212245941,0
cand_068060.cpp,cand_059779.cpp,0.4275936782360077,0
cand_188735.cpp,cand_099974.cpp,0.4955916404724121,0
cand_133382.cpp,cand_063790.cpp,0.41024598479270935,0
cand_275737.cpp,cand_110190.cpp,0.48049017786979675,0
cand_128330.cpp,cand_244234.cpp,0.3498878479003906,0
cand_104537.cpp,cand_257448.cpp,0.2832757830619812,0
cand_161712.cpp,cand_127798.cpp,0.4357093870639801,0
cand_078388.cpp,cand_262353.cpp,0.4863011837005615,0
cand_135525.cpp,cand_114324.cpp,0.4590686857700348,0
cand_027792.cpp,cand_175229.cpp,0.5313908457756042,0
cand_297481.cpp,cand_122699.cpp,0.5298910140991211,0
cand_005335.cpp,cand_241794.cpp,0.36681509017944336,0
cand_164748.cpp,cand_181158.cpp,0.4383912682533264,0
cand_045483.cpp,cand_265374.cpp,0.09037479758262634,0
cand_184349.cpp,cand_198757.cpp,0.30513596534729004,0
cand_157660.cpp,cand_219727.cpp,0.5252744555473328,0
cand_106219.cpp,cand_067894.cpp,0.5172786116600037,0
cand_153107.cpp,cand_056230.cpp,0.3736119270324707,0
cand_260726.cpp,cand_015177.cpp,0.4798213839530945,0
cand_246418.cpp,cand_254761.cpp,0.4991684556007385,0
cand_033869.cpp,cand_141981.cpp,0.5028560757637024,0
cand_019931.cpp,cand_062142.cpp,0.41006192564964294,0
cand_056021.cpp,cand_055921.cpp,0.5172561407089233,0
cand_079153.cpp,cand_296012.cpp,0.5486406087875366,0
cand_192248.cpp,cand_088582.cpp,0.37090229988098145,0
cand_081171.cpp,cand_081245.cpp,0.46924540400505066,0
cand_114821.cpp,cand_093056.cpp,0.49555498361587524,0
cand_139171.cpp,cand_162727.cpp,0.41160568594932556,0
cand_239919.cpp,cand_195505.cpp,0.4659443199634552,0
cand_240250.cpp,cand_175770.cpp,0.12414619326591492,0
cand_009245.cpp,cand_146243.cpp,0.5009599924087524,0
cand_091444.cpp,cand_159215.cpp,0.4875584542751312,0
cand_241789.cpp,cand_250868.cpp,0.329546719789505,0
cand_055014.cpp,cand_086155.cpp,0.5154317021369934,0
cand_229965.cpp,cand_041656.cpp,0.49063050746917725,0
cand_059284.cpp,cand_059290.cpp,0.3875451982021332,0
cand_261395.cpp,cand_145771.cpp,0.4857198894023895,0
cand_192964.cpp,cand_242786.cpp,0.5440552830696106,0
cand_175297.cpp,cand_116588.cpp,0.5417118072509766,0
cand_069878.cpp,cand_026948.cpp,0.46121373772621155,0
cand_083407.cpp,cand_053228.cpp,0.4247742295265198,0
cand_277544.cpp,cand_296086.cpp,0.4058111011981964,0
cand_117247.cpp,cand_099980.cpp,0.3146113455295563,0
cand_133672.cpp,cand_132924.cpp,0.5391961932182312,0
cand_144466.cpp,cand_142350.cpp,0.48011863231658936,0
cand_152823.cpp,cand_159947.cpp,0.4824050962924957,0
cand_085314.cpp,cand_072484.cpp,0.5070961117744446,0
cand_126773.cpp,cand_111666.cpp,0.4713706374168396,0
cand_030378.cpp,cand_056294.cpp,0.2946814000606537,0
cand_007925.cpp,cand_067050.cpp,0.5015759468078613,0
cand_116142.cpp,cand_230454.cpp,0.4311296343803406,0
cand_030263.cpp,cand_286965.cpp,0.41613495349884033,0
cand_262354.cpp,cand_277410.cpp,0.33769381046295166,0
cand_022016.cpp,cand_181679.cpp,0.4693104028701782,0
cand_135852.cpp,cand_136524.cpp,0.5225096344947815,0
cand_240584.cpp,cand_049124.cpp,0.17469269037246704,0
cand_081820.cpp,cand_027330.cpp,0.47677698731422424,0
cand_163604.cpp,cand_104138.cpp,0.503933310508728,0
cand_122551.cpp,cand_055990.cpp,0.48755398392677307,0
cand_245371.cpp,cand_259091.cpp,0.5436839461326599,0
cand_050145.cpp,cand_073692.cpp,0.5332006216049194,0
cand_024274.cpp,cand_036204.cpp,0.5080097913742065,0
cand_125175.cpp,cand_262327.cpp,0.46648502349853516,0
cand_095282.cpp,cand_095279.cpp,0.5615531802177429,0
cand_181390.cpp,cand_121871.cpp,0.37516987323760986,0
cand_134212.cpp,cand_269846.cpp,0.44601693749427795,0
cand_091801.cpp,cand_114295.cpp,0.45327430963516235,0
cand_072792.cpp,cand_280517.cpp,0.4047583043575287,0
cand_178495.cpp,cand_166194.cpp,0.5485644340515137,0
cand_155505.cpp,cand_029493.cpp,0.4382547438144684,0
cand_151885.cpp,cand_052215.cpp,0.4772185683250427,0
cand_287337.cpp,cand_279983.cpp,0.4638267755508423,0
cand_131421.cpp,cand_141828.cpp,0.529473066329956,0
cand_250274.cpp,cand_200944.cpp,0.4038406312465668,0
cand_126674.cpp,cand_092589.cpp,0.4888733923435211,0
cand_178172.cpp,cand_219600.cpp,0.5554155111312866,0
cand_072739.cpp,cand_263705.cpp,0.44846367835998535,0
cand_110958.cpp,cand_111323.cpp,0.4984280467033386,0
cand_237567.cpp,cand_152431.cpp,0.5382748246192932,0
cand_148754.cpp,cand_278170.cpp,0.5268913507461548,0
cand_165822.cpp,cand_125557.cpp,0.5281970500946045,0
cand_113225.cpp,cand_113833.cpp,0.5207393169403076,0
cand_168407.cpp,cand_109993.cpp,0.5360209941864014,0
cand_094833.cpp,cand_294402.cpp,0.5302222371101379,0
cand_145475.cpp,cand_150865.cpp,0.4109784960746765,0
cand_219038.cpp,cand_033872.cpp,0.4830109775066376,0
cand_087883.cpp,cand_153615.cpp,0.5497751832008362,0
cand_194748.cpp,cand_066308.cpp,0.461247980594635,0
cand_144573.cpp,cand_148889.cpp,0.5152112245559692,0
cand_131117.cpp,cand_018200.cpp,0.5069839358329773,0
cand_146024.cpp,cand_137140.cpp,0.36570802330970764,0
cand_067654.cpp,cand_080539.cpp,0.47958022356033325,0
cand_186428.cpp,cand_077555.cpp,0.5268993377685547,0
cand_018041.cpp,cand_116000.cpp,0.49038177728652954,0
cand_277511.cpp,cand_275934.cpp,0.3874751031398773,0
cand_133017.cpp,cand_016900.cpp,0.4921521842479706,0
cand_078643.cpp,cand_259716.cpp,0.5278050303459167,0
cand_054243.cpp,cand_226291.cpp,0.20407414436340332,0
cand_252924.cpp,cand_250239.cpp,0.45362991094589233,0
cand_128329.cpp,cand_111284.cpp,0.5096216797828674,0
cand_002038.cpp,cand_001986.cpp,0.3104996085166931,0
cand_101041.cpp,cand_103862.cpp,0.41135185956954956,0
cand_070473.cpp,cand_166828.cpp,0.13354437053203583,0
cand_076228.cpp,cand_035129.cpp,0.5700491070747375,0
cand_294102.cpp,cand_033825.cpp,0.553299069404602,0
cand_171989.cpp,cand_165875.cpp,0.5586056709289551,0
cand_219725.cpp,cand_239088.cpp,0.4954026937484741,0
cand_181353.cpp,cand_100404.cpp,0.40216222405433655,0
cand_158288.cpp,cand_158948.cpp,0.48958852887153625,0
cand_236926.cpp,cand_033738.cpp,0.4705827534198761,0
cand_198804.cpp,cand_290488.cpp,0.5555389523506165,0
cand_027295.cpp,cand_052272.cpp,0.36129340529441833,0
cand_125844.cpp,cand_031488.cpp,0.4988042712211609,0
cand_274851.cpp,cand_092581.cpp,0.5178092122077942,0
cand_193631.cpp,cand_193308.cpp,0.4140211343765259,0
cand_235316.cpp,cand_132554.cpp,0.4306965470314026,0
cand_061865.cpp,cand_163634.cpp,0.4408913254737854,0
cand_197957.cpp,cand_154936.cpp,0.5357640385627747,0
cand_081434.cpp,cand_001709.cpp,0.4538852870464325,0
cand_190218.cpp,cand_051169.cpp,0.22630444169044495,0
cand_106281.cpp,cand_020871.cpp,0.44970962405204773,0
cand_086042.cpp,cand_066674.cpp,0.22704514861106873,0
cand_050655.cpp,cand_101926.cpp,0.35836195945739746,0
cand_241675.cpp,cand_175144.cpp,0.4717558026313782,0
cand_078253.cpp,cand_156314.cpp,0.544085681438446,0
cand_267524.cpp,cand_055157.cpp,0.4424900710582733,0
cand_082261.cpp,cand_062962.cpp,0.4510914385318756,0
cand_032069.cpp,cand_099326.cpp,0.4164079427719116,0
cand_115864.cpp,cand_133327.cpp,0.4152698218822479,0
cand_157695.cpp,cand_026488.cpp,0.5092817544937134,0
cand_175913.cpp,cand_007282.cpp,0.41538530588150024,0
cand_288516.cpp,cand_139000.cpp,0.3407783508300781,0
cand_141649.cpp,cand_102650.cpp,0.5099713206291199,0
cand_061732.cpp,cand_004617.cpp,0.5093392729759216,0
cand_122440.cpp,cand_092987.cpp,0.5105054378509521,0
cand_279984.cpp,cand_287189.cpp,0.4591142535209656,0
cand_140832.cpp,cand_005538.cpp,0.4737604856491089,0
cand_281714.cpp,cand_265398.cpp,0.3163539171218872,0
cand_096918.cpp,cand_105610.cpp,0.37444233894348145,0
cand_003836.cpp,cand_066103.cpp,0.5086103677749634,0
cand_017953.cpp,cand_107919.cpp,0.3247624933719635,0
cand_251718.cpp,cand_256450.cpp,0.5378395915031433,0
cand_140906.cpp,cand_259115.cpp,0.3812961280345917,0
cand_093590.cpp,cand_059842.cpp,0.04913663491606712,0
cand_125979.cpp,cand_078490.cpp,0.49099647998809814,0
cand_134248.cpp,cand_131302.cpp,0.5029420852661133,0
cand_094985.cpp,cand_027309.cpp,0.39695918560028076,0
cand_153152.cpp,cand_154304.cpp,0.40432748198509216,0
cand_117165.cpp,cand_052118.cpp,0.4918322265148163,0
cand_034547.cpp,cand_025748.cpp,0.4446786344051361,0
cand_274284.cpp,cand_111835.cpp,0.28594398498535156,0
cand_243049.cpp,cand_188737.cpp,0.47226351499557495,0
cand_097142.cpp,cand_096509.cpp,0.5282798409461975,0
cand_019075.cpp,cand_030707.cpp,0.39574751257896423,0
cand_154559.cpp,cand_007950.cpp,0.44598639011383057,0
cand_269257.cpp,cand_145837.cpp,0.4933744966983795,0
cand_269294.cpp,cand_252660.cpp,0.30486825108528137,0
cand_154965.cpp,cand_271774.cpp,0.4928203225135803,0
cand_030754.cpp,cand_092906.cpp,0.4501110017299652,0
cand_079675.cpp,cand_022998.cpp,0.49477994441986084,0
cand_101656.cpp,cand_034920.cpp,0.5048907399177551,0
cand_287033.cpp,cand_007663.cpp,0.5360907316207886,0
cand_011511.cpp,cand_023040.cpp,0.5366694331169128,0
cand_222340.cpp,cand_221796.cpp,0.5322129130363464,0
cand_119482.cpp,cand_097407.cpp,0.3920031785964966,0
cand_243030.cpp,cand_080572.cpp,0.324474573135376,0
cand_240152.cpp,cand_085529.cpp,0.43648990988731384,0
cand_296237.cpp,cand_296236.cpp,0.48166629672050476,0
cand_159252.cpp,cand_127513.cpp,0.3559659421443939,0
cand_164242.cpp,cand_159606.cpp,0.4570869505405426,0
cand_094750.cpp,cand_265017.cpp,0.47967788577079773,0
cand_088198.cpp,cand_176915.cpp,0.4448014795780182,0
cand_140361.cpp,cand_043709.cpp,0.5529594421386719,0
cand_129682.cpp,cand_116622.cpp,0.34685471653938293,0
cand_160258.cpp,cand_120794.cpp,0.3611014783382416,0
cand_140867.cpp,cand_039587.cpp,0.5178028345108032,0
cand_161759.cpp,cand_097598.cpp,0.4463117718696594,0
cand_194596.cpp,cand_084583.cpp,0.3674182891845703,0
cand_081270.cpp,cand_001765.cpp,0.4253706634044647,0
cand_094621.cpp,cand_132278.cpp,0.48570409417152405,0
cand_023802.cpp,cand_062908.cpp,0.2701505422592163,0
cand_035333.cpp,cand_096233.cpp,0.48573631048202515,0
cand_009935.cpp,cand_003081.cpp,0.3458946645259857,0
cand_259789.cpp,cand_001286.cpp,0.4225684702396393,0
cand_053797.cpp,cand_072404.cpp,0.48898249864578247,0
cand_263869.cpp,cand_248909.cpp,0.49478769302368164,0
cand_054849.cpp,cand_262475.cpp,0.5121314525604248,0
cand_096572.cpp,cand_081805.cpp,0.452847957611084,0
cand_221351.cpp,cand_236558.cpp,0.4678751230239868,0
cand_157096.cpp,cand_154842.cpp,0.13299210369586945,0
cand_243669.cpp,cand_271550.cpp,0.40724363923072815,0
cand_147723.cpp,cand_069803.cpp,0.3574378490447998,0
cand_191150.cpp,cand_296027.cpp,0.551720917224884,0
cand_027162.cpp,cand_085426.cpp,0.4160207211971283,0
cand_129943.cpp,cand_132473.cpp,0.33664870262145996,0
cand_184570.cpp,cand_265816.cpp,0.40083417296409607,0
cand_027427.cpp,cand_052305.cpp,0.5621265172958374,0
cand_074390.cpp,cand_162719.cpp,0.395420640707016,0
cand_080151.cpp,cand_059802.cpp,0.47218552231788635,0
cand_211180.cpp,cand_210805.cpp,0.42974531650543213,0
cand_126890.cpp,cand_059635.cpp,0.4123838245868683,0
cand_095189.cpp,cand_025532.cpp,0.5041509866714478,0
cand_172606.cpp,cand_158238.cpp,0.10017215460538864,0
cand_109827.cpp,cand_135770.cpp,0.46809443831443787,0
cand_255099.cpp,cand_031126.cpp,0.49597495794296265,0
cand_016280.cpp,cand_171645.cpp,0.3853680193424225,0
cand_030262.cpp,cand_158633.cpp,0.5258103013038635,0
cand_282553.cpp,cand_161629.cpp,0.37799665331840515,0
cand_076210.cpp,cand_271382.cpp,0.48990654945373535,0
cand_111030.cpp,cand_101390.cpp,0.49091199040412903,0
cand_248183.cpp,cand_280368.cpp,0.5642178058624268,0
cand_189171.cpp,cand_135916.cpp,0.4676111936569214,0
cand_110678.cpp,cand_035564.cpp,0.3563256859779358,0
cand_010249.cpp,cand_172571.cpp,0.5016080737113953,0
cand_129892.cpp,cand_006721.cpp,0.4162820875644684,0
cand_128330.cpp,cand_008917.cpp,0.3465656638145447,0
cand_148858.cpp,cand_269182.cpp,0.41460636258125305,0
cand_146136.cpp,cand_159159.cpp,0.04267014190554619,0
cand_132280.cpp,cand_132300.cpp,0.3861912190914154,0
cand_102918.cpp,cand_116159.cpp,0.3848787248134613,0
cand_153949.cpp,cand_266387.cpp,0.3163299262523651,0
cand_055657.cpp,cand_016830.cpp,0.5075312852859497,0
cand_093880.cpp,cand_229360.cpp,0.39324951171875,0
cand_030382.cpp,cand_117554.cpp,0.23208735883235931,0
cand_059704.cpp,cand_117933.cpp,0.47740209102630615,0
cand_031406.cpp,cand_096202.cpp,0.3202109634876251,0
cand_176449.cpp,cand_277537.cpp,0.12137816101312637,0
cand_033966.cpp,cand_033922.cpp,0.47632527351379395,0
cand_152007.cpp,cand_021523.cpp,0.4948936700820923,0
cand_232776.cpp,cand_164208.cpp,0.3233404755592346,0
cand_117906.cpp,cand_062016.cpp,0.5178181529045105,0
cand_061981.cpp,cand_017977.cpp,0.4496610760688782,0
cand_017207.cpp,cand_036365.cpp,0.46664881706237793,0
cand_079854.cpp,cand_066049.cpp,0.5357625484466553,0
cand_096062.cpp,cand_025838.cpp,0.4710906744003296,0
cand_172553.cpp,cand_239335.cpp,0.3981282413005829,0
cand_186437.cpp,cand_260768.cpp,0.3252221643924713,0
cand_229846.cpp,cand_278351.cpp,0.5501323342323303,0
cand_286584.cpp,cand_271297.cpp,0.4221317768096924,0
cand_080243.cpp,cand_297571.cpp,0.4468277394771576,0
cand_160332.cpp,cand_165519.cpp,0.48675498366355896,0
cand_198576.cpp,cand_228548.cpp,0.523644208908081,0
cand_026354.cpp,cand_037690.cpp,0.45535901188850403,0
cand_087874.cpp,cand_055713.cpp,0.4865921437740326,0
cand_221423.cpp,cand_269797.cpp,0.5433045625686646,0
cand_050103.cpp,cand_158618.cpp,0.5420833826065063,0
cand_049772.cpp,cand_125626.cpp,0.4317621886730194,0
cand_105080.cpp,cand_097107.cpp,0.4524516761302948,0
cand_270700.cpp,cand_044790.cpp,0.526663064956665,0
cand_257011.cpp,cand_201168.cpp,0.49347424507141113,0
cand_130181.cpp,cand_297705.cpp,0.45593592524528503,0
cand_031669.cpp,cand_081272.cpp,0.36606425046920776,0
cand_033892.cpp,cand_067940.cpp,0.527055025100708,0
cand_201329.cpp,cand_152210.cpp,0.3806542158126831,0
cand_047049.cpp,cand_172251.cpp,0.49499937891960144,0
cand_052083.cpp,cand_148053.cpp,0.36851024627685547,0
cand_035637.cpp,cand_147504.cpp,0.5673074126243591,0
cand_195562.cpp,cand_030419.cpp,0.5191333293914795,0
cand_053135.cpp,cand_103024.cpp,0.3251442015171051,0
cand_246279.cpp,cand_172095.cpp,0.5307702422142029,0
cand_115791.cpp,cand_121232.cpp,0.30903688073158264,0
cand_095929.cpp,cand_272157.cpp,0.43788981437683105,0
cand_238951.cpp,cand_104625.cpp,0.3454885184764862,0
cand_274120.cpp,cand_252667.cpp,0.4042969048023224,0
cand_140150.cpp,cand_250178.cpp,0.398136168718338,0
cand_120166.cpp,cand_165456.cpp,0.34615978598594666,0
cand_021196.cpp,cand_132159.cpp,0.31562307476997375,0
cand_147725.cpp,cand_035646.cpp,0.5658692121505737,0
cand_088207.cpp,cand_287402.cpp,0.4795418977737427,0
cand_102175.cpp,cand_130947.cpp,0.5207650661468506,0
cand_232790.cpp,cand_280128.cpp,0.4999249577522278,0
cand_050885.cpp,cand_144522.cpp,0.48740723729133606,0
cand_271076.cpp,cand_025819.cpp,0.5179374814033508,0
cand_098151.cpp,cand_086503.cpp,0.42002594470977783,0
cand_044643.cpp,cand_044911.cpp,0.38832172751426697,0
cand_081085.cpp,cand_136567.cpp,0.1663368195295334,0
cand_093693.cpp,cand_098277.cpp,0.5512502789497375,0
cand_034364.cpp,cand_025630.cpp,0.4959098696708679,0
cand_144585.cpp,cand_025700.cpp,0.3809763491153717,0
cand_186013.cpp,cand_179772.cpp,0.422458678483963,0
cand_142979.cpp,cand_134039.cpp,0.49086201190948486,0
cand_133245.cpp,cand_081372.cpp,0.43043118715286255,0
cand_159957.cpp,cand_037478.cpp,0.5192654728889465,0
cand_241815.cpp,cand_130011.cpp,0.5471363663673401,0
cand_060631.cpp,cand_186673.cpp,0.46774208545684814,0
cand_112970.cpp,cand_027222.cpp,0.3455345332622528,0
cand_293647.cpp,cand_237117.cpp,0.43665504455566406,0
cand_144804.cpp,cand_254326.cpp,0.5118975043296814,0
cand_171436.cpp,cand_259407.cpp,0.5672083497047424,0
cand_102757.cpp,cand_102651.cpp,0.5032314658164978,0
cand_050600.cpp,cand_050598.cpp,0.5536326766014099,0
cand_111687.cpp,cand_134465.cpp,0.39650848507881165,0
cand_232406.cpp,cand_232625.cpp,0.48979640007019043,0
cand_010369.cpp,cand_019936.cpp,0.4868874251842499,0
cand_049679.cpp,cand_148214.cpp,0.5264106392860413,0
cand_122757.cpp,cand_122768.cpp,0.5196011662483215,0
cand_198065.cpp,cand_227296.cpp,0.41914451122283936,0
cand_269255.cpp,cand_079471.cpp,0.3701392412185669,0
cand_052250.cpp,cand_017459.cpp,0.5354021191596985,0
cand_134719.cpp,cand_074021.cpp,0.46638646721839905,0
cand_050316.cpp,cand_098600.cpp,0.34485745429992676,0
cand_082249.cpp,cand_024448.cpp,0.39320629835128784,0
cand_088855.cpp,cand_134560.cpp,0.5425914525985718,0
cand_012721.cpp,cand_003087.cpp,0.4823678731918335,0
cand_076907.cpp,cand_164211.cpp,0.525099515914917,0
cand_112230.cpp,cand_118896.cpp,0.48387783765792847,0
cand_131099.cpp,cand_104027.cpp,0.5041055679321289,0
cand_141418.cpp,cand_141434.cpp,0.5175976753234863,0
cand_105088.cpp,cand_241116.cpp,0.24477769434452057,0
cand_171805.cpp,cand_130007.cpp,0.4471716284751892,0
cand_095566.cpp,cand_057453.cpp,0.39908599853515625,0
cand_149279.cpp,cand_283451.cpp,0.3585556149482727,0
cand_130975.cpp,cand_093824.cpp,0.45584800839424133,0
cand_049119.cpp,cand_242395.cpp,0.4563533067703247,0
cand_136928.cpp,cand_158634.cpp,0.47257983684539795,0
cand_087939.cpp,cand_175335.cpp,0.5414671897888184,0
cand_056934.cpp,cand_061721.cpp,0.4436405897140503,0
cand_059309.cpp,cand_095577.cpp,0.14605340361595154,0
cand_093973.cpp,cand_085541.cpp,0.532243549823761,0
cand_077226.cpp,cand_120201.cpp,0.4554714560508728,0
cand_010956.cpp,cand_176231.cpp,0.4090084433555603,0
cand_239760.cpp,cand_022193.cpp,0.5091999769210815,0
cand_119848.cpp,cand_006139.cpp,0.4981461465358734,0
cand_175298.cpp,cand_126896.cpp,0.45305222272872925,0
cand_163281.cpp,cand_297885.cpp,0.41449427604675293,0
cand_283074.cpp,cand_002258.cpp,0.5486498475074768,0
cand_171308.cpp,cand_278106.cpp,0.4562065899372101,0
cand_090036.cpp,cand_102022.cpp,0.4652961790561676,0
cand_031033.cpp,cand_035637.cpp,0.4644376039505005,0
cand_011924.cpp,cand_010193.cpp,0.46635928750038147,0
cand_236782.cpp,cand_278030.cpp,0.4957578182220459,0
cand_184307.cpp,cand_026962.cpp,0.3466590940952301,0
cand_219138.cpp,cand_248226.cpp,0.4194715917110443,0
cand_126871.cpp,cand_127484.cpp,0.5199947357177734,0
cand_072412.cpp,cand_073556.cpp,0.3683900237083435,0
cand_134381.cpp,cand_028382.cpp,0.4845370054244995,0
cand_148547.cpp,cand_148534.cpp,0.34476855397224426,0
cand_011511.cpp,cand_002998.cpp,0.3595934212207794,0
cand_073901.cpp,cand_010280.cpp,0.3268035352230072,0
cand_263023.cpp,cand_053901.cpp,0.44849637150764465,0
cand_140092.cpp,cand_151081.cpp,0.45425888895988464,0
cand_077047.cpp,cand_052540.cpp,0.43468624353408813,0
cand_134340.cpp,cand_106085.cpp,0.49192014336586,0
cand_112689.cpp,cand_068888.cpp,0.4226040840148926,0
cand_241794.cpp,cand_148779.cpp,0.42474403977394104,0
cand_282389.cpp,cand_226906.cpp,0.5424740314483643,0
cand_067749.cpp,cand_067766.cpp,0.49607425928115845,0
cand_155737.cpp,cand_160563.cpp,0.5546737909317017,0
cand_144760.cpp,cand_196599.cpp,0.30160072445869446,0
cand_030295.cpp,cand_023942.cpp,0.4082655608654022,0
cand_146735.cpp,cand_181320.cpp,0.4557514190673828,0
cand_043168.cpp,cand_055807.cpp,0.20706935226917267,0
cand_092505.cpp,cand_278222.cpp,0.06902928650379181,0
cand_122181.cpp,cand_227213.cpp,0.47960346937179565,0
cand_063398.cpp,cand_181787.cpp,0.4569453299045563,0
cand_226938.cpp,cand_140742.cpp,0.49132096767425537,0
cand_156174.cpp,cand_078645.cpp,0.4988586902618408,0
cand_287371.cpp,cand_288540.cpp,0.47854796051979065,0
cand_046517.cpp,cand_001935.cpp,0.49986526370048523,0
cand_140404.cpp,cand_112760.cpp,0.4645116329193115,0
cand_161373.cpp,cand_134147.cpp,0.4809779226779938,0
cand_101001.cpp,cand_288776.cpp,0.5181480050086975,0
cand_097392.cpp,cand_180445.cpp,0.4499634802341461,0
cand_171752.cpp,cand_026450.cpp,0.29397153854370117,0
cand_048689.cpp,cand_100494.cpp,0.27911144495010376,0
cand_108319.cpp,cand_108371.cpp,0.5568137168884277,0
cand_111412.cpp,cand_122551.cpp,0.48630592226982117,0
cand_275854.cpp,cand_033871.cpp,0.5036616325378418,0
cand_140541.cpp,cand_035455.cpp,0.4949747323989868,0
cand_023041.cpp,cand_269467.cpp,0.4055293798446655,0
cand_044466.cpp,cand_005844.cpp,0.3843713402748108,0
cand_296895.cpp,cand_210096.cpp,0.3904511034488678,0
cand_082286.cpp,cand_122713.cpp,0.45893731713294983,0
cand_176902.cpp,cand_164221.cpp,0.4779868423938751,0
cand_181943.cpp,cand_268733.cpp,0.47851407527923584,0
cand_012439.cpp,cand_031029.cpp,0.5613863468170166,0
cand_129567.cpp,cand_017459.cpp,0.49790820479393005,0
cand_168860.cpp,cand_247513.cpp,0.26430797576904297,0
cand_095201.cpp,cand_025746.cpp,0.5616098642349243,0
cand_136373.cpp,cand_142283.cpp,0.5346324443817139,0
cand_165900.cpp,cand_121622.cpp,0.46103623509407043,0
cand_098798.cpp,cand_071733.cpp,0.5228953957557678,0
cand_112121.cpp,cand_090022.cpp,0.0260251946747303,0
cand_200118.cpp,cand_228317.cpp,0.3316969871520996,0
cand_001635.cpp,cand_096862.cpp,0.3702155649662018,0
cand_296651.cpp,cand_195766.cpp,0.4859555661678314,0
cand_061312.cpp,cand_259592.cpp,0.060780011117458344,0
cand_160169.cpp,cand_096048.cpp,0.34826600551605225,0
cand_001264.cpp,cand_026924.cpp,0.35123372077941895,0
cand_012247.cpp,cand_025057.cpp,0.5125207901000977,0
cand_239240.cpp,cand_102926.cpp,0.4625498950481415,0
cand_142071.cpp,cand_054827.cpp,0.5122663378715515,0
cand_254706.cpp,cand_267497.cpp,0.5319294929504395,0
cand_049828.cpp,cand_002436.cpp,0.4585951566696167,0
cand_012428.cpp,cand_012345.cpp,0.41528141498565674,0
cand_230773.cpp,cand_195737.cpp,0.28647345304489136,0
cand_190983.cpp,cand_051471.cpp,0.5642854571342468,0
cand_223001.cpp,cand_140103.cpp,0.4459763467311859,0
cand_239079.cpp,cand_024476.cpp,0.5622262358665466,0
cand_155290.cpp,cand_090018.cpp,0.3783133327960968,0
cand_239745.cpp,cand_264221.cpp,0.449994295835495,0
cand_268710.cpp,cand_085613.cpp,0.5564455986022949,0
cand_294589.cpp,cand_006863.cpp,0.45386961102485657,0
cand_026315.cpp,cand_083994.cpp,0.4853039085865021,0
cand_153120.cpp,cand_007924.cpp,0.3359469771385193,0
cand_067680.cpp,cand_054744.cpp,0.23489198088645935,0
cand_129655.cpp,cand_145053.cpp,0.16958168148994446,0
cand_004777.cpp,cand_140103.cpp,0.1202191561460495,0
cand_020870.cpp,cand_108018.cpp,0.504935085773468,0
cand_225109.cpp,cand_193031.cpp,0.45817166566848755,0
cand_076786.cpp,cand_076790.cpp,0.5256084203720093,0
cand_092505.cpp,cand_085306.cpp,0.47667962312698364,0
cand_184324.cpp,cand_031180.cpp,0.41315725445747375,0
cand_089546.cpp,cand_165816.cpp,0.4598306715488434,0
cand_003836.cpp,cand_294026.cpp,0.3773278594017029,0
cand_083157.cpp,cand_072208.cpp,0.33483389019966125,0
cand_030869.cpp,cand_172774.cpp,0.44889622926712036,0
cand_234312.cpp,cand_097632.cpp,0.544868528842926,0
cand_127985.cpp,cand_154778.cpp,0.4746282994747162,0
cand_165232.cpp,cand_056905.cpp,0.49703219532966614,0
cand_128053.cpp,cand_254284.cpp,0.3925095796585083,0
cand_002668.cpp,cand_066574.cpp,0.3710657060146332,0
cand_032451.cpp,cand_060750.cpp,0.4724600613117218,0
cand_028540.cpp,cand_024592.cpp,0.4273759126663208,0
cand_142104.cpp,cand_136614.cpp,0.4721946716308594,0
cand_218936.cpp,cand_039161.cpp,0.47821977734565735,0
cand_105604.cpp,cand_136357.cpp,0.5396613478660583,0
cand_263798.cpp,cand_175136.cpp,0.4034814238548279,0
cand_009156.cpp,cand_024290.cpp,0.2370510697364807,0
cand_008526.cpp,cand_193086.cpp,0.5200127959251404,0
cand_146102.cpp,cand_211761.cpp,0.4332726299762726,0
cand_175325.cpp,cand_165365.cpp,0.46613943576812744,0
cand_217853.cpp,cand_174303.cpp,0.41619524359703064,0
cand_062144.cpp,cand_086489.cpp,0.4921643137931824,0
cand_262362.cpp,cand_247369.cpp,0.3884524703025818,0
cand_288785.cpp,cand_100547.cpp,0.5112050771713257,0
cand_120787.cpp,cand_012507.cpp,0.4225154519081116,0
cand_096928.cpp,cand_132473.cpp,0.33246758580207825,0
cand_089847.cpp,cand_096574.cpp,0.34709861874580383,0
cand_116715.cpp,cand_112414.cpp,0.42895299196243286,0
cand_153078.cpp,cand_011345.cpp,0.4288949966430664,0
cand_121872.cpp,cand_116448.cpp,0.47001248598098755,0
cand_281656.cpp,cand_071654.cpp,0.5605645775794983,0
cand_274057.cpp,cand_148278.cpp,0.5129438638687134,0
cand_192266.cpp,cand_101984.cpp,0.4103614091873169,0
cand_082953.cpp,cand_138319.cpp,0.5389577150344849,0
cand_149730.cpp,cand_149631.cpp,0.5496950149536133,0
cand_002874.cpp,cand_082385.cpp,0.4674449563026428,0
cand_193825.cpp,cand_039655.cpp,0.359737753868103,0
cand_239414.cpp,cand_252078.cpp,0.5294797420501709,0
cand_127579.cpp,cand_051042.cpp,0.5320487022399902,0
cand_087044.cpp,cand_082492.cpp,0.4199245572090149,0
cand_152526.cpp,cand_067426.cpp,0.32204461097717285,0
cand_190936.cpp,cand_072457.cpp,0.42336028814315796,0
cand_022618.cpp,cand_141081.cpp,0.4466594159603119,0
cand_282504.cpp,cand_187707.cpp,0.5630963444709778,0
cand_138237.cpp,cand_069939.cpp,0.4917670786380768,0
cand_282483.cpp,cand_058835.cpp,0.3759959638118744,0
cand_149078.cpp,cand_023954.cpp,0.39929285645484924,0
cand_063392.cpp,cand_006843.cpp,0.4383544325828552,0
cand_143981.cpp,cand_144024.cpp,0.47373321652412415,0
cand_109964.cpp,cand_068693.cpp,0.42440760135650635,0
cand_049531.cpp,cand_018257.cpp,0.411175400018692,0
cand_072984.cpp,cand_175260.cpp,0.39277440309524536,0
cand_197344.cpp,cand_246305.cpp,0.5217784643173218,0
cand_248681.cpp,cand_283461.cpp,0.5490762591362,0
cand_077250.cpp,cand_077524.cpp,0.4235052466392517,0
cand_255998.cpp,cand_295250.cpp,0.5239266753196716,0
cand_275784.cpp,cand_161167.cpp,0.3363451361656189,0
cand_130821.cpp,cand_059450.cpp,0.48448020219802856,0
cand_241793.cpp,cand_069032.cpp,0.44830161333084106,0
cand_191042.cpp,cand_070467.cpp,0.41450345516204834,0
cand_263344.cpp,cand_150881.cpp,0.4772774875164032,0
cand_283329.cpp,cand_086531.cpp,0.46755754947662354,0
cand_121844.cpp,cand_246745.cpp,0.37555891275405884,0
cand_141098.cpp,cand_287272.cpp,0.464584082365036,0
cand_161132.cpp,cand_010471.cpp,0.30392906069755554,0
cand_136965.cpp,cand_165938.cpp,0.4066660404205322,0
cand_196136.cpp,cand_000575.cpp,0.5278589725494385,0
cand_235126.cpp,cand_113987.cpp,0.5369426012039185,0
cand_135600.cpp,cand_135269.cpp,0.40224212408065796,0
cand_275997.cpp,cand_113836.cpp,0.5337083339691162,0
cand_241237.cpp,cand_150059.cpp,0.5090527534484863,0
cand_280716.cpp,cand_135940.cpp,0.5047171115875244,0
cand_159267.cpp,cand_027446.cpp,0.5099688172340393,0
cand_096632.cpp,cand_025701.cpp,0.4177979826927185,0
cand_133413.cpp,cand_056115.cpp,0.528213620185852,0
cand_060888.cpp,cand_088093.cpp,0.3835127353668213,0
cand_161202.cpp,cand_283147.cpp,0.45296788215637207,0
cand_161891.cpp,cand_237770.cpp,0.48087021708488464,0
cand_160287.cpp,cand_088150.cpp,0.5041401386260986,0
cand_093003.cpp,cand_052382.cpp,0.42984330654144287,0
cand_140151.cpp,cand_277527.cpp,0.46206134557724,0
cand_171224.cpp,cand_209298.cpp,0.3655824363231659,0
cand_225104.cpp,cand_195218.cpp,0.45802581310272217,0
cand_071944.cpp,cand_105936.cpp,0.3776324391365051,0
cand_056375.cpp,cand_240639.cpp,0.48724281787872314,0
cand_164177.cpp,cand_101029.cpp,0.5291939973831177,0
cand_121549.cpp,cand_006179.cpp,0.4652402698993683,0
cand_225104.cpp,cand_248181.cpp,0.30085089802742004,0
cand_262447.cpp,cand_005673.cpp,0.36069434881210327,0
cand_092172.cpp,cand_089606.cpp,0.518963098526001,0
cand_127702.cpp,cand_136567.cpp,0.48390135169029236,0
cand_108004.cpp,cand_222327.cpp,0.2965209484100342,0
cand_061155.cpp,cand_049470.cpp,0.23776595294475555,0
cand_030362.cpp,cand_098417.cpp,0.3055529296398163,0
cand_140344.cpp,cand_001885.cpp,0.45476973056793213,0
cand_139769.cpp,cand_274726.cpp,0.5003111958503723,0
cand_086024.cpp,cand_281023.cpp,0.47124046087265015,0
cand_067674.cpp,cand_136881.cpp,0.4881005883216858,0
cand_129259.cpp,cand_238251.cpp,0.4379759728908539,0
cand_029530.cpp,cand_064388.cpp,0.5352568626403809,0
cand_078323.cpp,cand_158181.cpp,0.48108968138694763,0
cand_084618.cpp,cand_125414.cpp,0.48719412088394165,0
cand_172024.cpp,cand_025808.cpp,0.5626824498176575,0
cand_078324.cpp,cand_026910.cpp,0.2310277372598648,0
cand_059088.cpp,cand_139759.cpp,0.37854525446891785,0
cand_151415.cpp,cand_152806.cpp,0.5122029185295105,0
cand_144077.cpp,cand_080558.cpp,0.31542736291885376,0
cand_088442.cpp,cand_022332.cpp,0.3989008963108063,0
cand_050509.cpp,cand_175259.cpp,0.536044716835022,0
cand_016664.cpp,cand_113020.cpp,0.4853944480419159,0
cand_197332.cpp,cand_052697.cpp,0.5532252192497253,0
cand_090041.cpp,cand_149217.cpp,0.5529951453208923,0
cand_051723.cpp,cand_115815.cpp,0.5560938119888306,0
cand_091352.cpp,cand_063356.cpp,0.4037851393222809,0
cand_018449.cpp,cand_089356.cpp,0.4639308452606201,0
cand_225104.cpp,cand_193055.cpp,0.4156532883644104,0
cand_065449.cpp,cand_009009.cpp,0.5321320295333862,0
cand_229242.cpp,cand_230184.cpp,0.4524393677711487,0
cand_001716.cpp,cand_001702.cpp,0.5416433215141296,0
cand_267955.cpp,cand_049974.cpp,0.274897962808609,0
cand_238389.cpp,cand_074911.cpp,0.5432736873626709,0
cand_257007.cpp,cand_228610.cpp,0.28551429510116577,0
cand_130058.cpp,cand_103998.cpp,0.5224065780639648,0
cand_089713.cpp,cand_015116.cpp,0.533434271812439,0
cand_099373.cpp,cand_006186.cpp,0.3071219325065613,0
cand_135671.cpp,cand_065338.cpp,0.5616955757141113,0
cand_129215.cpp,cand_116419.cpp,0.4512172043323517,0
cand_131000.cpp,cand_087318.cpp,0.4501432776451111,0
cand_230651.cpp,cand_044735.cpp,0.5124947428703308,0
cand_240982.cpp,cand_093411.cpp,0.5299718976020813,0
cand_247284.cpp,cand_072040.cpp,0.5271275043487549,0
cand_095278.cpp,cand_181221.cpp,0.5307514071464539,0
cand_031293.cpp,cand_024085.cpp,0.4816519320011139,0
cand_002232.cpp,cand_120127.cpp,0.3594200611114502,0
cand_179056.cpp,cand_286791.cpp,0.45640257000923157,0
cand_296797.cpp,cand_197582.cpp,0.3996116518974304,0
cand_267502.cpp,cand_165114.cpp,0.407817542552948,0
cand_087313.cpp,cand_022177.cpp,0.5426912307739258,0
cand_198374.cpp,cand_165691.cpp,0.48120078444480896,0
cand_190941.cpp,cand_254544.cpp,0.25113630294799805,0
cand_135964.cpp,cand_044937.cpp,0.5155953764915466,0
cand_196504.cpp,cand_259878.cpp,0.424626886844635,0
cand_246818.cpp,cand_257293.cpp,0.4857328236103058,0
cand_050422.cpp,cand_259427.cpp,0.4040396511554718,0
cand_194339.cpp,cand_132975.cpp,0.5539620518684387,0
cand_030441.cpp,cand_243659.cpp,0.34737271070480347,0
cand_257488.cpp,cand_151073.cpp,0.5042744278907776,0
cand_067624.cpp,cand_126184.cpp,0.5207328200340271,0
cand_096467.cpp,cand_097523.cpp,0.37795308232307434,0
cand_195562.cpp,cand_223754.cpp,0.4448947608470917,0
cand_039530.cpp,cand_278205.cpp,0.07887858152389526,0
cand_221184.cpp,cand_271870.cpp,0.46747907996177673,0
cand_059927.cpp,cand_069360.cpp,0.5126409530639648,0
cand_090037.cpp,cand_155107.cpp,0.49208971858024597,0
cand_247749.cpp,cand_152461.cpp,0.3151407837867737,0
cand_054103.cpp,cand_210406.cpp,0.24203713238239288,0
cand_128171.cpp,cand_171790.cpp,0.4908423125743866,0
cand_097299.cpp,cand_135651.cpp,0.3905675411224365,0
cand_158183.cpp,cand_103452.cpp,0.5537070631980896,0
cand_097505.cpp,cand_119652.cpp,0.43431270122528076,0
cand_139442.cpp,cand_157697.cpp,0.5478740334510803,0
cand_241806.cpp,cand_059929.cpp,0.4997827708721161,0
cand_159255.cpp,cand_287927.cpp,0.5162167549133301,0
cand_279969.cpp,cand_181739.cpp,0.5538883209228516,0
cand_103603.cpp,cand_242114.cpp,0.5108231902122498,0
cand_219132.cpp,cand_219157.cpp,0.5357822179794312,0
cand_077016.cpp,cand_018205.cpp,0.43415987491607666,0
cand_110279.cpp,cand_221989.cpp,0.5656982064247131,0
cand_163776.cpp,cand_163773.cpp,0.4344826936721802,0
cand_175725.cpp,cand_184425.cpp,0.5315505266189575,0
cand_238747.cpp,cand_238550.cpp,0.26134395599365234,0
cand_268034.cpp,cand_054846.cpp,0.5331082344055176,0
cand_097360.cpp,cand_011590.cpp,0.5305606126785278,0
cand_032964.cpp,cand_095569.cpp,0.4782700538635254,0
cand_055352.cpp,cand_094695.cpp,0.5026752948760986,0
cand_168272.cpp,cand_245538.cpp,0.5029725432395935,0
cand_077016.cpp,cand_127967.cpp,0.5180936455726624,0
cand_007695.cpp,cand_153941.cpp,0.5368390083312988,0
cand_270199.cpp,cand_152398.cpp,0.5380025506019592,0
cand_110349.cpp,cand_140698.cpp,0.41899245977401733,0
cand_246205.cpp,cand_296132.cpp,0.5099937915802002,0
cand_026046.cpp,cand_103970.cpp,0.4901968836784363,0
cand_129892.cpp,cand_144594.cpp,0.5671341419219971,0
cand_031796.cpp,cand_260390.cpp,0.5230872631072998,0
cand_293724.cpp,cand_084201.cpp,0.50789874792099,0
cand_287880.cpp,cand_052494.cpp,0.46140074729919434,0
cand_110665.cpp,cand_146594.cpp,0.4308287501335144,0
cand_050123.cpp,cand_052752.cpp,0.5230788588523865,0
cand_185127.cpp,cand_135932.cpp,0.39946094155311584,0
cand_116516.cpp,cand_119325.cpp,0.528648316860199,0
cand_052535.cpp,cand_251738.cpp,0.43100449442863464,0
cand_288661.cpp,cand_164189.cpp,0.5553235411643982,0
cand_076788.cpp,cand_027936.cpp,0.5331077575683594,0
cand_250928.cpp,cand_164736.cpp,0.48977741599082947,0
cand_087386.cpp,cand_189162.cpp,0.45756351947784424,0
cand_057449.cpp,cand_271206.cpp,0.5081120133399963,0
cand_010692.cpp,cand_073710.cpp,0.39673250913619995,0
cand_126236.cpp,cand_120347.cpp,0.4241270422935486,0
cand_235892.cpp,cand_274705.cpp,0.455016553401947,0
cand_129237.cpp,cand_026566.cpp,0.48912104964256287,0
cand_059924.cpp,cand_116471.cpp,0.5049764513969421,0
cand_196248.cpp,cand_196299.cpp,0.5483831763267517,0
cand_128783.cpp,cand_128786.cpp,0.3531900644302368,0
cand_257702.cpp,cand_025622.cpp,0.3145654797554016,0
cand_240942.cpp,cand_135034.cpp,0.38762521743774414,0
cand_026330.cpp,cand_079937.cpp,0.3833945691585541,0
cand_024288.cpp,cand_221376.cpp,0.3339504301548004,0
cand_276762.cpp,cand_099052.cpp,0.5579472780227661,0
cand_275564.cpp,cand_130005.cpp,0.4901795983314514,0
cand_047636.cpp,cand_205335.cpp,0.4123125672340393,0
cand_035608.cpp,cand_261638.cpp,0.34829869866371155,0
cand_217897.cpp,cand_229323.cpp,0.3009800910949707,0
cand_147243.cpp,cand_096823.cpp,0.41154152154922485,0
cand_114083.cpp,cand_072064.cpp,0.4807754158973694,0
cand_120397.cpp,cand_141851.cpp,0.5140699148178101,0
cand_192422.cpp,cand_262537.cpp,0.10143911838531494,0
cand_134170.cpp,cand_090041.cpp,0.5324415564537048,0
cand_071934.cpp,cand_116619.cpp,0.47555071115493774,0
cand_274061.cpp,cand_116982.cpp,0.3803673982620239,0
cand_047636.cpp,cand_018473.cpp,0.39731693267822266,0
cand_155357.cpp,cand_155415.cpp,0.44422706961631775,0
cand_140574.cpp,cand_085645.cpp,0.4495629072189331,0
cand_287236.cpp,cand_287333.cpp,0.4034799039363861,0
cand_076922.cpp,cand_247393.cpp,0.5230127573013306,0
cand_277368.cpp,cand_229846.cpp,0.496586412191391,0
cand_269063.cpp,cand_227618.cpp,0.4966632127761841,0
cand_023342.cpp,cand_067340.cpp,0.5304401516914368,0
cand_031882.cpp,cand_020964.cpp,0.47708529233932495,0
cand_150907.cpp,cand_119827.cpp,0.4660432040691376,0
cand_081801.cpp,cand_163728.cpp,0.5145715475082397,0
cand_158418.cpp,cand_251250.cpp,0.5441727042198181,0
cand_064822.cpp,cand_050941.cpp,0.40975630283355713,0
cand_022524.cpp,cand_079477.cpp,0.36396288871765137,0
cand_102747.cpp,cand_096862.cpp,0.40702158212661743,0
cand_132503.cpp,cand_159766.cpp,0.31074121594429016,0
cand_088521.cpp,cand_286989.cpp,0.2250741720199585,0
cand_101578.cpp,cand_073596.cpp,0.544524610042572,0
cand_010885.cpp,cand_143219.cpp,0.513824999332428,0
cand_245644.cpp,cand_104235.cpp,0.47938716411590576,0
cand_195386.cpp,cand_195505.cpp,0.4920501708984375,0
cand_249221.cpp,cand_150755.cpp,0.45038941502571106,0
cand_079937.cpp,cand_221376.cpp,0.414972186088562,0
cand_198091.cpp,cand_110067.cpp,0.33598148822784424,0
cand_063391.cpp,cand_086543.cpp,0.47849270701408386,0
cand_110968.cpp,cand_113359.cpp,0.5147303938865662,0
cand_126870.cpp,cand_129920.cpp,0.3056343197822571,0
cand_087041.cpp,cand_184319.cpp,0.5440384745597839,0
cand_122981.cpp,cand_100926.cpp,0.47437751293182373,0
cand_192422.cpp,cand_146787.cpp,0.5115732550621033,0
cand_050446.cpp,cand_016440.cpp,0.4587611258029938,0
cand_160552.cpp,cand_026597.cpp,0.4954169690608978,0
cand_161743.cpp,cand_053346.cpp,0.4726601541042328,0
cand_126240.cpp,cand_231832.cpp,0.5624437928199768,0
cand_192411.cpp,cand_004585.cpp,0.36668819189071655,0
cand_163623.cpp,cand_055362.cpp,0.29388612508773804,0
cand_016434.cpp,cand_135496.cpp,0.448773056268692,0
cand_274836.cpp,cand_149476.cpp,0.4406164884567261,0
cand_132564.cpp,cand_118276.cpp,0.2759702205657959,0
cand_140767.cpp,cand_280997.cpp,0.43844249844551086,0
cand_146781.cpp,cand_071103.cpp,0.485218346118927,0
cand_050137.cpp,cand_050118.cpp,0.488066166639328,0
cand_223774.cpp,cand_148690.cpp,0.2762361168861389,0
cand_085135.cpp,cand_121366.cpp,0.34383806586265564,0
cand_274674.cpp,cand_050230.cpp,0.4132712185382843,0
cand_012328.cpp,cand_012376.cpp,0.4290042221546173,0
cand_101079.cpp,cand_066442.cpp,0.5123618245124817,0
cand_055171.cpp,cand_096197.cpp,0.3992941677570343,0
cand_270749.cpp,cand_180523.cpp,0.5229452848434448,0
cand_154492.cpp,cand_088503.cpp,0.4462657868862152,0
cand_061211.cpp,cand_218046.cpp,0.5058425068855286,0
cand_151482.cpp,cand_119259.cpp,0.5087805986404419,0
cand_012503.cpp,cand_063930.cpp,0.47818803787231445,0
cand_280326.cpp,cand_172995.cpp,0.44102054834365845,0
cand_078142.cpp,cand_086523.cpp,0.4276849627494812,0
cand_278145.cpp,cand_219133.cpp,0.5601435303688049,0
cand_288526.cpp,cand_167163.cpp,0.5599966645240784,0
cand_241505.cpp,cand_154210.cpp,0.554029643535614,0
cand_109775.cpp,cand_151821.cpp,0.4426977038383484,0
cand_082252.cpp,cand_296289.cpp,0.43304669857025146,0
cand_050629.cpp,cand_020686.cpp,0.43916910886764526,0
cand_137416.cpp,cand_126249.cpp,0.48882415890693665,0
cand_052386.cpp,cand_065459.cpp,0.02032044716179371,0
cand_230698.cpp,cand_092504.cpp,0.34471166133880615,0
cand_140093.cpp,cand_140768.cpp,0.4992494583129883,0
cand_231322.cpp,cand_128550.cpp,0.4648495614528656,0
cand_240208.cpp,cand_175827.cpp,0.42553266882896423,0
cand_158181.cpp,cand_287911.cpp,0.5226342678070068,0
cand_037691.cpp,cand_018333.cpp,0.4680841863155365,0
cand_152842.cpp,cand_008211.cpp,0.2984631359577179,0
cand_261203.cpp,cand_140001.cpp,0.4858829081058502,0
cand_102452.cpp,cand_078822.cpp,0.5393174886703491,0
cand_012238.cpp,cand_176480.cpp,0.3090271055698395,0
cand_103438.cpp,cand_108435.cpp,0.41666379570961,0
cand_097312.cpp,cand_096925.cpp,0.36010757088661194,0
cand_125050.cpp,cand_092952.cpp,0.2558329105377197,0
cand_086871.cpp,cand_141531.cpp,0.5263188481330872,0
cand_282484.cpp,cand_137278.cpp,0.43950778245925903,0
cand_030284.cpp,cand_283239.cpp,0.4395233988761902,0
cand_101005.cpp,cand_279677.cpp,0.2117956280708313,0
cand_294652.cpp,cand_112226.cpp,0.4719780385494232,0
cand_001651.cpp,cand_087582.cpp,0.5319341421127319,0
cand_264229.cpp,cand_175630.cpp,0.4727913439273834,0
cand_260692.cpp,cand_169252.cpp,0.41879433393478394,0
cand_074727.cpp,cand_112462.cpp,0.5031889081001282,0
cand_027391.cpp,cand_281332.cpp,0.23942534625530243,0
cand_269427.cpp,cand_171527.cpp,0.5282309651374817,0
cand_067675.cpp,cand_134901.cpp,0.5383032560348511,0
cand_011703.cpp,cand_221423.cpp,0.5112537145614624,0
cand_085537.cpp,cand_078386.cpp,0.4850369989871979,0
cand_085608.cpp,cand_030282.cpp,0.48777925968170166,0
cand_016188.cpp,cand_241665.cpp,0.0556088425219059,0
cand_241106.cpp,cand_129176.cpp,0.47069188952445984,0
cand_150718.cpp,cand_241973.cpp,0.3153441250324249,0
cand_151574.cpp,cand_072555.cpp,0.48962706327438354,0
cand_229626.cpp,cand_254265.cpp,0.39145806431770325,0
cand_010376.cpp,cand_058631.cpp,0.4305301010608673,0
cand_168890.cpp,cand_110496.cpp,0.44938746094703674,0
cand_060983.cpp,cand_148920.cpp,0.5575329661369324,0
cand_012382.cpp,cand_012330.cpp,0.4706151783466339,0
cand_145728.cpp,cand_182103.cpp,0.22906064987182617,0
cand_175722.cpp,cand_158952.cpp,0.4627818167209625,0
cand_088495.cpp,cand_032111.cpp,0.4253789484500885,0
cand_189479.cpp,cand_228653.cpp,0.5388880372047424,0
cand_022162.cpp,cand_087077.cpp,0.4360872805118561,0
cand_123366.cpp,cand_054205.cpp,0.5310196876525879,0
cand_017082.cpp,cand_168628.cpp,0.5078521370887756,0
cand_033192.cpp,cand_054309.cpp,0.4990287721157074,0
cand_030338.cpp,cand_152526.cpp,0.5186554789543152,0
cand_009067.cpp,cand_066712.cpp,0.4719930589199066,0
cand_103435.cpp,cand_164173.cpp,0.4842509627342224,0
cand_160292.cpp,cand_175368.cpp,0.3836161494255066,0
cand_239999.cpp,cand_236852.cpp,0.40794050693511963,0
cand_255407.cpp,cand_180415.cpp,0.3968034088611603,0
cand_276364.cpp,cand_245996.cpp,0.4914591312408447,0
cand_146766.cpp,cand_180392.cpp,0.07663243263959885,0
cand_084412.cpp,cand_080504.cpp,0.5047251582145691,0
cand_007010.cpp,cand_061385.cpp,0.5181882381439209,0
cand_086045.cpp,cand_057075.cpp,0.5045720934867859,0
cand_037139.cpp,cand_279670.cpp,0.5061602592468262,0
cand_165199.cpp,cand_111100.cpp,0.5407125353813171,0
cand_134813.cpp,cand_131415.cpp,0.5132672190666199,0
cand_136954.cpp,cand_144845.cpp,0.5301501154899597,0
cand_252201.cpp,cand_251407.cpp,0.4947856664657593,0
cand_257432.cpp,cand_027095.cpp,0.5170795917510986,0
cand_246300.cpp,cand_151085.cpp,0.5365845561027527,0
cand_242377.cpp,cand_242395.cpp,0.45717653632164,0
cand_176479.cpp,cand_176478.cpp,0.5512488484382629,0
cand_135653.cpp,cand_135658.cpp,0.5040698051452637,0
cand_130694.cpp,cand_134776.cpp,0.5303583741188049,0
cand_256532.cpp,cand_153369.cpp,0.5477803349494934,0
cand_141150.cpp,cand_114442.cpp,0.32107600569725037,0
cand_070787.cpp,cand_070820.cpp,0.560923159122467,0
cand_168397.cpp,cand_131145.cpp,0.43340393900871277,0
cand_050874.cpp,cand_118730.cpp,0.503740131855011,0
cand_054802.cpp,cand_054825.cpp,0.43573853373527527,0
cand_147537.cpp,cand_147517.cpp,0.48194923996925354,0
cand_255176.cpp,cand_102267.cpp,0.567854106426239,0
cand_039891.cpp,cand_039331.cpp,0.49143287539482117,0
cand_230345.cpp,cand_264506.cpp,0.5370401740074158,0
cand_259430.cpp,cand_259445.cpp,0.44670677185058594,0
cand_039549.cpp,cand_039729.cpp,0.40111294388771057,0
cand_118264.cpp,cand_118184.cpp,0.4676104485988617,0
cand_141819.cpp,cand_141830.cpp,0.552150547504425,0
cand_057940.cpp,cand_013259.cpp,0.061850134283304214,0
cand_118618.cpp,cand_069331.cpp,0.5352853536605835,0
cand_025701.cpp,cand_025644.cpp,0.5342956781387329,0
cand_252223.cpp,cand_239058.cpp,0.41877928376197815,0
cand_039017.cpp,cand_039833.cpp,0.5240108370780945,0
cand_067632.cpp,cand_126160.cpp,0.47201430797576904,0
cand_118133.cpp,cand_134929.cpp,0.48687800765037537,0
cand_050068.cpp,cand_088048.cpp,0.5371624827384949,0
cand_101275.cpp,cand_239107.cpp,0.46066051721572876,0
cand_197582.cpp,cand_254791.cpp,0.280414879322052,0
cand_085411.cpp,cand_056690.cpp,0.44061943888664246,0
cand_056645.cpp,cand_031191.cpp,0.5544657111167908,0
cand_177096.cpp,cand_056625.cpp,0.4786815047264099,0
cand_119183.cpp,cand_050801.cpp,0.5352522730827332,0
cand_293952.cpp,cand_293953.cpp,0.5280745029449463,0
cand_105891.cpp,cand_042796.cpp,0.41135621070861816,0
cand_118123.cpp,cand_117981.cpp,0.5319765210151672,0
cand_109673.cpp,cand_109688.cpp,0.40617915987968445,0
cand_017418.cpp,cand_180128.cpp,0.5294761061668396,1
cand_122512.cpp,cand_186412.cpp,0.5113428235054016,0
cand_111215.cpp,cand_122560.cpp,0.5500929951667786,0
cand_135613.cpp,cand_118066.cpp,0.4236959218978882,0
cand_253506.cpp,cand_253190.cpp,0.4723590910434723,0
cand_194121.cpp,cand_194128.cpp,0.5414950251579285,0
cand_186222.cpp,cand_140912.cpp,0.4774579107761383,0
cand_085393.cpp,cand_114245.cpp,0.5138390064239502,0
cand_065098.cpp,cand_077953.cpp,0.5195322632789612,0
cand_131427.cpp,cand_122118.cpp,0.5156770944595337,0
cand_259151.cpp,cand_294082.cpp,0.4198329448699951,0
cand_050787.cpp,cand_118705.cpp,0.4407677948474884,0
cand_242181.cpp,cand_242344.cpp,0.33759942650794983,0
cand_242888.cpp,cand_229366.cpp,0.5175118446350098,0
cand_025695.cpp,cand_035155.cpp,0.5239852070808411,0
cand_039524.cpp,cand_039161.cpp,0.555551290512085,0
cand_114086.cpp,cand_141934.cpp,0.5033917427062988,0
cand_111151.cpp,cand_122670.cpp,0.44061896204948425,0
cand_033945.cpp,cand_033858.cpp,0.40251588821411133,0
cand_186390.cpp,cand_186949.cpp,0.46234315633773804,0
cand_078497.cpp,cand_161029.cpp,0.5007898211479187,0
cand_239953.cpp,cand_239954.cpp,0.3425622284412384,0
cand_070802.cpp,cand_070862.cpp,0.4321436285972595,0
cand_122691.cpp,cand_137003.cpp,0.36939582228660583,0
cand_164938.cpp,cand_294007.cpp,0.4453469216823578,0
cand_119124.cpp,cand_119118.cpp,0.5385231971740723,0
cand_119332.cpp,cand_050760.cpp,0.5366255044937134,0
cand_163670.cpp,cand_297739.cpp,0.4932725131511688,0
cand_118086.cpp,cand_117997.cpp,0.4283617436885834,0
cand_113568.cpp,cand_134811.cpp,0.19161765277385712,0
cand_286789.cpp,cand_286796.cpp,0.5459461808204651,0
cand_101376.cpp,cand_071324.cpp,0.538353681564331,0
cand_118837.cpp,cand_245595.cpp,0.5414553284645081,0
cand_159266.cpp,cand_130426.cpp,0.4186866879463196,0
cand_250144.cpp,cand_250145.cpp,0.5036363005638123,0
cand_237267.cpp,cand_237424.cpp,0.5428606867790222,0
cand_024283.cpp,cand_011475.cpp,0.4933586120605469,0
cand_061312.cpp,cand_121825.cpp,0.08211333304643631,0
cand_187685.cpp,cand_166828.cpp,0.5508979558944702,0
cand_024119.cpp,cand_296006.cpp,0.37418851256370544,0
cand_127803.cpp,cand_141768.cpp,0.5551027655601501,0
cand_114339.cpp,cand_121203.cpp,0.47262752056121826,0
cand_086229.cpp,cand_134948.cpp,0.5137989521026611,0
cand_178391.cpp,cand_186261.cpp,0.466936320066452,0
cand_135240.cpp,cand_141687.cpp,0.01522181648761034,0
cand_130684.cpp,cand_086198.cpp,0.5384026765823364,0
cand_162241.cpp,cand_152413.cpp,0.5011682510375977,0
cand_136648.cpp,cand_141637.cpp,0.47495371103286743,0
cand_033067.cpp,cand_022432.cpp,0.5619688630104065,0
cand_154304.cpp,cand_277446.cpp,0.510254442691803,0
cand_024184.cpp,cand_024185.cpp,0.44208234548568726,0
cand_140039.cpp,cand_135916.cpp,0.5529516339302063,0
cand_172643.cpp,cand_172701.cpp,0.5182717442512512,0
cand_039523.cpp,cand_039575.cpp,0.47618821263313293,0
cand_021618.cpp,cand_050486.cpp,0.44215503334999084,0
cand_078488.cpp,cand_278384.cpp,0.4891367256641388,0
cand_119040.cpp,cand_056821.cpp,0.47121462225914,0
cand_165421.cpp,cand_171702.cpp,0.5527234077453613,0
cand_116339.cpp,cand_141697.cpp,0.5523610711097717,0
cand_239907.cpp,cand_288906.cpp,0.47854071855545044,0
cand_136418.cpp,cand_136421.cpp,0.5172433257102966,0
cand_141963.cpp,cand_036259.cpp,0.5347685813903809,0
cand_086240.cpp,cand_068693.cpp,0.3945571184158325,0
cand_118798.cpp,cand_050763.cpp,0.45754650235176086,0
cand_007240.cpp,cand_086231.cpp,0.42986902594566345,0
cand_118020.cpp,cand_117979.cpp,0.29637959599494934,0
cand_008941.cpp,cand_065449.cpp,0.5152984857559204,0
cand_039549.cpp,cand_039344.cpp,0.4793221354484558,0
cand_251481.cpp,cand_170329.cpp,0.47474905848503113,0
cand_255130.cpp,cand_118691.cpp,0.5486544966697693,0
cand_050895.cpp,cand_056462.cpp,0.5353878140449524,0
cand_230688.cpp,cand_190662.cpp,0.4174444079399109,0
cand_079978.cpp,cand_031163.cpp,0.4706580340862274,0
cand_234564.cpp,cand_278509.cpp,0.5551677346229553,0
cand_085328.cpp,cand_024056.cpp,0.5193336009979248,0
cand_186077.cpp,cand_022060.cpp,0.48708832263946533,0
cand_178703.cpp,cand_158589.cpp,0.5413674712181091,0
cand_114476.cpp,cand_240411.cpp,0.3746589422225952,0
cand_246769.cpp,cand_055804.cpp,0.20974263548851013,0
cand_186677.cpp,cand_186322.cpp,0.5301607847213745,0
cand_141897.cpp,cand_114092.cpp,0.5175976157188416,0
cand_253283.cpp,cand_253025.cpp,0.5279698371887207,1
cand_118821.cpp,cand_059592.cpp,0.5294460654258728,0
cand_024093.cpp,cand_083401.cpp,0.3589928150177002,0
cand_118122.cpp,cand_118179.cpp,0.5696501135826111,0
cand_049193.cpp,cand_050871.cpp,0.5202454328536987,0
cand_111290.cpp,cand_165313.cpp,0.4604742228984833,0
cand_184689.cpp,cand_271804.cpp,0.44706130027770996,0
cand_208741.cpp,cand_208660.cpp,0.5049419403076172,0
cand_102330.cpp,cand_210106.cpp,0.43668133020401,0
cand_113902.cpp,cand_017327.cpp,0.42277875542640686,0
cand_286919.cpp,cand_201310.cpp,0.4189031720161438,0
cand_143123.cpp,cand_099124.cpp,0.43751901388168335,0
cand_141959.cpp,cand_036210.cpp,0.5108891725540161,0
cand_253720.cpp,cand_253256.cpp,0.5198543667793274,0
cand_131254.cpp,cand_116385.cpp,0.510177493095398,0
cand_192798.cpp,cand_192945.cpp,0.4524921476840973,0
cand_056927.cpp,cand_002942.cpp,0.42198479175567627,0
cand_119007.cpp,cand_118946.cpp,0.4740222692489624,0
cand_031531.cpp,cand_112808.cpp,0.4785864055156708,0
cand_200465.cpp,cand_153010.cpp,0.5239752531051636,0
cand_293378.cpp,cand_251086.cpp,0.5486333966255188,0
cand_140582.cpp,cand_140588.cpp,0.5521317720413208,0
cand_027414.cpp,cand_161725.cpp,0.47383928298950195,0
cand_283469.cpp,cand_118943.cpp,0.4918806850910187,0
cand_080067.cpp,cand_096375.cpp,0.46503210067749023,0
cand_091670.cpp,cand_132293.cpp,0.49885091185569763,0
cand_028365.cpp,cand_017408.cpp,0.4832184910774231,0
cand_086229.cpp,cand_136399.cpp,0.4466767907142639,0
cand_079475.cpp,cand_297812.cpp,0.45887109637260437,0
cand_096272.cpp,cand_096268.cpp,0.45723792910575867,0
cand_246751.cpp,cand_118711.cpp,0.5357592701911926,0
cand_136676.cpp,cand_061221.cpp,0.3062637448310852,0
cand_070767.cpp,cand_070775.cpp,0.5017178654670715,0
cand_181709.cpp,cand_165940.cpp,0.42191803455352783,0
cand_160999.cpp,cand_294470.cpp,0.5089228749275208,0
cand_041768.cpp,cand_038268.cpp,0.518591582775116,0
cand_088675.cpp,cand_088594.cpp,0.5643219947814941,0
cand_083725.cpp,cand_278357.cpp,0.5550802946090698,0
cand_101976.cpp,cand_275795.cpp,0.48081421852111816,0
cand_120366.cpp,cand_081206.cpp,0.5405282378196716,0
cand_096053.cpp,cand_186811.cpp,0.40437614917755127,0
cand_264169.cpp,cand_261380.cpp,0.43502166867256165,0
cand_055040.cpp,cand_126849.cpp,0.5315809845924377,0
cand_158706.cpp,cand_295999.cpp,0.44383013248443604,0
cand_025617.cpp,cand_025629.cpp,0.5668138265609741,0
cand_025058.cpp,cand_025088.cpp,0.5367985367774963,0
cand_024121.cpp,cand_143261.cpp,0.36600974202156067,0
cand_219435.cpp,cand_169630.cpp,0.46002209186553955,0
cand_145813.cpp,cand_115733.cpp,0.4854256808757782,0
cand_058361.cpp,cand_013919.cpp,0.3450075685977936,0
cand_093232.cpp,cand_064425.cpp,0.4582107961177826,0
cand_034543.cpp,cand_165263.cpp,0.39491942524909973,0
cand_256515.cpp,cand_260862.cpp,0.5000848174095154,0
cand_078494.cpp,cand_049345.cpp,0.41355860233306885,0
cand_136418.cpp,cand_086230.cpp,0.46558907628059387,0
cand_176889.cpp,cand_186439.cpp,0.3386159837245941,0
cand_010493.cpp,cand_017977.cpp,0.5257847905158997,0
cand_131431.cpp,cand_131417.cpp,0.4407367706298828,0
cand_148644.cpp,cand_148759.cpp,0.5071712732315063,0
cand_237344.cpp,cand_227304.cpp,0.5615310668945312,0
cand_134052.cpp,cand_081139.cpp,0.5220248699188232,0
cand_146009.cpp,cand_181151.cpp,0.2740262448787689,0
cand_120677.cpp,cand_119166.cpp,0.4917004406452179,0
cand_074135.cpp,cand_074151.cpp,0.491414338350296,0
cand_015153.cpp,cand_015098.cpp,0.30972835421562195,0
cand_019074.cpp,cand_030740.cpp,0.41095027327537537,0
cand_033274.cpp,cand_135971.cpp,0.5321835875511169,0
cand_033837.cpp,cand_053386.cpp,0.5140400528907776,0
cand_160553.cpp,cand_245220.cpp,0.44918331503868103,0
cand_141706.cpp,cand_134811.cpp,0.471583753824234,0
cand_126352.cpp,cand_165250.cpp,0.49520954489707947,0
cand_157303.cpp,cand_083331.cpp,0.4819568395614624,0
cand_165293.cpp,cand_186246.cpp,0.5329368710517883,0
cand_253685.cpp,cand_253108.cpp,0.5085932016372681,0
cand_111301.cpp,cand_111264.cpp,0.5670059323310852,0
cand_157447.cpp,cand_148766.cpp,0.3854152262210846,0
cand_175770.cpp,cand_158552.cpp,0.10955450683832169,0
cand_071502.cpp,cand_294147.cpp,0.39697518944740295,0
cand_140029.cpp,cand_140201.cpp,0.518737256526947,0
cand_036330.cpp,cand_036230.cpp,0.5402321219444275,0
cand_131689.cpp,cand_032138.cpp,0.5115537047386169,0
cand_113978.cpp,cand_137109.cpp,0.5024139881134033,0
cand_175046.cpp,cand_174815.cpp,0.5395472645759583,0
cand_061388.cpp,cand_061312.cpp,0.049280133098363876,0
cand_118669.cpp,cand_118787.cpp,0.34159597754478455,0
cand_140019.cpp,cand_143190.cpp,0.5202981233596802,0
cand_056418.cpp,cand_019073.cpp,0.5469794869422913,0
cand_161030.cpp,cand_131729.cpp,0.5097771286964417,0
cand_247372.cpp,cand_131126.cpp,0.5175002813339233,0
cand_237873.cpp,cand_237429.cpp,0.540769636631012,0
cand_071161.cpp,cand_001992.cpp,0.5343273878097534,0
cand_210326.cpp,cand_116531.cpp,0.5492714643478394,0
cand_031201.cpp,cand_119145.cpp,0.49767377972602844,0
cand_103156.cpp,cand_103030.cpp,0.45535409450531006,0
cand_210994.cpp,cand_210114.cpp,0.5584995746612549,0
cand_124153.cpp,cand_024040.cpp,0.5511245131492615,0
cand_136049.cpp,cand_245287.cpp,0.45725420117378235,0
cand_083527.cpp,cand_024079.cpp,0.5676578879356384,0
cand_122581.cpp,cand_122502.cpp,0.5145270228385925,0
cand_017790.cpp,cand_277503.cpp,0.3453766107559204,0
cand_110211.cpp,cand_086143.cpp,0.4591773450374603,0
cand_138817.cpp,cand_147199.cpp,0.26563119888305664,0
cand_293705.cpp,cand_108383.cpp,0.4683245122432709,0
cand_222941.cpp,cand_253414.cpp,0.4791894555091858,0
cand_210541.cpp,cand_210533.cpp,0.5351459383964539,0
cand_145494.cpp,cand_268755.cpp,0.5365541577339172,0
cand_123102.cpp,cand_219896.cpp,0.5551062226295471,0
cand_274303.cpp,cand_016842.cpp,0.5624711513519287,0
cand_033366.cpp,cand_033383.cpp,0.5289750695228577,0
cand_056606.cpp,cand_050792.cpp,0.43073734641075134,0
cand_082321.cpp,cand_076178.cpp,0.3528852164745331,0
cand_260948.cpp,cand_260985.cpp,0.5629460215568542,0
cand_271528.cpp,cand_267207.cpp,0.5466684699058533,0
cand_287265.cpp,cand_033722.cpp,0.38363033533096313,0
cand_246396.cpp,cand_020811.cpp,0.4965418577194214,0
cand_271602.cpp,cand_271577.cpp,0.5698893070220947,0
cand_031506.cpp,cand_050760.cpp,0.46378543972969055,0
cand_176242.cpp,cand_111740.cpp,0.42628273367881775,0
cand_034433.cpp,cand_119552.cpp,0.27922794222831726,0
cand_050868.cpp,cand_056792.cpp,0.4799914062023163,0
cand_104641.cpp,cand_126459.cpp,0.3846392333507538,0
cand_165852.cpp,cand_165848.cpp,0.4728938937187195,0
cand_049342.cpp,cand_006395.cpp,0.4975825548171997,0
cand_063287.cpp,cand_063249.cpp,0.5030272006988525,0
cand_126404.cpp,cand_159362.cpp,0.4411367177963257,0
cand_027634.cpp,cand_165362.cpp,0.5174171328544617,0
cand_025724.cpp,cand_025665.cpp,0.3197726905345917,0
cand_078636.cpp,cand_201317.cpp,0.5099366903305054,0
cand_210870.cpp,cand_167656.cpp,0.5221918821334839,0
cand_018816.cpp,cand_247316.cpp,0.5213257670402527,0
cand_105895.cpp,cand_040361.cpp,0.40290385484695435,0
cand_056670.cpp,cand_073648.cpp,0.5165410041809082,0
cand_146542.cpp,cand_148656.cpp,0.3172014355659485,0
cand_114323.cpp,cand_092629.cpp,0.45536527037620544,0
cand_102257.cpp,cand_118689.cpp,0.5578429698944092,0
cand_117554.cpp,cand_134951.cpp,0.09866209328174591,0
cand_057539.cpp,cand_054497.cpp,0.5493031740188599,0
cand_056890.cpp,cand_248749.cpp,0.45089662075042725,0
cand_287396.cpp,cand_245441.cpp,0.43672919273376465,0
cand_116542.cpp,cand_054951.cpp,0.4839698076248169,0
cand_143227.cpp,cand_161022.cpp,0.5341007709503174,0
cand_026474.cpp,cand_287274.cpp,0.41036728024482727,0
cand_162744.cpp,cand_277600.cpp,0.42827364802360535,0
cand_052448.cpp,cand_245328.cpp,0.5523304343223572,0
cand_254784.cpp,cand_254906.cpp,0.5158392786979675,0
cand_191016.cpp,cand_191008.cpp,0.4673447906970978,0
cand_059605.cpp,cand_120414.cpp,0.5461747646331787,0
cand_148259.cpp,cand_148359.cpp,0.36303651332855225,0
cand_035448.cpp,cand_186409.cpp,0.4408743381500244,0
cand_130648.cpp,cand_086301.cpp,0.1526302844285965,0
cand_082359.cpp,cand_127595.cpp,0.45745182037353516,0
cand_104144.cpp,cand_056402.cpp,0.44069916009902954,0
cand_097727.cpp,cand_016293.cpp,0.4682670533657074,0
cand_066987.cpp,cand_022166.cpp,0.5318014621734619,0
cand_057088.cpp,cand_033376.cpp,0.48830801248550415,0
cand_164245.cpp,cand_294148.cpp,0.5493252277374268,0
cand_163148.cpp,cand_145729.cpp,0.5353151559829712,0
cand_035008.cpp,cand_035041.cpp,0.4949994385242462,0
cand_096298.cpp,cand_096070.cpp,0.5429503917694092,0
cand_158026.cpp,cand_103142.cpp,0.5386273860931396,0
cand_035225.cpp,cand_175320.cpp,0.46735307574272156,0
cand_278108.cpp,cand_278162.cpp,0.5697494745254517,0
cand_114585.cpp,cand_114498.cpp,0.5310816764831543,0
cand_049349.cpp,cand_128553.cpp,0.4767925441265106,0
cand_141777.cpp,cand_007280.cpp,0.28202205896377563,0
cand_098031.cpp,cand_098217.cpp,0.4511689245700836,0
cand_020795.cpp,cand_016861.cpp,0.26033589243888855,0
cand_237769.cpp,cand_278325.cpp,0.5588308572769165,0
cand_070100.cpp,cand_016833.cpp,0.3866654634475708,0
cand_114311.cpp,cand_114239.cpp,0.4486351013183594,0
cand_113977.cpp,cand_294046.cpp,0.532120406627655,0
cand_151049.cpp,cand_244231.cpp,0.5532676577568054,0
cand_128971.cpp,cand_139297.cpp,0.4218856990337372,0
cand_122569.cpp,cand_164441.cpp,0.5379858016967773,0
cand_181717.cpp,cand_186945.cpp,0.4472157955169678,0
cand_035522.cpp,cand_171691.cpp,0.48252275586128235,0
cand_149118.cpp,cand_240233.cpp,0.2866826355457306,0
cand_036496.cpp,cand_112765.cpp,0.36719992756843567,0
cand_261432.cpp,cand_226781.cpp,0.46796345710754395,0
cand_112851.cpp,cand_121642.cpp,0.31226080656051636,0
cand_242262.cpp,cand_170038.cpp,0.549828052520752,0
cand_050726.cpp,cand_132968.cpp,0.3842858374118805,0
cand_271300.cpp,cand_280089.cpp,0.44244468212127686,0
cand_035722.cpp,cand_035720.cpp,0.42298614978790283,0
cand_052144.cpp,cand_082957.cpp,0.28867965936660767,0
cand_175238.cpp,cand_096355.cpp,0.359292596578598,0
cand_223916.cpp,cand_224172.cpp,0.4079931378364563,0
cand_052963.cpp,cand_229755.cpp,0.4968634843826294,0
cand_025057.cpp,cand_025026.cpp,0.5197900533676147,0
cand_139283.cpp,cand_116523.cpp,0.36855506896972656,0
cand_088046.cpp,cand_026988.cpp,0.47697314620018005,0
cand_053069.cpp,cand_035123.cpp,0.47424131631851196,0
cand_052134.cpp,cand_099386.cpp,0.5352133512496948,0
cand_163705.cpp,cand_108374.cpp,0.423833429813385,0
cand_057322.cpp,cand_051324.cpp,0.47472214698791504,0
cand_133513.cpp,cand_133617.cpp,0.4461382031440735,0
cand_005756.cpp,cand_005714.cpp,0.5026567578315735,0
cand_205294.cpp,cand_251137.cpp,0.4796263873577118,0
cand_267532.cpp,cand_049247.cpp,0.40422436594963074,0
cand_078587.cpp,cand_085503.cpp,0.4345315098762512,0
cand_230709.cpp,cand_110903.cpp,0.4404553472995758,0
cand_031511.cpp,cand_101391.cpp,0.3558359146118164,0
cand_052469.cpp,cand_019101.cpp,0.43911606073379517,0
cand_111396.cpp,cand_056006.cpp,0.47815728187561035,0
cand_056424.cpp,cand_067583.cpp,0.44236770272254944,0
cand_142805.cpp,cand_079818.cpp,0.44663727283477783,0
cand_057429.cpp,cand_069158.cpp,0.3448345959186554,0
cand_068896.cpp,cand_068892.cpp,0.5087012648582458,0
cand_171643.cpp,cand_261368.cpp,0.5373677611351013,0
cand_092589.cpp,cand_056610.cpp,0.5180783867835999,0
cand_058018.cpp,cand_057856.cpp,0.43051764369010925,0
cand_102710.cpp,cand_244230.cpp,0.4543602168560028,0
cand_111183.cpp,cand_152726.cpp,0.39661386609077454,0
cand_131646.cpp,cand_077132.cpp,0.5416191816329956,0
cand_161834.cpp,cand_223540.cpp,0.3650141656398773,0
cand_049470.cpp,cand_158519.cpp,0.42558979988098145,0
cand_011879.cpp,cand_267446.cpp,0.3968426585197449,0
cand_143290.cpp,cand_070175.cpp,0.25906822085380554,0
cand_232664.cpp,cand_044785.cpp,0.5354093909263611,0
cand_049793.cpp,cand_080116.cpp,0.5103783011436462,0
cand_112362.cpp,cand_034827.cpp,0.5530656576156616,0
cand_122421.cpp,cand_122511.cpp,0.5549678802490234,0
cand_035130.cpp,cand_110810.cpp,0.46750152111053467,0
cand_077204.cpp,cand_033721.cpp,0.4378346800804138,0
cand_081520.cpp,cand_165233.cpp,0.2728439271450043,0
cand_018912.cpp,cand_227629.cpp,0.5199630856513977,0
cand_256762.cpp,cand_294402.cpp,0.3612317144870758,0
cand_186232.cpp,cand_186132.cpp,0.4876382052898407,0
cand_007393.cpp,cand_007413.cpp,0.5478779077529907,0
cand_112760.cpp,cand_060700.cpp,0.5113255977630615,0
cand_016242.cpp,cand_016218.cpp,0.5340695381164551,0
cand_092770.cpp,cand_053134.cpp,0.40389522910118103,0
cand_232636.cpp,cand_051209.cpp,0.38945135474205017,0
cand_033794.cpp,cand_128545.cpp,0.5112597942352295,0
cand_165286.cpp,cand_240308.cpp,0.5460935235023499,0
cand_122468.cpp,cand_034524.cpp,0.39924323558807373,0
cand_186846.cpp,cand_116573.cpp,0.35954657196998596,0
cand_096980.cpp,cand_144638.cpp,0.393041729927063,0
cand_067659.cpp,cand_108439.cpp,0.5318930745124817,0
cand_096390.cpp,cand_029368.cpp,0.502577543258667,0
cand_222327.cpp,cand_077130.cpp,0.2510397136211395,0
cand_136496.cpp,cand_136551.cpp,0.4523169994354248,0
cand_246485.cpp,cand_256675.cpp,0.3816525340080261,0
cand_096237.cpp,cand_096337.cpp,0.5270148515701294,0
cand_034737.cpp,cand_034696.cpp,0.5455281138420105,0
cand_061312.cpp,cand_078289.cpp,0.050965894013643265,0
cand_277319.cpp,cand_262588.cpp,0.5575495958328247,0
cand_138469.cpp,cand_166561.cpp,0.48864251375198364,0
cand_031480.cpp,cand_131690.cpp,0.4751304090023041,0
cand_141408.cpp,cand_033513.cpp,0.41518694162368774,0
cand_281267.cpp,cand_236412.cpp,0.42136526107788086,0
cand_120250.cpp,cand_165246.cpp,0.5308456420898438,0
cand_114908.cpp,cand_056355.cpp,0.48019295930862427,0
cand_269289.cpp,cand_165248.cpp,0.563052237033844,0
cand_033985.cpp,cand_033870.cpp,0.5142650008201599,0
cand_110994.cpp,cand_025596.cpp,0.5483155250549316,0
cand_109993.cpp,cand_256258.cpp,0.433898389339447,0
cand_004065.cpp,cand_072300.cpp,0.4965090751647949,0
cand_128973.cpp,cand_032068.cpp,0.5331659317016602,0
cand_120220.cpp,cand_120209.cpp,0.5231335759162903,0
cand_088267.cpp,cand_123058.cpp,0.44955384731292725,0
cand_269487.cpp,cand_111821.cpp,0.5189833045005798,0
cand_252507.cpp,cand_226770.cpp,0.5076495409011841,0
cand_294088.cpp,cand_185968.cpp,0.4996223449707031,0
cand_036470.cpp,cand_050893.cpp,0.43432870507240295,0
cand_192828.cpp,cand_189249.cpp,0.28979724645614624,0
cand_240179.cpp,cand_030408.cpp,0.5177387595176697,0
cand_129813.cpp,cand_052421.cpp,0.3621670603752136,0
cand_085550.cpp,cand_151869.cpp,0.5431810617446899,0
cand_194121.cpp,cand_048978.cpp,0.5228474140167236,0
cand_294401.cpp,cand_051471.cpp,0.3687991201877594,0
cand_091470.cpp,cand_102652.cpp,0.3812888562679291,0
cand_158589.cpp,cand_106141.cpp,0.46067312359809875,0
cand_163431.cpp,cand_127299.cpp,0.4646190106868744,0
cand_108374.cpp,cand_186675.cpp,0.48195892572402954,0
cand_078117.cpp,cand_005319.cpp,0.4436997175216675,0
cand_066838.cpp,cand_059790.cpp,0.38423028588294983,0
cand_136249.cpp,cand_139183.cpp,0.5213912129402161,0
cand_138452.cpp,cand_030778.cpp,0.3843447268009186,0
cand_125823.cpp,cand_055540.cpp,0.4545135200023651,0
cand_112875.cpp,cand_112919.cpp,0.5114681124687195,0
cand_145208.cpp,cand_242899.cpp,0.42408043146133423,0
cand_050012.cpp,cand_139955.cpp,0.5601987242698669,0
cand_140988.cpp,cand_059726.cpp,0.4282432496547699,0
cand_121218.cpp,cand_114329.cpp,0.2624620199203491,0
cand_235128.cpp,cand_118747.cpp,0.4075564742088318,0
cand_111358.cpp,cand_111198.cpp,0.5325408577919006,0
cand_195803.cpp,cand_196504.cpp,0.48776257038116455,0
cand_102648.cpp,cand_102720.cpp,0.5495438575744629,0
cand_019077.cpp,cand_010871.cpp,0.3917429447174072,0
cand_250914.cpp,cand_250924.cpp,0.5221266150474548,0
cand_133062.cpp,cand_294401.cpp,0.507635772228241,0
cand_025833.cpp,cand_025817.cpp,0.5308957099914551,0
cand_000871.cpp,cand_140530.cpp,0.06594830751419067,0
cand_186712.cpp,cand_295994.cpp,0.48198434710502625,0
cand_110975.cpp,cand_111172.cpp,0.5658231973648071,0
cand_298066.cpp,cand_294995.cpp,0.5203922390937805,0
cand_246034.cpp,cand_139077.cpp,0.4615546464920044,0
cand_075666.cpp,cand_025748.cpp,0.5482540130615234,0
cand_150994.cpp,cand_102478.cpp,0.48244479298591614,0
cand_283360.cpp,cand_088594.cpp,0.531907856464386,0
cand_055801.cpp,cand_087790.cpp,0.5058375000953674,0
cand_187032.cpp,cand_221417.cpp,0.4855692982673645,0
cand_064979.cpp,cand_078120.cpp,0.5274856090545654,0
cand_231303.cpp,cand_178391.cpp,0.498732328414917,0
cand_088619.cpp,cand_088597.cpp,0.42852216958999634,0
cand_141622.cpp,cand_141625.cpp,0.4480290412902832,0
cand_078836.cpp,cand_080358.cpp,0.5000714063644409,0
cand_206413.cpp,cand_219901.cpp,0.37230560183525085,0
cand_096044.cpp,cand_096037.cpp,0.509484052658081,0
cand_279736.cpp,cand_227196.cpp,0.355703741312027,0
cand_049215.cpp,cand_118738.cpp,0.5561193823814392,0
cand_209388.cpp,cand_265395.cpp,0.5464117527008057,0
cand_264117.cpp,cand_190475.cpp,0.549622118473053,0
cand_130675.cpp,cand_154376.cpp,0.4486580491065979,0
cand_171783.cpp,cand_163626.cpp,0.5100289583206177,0
cand_033289.cpp,cand_178186.cpp,0.4863833487033844,0
cand_057086.cpp,cand_030710.cpp,0.4165051281452179,0
cand_027348.cpp,cand_126999.cpp,0.4462864100933075,0
cand_085382.cpp,cand_253979.cpp,0.5410383939743042,0
cand_114486.cpp,cand_114599.cpp,0.49847474694252014,0
cand_078487.cpp,cand_281321.cpp,0.5352100133895874,0
cand_131663.cpp,cand_254729.cpp,0.4703896939754486,0
cand_095008.cpp,cand_145696.cpp,0.20825938880443573,0
cand_075559.cpp,cand_055797.cpp,0.538526177406311,0
cand_105614.cpp,cand_150844.cpp,0.3228006064891815,0
cand_135122.cpp,cand_086407.cpp,0.3230622708797455,0
cand_259750.cpp,cand_016920.cpp,0.4471890330314636,0
cand_243014.cpp,cand_253863.cpp,0.26445472240448,0
cand_053043.cpp,cand_246767.cpp,0.18319569528102875,0
cand_018810.cpp,cand_089560.cpp,0.523621141910553,0
cand_297603.cpp,cand_149264.cpp,0.49471884965896606,0
cand_123125.cpp,cand_281830.cpp,0.4573131799697876,0
cand_134712.cpp,cand_096673.cpp,0.5105202198028564,0
cand_245473.cpp,cand_060824.cpp,0.4268202483654022,0
cand_025437.cpp,cand_058812.cpp,0.31807249784469604,0
cand_264169.cpp,cand_277884.cpp,0.3397436738014221,0
cand_080596.cpp,cand_294393.cpp,0.532177209854126,0
cand_135444.cpp,cand_148851.cpp,0.5651997327804565,0
cand_106290.cpp,cand_108320.cpp,0.4797786474227905,0
cand_129813.cpp,cand_050867.cpp,0.386766642332077,0
cand_120427.cpp,cand_080505.cpp,0.4870470464229584,0
cand_250128.cpp,cand_219734.cpp,0.400988906621933,0
cand_111688.cpp,cand_006888.cpp,0.5462095737457275,0
cand_175794.cpp,cand_175813.cpp,0.4706431031227112,0
cand_162322.cpp,cand_226496.cpp,0.43272706866264343,0
cand_012501.cpp,cand_070279.cpp,0.43387478590011597,0
cand_114257.cpp,cand_149273.cpp,0.5599334836006165,0
cand_061014.cpp,cand_147336.cpp,0.30773448944091797,0
cand_103036.cpp,cand_158020.cpp,0.526091456413269,0
cand_027225.cpp,cand_059578.cpp,0.44509756565093994,0
cand_127225.cpp,cand_140479.cpp,0.44911059737205505,0
cand_147973.cpp,cand_130475.cpp,0.4737696945667267,0
cand_113906.cpp,cand_246740.cpp,0.5420506000518799,0
cand_101403.cpp,cand_056577.cpp,0.5207410454750061,0
cand_101715.cpp,cand_016837.cpp,0.5196275115013123,0
cand_166217.cpp,cand_166198.cpp,0.5469740629196167,0
cand_144460.cpp,cand_129138.cpp,0.5250914096832275,0
cand_181206.cpp,cand_283399.cpp,0.39686718583106995,0
cand_165539.cpp,cand_116573.cpp,0.4277319014072418,0
cand_127572.cpp,cand_240578.cpp,0.5318649411201477,0
cand_116830.cpp,cand_114742.cpp,0.5381760001182556,0
cand_246316.cpp,cand_018519.cpp,0.4723522663116455,0
cand_131752.cpp,cand_078624.cpp,0.4733354449272156,0
cand_200312.cpp,cand_094657.cpp,0.4669952690601349,0
cand_025793.cpp,cand_025817.cpp,0.5421485900878906,0
cand_035299.cpp,cand_121940.cpp,0.5278876423835754,0
cand_073324.cpp,cand_093474.cpp,0.44647565484046936,0
cand_243011.cpp,cand_243024.cpp,0.26885026693344116,0
cand_078636.cpp,cand_201326.cpp,0.49219781160354614,0
cand_167573.cpp,cand_210387.cpp,0.4819163382053375,0
cand_056989.cpp,cand_033751.cpp,0.5561076402664185,0
cand_295295.cpp,cand_161021.cpp,0.4321161210536957,0
cand_250158.cpp,cand_221989.cpp,0.4125123918056488,0
cand_102033.cpp,cand_253720.cpp,0.5160539150238037,0
cand_028483.cpp,cand_013733.cpp,0.5432260632514954,0
cand_060363.cpp,cand_239511.cpp,0.36109811067581177,0
cand_077168.cpp,cand_226291.cpp,0.47102174162864685,0
cand_065761.cpp,cand_085349.cpp,0.4034995436668396,0
cand_153224.cpp,cand_050109.cpp,0.3842792212963104,0
cand_275683.cpp,cand_081341.cpp,0.4941186010837555,0
cand_001992.cpp,cand_127919.cpp,0.3344237506389618,0
cand_006254.cpp,cand_006232.cpp,0.4686940312385559,0
cand_011913.cpp,cand_057631.cpp,0.49011772871017456,0
cand_055661.cpp,cand_135939.cpp,0.4660055637359619,0
cand_244221.cpp,cand_022062.cpp,0.33789291977882385,0
cand_222255.cpp,cand_139887.cpp,0.5658509731292725,0
cand_186314.cpp,cand_231328.cpp,0.38478583097457886,0
cand_081369.cpp,cand_050075.cpp,0.5491060018539429,0
cand_129774.cpp,cand_129769.cpp,0.4783473312854767,0
cand_050575.cpp,cand_140037.cpp,0.38889938592910767,0
cand_112178.cpp,cand_052273.cpp,0.42416712641716003,0
cand_253672.cpp,cand_253723.cpp,0.35611289739608765,0
cand_094621.cpp,cand_125982.cpp,0.4415562152862549,1
cand_261298.cpp,cand_271554.cpp,0.5613633990287781,0
cand_293647.cpp,cand_091435.cpp,0.46409088373184204,0
cand_251885.cpp,cand_252977.cpp,0.5444349050521851,0
cand_067080.cpp,cand_122496.cpp,0.4447534680366516,0
cand_161842.cpp,cand_256375.cpp,0.46417659521102905,0
cand_243419.cpp,cand_050862.cpp,0.5575206279754639,0
cand_175883.cpp,cand_257311.cpp,0.3266327977180481,0
cand_197420.cpp,cand_195035.cpp,0.5541587471961975,0
cand_252632.cpp,cand_274281.cpp,0.3854343891143799,0
cand_111180.cpp,cand_153858.cpp,0.4847416877746582,0
cand_070954.cpp,cand_141513.cpp,0.46993717551231384,0
cand_121158.cpp,cand_076541.cpp,0.42135167121887207,0
cand_029927.cpp,cand_082134.cpp,0.5340067744255066,0
cand_296360.cpp,cand_076069.cpp,0.4730163514614105,0
cand_053794.cpp,cand_155285.cpp,0.4740339517593384,0
cand_129716.cpp,cand_120414.cpp,0.5168825387954712,0
cand_139121.cpp,cand_197608.cpp,0.43501150608062744,0
cand_054401.cpp,cand_058854.cpp,0.5215522646903992,0
cand_053324.cpp,cand_053296.cpp,0.5518220663070679,0
cand_085483.cpp,cand_156153.cpp,0.5573180913925171,0
cand_109733.cpp,cand_270327.cpp,0.515915036201477,0
cand_078391.cpp,cand_018149.cpp,0.4307045340538025,0
cand_192789.cpp,cand_192895.cpp,0.4223804175853729,0
cand_205379.cpp,cand_191348.cpp,0.492878794670105,0
cand_135261.cpp,cand_130652.cpp,0.46528664231300354,0
cand_078672.cpp,cand_034702.cpp,0.5244613885879517,0
cand_135960.cpp,cand_227390.cpp,0.49364790320396423,0
cand_270717.cpp,cand_241089.cpp,0.23277826607227325,0
cand_137987.cpp,cand_147299.cpp,0.3973545432090759,0
cand_256636.cpp,cand_133451.cpp,0.5020260810852051,0
cand_270582.cpp,cand_161092.cpp,0.43587392568588257,0
cand_140163.cpp,cand_010217.cpp,0.40566056966781616,0
cand_102266.cpp,cand_050150.cpp,0.49067893624305725,0
cand_259737.cpp,cand_035543.cpp,0.4271993637084961,0
cand_178217.cpp,cand_177122.cpp,0.5193172097206116,0
cand_221057.cpp,cand_072565.cpp,0.5030012726783752,0
cand_105411.cpp,cand_086208.cpp,0.5603167414665222,0
cand_175266.cpp,cand_186797.cpp,0.5583290457725525,0
cand_001672.cpp,cand_081415.cpp,0.4100984036922455,0
cand_025628.cpp,cand_186352.cpp,0.37178680300712585,0
cand_086235.cpp,cand_136414.cpp,0.5257861018180847,0
cand_093903.cpp,cand_006720.cpp,0.4641769528388977,0
cand_006300.cpp,cand_006201.cpp,0.3964839279651642,0
cand_078419.cpp,cand_103467.cpp,0.5016604661941528,0
cand_031618.cpp,cand_031474.cpp,0.4979815185070038,0
cand_237806.cpp,cand_237631.cpp,0.5651578307151794,0
cand_295992.cpp,cand_190864.cpp,0.44253918528556824,0
cand_057333.cpp,cand_156724.cpp,0.5021563172340393,0
cand_023781.cpp,cand_016827.cpp,0.4418847858905792,0
cand_054847.cpp,cand_134458.cpp,0.5296667218208313,0
cand_092367.cpp,cand_072812.cpp,0.40154606103897095,0
cand_006387.cpp,cand_049343.cpp,0.42735785245895386,0
cand_154278.cpp,cand_154264.cpp,0.30642053484916687,0
cand_253860.cpp,cand_254172.cpp,0.45792800188064575,0
cand_205410.cpp,cand_264571.cpp,0.531654417514801,0
cand_157722.cpp,cand_114545.cpp,0.4969199597835541,0
cand_077204.cpp,cand_109928.cpp,0.5378410816192627,0
cand_117709.cpp,cand_125653.cpp,0.45827046036720276,0
cand_226433.cpp,cand_055534.cpp,0.4925863742828369,0
cand_093074.cpp,cand_077137.cpp,0.550371527671814,0
cand_065071.cpp,cand_005439.cpp,0.22843638062477112,0
cand_162274.cpp,cand_298312.cpp,0.5081897377967834,0
cand_006037.cpp,cand_109677.cpp,0.5355046987533569,0
cand_173255.cpp,cand_164408.cpp,0.5011218786239624,0
cand_053363.cpp,cand_164198.cpp,0.5016032457351685,0
cand_048688.cpp,cand_061496.cpp,0.4446989893913269,0
cand_210041.cpp,cand_219558.cpp,0.46738067269325256,0
cand_096048.cpp,cand_165442.cpp,0.3239527940750122,0
cand_067002.cpp,cand_112042.cpp,0.4743908643722534,0
cand_229612.cpp,cand_031282.cpp,0.516112744808197,0
cand_006267.cpp,cand_006231.cpp,0.5126916766166687,0
cand_259084.cpp,cand_186699.cpp,0.5538704991340637,0
cand_030721.cpp,cand_294086.cpp,0.39251330494880676,0
cand_085141.cpp,cand_176970.cpp,0.5000903010368347,0
cand_218848.cpp,cand_251238.cpp,0.5636958479881287,0
cand_077767.cpp,cand_297673.cpp,0.5010970830917358,0
cand_102109.cpp,cand_134865.cpp,0.1217949390411377,0
cand_056576.cpp,cand_127633.cpp,0.5169332027435303,0
cand_041999.cpp,cand_022464.cpp,0.5186402201652527,0
cand_194248.cpp,cand_181455.cpp,0.4348216950893402,0
cand_140583.cpp,cand_111671.cpp,0.5339496731758118,0
cand_148926.cpp,cand_083683.cpp,0.5062135457992554,0
cand_141436.cpp,cand_031168.cpp,0.4285886585712433,0
cand_140999.cpp,cand_001811.cpp,0.4875795841217041,0
cand_027519.cpp,cand_253546.cpp,0.5088372230529785,0
cand_056754.cpp,cand_116617.cpp,0.34984439611434937,0
cand_006228.cpp,cand_088409.cpp,0.46080678701400757,0
cand_064003.cpp,cand_145931.cpp,0.46844282746315,0
cand_144517.cpp,cand_141026.cpp,0.4002232849597931,0
cand_011880.cpp,cand_232784.cpp,0.38009145855903625,0
cand_158356.cpp,cand_083423.cpp,0.40092724561691284,0
cand_041489.cpp,cand_017405.cpp,0.5001192092895508,0
cand_103825.cpp,cand_081815.cpp,0.5391585230827332,0
cand_018159.cpp,cand_078332.cpp,0.4390820562839508,0
cand_222329.cpp,cand_049987.cpp,0.46873950958251953,0
cand_171654.cpp,cand_059145.cpp,0.39518269896507263,0
cand_057107.cpp,cand_033362.cpp,0.30467429757118225,0
cand_171700.cpp,cand_111072.cpp,0.44426462054252625,0
cand_053133.cpp,cand_257311.cpp,0.3753322958946228,0
cand_049112.cpp,cand_229667.cpp,0.3636007606983185,0
cand_241789.cpp,cand_171504.cpp,0.37826165556907654,0
cand_185128.cpp,cand_052964.cpp,0.5307547450065613,0
cand_144523.cpp,cand_118703.cpp,0.563406229019165,0
cand_161406.cpp,cand_180802.cpp,0.497869610786438,0
cand_136076.cpp,cand_141207.cpp,0.47994744777679443,0
cand_089713.cpp,cand_003068.cpp,0.44871506094932556,0
cand_158700.cpp,cand_051307.cpp,0.43312153220176697,0
cand_103521.cpp,cand_256537.cpp,0.5607526302337646,0
cand_066861.cpp,cand_186727.cpp,0.35296744108200073,0
cand_077466.cpp,cand_114484.cpp,0.2972184419631958,0
cand_271284.cpp,cand_122548.cpp,0.4418083429336548,0
cand_293843.cpp,cand_266314.cpp,0.4946442246437073,0
cand_192936.cpp,cand_194759.cpp,0.5439841151237488,0
cand_050222.cpp,cand_162430.cpp,0.4395171105861664,0
cand_114583.cpp,cand_245841.cpp,0.4750252664089203,0
cand_186774.cpp,cand_025755.cpp,0.4809580147266388,0
cand_243429.cpp,cand_127193.cpp,0.43557119369506836,0
cand_020249.cpp,cand_230395.cpp,0.4851033389568329,0
cand_101485.cpp,cand_101528.cpp,0.36882907152175903,0
cand_050363.cpp,cand_003387.cpp,0.3606266975402832,0
cand_083975.cpp,cand_010871.cpp,0.358180969953537,0
cand_036378.cpp,cand_030889.cpp,0.3738284707069397,0
cand_010939.cpp,cand_030682.cpp,0.38103508949279785,0
cand_257283.cpp,cand_180965.cpp,0.49726352095603943,0
cand_122647.cpp,cand_122514.cpp,0.5364776253700256,0
cand_085486.cpp,cand_141506.cpp,0.42871156334877014,0
cand_153385.cpp,cand_044974.cpp,0.11735904961824417,0
cand_001395.cpp,cand_242146.cpp,0.3384135663509369,0
cand_125978.cpp,cand_164255.cpp,0.5009872913360596,0
cand_134919.cpp,cand_086202.cpp,0.42723897099494934,0
cand_241255.cpp,cand_118775.cpp,0.5627607107162476,0
cand_121372.cpp,cand_053702.cpp,0.4206978678703308,0
cand_295962.cpp,cand_201302.cpp,0.33117347955703735,0
cand_154466.cpp,cand_283060.cpp,0.537992537021637,0
cand_271138.cpp,cand_042969.cpp,0.1367674171924591,0
cand_150543.cpp,cand_181793.cpp,0.4831158518791199,0
cand_239523.cpp,cand_086299.cpp,0.0886964201927185,0
cand_181764.cpp,cand_161376.cpp,0.4577936828136444,0
cand_027054.cpp,cand_056293.cpp,0.46025511622428894,0
cand_147547.cpp,cand_211336.cpp,0.43043750524520874,0
cand_287215.cpp,cand_190662.cpp,0.40457209944725037,0
cand_283492.cpp,cand_069144.cpp,0.5153036117553711,0
cand_245372.cpp,cand_245371.cpp,0.49580252170562744,0
cand_165427.cpp,cand_121900.cpp,0.5312093496322632,0
cand_246566.cpp,cand_080783.cpp,0.3282219171524048,0
cand_075566.cpp,cand_111817.cpp,0.46998342871665955,0
cand_197945.cpp,cand_189235.cpp,0.18177811801433563,0
cand_246783.cpp,cand_186208.cpp,0.4127137362957001,0
cand_064694.cpp,cand_078184.cpp,0.47844380140304565,0
cand_240247.cpp,cand_172643.cpp,0.5268541574478149,0
cand_003832.cpp,cand_265061.cpp,0.5284194350242615,0
cand_126137.cpp,cand_072332.cpp,0.3980819880962372,0
cand_177049.cpp,cand_059824.cpp,0.5115453004837036,0
cand_113480.cpp,cand_259611.cpp,0.48466190695762634,0
cand_028066.cpp,cand_219186.cpp,0.4931807518005371,0
cand_150581.cpp,cand_133677.cpp,0.5267146229743958,0
cand_125654.cpp,cand_165362.cpp,0.5456243753433228,0
cand_247797.cpp,cand_264883.cpp,0.5195412039756775,0
cand_035484.cpp,cand_122640.cpp,0.5346254706382751,0
cand_005629.cpp,cand_152538.cpp,0.4912124574184418,0
cand_261274.cpp,cand_187865.cpp,0.49697110056877136,0
cand_174293.cpp,cand_201116.cpp,0.52601557970047,0
cand_178494.cpp,cand_124382.cpp,0.4822372794151306,0
cand_295296.cpp,cand_148901.cpp,0.35355132818222046,0
cand_025300.cpp,cand_057544.cpp,0.4140481948852539,0
cand_129232.cpp,cand_172991.cpp,0.44937726855278015,0
cand_245579.cpp,cand_253835.cpp,0.4707764983177185,0
cand_102965.cpp,cand_030911.cpp,0.46643730998039246,0
cand_164332.cpp,cand_120364.cpp,0.5180143117904663,0
cand_190936.cpp,cand_190952.cpp,0.22164574265480042,0
cand_096462.cpp,cand_175313.cpp,0.4853626489639282,0
cand_263914.cpp,cand_240962.cpp,0.4518093168735504,0
cand_283064.cpp,cand_110620.cpp,0.4656621813774109,0
cand_151109.cpp,cand_102457.cpp,0.5457915663719177,0
cand_031240.cpp,cand_229618.cpp,0.5076366066932678,0
cand_145439.cpp,cand_236314.cpp,0.36612433195114136,0
cand_097213.cpp,cand_097115.cpp,0.4589177966117859,0
cand_035396.cpp,cand_165489.cpp,0.42304500937461853,0
cand_164371.cpp,cand_164341.cpp,0.5537688732147217,0
cand_085435.cpp,cand_085405.cpp,0.2597799599170685,0
cand_005296.cpp,cand_005151.cpp,0.5580995678901672,0
cand_162834.cpp,cand_180417.cpp,0.4998156428337097,0
cand_077847.cpp,cand_239409.cpp,0.47522374987602234,0
cand_126896.cpp,cand_117347.cpp,0.39411482214927673,0
cand_057092.cpp,cand_055847.cpp,0.5006846189498901,0
cand_240250.cpp,cand_173528.cpp,0.5217888951301575,0
cand_055011.cpp,cand_175770.cpp,0.1524820476770401,0
cand_089529.cpp,cand_053396.cpp,0.4925767779350281,0
cand_227281.cpp,cand_181462.cpp,0.5220378637313843,0
cand_197327.cpp,cand_294373.cpp,0.48031845688819885,0
cand_164345.cpp,cand_152657.cpp,0.47105100750923157,0
cand_027096.cpp,cand_150374.cpp,0.48777148127555847,0
cand_133907.cpp,cand_164430.cpp,0.5088422894477844,0
cand_094311.cpp,cand_053041.cpp,0.17871372401714325,0
cand_086225.cpp,cand_052215.cpp,0.5219355821609497,0
cand_031617.cpp,cand_126325.cpp,0.5069969892501831,0
cand_072542.cpp,cand_297691.cpp,0.48539960384368896,0
cand_229656.cpp,cand_229666.cpp,0.5383752584457397,0
cand_041184.cpp,cand_042706.cpp,0.08300460129976273,0
cand_072423.cpp,cand_254223.cpp,0.3610055446624756,0
cand_031879.cpp,cand_079887.cpp,0.22491265833377838,0
cand_112033.cpp,cand_252792.cpp,0.5008223652839661,0
cand_067111.cpp,cand_072880.cpp,0.4418853223323822,0
cand_269412.cpp,cand_281388.cpp,0.4133293330669403,0
cand_046889.cpp,cand_229526.cpp,0.5503600239753723,0
cand_162229.cpp,cand_167026.cpp,0.3693215250968933,0
cand_194242.cpp,cand_049337.cpp,0.43079873919487,0
cand_217851.cpp,cand_251731.cpp,0.5178176760673523,0
cand_247865.cpp,cand_271388.cpp,0.5682321786880493,0
cand_095179.cpp,cand_165826.cpp,0.4289214015007019,0
cand_294096.cpp,cand_053297.cpp,0.4426295757293701,0
cand_271674.cpp,cand_141982.cpp,0.4684201180934906,0
cand_257718.cpp,cand_129304.cpp,0.4343982934951782,0
cand_256261.cpp,cand_128547.cpp,0.5192437171936035,0
cand_149152.cpp,cand_091460.cpp,0.5369299054145813,0
cand_039897.cpp,cand_039655.cpp,0.5630409121513367,0
cand_006417.cpp,cand_006355.cpp,0.4891357719898224,0
cand_030203.cpp,cand_036820.cpp,0.28609880805015564,0
cand_175554.cpp,cand_031317.cpp,0.47901245951652527,0
cand_177055.cpp,cand_178472.cpp,0.5661278367042542,0
cand_084580.cpp,cand_039636.cpp,0.465023010969162,0
cand_144470.cpp,cand_139210.cpp,0.4874145984649658,0
cand_256264.cpp,cand_006398.cpp,0.4330688714981079,0
cand_094421.cpp,cand_138817.cpp,0.303446888923645,0
cand_024088.cpp,cand_173665.cpp,0.4841984808444977,0
cand_085380.cpp,cand_074130.cpp,0.396016001701355,0
cand_086100.cpp,cand_131492.cpp,0.44761961698532104,0
cand_186828.cpp,cand_112885.cpp,0.3630352020263672,0
cand_127857.cpp,cand_240575.cpp,0.4261280298233032,0
cand_143230.cpp,cand_158707.cpp,0.4691265821456909,0
cand_117243.cpp,cand_126845.cpp,0.5139936804771423,0
cand_247537.cpp,cand_153635.cpp,0.535763680934906,0
cand_102214.cpp,cand_274273.cpp,0.5130699872970581,0
cand_119439.cpp,cand_126034.cpp,0.5236231088638306,0
cand_127477.cpp,cand_073616.cpp,0.555962085723877,0
cand_124094.cpp,cand_089744.cpp,0.45651841163635254,0
cand_190821.cpp,cand_279818.cpp,0.490337073802948,0
cand_028105.cpp,cand_124389.cpp,0.3800067603588104,0
cand_162486.cpp,cand_294430.cpp,0.567188024520874,0
cand_134262.cpp,cand_128798.cpp,0.502627432346344,0
cand_145440.cpp,cand_115178.cpp,0.4870188236236572,0
cand_270954.cpp,cand_240972.cpp,0.5093597173690796,0
cand_096525.cpp,cand_096504.cpp,0.4824199676513672,0
cand_165181.cpp,cand_096430.cpp,0.5555547475814819,0
cand_025560.cpp,cand_025580.cpp,0.5170459747314453,0
cand_058959.cpp,cand_054449.cpp,0.5394036173820496,0
cand_120036.cpp,cand_055153.cpp,0.4218340516090393,0
cand_089882.cpp,cand_089901.cpp,0.212847501039505,0
cand_091824.cpp,cand_117985.cpp,0.16513773798942566,0
cand_175875.cpp,cand_137387.cpp,0.5529845952987671,0
cand_168363.cpp,cand_016789.cpp,0.31249871850013733,0
cand_068062.cpp,cand_031915.cpp,0.476654976606369,0
cand_283337.cpp,cand_240072.cpp,0.2844221591949463,0
cand_177548.cpp,cand_172295.cpp,0.40683862566947937,0
cand_020931.cpp,cand_016880.cpp,0.4639505445957184,0
cand_097083.cpp,cand_096843.cpp,0.5252348780632019,0
cand_111908.cpp,cand_025314.cpp,0.5077337622642517,0
cand_111285.cpp,cand_034461.cpp,0.48712825775146484,0
cand_173226.cpp,cand_160535.cpp,0.5191072821617126,0
cand_107993.cpp,cand_065532.cpp,0.473935067653656,0
cand_101365.cpp,cand_027616.cpp,0.47025689482688904,0
cand_132587.cpp,cand_163675.cpp,0.5246455669403076,0
cand_002151.cpp,cand_287326.cpp,0.5388913750648499,0
cand_020815.cpp,cand_068157.cpp,0.48905181884765625,0
cand_018569.cpp,cand_137749.cpp,0.521138608455658,0
cand_083783.cpp,cand_082622.cpp,0.24338582158088684,0
cand_053494.cpp,cand_027949.cpp,0.4608418345451355,0
cand_168068.cpp,cand_274297.cpp,0.3731279671192169,0
cand_007529.cpp,cand_016938.cpp,0.421241819858551,0
cand_172370.cpp,cand_053822.cpp,0.33273500204086304,0
cand_102556.cpp,cand_245996.cpp,0.5558188557624817,0
cand_001684.cpp,cand_060864.cpp,0.4202684164047241,0
cand_035612.cpp,cand_147505.cpp,0.5577120780944824,0
cand_130519.cpp,cand_130458.cpp,0.43763577938079834,0
cand_017247.cpp,cand_057956.cpp,0.49910682439804077,0
cand_140025.cpp,cand_094732.cpp,0.3806152641773224,0
cand_055003.cpp,cand_018246.cpp,0.5548197627067566,0
cand_102961.cpp,cand_176393.cpp,0.4709681570529938,0
cand_140129.cpp,cand_088582.cpp,0.2083158791065216,0
cand_297857.cpp,cand_007561.cpp,0.44589000940322876,0
cand_134421.cpp,cand_140911.cpp,0.456676185131073,0
cand_084683.cpp,cand_018496.cpp,0.3939014971256256,0
cand_033474.cpp,cand_118118.cpp,0.4034900367259979,0
cand_248401.cpp,cand_068099.cpp,0.4752616584300995,0
cand_201102.cpp,cand_197883.cpp,0.5536490678787231,0
cand_156817.cpp,cand_007914.cpp,0.4111683964729309,0
cand_101561.cpp,cand_186854.cpp,0.4581886827945709,0
cand_241111.cpp,cand_070484.cpp,0.5098935961723328,0
cand_060744.cpp,cand_117882.cpp,0.40499937534332275,0
cand_256198.cpp,cand_294465.cpp,0.4891098737716675,0
cand_197326.cpp,cand_155435.cpp,0.5025011301040649,0
cand_024167.cpp,cand_024165.cpp,0.39473432302474976,0
cand_076443.cpp,cand_156217.cpp,0.30128365755081177,0
cand_240118.cpp,cand_240119.cpp,0.47588205337524414,0
cand_017845.cpp,cand_295555.cpp,0.46731817722320557,0
cand_063793.cpp,cand_063795.cpp,0.39187484979629517,0
cand_163400.cpp,cand_254715.cpp,0.44443097710609436,0
cand_071341.cpp,cand_049605.cpp,0.49904048442840576,0
cand_295292.cpp,cand_035133.cpp,0.44081494212150574,0
cand_260079.cpp,cand_260074.cpp,0.46239984035491943,0
cand_226664.cpp,cand_237773.cpp,0.4334070086479187,0
cand_084027.cpp,cand_079153.cpp,0.5057387351989746,0
cand_103982.cpp,cand_059165.cpp,0.45749154686927795,0
cand_176372.cpp,cand_156483.cpp,0.5139148235321045,0
cand_087985.cpp,cand_087934.cpp,0.4721406102180481,0
cand_011796.cpp,cand_010097.cpp,0.4538940191268921,0
cand_170510.cpp,cand_051656.cpp,0.43989622592926025,0
cand_200272.cpp,cand_054745.cpp,0.4499433934688568,0
cand_021523.cpp,cand_162721.cpp,0.4096479117870331,0
cand_051036.cpp,cand_053289.cpp,0.4004216492176056,0
cand_050200.cpp,cand_114602.cpp,0.4629010558128357,0
cand_011793.cpp,cand_003408.cpp,0.4735162854194641,0
cand_083779.cpp,cand_111690.cpp,0.49660947918891907,0
cand_104190.cpp,cand_253979.cpp,0.45494377613067627,0
cand_243815.cpp,cand_197339.cpp,0.4384239912033081,0
cand_003409.cpp,cand_024284.cpp,0.4043506681919098,0
cand_063389.cpp,cand_063392.cpp,0.5599738359451294,0
cand_261569.cpp,cand_063792.cpp,0.3277314007282257,0
cand_265390.cpp,cand_211758.cpp,0.5509855151176453,0
cand_074002.cpp,cand_071946.cpp,0.3195396661758423,0
cand_230456.cpp,cand_067272.cpp,0.45556944608688354,0
cand_156488.cpp,cand_227297.cpp,0.5588365793228149,0
cand_208126.cpp,cand_175133.cpp,0.46939268708229065,0
cand_086136.cpp,cand_131443.cpp,0.49381375312805176,0
cand_096366.cpp,cand_141801.cpp,0.46543946862220764,0
cand_088211.cpp,cand_101562.cpp,0.447104275226593,0
cand_127593.cpp,cand_021826.cpp,0.384487122297287,0
cand_132299.cpp,cand_132295.cpp,0.3970598876476288,0
cand_192760.cpp,cand_192767.cpp,0.4640938639640808,0
cand_064593.cpp,cand_015153.cpp,0.48139262199401855,0
cand_054043.cpp,cand_099443.cpp,0.45312073826789856,0
cand_072560.cpp,cand_150978.cpp,0.4561368227005005,0
cand_056546.cpp,cand_069376.cpp,0.47084641456604004,0
cand_120744.cpp,cand_131742.cpp,0.4224177300930023,0
cand_068915.cpp,cand_219866.cpp,0.48180755972862244,0
cand_164583.cpp,cand_058100.cpp,0.49997127056121826,0
cand_049799.cpp,cand_111349.cpp,0.5555208325386047,0
cand_196598.cpp,cand_180762.cpp,0.44179052114486694,0
cand_192797.cpp,cand_192928.cpp,0.33172059059143066,0
cand_277479.cpp,cand_128548.cpp,0.4488993287086487,0
cand_056511.cpp,cand_049816.cpp,0.4868795871734619,0
cand_068508.cpp,cand_247786.cpp,0.5492789149284363,0
cand_121723.cpp,cand_080060.cpp,0.4800964295864105,0
cand_152193.cpp,cand_149816.cpp,0.47427961230278015,0
cand_059818.cpp,cand_083427.cpp,0.4775650203227997,0
cand_277952.cpp,cand_277992.cpp,0.5350272059440613,0
cand_061871.cpp,cand_157675.cpp,0.526233971118927,0
cand_116676.cpp,cand_088140.cpp,0.5101008415222168,0
cand_182104.cpp,cand_211629.cpp,0.11846022307872772,0
cand_051619.cpp,cand_136132.cpp,0.4878458082675934,0
cand_112039.cpp,cand_112034.cpp,0.017432764172554016,0
cand_251036.cpp,cand_077131.cpp,0.42163828015327454,0
cand_088810.cpp,cand_098786.cpp,0.44341182708740234,0
cand_024121.cpp,cand_024103.cpp,0.3847288489341736,0
cand_165397.cpp,cand_103043.cpp,0.021786769852042198,0
cand_112858.cpp,cand_165863.cpp,0.41966769099235535,0
cand_271113.cpp,cand_145198.cpp,0.42555421590805054,0
cand_056170.cpp,cand_135539.cpp,0.5504828095436096,0
cand_033372.cpp,cand_030689.cpp,0.311218798160553,0
cand_239312.cpp,cand_239313.cpp,0.38395488262176514,0
cand_279973.cpp,cand_149818.cpp,0.5128463506698608,0
cand_157332.cpp,cand_008380.cpp,0.4498043358325958,0
cand_067668.cpp,cand_144938.cpp,0.49191713333129883,0
cand_083499.cpp,cand_077339.cpp,0.49003928899765015,0
cand_071535.cpp,cand_145153.cpp,0.5152624249458313,0
cand_053222.cpp,cand_031551.cpp,0.5201240181922913,0
cand_022255.cpp,cand_229327.cpp,0.4225882291793823,0
cand_240791.cpp,cand_121191.cpp,0.5029685497283936,0
cand_059778.cpp,cand_020944.cpp,0.38090428709983826,0
cand_049187.cpp,cand_118726.cpp,0.5548132061958313,0
cand_123147.cpp,cand_274245.cpp,0.424704372882843,0
cand_096335.cpp,cand_119976.cpp,0.5470505952835083,0
cand_111663.cpp,cand_239532.cpp,0.4990570545196533,0
cand_136715.cpp,cand_000894.cpp,0.5412649512290955,0
cand_025931.cpp,cand_238731.cpp,0.5159850716590881,0
cand_261308.cpp,cand_261466.cpp,0.44569745659828186,0
cand_078637.cpp,cand_121580.cpp,0.2589702904224396,0
cand_129743.cpp,cand_095198.cpp,0.44128045439720154,0
cand_222940.cpp,cand_168312.cpp,0.4639657735824585,0
cand_032692.cpp,cand_131126.cpp,0.44651198387145996,0
cand_027075.cpp,cand_118139.cpp,0.5146156549453735,0
cand_157634.cpp,cand_241458.cpp,0.5456038117408752,0
cand_165528.cpp,cand_136176.cpp,0.2901476323604584,0
cand_228255.cpp,cand_228271.cpp,0.5096655488014221,1
cand_173448.cpp,cand_173491.cpp,0.5676973462104797,1
cand_096402.cpp,cand_096401.cpp,0.5491884350776672,0
cand_253313.cpp,cand_254132.cpp,0.5477465987205505,0
cand_237425.cpp,cand_237427.cpp,0.564318835735321,0
cand_265639.cpp,cand_265664.cpp,0.5627473592758179,0
cand_228780.cpp,cand_228705.cpp,0.31641334295272827,1
cand_228778.cpp,cand_228922.cpp,0.5637950301170349,1
cand_228541.cpp,cand_228685.cpp,0.5715569853782654,1
cand_228331.cpp,cand_228714.cpp,0.5219582319259644,0
cand_242233.cpp,cand_242245.cpp,0.5715569853782654,1
cand_242390.cpp,cand_242366.cpp,0.502863347530365,1
cand_266390.cpp,cand_266469.cpp,0.5715569853782654,1
cand_223610.cpp,cand_288950.cpp,0.5715569257736206,0
cand_265655.cpp,cand_265771.cpp,0.5649768710136414,1
cand_283913.cpp,cand_283832.cpp,0.5654769539833069,1
cand_173501.cpp,cand_173472.cpp,0.5693140625953674,1
cand_283778.cpp,cand_284078.cpp,0.4161485731601715,1
cand_170040.cpp,cand_169929.cpp,0.26869431138038635,0
cand_173352.cpp,cand_173400.cpp,0.5433083176612854,1
cand_228925.cpp,cand_228628.cpp,0.5156159996986389,1
cand_173415.cpp,cand_173416.cpp,0.571399450302124,1
cand_228774.cpp,cand_228680.cpp,0.39640429615974426,0
cand_283435.cpp,cand_283439.cpp,0.5715569853782654,0
cand_223504.cpp,cand_223541.cpp,0.5678574442863464,0
cand_152404.cpp,cand_152408.cpp,0.5378094911575317,1
cand_283691.cpp,cand_283883.cpp,0.48379117250442505,1
cand_265618.cpp,cand_265789.cpp,0.5682072043418884,0
cand_173517.cpp,cand_173379.cpp,0.552740216255188,1
cand_264580.cpp,cand_264581.cpp,0.5715569853782654,1
cand_228237.cpp,cand_228320.cpp,0.42037996649742126,1
cand_067376.cpp,cand_067375.cpp,0.3212924003601074,0
cand_267139.cpp,cand_267183.cpp,0.5244821906089783,1
cand_283901.cpp,cand_284027.cpp,0.5592916011810303,1
cand_228715.cpp,cand_228868.cpp,0.5364841818809509,1
cand_086144.cpp,cand_134891.cpp,0.5296920537948608,1
cand_283766.cpp,cand_283754.cpp,0.38330134749412537,1
cand_253053.cpp,cand_255419.cpp,0.49896490573883057,0
cand_228532.cpp,cand_228883.cpp,0.39129751920700073,1
cand_265523.cpp,cand_265603.cpp,0.5024943351745605,1
cand_169980.cpp,cand_169998.cpp,0.5488534569740295,1
cand_228578.cpp,cand_228786.cpp,0.4817256033420563,0
cand_228251.cpp,cand_228324.cpp,0.5524505376815796,1
cand_271596.cpp,cand_271586.cpp,0.5684776306152344,0
cand_228727.cpp,cand_228870.cpp,0.5513464212417603,1
cand_173410.cpp,cand_173480.cpp,0.5634766817092896,1
cand_267097.cpp,cand_267167.cpp,0.5624774098396301,1
cand_156792.cpp,cand_156796.cpp,0.5275163054466248,0
cand_236385.cpp,cand_236377.cpp,0.5715569853782654,1
cand_257313.cpp,cand_297092.cpp,0.39154693484306335,0
cand_251186.cpp,cand_293382.cpp,0.5701189637184143,0
cand_141706.cpp,cand_141705.cpp,0.5715569853782654,1
cand_228328.cpp,cand_228341.cpp,0.5577849745750427,1
cand_267132.cpp,cand_267136.cpp,0.5638189911842346,1
cand_178440.cpp,cand_178217.cpp,0.5193172693252563,0
cand_242322.cpp,cand_242239.cpp,0.37381234765052795,1
cand_259364.cpp,cand_259427.cpp,0.5715569853782654,1
cand_266391.cpp,cand_266469.cpp,0.5701380968093872,1
cand_007365.cpp,cand_007373.cpp,0.5508453845977783,0
cand_165841.cpp,cand_267488.cpp,0.5643707513809204,0
cand_284078.cpp,cand_283877.cpp,0.46757298707962036,1
cand_173384.cpp,cand_173491.cpp,0.556361198425293,1
cand_248904.cpp,cand_288220.cpp,0.5600042343139648,0
cand_013045.cpp,cand_062220.cpp,0.4510928690433502,1
cand_265760.cpp,cand_265602.cpp,0.5671594142913818,1
cand_057672.cpp,cand_058001.cpp,0.4980945885181427,0
cand_172272.cpp,cand_172299.cpp,0.5715569257736206,0
cand_228771.cpp,cand_228822.cpp,0.5074549317359924,1
cand_057934.cpp,cand_058322.cpp,0.514542281627655,0
cand_172255.cpp,cand_242341.cpp,0.4157687723636627,0
cand_242300.cpp,cand_242369.cpp,0.4861919581890106,0
cand_071303.cpp,cand_071299.cpp,0.5715569853782654,0
cand_265568.cpp,cand_265505.cpp,0.5367484092712402,0
cand_173497.cpp,cand_173503.cpp,0.57114577293396,1
cand_283817.cpp,cand_284072.cpp,0.5312334299087524,1
cand_267006.cpp,cand_267097.cpp,0.5595715641975403,1
cand_135031.cpp,cand_135040.cpp,0.5261860489845276,0
cand_054807.cpp,cand_007415.cpp,0.4388587772846222,0
cand_172301.cpp,cand_170088.cpp,0.5639660954475403,0
cand_001404.cpp,cand_230805.cpp,0.44010868668556213,1
cand_234136.cpp,cand_234161.cpp,0.5520209074020386,1
cand_266340.cpp,cand_266352.cpp,0.539528489112854,1
cand_228626.cpp,cand_228638.cpp,0.5531926155090332,1
cand_139024.cpp,cand_296895.cpp,0.5635892152786255,0
cand_254862.cpp,cand_254828.cpp,0.5715569853782654,1
cand_228340.cpp,cand_228919.cpp,0.5693674683570862,0
cand_056628.cpp,cand_056640.cpp,0.5715569257736206,0
cand_265665.cpp,cand_265707.cpp,0.5525708198547363,1
cand_266437.cpp,cand_266524.cpp,0.5439424514770508,1
cand_265697.cpp,cand_265689.cpp,0.4978944957256317,1
cand_265669.cpp,cand_265676.cpp,0.5707230567932129,0
cand_265677.cpp,cand_265535.cpp,0.5530981421470642,1
cand_267159.cpp,cand_267163.cpp,0.566021740436554,1
cand_162596.cpp,cand_162603.cpp,0.5048068761825562,0
cand_173423.cpp,cand_173356.cpp,0.5448819994926453,1
cand_173350.cpp,cand_173398.cpp,0.5403954386711121,1
cand_228330.cpp,cand_228340.cpp,0.5613676309585571,1
cand_283793.cpp,cand_284096.cpp,0.4712701141834259,1
cand_169152.cpp,cand_169192.cpp,0.5665203332901001,0
cand_265579.cpp,cand_265731.cpp,0.5640277862548828,1
cand_228263.cpp,cand_228319.cpp,0.3685281574726105,1
cand_228628.cpp,cand_228919.cpp,0.5170860290527344,1
cand_283772.cpp,cand_284051.cpp,0.39334994554519653,1
cand_283697.cpp,cand_283952.cpp,0.4349035322666168,1
cand_265745.cpp,cand_265718.cpp,0.560718297958374,0
cand_228294.cpp,cand_228333.cpp,0.5704260468482971,1
cand_228793.cpp,cand_228919.cpp,0.3800634443759918,1
cand_057935.cpp,cand_058387.cpp,0.4679303467273712,0
cand_246769.cpp,cand_246760.cpp,0.5347591042518616,0
cand_013120.cpp,cand_054533.cpp,0.34579718112945557,1
cand_173389.cpp,cand_173420.cpp,0.5653166174888611,1
cand_283859.cpp,cand_283880.cpp,0.472758412361145,1
cand_283727.cpp,cand_283868.cpp,0.5581183433532715,1
cand_242306.cpp,cand_242369.cpp,0.4861919581890106,1
cand_265683.cpp,cand_265701.cpp,0.533858060836792,1
cand_228925.cpp,cand_228706.cpp,0.49878785014152527,1
cand_228822.cpp,cand_228634.cpp,0.5436901450157166,1
cand_265571.cpp,cand_265677.cpp,0.5503844618797302,1
cand_266995.cpp,cand_267152.cpp,0.5449509024620056,1
cand_228549.cpp,cand_228828.cpp,0.5256838798522949,1
cand_234101.cpp,cand_234130.cpp,0.48183396458625793,1
cand_228243.cpp,cand_228249.cpp,0.5306978225708008,1
cand_228657.cpp,cand_228710.cpp,0.526885986328125,0
cand_025017.cpp,cand_025047.cpp,0.544167160987854,0
cand_242194.cpp,cand_242306.cpp,0.3159736096858978,1
cand_173348.cpp,cand_173397.cpp,0.5367708802223206,1
cand_025291.cpp,cand_058416.cpp,0.5094894766807556,1
cand_253340.cpp,cand_253979.cpp,0.46026718616485596,0
cand_228882.cpp,cand_228547.cpp,0.4693663716316223,1
cand_228726.cpp,cand_228714.cpp,0.5551902651786804,1
cand_266421.cpp,cand_266441.cpp,0.5686834454536438,1
cand_143222.cpp,cand_143217.cpp,0.5715569853782654,1
cand_218018.cpp,cand_243834.cpp,0.5240404605865479,0
cand_051343.cpp,cand_139606.cpp,0.4879532754421234,0
cand_228163.cpp,cand_228284.cpp,0.5320892930030823,1
cand_223544.cpp,cand_223585.cpp,0.5675732493400574,0
cand_173385.cpp,cand_173485.cpp,0.5571597814559937,1
cand_173516.cpp,cand_173483.cpp,0.5692795515060425,1
cand_116919.cpp,cand_116930.cpp,0.5707706212997437,0
cand_228906.cpp,cand_228778.cpp,0.5681096911430359,1
cand_036349.cpp,cand_036350.cpp,0.5510813593864441,0
cand_265789.cpp,cand_265783.cpp,0.5712379217147827,1
cand_228845.cpp,cand_228558.cpp,0.5313661098480225,0
cand_283787.cpp,cand_283919.cpp,0.4822028875350952,1
cand_267135.cpp,cand_267138.cpp,0.5677294731140137,1
cand_142074.cpp,cand_142073.cpp,0.5480953454971313,0
cand_228770.cpp,cand_228907.cpp,0.5636504888534546,0
cand_228503.cpp,cand_228532.cpp,0.5325736403465271,1
cand_133598.cpp,cand_057981.cpp,0.2934045195579529,0
cand_052532.cpp,cand_061297.cpp,0.4757128357887268,0
cand_262574.cpp,cand_239234.cpp,0.5416690111160278,0
cand_184428.cpp,cand_052498.cpp,0.4309667646884918,0
cand_270797.cpp,cand_238226.cpp,0.4879189431667328,0
cand_035081.cpp,cand_057987.cpp,0.4075464606285095,0
cand_180789.cpp,cand_044347.cpp,0.4889099895954132,0
cand_263173.cpp,cand_092446.cpp,0.3840991258621216,0
cand_084684.cpp,cand_059633.cpp,0.46459633111953735,0
cand_175792.cpp,cand_149965.cpp,0.5348053574562073,0
cand_060764.cpp,cand_007734.cpp,0.4777897000312805,0
cand_006104.cpp,cand_006071.cpp,0.5494383573532104,0
cand_267066.cpp,cand_267073.cpp,0.5279166102409363,1
cand_246965.cpp,cand_128074.cpp,0.49552610516548157,0
cand_168790.cpp,cand_178685.cpp,0.4872449040412903,0
cand_081780.cpp,cand_082258.cpp,0.5277288556098938,0
cand_185762.cpp,cand_185877.cpp,0.05869244784116745,0
cand_235783.cpp,cand_030868.cpp,0.5197087526321411,0
cand_025931.cpp,cand_175133.cpp,0.49376770853996277,0
cand_078533.cpp,cand_078514.cpp,0.5363749861717224,0
cand_127993.cpp,cand_260740.cpp,0.421720415353775,0
cand_068058.cpp,cand_067889.cpp,0.4887412488460541,0
cand_125602.cpp,cand_141938.cpp,0.37457263469696045,0
cand_048676.cpp,cand_261605.cpp,0.5639443397521973,0
cand_294764.cpp,cand_098432.cpp,0.4237772822380066,0
cand_297855.cpp,cand_053076.cpp,0.3853617310523987,0
cand_150939.cpp,cand_117555.cpp,0.39488092064857483,0
cand_081850.cpp,cand_092764.cpp,0.4815424978733063,0
cand_237881.cpp,cand_237444.cpp,0.5343747735023499,0
cand_031368.cpp,cand_016169.cpp,0.3033447265625,0
cand_151968.cpp,cand_002174.cpp,0.39761248230934143,0
cand_189506.cpp,cand_172217.cpp,0.4052466154098511,0
cand_148772.cpp,cand_145638.cpp,0.5313352346420288,0
cand_121957.cpp,cand_024025.cpp,0.44788458943367004,0
cand_101685.cpp,cand_186843.cpp,0.3916566073894501,0
cand_242909.cpp,cand_277478.cpp,0.5202006697654724,0
cand_140865.cpp,cand_271673.cpp,0.4908647835254669,0
cand_096067.cpp,cand_165840.cpp,0.5234078168869019,0
cand_139194.cpp,cand_172276.cpp,0.3211686909198761,0
cand_063249.cpp,cand_112910.cpp,0.503750741481781,0
cand_136106.cpp,cand_049975.cpp,0.41236412525177,0
cand_231353.cpp,cand_259151.cpp,0.40978944301605225,0
cand_192765.cpp,cand_048955.cpp,0.48621267080307007,0
cand_055837.cpp,cand_022337.cpp,0.2775404751300812,0
cand_198093.cpp,cand_144666.cpp,0.4551186263561249,0
cand_027781.cpp,cand_153033.cpp,0.5058190822601318,0
cand_237989.cpp,cand_005831.cpp,0.5388175249099731,0
cand_051054.cpp,cand_158303.cpp,0.5336611866950989,0
cand_010869.cpp,cand_083472.cpp,0.5334072113037109,0
cand_082117.cpp,cand_082115.cpp,0.46105363965034485,0
cand_125971.cpp,cand_057665.cpp,0.42030540108680725,0
cand_176223.cpp,cand_297400.cpp,0.40268924832344055,0
cand_059570.cpp,cand_262960.cpp,0.3580044209957123,0
cand_208866.cpp,cand_227617.cpp,0.47371864318847656,0
cand_265395.cpp,cand_248240.cpp,0.5072101354598999,0
cand_165687.cpp,cand_189223.cpp,0.29360413551330566,0
cand_240632.cpp,cand_005812.cpp,0.40314170718193054,0
cand_010055.cpp,cand_269072.cpp,0.39249518513679504,0
cand_067894.cpp,cand_101638.cpp,0.5105623006820679,0
cand_080058.cpp,cand_035231.cpp,0.43339529633522034,0
cand_147252.cpp,cand_001386.cpp,0.4611010253429413,0
cand_059374.cpp,cand_138882.cpp,0.4312056005001068,0
cand_117207.cpp,cand_259694.cpp,0.5204530358314514,0
cand_159263.cpp,cand_008640.cpp,0.3934457004070282,0
cand_270985.cpp,cand_106127.cpp,0.478189080953598,0
cand_139473.cpp,cand_135509.cpp,0.4767998158931732,0
cand_167478.cpp,cand_167852.cpp,0.5174499750137329,0
cand_222042.cpp,cand_260914.cpp,0.5194039940834045,0
cand_077806.cpp,cand_081815.cpp,0.5457971096038818,0
cand_074106.cpp,cand_172558.cpp,0.502685546875,0
cand_010407.cpp,cand_013729.cpp,0.45815154910087585,0
cand_103109.cpp,cand_103142.cpp,0.39021092653274536,0
cand_288630.cpp,cand_114324.cpp,0.4107491374015808,0
cand_251366.cpp,cand_192663.cpp,0.4637412428855896,0
cand_074034.cpp,cand_097142.cpp,0.4531583786010742,0
cand_102046.cpp,cand_254719.cpp,0.3738502860069275,0
cand_101289.cpp,cand_027773.cpp,0.5213345289230347,0
cand_226421.cpp,cand_280968.cpp,0.5271481275558472,0
cand_297517.cpp,cand_198378.cpp,0.5085095167160034,0
cand_194714.cpp,cand_192932.cpp,0.22656109929084778,0
cand_274131.cpp,cand_274132.cpp,0.511886477470398,0
cand_121622.cpp,cand_026968.cpp,0.41704946756362915,0
cand_056017.cpp,cand_165088.cpp,0.4312745928764343,0
cand_025849.cpp,cand_152411.cpp,0.41994205117225647,0
cand_243526.cpp,cand_240117.cpp,0.35929399728775024,0
cand_023804.cpp,cand_070100.cpp,0.4599410891532898,0
cand_072522.cpp,cand_187783.cpp,0.4072577953338623,0
cand_151403.cpp,cand_056115.cpp,0.5056342482566833,0
cand_197089.cpp,cand_197088.cpp,0.4605433940887451,0
cand_134497.cpp,cand_134542.cpp,0.47729530930519104,0
cand_241100.cpp,cand_157136.cpp,0.38414084911346436,0
cand_241160.cpp,cand_283484.cpp,0.4605209231376648,0
cand_108375.cpp,cand_077055.cpp,0.527745246887207,0
cand_098480.cpp,cand_098478.cpp,0.38519757986068726,0
cand_121504.cpp,cand_276649.cpp,0.48282966017723083,0
cand_097245.cpp,cand_072801.cpp,0.5307039022445679,0
cand_134807.cpp,cand_141933.cpp,0.42855265736579895,0
cand_050069.cpp,cand_083322.cpp,0.4916731119155884,0
cand_190926.cpp,cand_136224.cpp,0.5116957426071167,0
cand_254985.cpp,cand_006437.cpp,0.5542284846305847,0
cand_039225.cpp,cand_039897.cpp,0.412073016166687,0
cand_082270.cpp,cand_082264.cpp,0.3278288245201111,0
cand_174272.cpp,cand_227096.cpp,0.5100637674331665,0
cand_059855.cpp,cand_089993.cpp,0.5175445079803467,0
cand_119488.cpp,cand_132289.cpp,0.4202784299850464,0
cand_249289.cpp,cand_064426.cpp,0.549197256565094,0
cand_131927.cpp,cand_239608.cpp,0.5314295887947083,0
cand_128703.cpp,cand_072395.cpp,0.4431975781917572,0
cand_232694.cpp,cand_259813.cpp,0.4141153395175934,0
cand_110158.cpp,cand_110081.cpp,0.3365373909473419,0
cand_156758.cpp,cand_277542.cpp,0.523431122303009,0
cand_252456.cpp,cand_093589.cpp,0.46047133207321167,0
cand_140848.cpp,cand_114720.cpp,0.4349675178527832,0
cand_021074.cpp,cand_021064.cpp,0.5330418944358826,0
cand_271175.cpp,cand_219739.cpp,0.46288952231407166,0
cand_152712.cpp,cand_111176.cpp,0.34597048163414,0
cand_222489.cpp,cand_241203.cpp,0.44261613488197327,0
cand_052394.cpp,cand_117178.cpp,0.39412689208984375,0
cand_110585.cpp,cand_261569.cpp,0.4619096517562866,0
cand_101436.cpp,cand_294100.cpp,0.4869985282421112,0
cand_240182.cpp,cand_142713.cpp,0.45984286069869995,0
cand_158181.cpp,cand_143380.cpp,0.478572815656662,0
cand_048696.cpp,cand_210087.cpp,0.5607234835624695,0
cand_010914.cpp,cand_178129.cpp,0.5218552947044373,0
cand_139351.cpp,cand_144938.cpp,0.45680907368659973,0
cand_255257.cpp,cand_197782.cpp,0.5281344056129456,0
cand_164297.cpp,cand_161644.cpp,0.5446288585662842,0
cand_149201.cpp,cand_275766.cpp,0.526596188545227,0
cand_255291.cpp,cand_080783.cpp,0.42482516169548035,0
cand_160222.cpp,cand_007954.cpp,0.45074325799942017,0
cand_023687.cpp,cand_149964.cpp,0.46658310294151306,0
cand_034354.cpp,cand_034863.cpp,0.500881016254425,0
cand_138943.cpp,cand_125173.cpp,0.5089410543441772,0
cand_165133.cpp,cand_277414.cpp,0.457686185836792,0
cand_023081.cpp,cand_273928.cpp,0.5358132719993591,0
cand_133113.cpp,cand_133407.cpp,0.3817993700504303,0
cand_232569.cpp,cand_002499.cpp,0.4820857346057892,0
cand_181311.cpp,cand_007862.cpp,0.4967861771583557,0
cand_157306.cpp,cand_081365.cpp,0.5205290913581848,0
cand_192267.cpp,cand_119808.cpp,0.5381419062614441,0
cand_062018.cpp,cand_239751.cpp,0.5374893546104431,0
cand_050592.cpp,cand_293562.cpp,0.5311203598976135,0
cand_165142.cpp,cand_057323.cpp,0.5234481692314148,0
cand_076068.cpp,cand_042665.cpp,0.06526597589254379,0
cand_116465.cpp,cand_118831.cpp,0.5547584891319275,0
cand_270385.cpp,cand_002713.cpp,0.4943344295024872,0
cand_132032.cpp,cand_269303.cpp,0.4387613832950592,0
cand_146020.cpp,cand_156770.cpp,0.49158430099487305,0
cand_269412.cpp,cand_200068.cpp,0.48674577474594116,0
cand_178682.cpp,cand_231834.cpp,0.47084930539131165,0
cand_145623.cpp,cand_297733.cpp,0.3291054666042328,0
cand_175120.cpp,cand_267969.cpp,0.2891013026237488,0
