threshold,precision,recall,f1
0.5715569853782654,0.0,0.0,0.0
0.5715569257736206,0.8333333333333334,0.028735632183908046,0.05555555555555555
0.571399450302124,0.7619047619047619,0.03065134099616858,0.05893186003683241
0.5712774395942688,0.7272727272727273,0.03065134099616858,0.058823529411764705
0.5712609887123108,0.7391304347826086,0.032567049808429116,0.06238532110091742
0.5712379217147827,0.75,0.034482758620689655,0.06593406593406594
0.5712130665779114,0.72,0.034482758620689655,0.06581352833638025
0.57114577293396,0.7307692307692307,0.03639846743295019,0.06934306569343067
0.5709848403930664,0.7407407407407407,0.038314176245210725,0.07285974499089252
0.5709824562072754,0.7142857142857143,0.038314176245210725,0.07272727272727272
0.5709415674209595,0.6896551724137931,0.038314176245210725,0.07259528130671505
0.5709372162818909,0.7,0.040229885057471264,0.07608695652173912
0.5709168314933777,0.7096774193548387,0.0421455938697318,0.07956600361663653
0.570914089679718,0.71875,0.044061302681992334,0.08303249097472923
0.5709006190299988,0.7272727272727273,0.04597701149425287,0.0864864864864865
0.5708578824996948,0.7352941176470589,0.04789272030651341,0.08992805755395684
0.5707706212997437,0.7142857142857143,0.04789272030651341,0.08976660682226213
0.5707334280014038,0.7222222222222222,0.04980842911877394,0.09318996415770608
0.5707230567932129,0.7027027027027027,0.04980842911877394,0.09302325581395349
0.5706831216812134,0.7105263157894737,0.05172413793103448,0.09642857142857142
0.570603609085083,0.6923076923076923,0.05172413793103448,0.0962566844919786
0.5704296827316284,0.675,0.05172413793103448,0.09608540925266904
0.5704260468482971,0.6829268292682927,0.05363984674329502,0.09946714031971582
0.5703954100608826,0.6666666666666666,0.05363984674329502,0.09929078014184398
0.5702972412109375,0.6744186046511628,0.05555555555555555,0.10265486725663715
0.5702791810035706,0.6818181818181818,0.05747126436781609,0.10600706713780918
0.57026606798172,0.6888888888888889,0.05938697318007663,0.109347442680776
0.570210874080658,0.6739130434782609,0.05938697318007663,0.10915492957746481
0.5701988339424133,0.6808510638297872,0.06130268199233716,0.1124780316344464
0.5701987743377686,0.6875,0.06321839080459771,0.11578947368421054
0.5701380968093872,0.6938775510204082,0.06513409961685823,0.11908931698774079
0.5701189637184143,0.7,0.06704980842911877,0.12237762237762237
0.570088803768158,0.6862745098039216,0.06704980842911877,0.12216404886561953
0.5700781941413879,0.6923076923076923,0.06896551724137931,0.1254355400696864
0.5700491070747375,0.6792452830188679,0.06896551724137931,0.1252173913043478
0.570004940032959,0.6666666666666666,0.06896551724137931,0.125
0.5699906945228577,0.6727272727272727,0.07088122605363985,0.12824956672443674
0.5699068903923035,0.6607142857142857,0.07088122605363985,0.12802768166089964
0.5699037909507751,0.6491228070175439,0.07088122605363985,0.12780656303972365
0.5699031949043274,0.6551724137931034,0.07279693486590039,0.1310344827586207
0.5698893070220947,0.6440677966101694,0.07279693486590039,0.13080895008605853
0.5698593854904175,0.6333333333333333,0.07279693486590039,0.13058419243986255
0.5697962641716003,0.639344262295082,0.07471264367816093,0.1337907375643225
0.5697494745254517,0.6290322580645161,0.07471264367816093,0.13356164383561644
0.5697213411331177,0.6190476190476191,0.07471264367816093,0.13333333333333336
0.5697104334831238,0.625,0.07662835249042145,0.136518771331058
0.569696843624115,0.6307692307692307,0.07854406130268199,0.13969335604770017
0.5696501135826111,0.6212121212121212,0.07854406130268199,0.13945578231292516
0.5696494579315186,0.6268656716417911,0.08045977011494253,0.1426146010186757
0.5696095824241638,0.6176470588235294,0.08045977011494253,0.1423728813559322
0.569589376449585,0.6231884057971014,0.08237547892720307,0.1455160744500846
0.569492518901825,0.6285714285714286,0.0842911877394636,0.14864864864864863
0.5694584250450134,0.6197183098591549,0.0842911877394636,0.14839797639123103
0.5694392919540405,0.625,0.08620689655172414,0.15151515151515152
0.5694061517715454,0.6164383561643836,0.08620689655172414,0.1512605042016807
0.5693874955177307,0.6081081081081081,0.08620689655172414,0.15100671140939598
0.5693771243095398,0.6133333333333333,0.08812260536398467,0.1541038525963149
0.5693721771240234,0.618421052631579,0.09003831417624521,0.157190635451505
0.5693674683570862,0.6103896103896104,0.09003831417624521,0.15692821368948245
0.5693140625953674,0.6153846153846154,0.09195402298850575,0.16
0.5692795515060425,0.620253164556962,0.09386973180076628,0.16306156405990016
0.5691923499107361,0.625,0.09578544061302682,0.16611295681063123
0.5691786408424377,0.6296296296296297,0.09770114942528736,0.1691542288557214
0.5691632628440857,0.6341463414634146,0.09961685823754789,0.17218543046357615
0.5691535472869873,0.6385542168674698,0.10153256704980843,0.17520661157024794
0.5691185593605042,0.6428571428571429,0.10344827586206896,0.1782178217821782
0.569086492061615,0.6352941176470588,0.10344827586206896,0.17792421746293247
0.5690593123435974,0.6395348837209303,0.1053639846743295,0.18092105263157895
0.5689476132392883,0.6436781609195402,0.10727969348659004,0.18390804597701152
0.5688599944114685,0.6363636363636364,0.10727969348659004,0.18360655737704917
0.5688356757164001,0.6404494382022472,0.10919540229885058,0.18657937806873978
0.5688347220420837,0.6444444444444445,0.1111111111111111,0.18954248366013074
0.568809986114502,0.6373626373626373,0.1111111111111111,0.1892332789559543
0.5687246322631836,0.6413043478260869,0.11302681992337164,0.19218241042345277
0.5687117576599121,0.6344086021505376,0.11302681992337164,0.191869918699187
0.5686983466148376,0.6276595744680851,0.11302681992337164,0.19155844155844157
0.5686834454536438,0.631578947368421,0.11494252873563218,0.1944894651539708
0.5686049461364746,0.6354166666666666,0.11685823754789272,0.19741100323624594
0.5684776306152344,0.6288659793814433,0.11685823754789272,0.19709208400646203
0.5683751702308655,0.6224489795918368,0.11685823754789272,0.1967741935483871
0.5683599710464478,0.6161616161616161,0.11685823754789272,0.1964573268921095
0.5683340430259705,0.62,0.11877394636015326,0.19935691318327975
0.56827712059021,0.6237623762376238,0.1206896551724138,0.20224719101123595
0.5682637691497803,0.6176470588235294,0.1206896551724138,0.20192307692307693
0.5682321786880493,0.6116504854368932,0.1206896551724138,0.2016
0.5682072043418884,0.6153846153846154,0.12260536398467432,0.2044728434504792
0.5681555271148682,0.6190476190476191,0.12452107279693486,0.20733652312599682
0.5681096911430359,0.6226415094339622,0.12643678160919541,0.21019108280254778
0.5680879354476929,0.616822429906542,0.12643678160919541,0.20985691573926868
0.5680875778198242,0.6111111111111112,0.12643678160919541,0.20952380952380958
0.5680639743804932,0.6055045871559633,0.12643678160919541,0.2091917591125198
0.5680590867996216,0.6,0.12643678160919541,0.20886075949367086
0.5680291056632996,0.6036036036036037,0.12835249042145594,0.2116903633491311
0.5680167078971863,0.6071428571428571,0.13026819923371646,0.21451104100946372
0.5680069923400879,0.6017699115044248,0.13026819923371646,0.2141732283464567
0.568000078201294,0.6052631578947368,0.13218390804597702,0.21698113207547168
0.5679988265037537,0.6,0.13218390804597702,0.2166405023547881
0.5679783821105957,0.603448275862069,0.13409961685823754,0.21943573667711597
0.5679653286933899,0.6068376068376068,0.1360153256704981,0.22222222222222224
0.5679226517677307,0.6101694915254238,0.13793103448275862,0.225
0.5678574442863464,0.6134453781512605,0.13984674329501914,0.22776911076443057
0.567854106426239,0.6083333333333333,0.13984674329501914,0.2274143302180685
0.5678443908691406,0.6115702479338843,0.1417624521072797,0.2301710730948678
0.5677294731140137,0.6147540983606558,0.14367816091954022,0.23291925465838506
0.5677016973495483,0.6097560975609756,0.14367816091954022,0.2325581395348837
0.5676973462104797,0.6129032258064516,0.14559386973180077,0.23529411764705882
0.5676578879356384,0.608,0.14559386973180077,0.2349304482225657
0.5675732493400574,0.6111111111111112,0.1475095785440613,0.23765432098765432
0.567428469657898,0.6141732283464567,0.14942528735632185,0.2403697996918336
0.567406177520752,0.6171875,0.15134099616858238,0.24307692307692308
0.5673074126243591,0.6124031007751938,0.15134099616858238,0.2427035330261137
0.5672962665557861,0.6153846153846154,0.1532567049808429,0.24539877300613497
0.5672083497047424,0.6106870229007634,0.1532567049808429,0.2450229709035222
0.567203938961029,0.6060606060606061,0.1532567049808429,0.24464831804281345
0.5671975016593933,0.6090225563909775,0.15517241379310345,0.24732824427480918
0.5671908855438232,0.6119402985074627,0.15708812260536398,0.25
0.567188024520874,0.6074074074074074,0.15708812260536398,0.2496194824961948
0.5671607255935669,0.6102941176470589,0.15900383141762453,0.25227963525835867
0.5671594142913818,0.6131386861313869,0.16091954022988506,0.2549317147192716
0.5671563744544983,0.6159420289855072,0.16283524904214558,0.25757575757575757
0.5671341419219971,0.6115107913669064,0.16283524904214558,0.2571860816944024
0.5671229958534241,0.6142857142857143,0.16475095785440613,0.2598187311178247
0.5671140551567078,0.6170212765957447,0.16666666666666666,0.26244343891402716
0.5671020150184631,0.6126760563380281,0.16666666666666666,0.2620481927710843
0.5670682787895203,0.6083916083916084,0.16666666666666666,0.26165413533834586
0.5670059323310852,0.6041666666666666,0.16666666666666666,0.26126126126126126
0.5669594407081604,0.6068965517241379,0.1685823754789272,0.2638680659670165
0.5668466091156006,0.6095890410958904,0.17049808429118773,0.26646706586826346
0.5668138265609741,0.6054421768707483,0.17049808429118773,0.26606875934230195
0.5667436718940735,0.6013513513513513,0.17049808429118773,0.2656716417910448
0.5666759014129639,0.6040268456375839,0.1724137931034483,0.26825633383010433
0.5665925741195679,0.6066666666666667,0.1743295019157088,0.2708333333333333
0.5665203332901001,0.6026490066225165,0.1743295019157088,0.2704309063893016
0.5664920210838318,0.5986842105263158,0.1743295019157088,0.27002967359050445
0.5663877129554749,0.5947712418300654,0.1743295019157088,0.2696296296296296
0.5663755536079407,0.5974025974025974,0.17624521072796934,0.27218934911242604
0.5662773847579956,0.6,0.1781609195402299,0.27474150664697194
0.5662484169006348,0.6025641025641025,0.18007662835249041,0.27728613569321536
0.5662482976913452,0.6050955414012739,0.18199233716475097,0.27982326951399117
0.5661990642547607,0.6012658227848101,0.18199233716475097,0.27941176470588236
0.5661725997924805,0.5974842767295597,0.18199233716475097,0.2790014684287812
0.5661278367042542,0.59375,0.18199233716475097,0.27859237536656895
0.566021740436554,0.5962732919254659,0.1839080459770115,0.28111273792093705
0.5659703016281128,0.5925925925925926,0.1839080459770115,0.2807017543859649
0.5659612417221069,0.5950920245398773,0.18582375478927204,0.28321167883211684
0.5659173727035522,0.5975609756097561,0.18773946360153257,0.2857142857142857
0.5658692121505737,0.593939393939394,0.18773946360153257,0.2852983988355167
0.5658509731292725,0.5903614457831325,0.18773946360153257,0.28488372093023256
0.5658231973648071,0.5868263473053892,0.18773946360153257,0.28447024673439764
0.5658110976219177,0.5833333333333334,0.18773946360153257,0.28405797101449276
0.5657750368118286,0.5798816568047337,0.18773946360153257,0.28364688856729375
0.5657715797424316,0.5823529411764706,0.1896551724137931,0.2861271676300578
0.5657362341880798,0.5789473684210527,0.1896551724137931,0.2857142857142857
0.5657343864440918,0.5813953488372093,0.19157088122605365,0.2881844380403458
0.5657305717468262,0.5780346820809249,0.19157088122605365,0.2877697841726619
0.5656982064247131,0.5747126436781609,0.19157088122605365,0.28735632183908044
0.5656505823135376,0.5714285714285714,0.19157088122605365,0.28694404591104733
0.5655929446220398,0.5681818181818182,0.19157088122605365,0.2865329512893983
0.5655162334442139,0.5649717514124294,0.19157088122605365,0.2861230329041488
0.5654839873313904,0.5674157303370787,0.19348659003831417,0.2885714285714286
0.5654820799827576,0.5642458100558659,0.19348659003831417,0.28815977175463625
0.5654769539833069,0.5666666666666667,0.19540229885057472,0.2905982905982906
0.5654675960540771,0.56353591160221,0.19540229885057472,0.2901849217638691
0.5654214024543762,0.5659340659340659,0.19731800766283525,0.29261363636363635
0.565395712852478,0.5628415300546448,0.19731800766283525,0.29219858156028367
0.5653351545333862,0.5652173913043478,0.19923371647509577,0.29461756373937675
0.5653166174888611,0.5675675675675675,0.20114942528735633,0.297029702970297
0.5652216076850891,0.5698924731182796,0.20306513409961685,0.29943502824858753
0.5652120113372803,0.5668449197860963,0.20306513409961685,0.2990126939351199
0.5651997327804565,0.5638297872340425,0.20306513409961685,0.2985915492957747
0.5651578307151794,0.5608465608465608,0.20306513409961685,0.2981715893108298
0.565100908279419,0.5578947368421052,0.20306513409961685,0.29775280898876405
0.5650159120559692,0.5549738219895288,0.20306513409961685,0.2973352033660589
0.5649768710136414,0.5572916666666666,0.2049808429118774,0.29971988795518206
0.5649387836456299,0.5595854922279793,0.20689655172413793,0.3020979020979021
0.5649220943450928,0.5567010309278351,0.20689655172413793,0.3016759776536313
0.5649131536483765,0.558974358974359,0.20881226053639848,0.30404463040446306
0.5648600459098816,0.5561224489795918,0.20881226053639848,0.30362116991643456
0.5648471117019653,0.5583756345177665,0.210727969348659,0.305980528511822
0.5648155808448792,0.5606060606060606,0.21264367816091953,0.3083333333333333
0.5648120641708374,0.5628140703517588,0.21455938697318008,0.3106796116504854
0.5647927522659302,0.5671641791044776,0.21839080459770116,0.31535269709543573
0.5647082328796387,0.5643564356435643,0.21839080459770116,0.31491712707182323
0.5647059082984924,0.5615763546798029,0.21839080459770116,0.31448275862068964
0.564669668674469,0.5637254901960784,0.22030651340996169,0.3168044077134986
0.564617931842804,0.5658536585365853,0.2222222222222222,0.31911966987620355
0.564590573310852,0.5631067961165048,0.2222222222222222,0.31868131868131866
0.5645445585250854,0.5603864734299517,0.2222222222222222,0.3182441700960219
0.5644832253456116,0.5576923076923077,0.2222222222222222,0.3178082191780822
0.5644584894180298,0.5598086124401914,0.22413793103448276,0.320109439124487
0.5644347667694092,0.5619047619047619,0.2260536398467433,0.3224043715846995
0.5644271969795227,0.5639810426540285,0.22796934865900384,0.32469304229195095
0.5643812417984009,0.5660377358490566,0.22988505747126436,0.326975476839237
0.5643707513809204,0.568075117370892,0.23180076628352492,0.3292517006802721
0.5643219947814941,0.5654205607476636,0.23180076628352492,0.3288043478260869
0.564318835735321,0.5627906976744186,0.23180076628352492,0.32835820895522394
0.564296305179596,0.5601851851851852,0.23180076628352492,0.3279132791327913
0.5642854571342468,0.5576036866359447,0.23180076628352492,0.3274695534506089
0.5642521381378174,0.555045871559633,0.23180076628352492,0.327027027027027
0.5642178058624268,0.5525114155251142,0.23180076628352492,0.32658569500674767
0.5641679763793945,0.5545454545454546,0.23371647509578544,0.3288409703504044
0.5641480684280396,0.5520361990950227,0.23371647509578544,0.3283983849259758
0.5640944242477417,0.5495495495495496,0.23371647509578544,0.32795698924731187
0.5640734434127808,0.5515695067264574,0.23563218390804597,0.3302013422818792
0.5640277862548828,0.5535714285714286,0.23754789272030652,0.3324396782841823
0.5640125274658203,0.5511111111111111,0.23754789272030652,0.3319946452476573
0.5639660954475403,0.5486725663716814,0.23754789272030652,0.3315508021390375
0.5639622211456299,0.5506607929515418,0.23946360153256704,0.33377837116154874
0.5639604330062866,0.5482456140350878,0.23946360153256704,0.3333333333333333
0.5639443397521973,0.5502183406113537,0.2413793103448276,0.3355525965379494
0.563870370388031,0.5478260869565217,0.2413793103448276,0.33510638297872336
0.5638254880905151,0.5454545454545454,0.2413793103448276,0.3346613545816733
0.5638189911842346,0.5474137931034483,0.24329501915708812,0.33687002652519893
0.5638126730918884,0.5450643776824035,0.24329501915708812,0.33642384105960266
0.5637950301170349,0.5470085470085471,0.24521072796934865,0.3386243386243386
0.5637291073799133,0.548936170212766,0.2471264367816092,0.34081902245706736
0.5637190341949463,0.5508474576271186,0.24904214559386972,0.34300791556728233
0.5636958479881287,0.5485232067510548,0.24904214559386972,0.3425559947299078
0.5636504888534546,0.5504201680672269,0.2509578544061303,0.3447368421052632
0.563610315322876,0.5481171548117155,0.2509578544061303,0.3442838370565046
0.5635917782783508,0.55,0.25287356321839083,0.3464566929133858
0.5635892152786255,0.5518672199170125,0.2547892720306513,0.3486238532110092
0.5634766817092896,0.5537190082644629,0.2567049808429119,0.3507853403141361
0.563406229019165,0.551440329218107,0.2567049808429119,0.35032679738562095
0.5633988380432129,0.5532786885245902,0.25862068965517243,0.3524804177545693
0.5633174777030945,0.5551020408163265,0.26053639846743293,0.3546284224250326
0.5632897019386292,0.5528455284552846,0.26053639846743293,0.35416666666666663
0.5632038116455078,0.5546558704453441,0.2624521072796935,0.3563068920676203
0.5631967186927795,0.5564516129032258,0.26436781609195403,0.3584415584415584
0.563181459903717,0.5582329317269076,0.2662835249042146,0.36057068741893644
0.5631694793701172,0.56,0.2681992337164751,0.36269430051813467
0.5631099343299866,0.5617529880478087,0.27011494252873564,0.3648124191461837
0.5631068348884583,0.5595238095238095,0.27011494252873564,0.3643410852713178
0.5630963444709778,0.5573122529644269,0.27011494252873564,0.3638709677419355
0.563052237033844,0.5551181102362205,0.27011494252873564,0.36340206185567014
0.5630409121513367,0.5529411764705883,0.27011494252873564,0.36293436293436293
0.5629655122756958,0.55078125,0.27011494252873564,0.36246786632390743
0.5629621148109436,0.5525291828793775,0.2720306513409962,0.3645699614890886
0.5629460215568542,0.5503875968992248,0.2720306513409962,0.36410256410256414
0.5628589391708374,0.5521235521235521,0.2739463601532567,0.3661971830985915
0.562815248966217,0.55,0.2739463601532567,0.3657289002557545
0.5627692937850952,0.5478927203065134,0.2739463601532567,0.3652618135376756
0.562764048576355,0.549618320610687,0.27586206896551724,0.36734693877551017
0.5627607107162476,0.5475285171102662,0.27586206896551724,0.3668789808917197
0.5627473592758179,0.5492424242424242,0.2777777777777778,0.36895674300254455
0.5627128481864929,0.5509433962264151,0.2796934865900383,0.3710292249047013
0.5626824498176575,0.5488721804511278,0.2796934865900383,0.3705583756345178
0.5626661777496338,0.5468164794007491,0.2796934865900383,0.37008871989860587
0.562549889087677,0.5485074626865671,0.28160919540229884,0.37215189873417726
0.5624774098396301,0.550185873605948,0.2835249042145594,0.37420986093552466
0.5624711513519287,0.5481481481481482,0.2835249042145594,0.3737373737373737
0.5624477863311768,0.5498154981549815,0.28544061302681994,0.37578814627994955
0.5624438524246216,0.5477941176470589,0.28544061302681994,0.3753148614609572
0.5624437928199768,0.5457875457875457,0.28544061302681994,0.37484276729559746
0.5624300837516785,0.5474452554744526,0.28735632183908044,0.3768844221105528
0.5623695850372314,0.5454545454545454,0.28735632183908044,0.37641154328732745
0.5623441338539124,0.5434782608695652,0.28735632183908044,0.37593984962406013
0.5622597336769104,0.5451263537906137,0.289272030651341,0.37797246558197745
0.5622262358665466,0.5431654676258992,0.289272030651341,0.37749999999999995
0.5621265172958374,0.5412186379928315,0.289272030651341,0.37702871410736577
0.5621194243431091,0.5392857142857143,0.289272030651341,0.3765586034912718
0.5619938373565674,0.5409252669039146,0.29118773946360155,0.37858032378580325
0.5619688630104065,0.5390070921985816,0.29118773946360155,0.3781094527363184
0.5619048476219177,0.5371024734982333,0.29118773946360155,0.37763975155279506
0.5618922710418701,0.5352112676056338,0.29118773946360155,0.37717121588089325
0.5618845224380493,0.5368421052631579,0.29310344827586204,0.379182156133829
0.5618065595626831,0.534965034965035,0.29310344827586204,0.3787128712871287
0.5616955757141113,0.5331010452961672,0.29310344827586204,0.37824474660074164
0.5616627335548401,0.5347222222222222,0.2950191570881226,0.3802469135802469
0.5616528987884521,0.532871972318339,0.2950191570881226,0.3797780517879161
0.561628520488739,0.5310344827586206,0.2950191570881226,0.37931034482758613
0.5616098642349243,0.5292096219931272,0.2950191570881226,0.3788437884378844
0.5616098046302795,0.5308219178082192,0.29693486590038315,0.3808353808353808
0.5615831613540649,0.5324232081911263,0.2988505747126437,0.3828220858895706
0.5615531802177429,0.5306122448979592,0.2988505747126437,0.3823529411764707
0.5615367889404297,0.5322033898305085,0.3007662835249042,0.38433292533659735
0.5615310668945312,0.5304054054054054,0.3007662835249042,0.38386308068459657
0.5615003705024719,0.531986531986532,0.30268199233716475,0.38583638583638585
0.5614966750144958,0.5335570469798657,0.3045977011494253,0.38780487804878044
0.5614954233169556,0.5351170568561873,0.3065134099616858,0.3897685749086479
0.5614714026451111,0.5366666666666666,0.30842911877394635,0.39172749391727496
0.5613977313041687,0.5348837209302325,0.30842911877394635,0.3912515188335358
0.5613863468170166,0.5331125827814569,0.30842911877394635,0.39077669902912626
0.5613676309585571,0.5346534653465347,0.3103448275862069,0.39272727272727276
0.5613633990287781,0.5328947368421053,0.3103448275862069,0.3922518159806296
0.5613617300987244,0.5311475409836065,0.3103448275862069,0.39177750906892383
0.5612861514091492,0.5294117647058824,0.3103448275862069,0.391304347826087
0.5612568855285645,0.5309446254071661,0.31226053639846746,0.3932448733413752
0.5612500309944153,0.5324675324675324,0.31417624521072796,0.39518072289156625
0.5612298250198364,0.5307443365695793,0.31417624521072796,0.394705174488568
0.5612195134162903,0.5290322580645161,0.31417624521072796,0.3942307692307692
0.5612102150917053,0.5305466237942122,0.3160919540229885,0.39615846338535415
0.5611712336540222,0.5288461538461539,0.3160919540229885,0.39568345323741005
0.5611359477043152,0.5303514376996805,0.31800766283524906,0.3976047904191617
0.5611280798912048,0.5318471337579618,0.31992337164750956,0.3995215311004784
0.5610727071762085,0.5333333333333333,0.3218390804597701,0.4014336917562724
0.5610489249229431,0.5316455696202531,0.3218390804597701,0.4009546539379475
0.5610368251800537,0.5331230283911672,0.32375478927203066,0.40286054827175205
0.5610159635543823,0.5345911949685535,0.32567049808429116,0.4047619047619047
0.5609240531921387,0.5329153605015674,0.32567049808429116,0.4042806183115339
0.560923159122467,0.53125,0.32567049808429116,0.4038004750593824
0.5609220862388611,0.5327102803738317,0.3275862068965517,0.4056939501779359
0.5608856678009033,0.5341614906832298,0.32950191570881227,0.4075829383886256
0.5608404874801636,0.5325077399380805,0.32950191570881227,0.4071005917159764
0.5607526302337646,0.5308641975308642,0.32950191570881227,0.40661938534278963
0.5607234835624695,0.5292307692307693,0.32950191570881227,0.40613931523022434
0.560718297958374,0.5276073619631901,0.32950191570881227,0.4056603773584906
0.5606755614280701,0.5259938837920489,0.32950191570881227,0.40518256772673733
0.5606381893157959,0.524390243902439,0.32950191570881227,0.4047058823529412
0.5606310963630676,0.5227963525835866,0.32950191570881227,0.4042303172737955
0.5605865120887756,0.5212121212121212,0.32950191570881227,0.40375586854460094
0.5605645775794983,0.5196374622356495,0.32950191570881227,0.40328253223915594
0.5605404376983643,0.5210843373493976,0.3314176245210728,0.405152224824356
0.5605140924453735,0.5195195195195195,0.3314176245210728,0.4046783625730994
0.5604974627494812,0.5209580838323353,0.3333333333333333,0.40654205607476634
0.5604162216186523,0.5223880597014925,0.33524904214559387,0.40840140023337224
0.5603826642036438,0.5208333333333334,0.33524904214559387,0.4079254079254079
0.5603167414665222,0.5192878338278932,0.33524904214559387,0.4074505238649593
0.560300350189209,0.5207100591715976,0.3371647509578544,0.4093023255813954
0.5602882504463196,0.5191740412979351,0.3371647509578544,0.4088269454123113
0.5602652430534363,0.5205882352941177,0.3390804597701149,0.4106728538283063
0.5602512955665588,0.5219941348973607,0.34099616858237547,0.4125144843568946
0.5601987242698669,0.52046783625731,0.34099616858237547,0.41203703703703703
0.5601739883422852,0.5189504373177842,0.34099616858237547,0.4115606936416185
0.5601435303688049,0.5174418604651163,0.34099616858237547,0.41108545034642036
0.5601428151130676,0.518840579710145,0.342911877394636,0.4129181084198385
0.5600583553314209,0.5173410404624278,0.342911877394636,0.4124423963133641
0.5600342750549316,0.515850144092219,0.342911877394636,0.41196777905638665
0.5600115656852722,0.514367816091954,0.342911877394636,0.4114942528735632
0.5600042343139648,0.5128939828080229,0.342911877394636,0.41102181400688864
0.5599966645240784,0.5114285714285715,0.342911877394636,0.41055045871559637
0.5599738359451294,0.50997150997151,0.342911877394636,0.41008018327605955
0.5599334836006165,0.5085227272727273,0.342911877394636,0.4096109839816933
0.5599046349525452,0.509915014164306,0.3448275862068966,0.4114285714285714
0.5597442388534546,0.5112994350282486,0.34674329501915707,0.4132420091324201
0.5597074627876282,0.5126760563380282,0.3486590038314176,0.41505131128848344
0.5596849918365479,0.5140449438202247,0.3505747126436782,0.4168564920273349
0.5596652626991272,0.5154061624649859,0.3524904214559387,0.41865756541524457
0.55964195728302,0.5139664804469274,0.3524904214559387,0.41818181818181815
0.5595889687538147,0.5153203342618384,0.3544061302681992,0.4199772985244041
0.5595729351043701,0.5166666666666667,0.3563218390804598,0.42176870748299317
0.5595715641975403,0.518005540166205,0.35823754789272033,0.42355605889014725
0.5595115423202515,0.5193370165745856,0.36015325670498083,0.4253393665158371
0.559507429599762,0.5179063360881543,0.36015325670498083,0.4248587570621469
0.5594807863235474,0.5164835164835165,0.36015325670498083,0.4243792325056433
0.5594481229782104,0.5150684931506849,0.36015325670498083,0.4239007891770011
0.5592916011810303,0.5163934426229508,0.3620689655172414,0.4256756756756757
0.55925452709198,0.5177111716621253,0.36398467432950193,0.42744656917885265
0.5592536330223083,0.5163043478260869,0.36398467432950193,0.4269662921348315
0.5592390894889832,0.5176151761517616,0.36590038314176243,0.42873176206509545
0.559058666229248,0.5162162162162162,0.36590038314176243,0.42825112107623314
0.5590577125549316,0.5148247978436657,0.36590038314176243,0.42777155655095184
0.5589635968208313,0.5161290322580645,0.367816091954023,0.42953020134228187
0.5589415431022644,0.517426273458445,0.36973180076628354,0.43128491620111736
0.5589335560798645,0.5187165775401069,0.3716475095785441,0.43303571428571425
0.5589295625686646,0.52,0.3735632183908046,0.4347826086956521
0.558866024017334,0.5186170212765957,0.3735632183908046,0.4342984409799554
0.5588501691818237,0.5172413793103449,0.3735632183908046,0.4338153503893215
0.5588365793228149,0.5158730158730159,0.3735632183908046,0.4333333333333334
0.5588308572769165,0.5145118733509235,0.3735632183908046,0.4328523862375139
0.5588014721870422,0.5157894736842106,0.37547892720306514,0.43458980044345896
0.5587606430053711,0.5144356955380578,0.37547892720306514,0.43410852713178294
0.5587197542190552,0.5130890052356021,0.37547892720306514,0.43362831858407075
0.5586972236633301,0.5143603133159269,0.3773946360153257,0.4353591160220994
0.5586671829223633,0.515625,0.3793103448275862,0.43708609271523174
0.5586642622947693,0.5168831168831168,0.38122605363984674,0.4388092613009923
0.5586624145507812,0.5181347150259067,0.3831417624521073,0.44052863436123346
0.5586386322975159,0.5167958656330749,0.3831417624521073,0.44004400440044006
0.5586056709289551,0.5154639175257731,0.3831417624521073,0.43956043956043955
0.5585662126541138,0.5141388174807198,0.3831417624521073,0.43907793633369924
0.5585072636604309,0.5128205128205128,0.3831417624521073,0.43859649122807015
0.5584995746612549,0.5115089514066496,0.3831417624521073,0.4381161007667032
0.5584839582443237,0.5127551020408163,0.3850574712643678,0.43982494529540483
0.5583997368812561,0.5114503816793893,0.3850574712643678,0.4393442622950819
0.5583714246749878,0.5126903553299492,0.38697318007662834,0.4410480349344978
0.5583290457725525,0.5113924050632911,0.38697318007662834,0.440567066521265
0.5582929849624634,0.5126262626262627,0.3888888888888889,0.4422657952069717
0.5582371354103088,0.5113350125944585,0.3888888888888889,0.44178454842219805
0.558214008808136,0.5125628140703518,0.39080459770114945,0.44347826086956527
0.5581650733947754,0.5137844611528822,0.39272030651340994,0.44516829533116176
0.5581650137901306,0.515,0.3946360153256705,0.44685466377440347
0.5581597089767456,0.516209476309227,0.39655172413793105,0.4485373781148429
0.5581426024436951,0.5174129353233831,0.39846743295019155,0.45021645021645024
0.5581281781196594,0.5186104218362283,0.4003831417624521,0.45189189189189194
0.5581183433532715,0.5198019801980198,0.40229885057471265,0.4535637149028077
0.5580995678901672,0.5185185185185185,0.40229885057471265,0.45307443365695793
0.5579472780227661,0.5172413793103449,0.40229885057471265,0.45258620689655177
0.557856559753418,0.5184275184275184,0.4042145593869732,0.4542518837459634
0.5578557252883911,0.5171568627450981,0.4042145593869732,0.45376344086021514
0.5578494668006897,0.5183374083129584,0.4061302681992337,0.45542427497314714
0.5578429698944092,0.5170731707317073,0.4061302681992337,0.45493562231759654
0.5578365921974182,0.5158150851581509,0.4061302681992337,0.45444801714898175
0.5577849745750427,0.5169902912621359,0.40804597701149425,0.45610278372591007
0.5577120780944824,0.5157384987893463,0.40804597701149425,0.45561497326203215
0.5576672554016113,0.5144927536231884,0.40804597701149425,0.45512820512820507
0.5576573014259338,0.5132530120481927,0.40804597701149425,0.45464247598719315
0.5576532483100891,0.5120192307692307,0.40804597701149425,0.4541577825159915
0.5576288104057312,0.513189448441247,0.4099616858237548,0.45580404685836
0.5575538873672485,0.5119617224880383,0.4099616858237548,0.45531914893617026
0.5575495958328247,0.5107398568019093,0.4099616858237548,0.45483528161530284
0.5575329661369324,0.5095238095238095,0.4099616858237548,0.4543524416135881
0.5575206279754639,0.5083135391923991,0.4099616858237548,0.4538706256627784
0.5574800372123718,0.5071090047393365,0.4099616858237548,0.4533898305084746
0.5574066042900085,0.5059101654846335,0.4099616858237548,0.4529100529100529
0.5574042797088623,0.5047169811320755,0.4099616858237548,0.452431289640592
0.5573816299438477,0.5035294117647059,0.4099616858237548,0.45195353748680045
0.5573789477348328,0.5023474178403756,0.4099616858237548,0.4514767932489452
0.5573645830154419,0.5035128805620609,0.4118773946360153,0.4531085353003161
0.5573180913925171,0.5023364485981309,0.4118773946360153,0.4526315789473684
0.5573075413703918,0.5034965034965035,0.41379310344827586,0.4542586750788644
0.5572695732116699,0.5046511627906977,0.4157088122605364,0.4558823529411764
0.5571597814559937,0.505800464037123,0.41762452107279696,0.4575026232948584
0.5571282505989075,0.5046296296296297,0.41762452107279696,0.4570230607966457
0.5570008158683777,0.5057736720554272,0.41954022988505746,0.4586387434554974
0.5569804906845093,0.5069124423963134,0.421455938697318,0.4602510460251046
0.556936502456665,0.5057471264367817,0.421455938697318,0.4597701149425288
0.5568971633911133,0.5045871559633027,0.421455938697318,0.4592901878914405
0.5568665862083435,0.5034324942791762,0.421455938697318,0.45881126173096975
0.5568471550941467,0.5045662100456622,0.42337164750957856,0.4604166666666667
0.5568427443504333,0.5034168564920274,0.42337164750957856,0.45993756503642047
0.5568137168884277,0.5022727272727273,0.42337164750957856,0.4594594594594595
0.5567871332168579,0.5034013605442177,0.42528735632183906,0.4610591900311527
0.5566025972366333,0.502262443438914,0.42528735632183906,0.4605809128630705
0.5565902590751648,0.5033860045146726,0.4272030651340996,0.46217616580310883
0.5564811825752258,0.5022522522522522,0.4272030651340996,0.4616977225672878
0.5564464926719666,0.501123595505618,0.4272030651340996,0.46122026887280254
0.5564455986022949,0.5,0.4272030651340996,0.4607438016528925
0.5564404726028442,0.4988814317673378,0.4272030651340996,0.4602683178534571
0.5564226508140564,0.5,0.42911877394636017,0.46185567010309275
0.5563951730728149,0.5011135857461024,0.43103448275862066,0.4634397528321318
0.556361198425293,0.5022222222222222,0.4329501915708812,0.46502057613168724
0.5563436150550842,0.5011086474501109,0.4329501915708812,0.46454265159301134
0.5563414692878723,0.5,0.4329501915708812,0.46406570841889117
0.5563359260559082,0.4988962472406181,0.4329501915708812,0.4635897435897436
0.556292712688446,0.5,0.43486590038314177,0.4651639344262295
0.5562507510185242,0.4989010989010989,0.43486590038314177,0.4646878198567042
0.5562093257904053,0.5,0.4367816091954023,0.46625766871165647
0.556136965751648,0.5010940919037199,0.4386973180076628,0.46782431052093976
0.5561193823814392,0.5,0.4386973180076628,0.4673469387755102
0.5561076402664185,0.4989106753812636,0.4386973180076628,0.46687054026503566
0.55610191822052,0.49782608695652175,0.4386973180076628,0.46639511201629325
0.5560938119888306,0.4967462039045553,0.4386973180076628,0.46592065106815866
0.55608731508255,0.49567099567099565,0.4386973180076628,0.46544715447154467
0.5560072660446167,0.4946004319654428,0.4386973180076628,0.46497461928934003
0.555962085723877,0.49353448275862066,0.4386973180076628,0.46450304259634884
0.5559090971946716,0.4946236559139785,0.44061302681992337,0.4660587639311044
0.5559045672416687,0.49356223175965663,0.44061302681992337,0.46558704453441296
0.5558896064758301,0.4925053533190578,0.44061302681992337,0.46511627906976744
0.5558570027351379,0.49145299145299143,0.44061302681992337,0.46464646464646464
0.555844783782959,0.4904051172707889,0.44061302681992337,0.46417759838546924
0.5558421611785889,0.48936170212765956,0.44061302681992337,0.4637096774193548
0.5558320879936218,0.49044585987261147,0.4425287356321839,0.4652567975830816
0.5558188557624817,0.4904862579281184,0.4444444444444444,0.4663316582914573
0.5557714700698853,0.49156118143459915,0.446360153256705,0.4678714859437751
0.555715024471283,0.4905263157894737,0.446360153256705,0.4674022066198596
0.5556970834732056,0.49159663865546216,0.4482758620689655,0.468937875751503
0.5556175708770752,0.49266247379454925,0.4501915708812261,0.47047047047047047
0.5555547475814819,0.4916317991631799,0.4501915708812261,0.47000000000000003
0.555551290512085,0.4906054279749478,0.4501915708812261,0.46953046953046956
0.5555389523506165,0.4895833333333333,0.4501915708812261,0.46906187624750506
0.5555307865142822,0.4885654885654886,0.4501915708812261,0.46859421734795614
0.5555208325386047,0.487551867219917,0.4501915708812261,0.4681274900398406
0.5554999709129333,0.4865424430641822,0.4501915708812261,0.46766169154228854
0.5554853677749634,0.48760330578512395,0.4521072796934866,0.4691848906560636
0.5554569959640503,0.4865979381443299,0.4521072796934866,0.4687189672293942
0.5554566979408264,0.4876543209876543,0.4540229885057471,0.47023809523809523
0.5554332733154297,0.4887063655030801,0.4559386973180077,0.4717542120911794
0.5554155111312866,0.48770491803278687,0.4559386973180077,0.4712871287128713
0.5553765892982483,0.4887525562372188,0.4578544061302682,0.4727992087042532
0.5553235411643982,0.48775510204081635,0.4578544061302682,0.47233201581027673
0.5552541017532349,0.48676171079429736,0.4578544061302682,0.4718657453109576
0.5551962852478027,0.48577235772357724,0.4578544061302682,0.4714003944773176
0.5551902651786804,0.486815415821501,0.45977011494252873,0.4729064039408867
0.5551796555519104,0.48582995951417,0.45977011494252873,0.4724409448818897
0.5551730990409851,0.48484848484848486,0.45977011494252873,0.471976401179941
0.5551677346229553,0.4838709677419355,0.45977011494252873,0.4715127701375246
0.5551062226295471,0.482897384305835,0.45977011494252873,0.47105004906771347
0.5551027655601501,0.4819277108433735,0.45977011494252873,0.4705882352941177
0.5550802946090698,0.48096192384769537,0.45977011494252873,0.4701273261508326
0.5550064444541931,0.48,0.45977011494252873,0.4696673189823875
0.5549678802490234,0.47904191616766467,0.45977011494252873,0.469208211143695
0.5549592971801758,0.4800796812749004,0.4616858237547893,0.470703125
0.554926335811615,0.47912524850894633,0.4616858237547893,0.4702439024390244
0.554899275302887,0.4801587301587302,0.46360153256704983,0.47173489278752445
0.5548197627067566,0.4792079207920792,0.46360153256704983,0.47127555988315484
0.5548132061958313,0.4782608695652174,0.46360153256704983,0.47081712062256814
0.5547584891319275,0.47731755424063116,0.46360153256704983,0.4703595724003887
0.55470210313797,0.4763779527559055,0.46360153256704983,0.46990291262135925
0.5546999573707581,0.4774066797642436,0.46551724137931033,0.47138700290979635
0.5546737909317017,0.4764705882352941,0.46551724137931033,0.4709302325581395
0.5546708703041077,0.4755381604696673,0.46551724137931033,0.47047434656340753
0.5545944571495056,0.474609375,0.46551724137931033,0.47001934235976794
0.5545104146003723,0.47368421052631576,0.46551724137931033,0.46956521739130436
0.5544885396957397,0.4727626459143969,0.46551724137931033,0.46911196911196906
0.5544657111167908,0.47184466019417476,0.46551724137931033,0.46865959498553517
0.5544395446777344,0.47093023255813954,0.46551724137931033,0.4682080924855492
0.5544019341468811,0.47195357833655704,0.4674329501915709,0.4696823869104908
0.5543366074562073,0.47104247104247104,0.4674329501915709,0.46923076923076923
0.5543283820152283,0.4720616570327553,0.46934865900383144,0.47070124879923153
0.5542284846305847,0.47115384615384615,0.46934865900383144,0.4702495201535508
0.554190993309021,0.472168905950096,0.47126436781609193,0.4717162032598274
0.5541587471961975,0.47126436781609193,0.47126436781609193,0.47126436781609193
0.5541417002677917,0.47036328871892924,0.47126436781609193,0.4708133971291865
0.5540881752967834,0.46946564885496184,0.47126436781609193,0.4703632887189293
0.554081916809082,0.4704761904761905,0.4731800766283525,0.47182425978987586
0.554029643535614,0.4695817490494297,0.4731800766283525,0.47137404580152675
0.5540167689323425,0.47058823529411764,0.47509578544061304,0.4728312678741659
0.5540162920951843,0.4696969696969697,0.47509578544061304,0.4723809523809524
0.5539620518684387,0.46880907372400754,0.47509578544061304,0.4719314938154139
0.5538883209228516,0.4679245283018868,0.47509578544061304,0.47148288973384034
0.5538844466209412,0.4670433145009416,0.47509578544061304,0.4710351377018044
0.5538704991340637,0.46616541353383456,0.47509578544061304,0.47058823529411764
0.5538693070411682,0.4652908067542214,0.47509578544061304,0.47014218009478675
0.5538549423217773,0.46629213483146065,0.47701149425287354,0.4715909090909091
0.5538120865821838,0.4654205607476635,0.47701149425287354,0.47114474929044464
0.5538022518157959,0.4664179104477612,0.4789272030651341,0.4725897920604915
0.5537899732589722,0.4655493482309125,0.4789272030651341,0.4721435316336166
0.5537788271903992,0.46654275092936803,0.48084291187739464,0.4735849056603773
0.5537688732147217,0.46567717996289426,0.48084291187739464,0.4731385485391141
0.5537384152412415,0.4666666666666667,0.4827586206896552,0.47457627118644075
0.5537070631980896,0.4658040665434381,0.4827586206896552,0.4741298212605833
0.553658664226532,0.46494464944649444,0.4827586206896552,0.47368421052631576
0.5536490678787231,0.46408839779005523,0.4827586206896552,0.47323943661971835
0.5536326766014099,0.4632352941176471,0.4827586206896552,0.4727954971857411
0.5536148548126221,0.46422018348623856,0.4846743295019157,0.4742268041237113
0.5535191297531128,0.4633699633699634,0.4846743295019157,0.4737827715355805
0.5535029172897339,0.4625228519195612,0.4846743295019157,0.47333956969130025
0.5534337759017944,0.46167883211678834,0.4846743295019157,0.47289719626168225
0.5533115267753601,0.46265938069216755,0.48659003831417624,0.47432306255835666
0.553299069404602,0.4618181818181818,0.48659003831417624,0.47388059701492535
0.5532676577568054,0.46098003629764067,0.48659003831417624,0.47343895619757687
0.5532252192497253,0.4601449275362319,0.48659003831417624,0.4729981378026071
0.5531962513923645,0.46112115732368897,0.4885057471264368,0.4744186046511628
0.5531926155090332,0.4620938628158845,0.4904214559386973,0.4758364312267658
0.5531142950057983,0.46126126126126127,0.4904214559386973,0.4753946146703807
0.5530981421470642,0.46223021582733814,0.49233716475095785,0.476808905380334
0.553078293800354,0.4614003590664273,0.49233716475095785,0.4763670064874884
0.5530656576156616,0.46236559139784944,0.4942528735632184,0.4777777777777778
0.5530585050582886,0.46153846153846156,0.4942528735632184,0.47733580018501387
0.5530483722686768,0.4625,0.49616858237547895,0.4787430683918669
0.5530427098274231,0.46167557932263814,0.49616858237547895,0.4783010156971376
0.5529951453208923,0.4608540925266904,0.49616858237547895,0.477859778597786
0.5529845952987671,0.46181172291296624,0.49808429118773945,0.4792626728110599
0.5529822707176208,0.46099290780141844,0.49808429118773945,0.4788213627992633
0.5529662370681763,0.46017699115044247,0.49808429118773945,0.4783808647654093
0.5529633164405823,0.45936395759717313,0.49808429118773945,0.47794117647058826
0.5529594421386719,0.4585537918871252,0.49808429118773945,0.4775022956841139
0.5529516339302063,0.45774647887323944,0.49808429118773945,0.4770642201834862
0.552876353263855,0.45694200351493847,0.49808429118773945,0.4766269477543537
0.5528628826141357,0.45789473684210524,0.5,0.478021978021978
0.5528203845024109,0.45884413309982486,0.5019157088122606,0.4794144556267155
0.552740216255188,0.4597902097902098,0.5038314176245211,0.48080438756855576
0.5527234077453613,0.45898778359511344,0.5038314176245211,0.480365296803653
0.5526965856552124,0.45993031358885017,0.5057471264367817,0.48175182481751827
0.5526487827301025,0.4608695652173913,0.5076628352490421,0.4831358249772105
0.5525708198547363,0.4618055555555556,0.5095785440613027,0.48451730418943534
0.5524792671203613,0.4610051993067591,0.5095785440613027,0.4840764331210191
0.5524505376815796,0.4619377162629758,0.5114942528735632,0.48545454545454547
0.5524232387542725,0.46286701208981,0.5134099616858238,0.48683015440508626
0.5523818135261536,0.46379310344827585,0.5153256704980843,0.4882032667876588
0.5523610711097717,0.4629948364888124,0.5153256704980843,0.4877606527651858
0.5523384213447571,0.46219931271477666,0.5153256704980843,0.48731884057971014
0.5523304343223572,0.4614065180102916,0.5153256704980843,0.48687782805429863
0.5522317886352539,0.4606164383561644,0.5153256704980843,0.4864376130198915
0.552150547504425,0.4598290598290598,0.5153256704980843,0.48599819331526645
0.5521317720413208,0.4590443686006826,0.5153256704980843,0.4855595667870036
0.5520570874214172,0.45826235093696766,0.5153256704980843,0.48512173128944996
0.5520476698875427,0.45918367346938777,0.5172413793103449,0.4864864864864865
0.5520355105400085,0.45840407470288624,0.5172413793103449,0.48604860486048607
0.5520209074020386,0.45932203389830506,0.5191570881226054,0.48741007194244607
0.5519884824752808,0.4602368866328257,0.5210727969348659,0.4887690925426774
0.5518968105316162,0.4594594594594595,0.5210727969348659,0.4883303411131059
0.5518680214881897,0.45868465430016864,0.5210727969348659,0.4878923766816144
0.5518559813499451,0.45791245791245794,0.5210727969348659,0.4874551971326165
0.5518353581428528,0.45714285714285713,0.5210727969348659,0.487018800358102
0.5518220663070679,0.4563758389261745,0.5210727969348659,0.4865831842576029
0.5517987608909607,0.4556113902847571,0.5210727969348659,0.48614834673815904
0.5517458915710449,0.45652173913043476,0.5229885057471264,0.4875
0.551720917224884,0.4557595993322204,0.5229885057471264,0.48706512042818917
0.5516359210014343,0.455,0.5229885057471264,0.4866310160427807
0.5513971447944641,0.454242928452579,0.5229885057471264,0.4861976847729296
0.5513464212417603,0.45514950166112955,0.524904214559387,0.4875444839857651
0.5512502789497375,0.45439469320066334,0.524904214559387,0.4871111111111111
0.5512488484382629,0.45364238410596025,0.524904214559387,0.48667850799289514
0.5511245131492615,0.45289256198347105,0.524904214559387,0.4862466725820763
0.5511040091514587,0.4521452145214521,0.524904214559387,0.48581560283687936
0.5510813593864441,0.45304777594728174,0.5268199233716475,0.48715677590788314
0.5510582327842712,0.45394736842105265,0.5287356321839081,0.488495575221239
0.5509855151176453,0.45320197044334976,0.5287356321839081,0.48806366047745364
0.5509091019630432,0.4524590163934426,0.5287356321839081,0.4876325088339223
0.5508979558944702,0.45171849427168576,0.5287356321839081,0.4872021182700794
0.550853431224823,0.45098039215686275,0.5287356321839081,0.4867724867724868
0.5508453845977783,0.45024469820554647,0.5287356321839081,0.4863436123348018
0.550778329372406,0.4495114006514658,0.5287356321839081,0.48591549295774644
0.5507680177688599,0.44878048780487806,0.5287356321839081,0.48548812664907653
0.5507471561431885,0.44805194805194803,0.5287356321839081,0.4850615114235501
0.5505600571632385,0.4473257698541329,0.5287356321839081,0.4846356453028973
0.5505396127700806,0.44660194174757284,0.5287356321839081,0.4842105263157895
0.5504933595657349,0.4458804523424879,0.5287356321839081,0.48378615249780893
0.5504931211471558,0.44516129032258067,0.5287356321839081,0.4833625218914186
0.5504828095436096,0.4444444444444444,0.5287356321839081,0.48293963254593175
0.5504370927810669,0.4437299035369775,0.5287356321839081,0.48251748251748255
0.550432562828064,0.44301765650080255,0.5287356321839081,0.4820960698689956
0.5503844618797302,0.4439102564102564,0.5306513409961686,0.48342059336823734
0.550371527671814,0.4432,0.5306513409961686,0.4829991281604185
0.5503600239753723,0.4424920127795527,0.5306513409961686,0.4825783972125436
0.5502989888191223,0.44178628389154706,0.5306513409961686,0.4821583986074848
0.5502825975418091,0.4426751592356688,0.5325670498084292,0.4834782608695653
0.5502676367759705,0.4419713831478537,0.5325670498084292,0.48305821025195483
0.5502204298973083,0.44126984126984126,0.5325670498084292,0.4826388888888889
0.5501323342323303,0.4405705229793978,0.5325670498084292,0.4822202948829142
0.5500977635383606,0.44145569620253167,0.5344827586206896,0.48353552859618715
0.5500929951667786,0.44075829383886256,0.5344827586206896,0.48311688311688306
0.5500880479812622,0.4400630914826498,0.5344827586206896,0.4826989619377162
0.5500655770301819,0.4393700787401575,0.5344827586206896,0.4822817631806396
0.550007164478302,0.4386792452830189,0.5344827586206896,0.4818652849740932
0.5499830842018127,0.4379905808477237,0.5344827586206896,0.4814495254529767
0.549828052520752,0.4373040752351097,0.5344827586206896,0.48103448275862065
0.5498219132423401,0.43661971830985913,0.5344827586206896,0.48062015503875966
0.5497751832008362,0.4359375,0.5344827586206896,0.48020654044750427
0.5497642755508423,0.43525741029641185,0.5344827586206896,0.4797936371453138
0.549740195274353,0.43457943925233644,0.5344827586206896,0.4793814432989691
0.5496950149536133,0.43390357698289267,0.5344827586206896,0.47896995708154505
0.5496602654457092,0.4332298136645963,0.5344827586206896,0.4785591766723842
0.549622118473053,0.4325581395348837,0.5344827586206896,0.47814910025706936
0.5496106147766113,0.43343653250773995,0.5363984674329502,0.4794520547945205
0.5495872497558594,0.4327666151468315,0.5363984674329502,0.4790419161676646
0.5495438575744629,0.43209876543209874,0.5363984674329502,0.4786324786324786
0.5495383143424988,0.43143297380585516,0.5363984674329502,0.4782237403928266
0.5494934916496277,0.4307692307692308,0.5363984674329502,0.4778156996587031
0.5494383573532104,0.43010752688172044,0.5363984674329502,0.47740835464620635
0.549422562122345,0.43098159509202455,0.5383141762452107,0.47870528109028965
0.5494166612625122,0.43032159264931086,0.5383141762452107,0.47829787234042553
0.5494160056114197,0.42966360856269115,0.5383141762452107,0.47789115646258506
0.5493363738059998,0.4305343511450382,0.5402298850574713,0.4791843670348343
0.5493252277374268,0.4298780487804878,0.5402298850574713,0.47877758913412566
0.5493031740188599,0.4292237442922374,0.5402298850574713,0.47837150127226463
0.5492789149284363,0.42857142857142855,0.5402298850574713,0.47796610169491527
0.5492714643478394,0.4279210925644917,0.5402298850574713,0.4775613886536833
0.5492046475410461,0.42727272727272725,0.5402298850574713,0.47715736040609136
0.549197256565094,0.4266263237518911,0.5402298850574713,0.47675401521555366
0.5491886734962463,0.4259818731117825,0.5402298850574713,0.47635135135135137
0.5491884350776672,0.4253393665158371,0.5402298850574713,0.47594936708860763
0.549152672290802,0.4246987951807229,0.5402298850574713,0.47554806070826305
0.549127459526062,0.42406015037593986,0.5402298850574713,0.4751474304970513
0.5491267442703247,0.42342342342342343,0.5402298850574713,0.47474747474747475
0.5491060018539429,0.42278860569715143,0.5402298850574713,0.47434819175777965
0.5490762591362,0.4221556886227545,0.5402298850574713,0.4739495798319327
0.5489988327026367,0.42152466367713004,0.5402298850574713,0.473551637279597
0.5489670038223267,0.4202682563338301,0.5402298850574713,0.4727577535624476
0.5489456057548523,0.41964285714285715,0.5402298850574713,0.4723618090452261
0.5489102602005005,0.41901931649331353,0.5402298850574713,0.4719665271966527
0.5488534569740295,0.4198813056379822,0.5421455938697318,0.47324414715719065
0.5486659407615662,0.42074074074074075,0.5440613026819924,0.4745196324143693
0.5486544966697693,0.42011834319526625,0.5440613026819924,0.47412353923205336
0.5486498475074768,0.4194977843426883,0.5440613026819924,0.4737281067556297
0.5486406087875366,0.41887905604719766,0.5440613026819924,0.47333333333333333
0.5486333966255188,0.4182621502209131,0.5440613026819924,0.47293921731890093
0.5485644340515137,0.4176470588235294,0.5440613026819924,0.4725457570715475
0.5485266447067261,0.4170337738619677,0.5440613026819924,0.4721529509559435
0.54849773645401,0.41642228739002934,0.5440613026819924,0.4717607973421928
0.5483831763267517,0.4158125915080527,0.5440613026819924,0.4713692946058091
0.5483543276786804,0.4152046783625731,0.5440613026819924,0.4709784411276949
0.548328161239624,0.41605839416058393,0.5459770114942529,0.47224523612261815
0.5483155250549316,0.41545189504373176,0.5459770114942529,0.47185430463576167
0.5482540130615234,0.4163027656477438,0.5478927203065134,0.47311827956989244
0.5481835007667542,0.4171511627906977,0.5498084291187739,0.4743801652892562
0.5481759309768677,0.41654571843251087,0.5498084291187739,0.47398843930635837
0.5480953454971313,0.41594202898550725,0.5498084291187739,0.4735973597359736
0.5479291677474976,0.4153400868306802,0.5498084291187739,0.47320692497938993
0.5478779077529907,0.4147398843930636,0.5498084291187739,0.47281713344316306
0.5478740334510803,0.41414141414141414,0.5498084291187739,0.47242798353909465
0.5478394031524658,0.414985590778098,0.5517241379310345,0.4736842105263158
0.5477803349494934,0.4143884892086331,0.5517241379310345,0.4732949876746097
0.5477465987205505,0.41379310344827586,0.5517241379310345,0.47290640394088673
0.5475601553916931,0.4146341463414634,0.553639846743295,0.47415914684167354
0.5475565791130066,0.4140401146131805,0.553639846743295,0.47377049180327874
0.5475126504898071,0.413447782546495,0.553639846743295,0.47338247338247336
0.5473525524139404,0.41285714285714287,0.553639846743295,0.47299509001636664
0.5473283529281616,0.4122681883024251,0.553639846743295,0.47260834014717906
0.5473175644874573,0.4116809116809117,0.553639846743295,0.4722222222222222
0.5472524166107178,0.41251778093883357,0.5555555555555556,0.47346938775510206
0.5472395420074463,0.4119318181818182,0.5555555555555556,0.47308319738988586
0.5472343564033508,0.41134751773049644,0.5555555555555556,0.47269763651181745
0.5472059845924377,0.41076487252124644,0.5555555555555556,0.4723127035830619
0.547187864780426,0.4101838755304102,0.5555555555555556,0.4719283970707893
0.5471716523170471,0.4110169491525424,0.5574712643678161,0.4731707317073171
0.5471559762954712,0.4104372355430183,0.5574712643678161,0.4727863525588952
0.5471363663673401,0.4098591549295775,0.5574712643678161,0.47240259740259744
0.5471111536026001,0.4092827004219409,0.5574712643678161,0.4720194647201947
0.5470942854881287,0.40870786516853935,0.5574712643678161,0.47163695299837927
0.5470505952835083,0.40813464235624125,0.5574712643678161,0.4712550607287449
0.5469794869422913,0.40756302521008403,0.5574712643678161,0.470873786407767
0.5469740629196167,0.406993006993007,0.5574712643678161,0.47049312853678255
0.5469076633453369,0.4064245810055866,0.5574712643678161,0.47011308562197096
0.5468754172325134,0.4072524407252441,0.5593869731800766,0.4713478611783696
0.5468624830245972,0.40668523676880225,0.5593869731800766,0.4709677419354839
0.5466780662536621,0.40611961057023643,0.5593869731800766,0.47058823529411764
0.5466684699058533,0.40555555555555556,0.5593869731800766,0.47020933977455714
0.5466216802597046,0.40499306518723993,0.5593869731800766,0.46983105390185037
0.5465865731239319,0.40443213296398894,0.5593869731800766,0.46945337620578775
0.5464626550674438,0.40525587828492393,0.5613026819923371,0.4706827309236948
0.5464362502098083,0.40607734806629836,0.5632183908045977,0.47191011235955055
0.5464323163032532,0.40551724137931033,0.5632183908045977,0.4715316760224539
0.5464117527008057,0.4049586776859504,0.5632183908045977,0.4711538461538461
0.5463798642158508,0.40440165061898214,0.5632183908045977,0.4707766212970376
0.546259343624115,0.40384615384615385,0.5632183908045977,0.47040000000000004
0.5462403893470764,0.40329218106995884,0.5632183908045977,0.4700239808153477
0.5462095737457275,0.40273972602739727,0.5632183908045977,0.4696485623003195
0.5461747646331787,0.4021887824897401,0.5632183908045977,0.4692737430167598
0.5461007952690125,0.4016393442622951,0.5632183908045977,0.4688995215311005
0.5460935235023499,0.40109140518417463,0.5632183908045977,0.4685258964143426
0.5459946990013123,0.40054495912806537,0.5632183908045977,0.4681528662420382
0.5459900498390198,0.4,0.5632183908045977,0.4677804295942721
0.5459461808204651,0.39945652173913043,0.5632183908045977,0.4674085850556438
0.545933723449707,0.3989145183175034,0.5632183908045977,0.46703733121525015
0.5459303259849548,0.3983739837398374,0.5632183908045977,0.4666666666666667
0.545880913734436,0.39783491204330174,0.5632183908045977,0.4662965900079302
0.5457971096038818,0.3972972972972973,0.5632183908045977,0.46592709984152136
0.5457915663719177,0.3967611336032389,0.5632183908045977,0.46555819477434673
0.5457578897476196,0.39622641509433965,0.5632183908045977,0.4651898734177215
0.5456243753433228,0.39569313593539707,0.5632183908045977,0.46482213438735176
0.5456038117408752,0.3951612903225806,0.5632183908045977,0.4644549763033175
0.5455281138420105,0.3946308724832215,0.5632183908045977,0.4640883977900553
0.5454769730567932,0.39544235924932974,0.5651340996168582,0.4652996845425867
0.5454023480415344,0.3949129852744311,0.5651340996168582,0.4649330181245075
0.5453596711158752,0.39572192513368987,0.5670498084291188,0.46614173228346456
0.5453105568885803,0.3965287049399199,0.5689655172413793,0.46734854445318647
0.5452567338943481,0.396,0.5689655172413793,0.4669811320754717
0.545248806476593,0.3954727030625832,0.5689655172413793,0.46661429693637074
0.5452377200126648,0.3949468085106383,0.5689655172413793,0.46624803767660905
0.5451802015304565,0.39575033200531207,0.5708812260536399,0.4674509803921569
0.5451635122299194,0.39655172413793105,0.5727969348659003,0.46865203761755486
0.5451482534408569,0.39602649006622515,0.5727969348659003,0.46828504306969454
0.5450300574302673,0.3955026455026455,0.5727969348659003,0.46791862284820024
0.5450212955474854,0.3949801849405548,0.5727969348659003,0.46755277560594216
0.5449509024620056,0.39577836411609496,0.5747126436781609,0.46874999999999994
0.5449177026748657,0.3952569169960474,0.5747126436781609,0.468384074941452
0.5448876023292542,0.39473684210526316,0.5747126436781609,0.46801872074882994
0.5448819994926453,0.3955321944809461,0.5766283524904214,0.4692127825409197
0.544868528842926,0.39501312335958005,0.5766283524904214,0.4688473520249221
0.5448671579360962,0.3944954128440367,0.5766283524904214,0.46848249027237354
0.5446578860282898,0.39397905759162305,0.5766283524904214,0.4681181959564541
0.5446288585662842,0.3934640522875817,0.5766283524904214,0.4677544677544678
0.5445907711982727,0.39425587467362927,0.578544061302682,0.468944099378882
0.544524610042572,0.39374185136897,0.578544061302682,0.4685802948021722
0.5444825291633606,0.3932291666666667,0.578544061302682,0.46821705426356586
0.5444349050521851,0.39271781534460337,0.578544061302682,0.4678543764523625
0.5444199442863464,0.3935064935064935,0.5804597701149425,0.4690402476780186
0.544346272945404,0.39299610894941633,0.5804597701149425,0.46867749419953597
0.5443404316902161,0.39248704663212436,0.5804597701149425,0.4683153013910355
0.5442368388175964,0.39197930142302717,0.5804597701149425,0.467953667953668
0.5442199110984802,0.39276485788113696,0.5823754789272031,0.46913580246913583
0.5441727042198181,0.39225806451612905,0.5823754789272031,0.4687740940632228
0.544167160987854,0.3917525773195876,0.5823754789272031,0.4684129429892142
0.544099748134613,0.3912483912483912,0.5823754789272031,0.4680523479599692
0.544085681438446,0.390745501285347,0.5823754789272031,0.4676923076923077
0.5440710783004761,0.3902439024390244,0.5823754789272031,0.46733282090699463
0.5440552830696106,0.38974358974358975,0.5823754789272031,0.46697388632872505
0.5440384745597839,0.3892445582586428,0.5823754789272031,0.466615502686109
0.5440066456794739,0.3887468030690537,0.5823754789272031,0.4662576687116564
0.5439841151237488,0.388250319284802,0.5823754789272031,0.4659003831417624
0.5439650416374207,0.3877551020408163,0.5823754789272031,0.4655436447166922
0.5439424514770508,0.3885350318471338,0.5842911877394636,0.4667176740627391
0.5438739061355591,0.3893129770992366,0.5862068965517241,0.4678899082568807
0.5438372492790222,0.38881829733163914,0.5862068965517241,0.4675324675324676
0.5436901450157166,0.3895939086294416,0.5881226053639846,0.4687022900763358
0.5436839461326599,0.38910012674271227,0.5881226053639846,0.4683447749809306
0.5436745285987854,0.3886075949367089,0.5881226053639846,0.4679878048780488
0.5435413122177124,0.38811630847029077,0.5881226053639846,0.46763137852246767
0.5434724688529968,0.38762626262626265,0.5881226053639846,0.4672754946727549
0.5433083176612854,0.3883984867591425,0.5900383141762452,0.46844106463878327
0.5433045625686646,0.3879093198992443,0.5900383141762452,0.4680851063829787
0.5432971715927124,0.38742138364779877,0.5900383141762452,0.4677296886864085
0.5432736873626709,0.3869346733668342,0.5900383141762452,0.4673748103186646
0.5432339310646057,0.3864491844416562,0.5900383141762452,0.4670204700530705
0.5432290434837341,0.38596491228070173,0.5900383141762452,0.4666666666666667
0.5432260632514954,0.3854818523153942,0.5900383141762452,0.4663133989401968
0.54318767786026,0.385,0.5900383141762452,0.4659606656580938
0.5431874394416809,0.38451935081148564,0.5900383141762452,0.46560846560846564
0.5431810617446899,0.38403990024937656,0.5900383141762452,0.4652567975830816
0.5431730151176453,0.3848069738480697,0.5919540229885057,0.46641509433962264
0.5431529879570007,0.3843283582089552,0.5919540229885057,0.46606334841628955
0.5431169271469116,0.3838509316770186,0.5919540229885057,0.46571213262999245
0.5431089401245117,0.38337468982630274,0.5919540229885057,0.46536144578313254
0.5430986285209656,0.3828996282527881,0.5919540229885057,0.46501128668171554
0.5430090427398682,0.38242574257425743,0.5919540229885057,0.46466165413533833
0.5429503917694092,0.3819530284301607,0.5919540229885057,0.46431254695717505
0.5428606867790222,0.3814814814814815,0.5919540229885057,0.463963963963964
0.5428572297096252,0.3810110974106042,0.5919540229885057,0.463615903975994
0.5427728295326233,0.3805418719211823,0.5919540229885057,0.46326836581709147
0.5426912307739258,0.3800738007380074,0.5919540229885057,0.4629213483146067
0.5426641702651978,0.3796068796068796,0.5919540229885057,0.4625748502994012
0.5425914525985718,0.3791411042944785,0.5919540229885057,0.462228870605834
0.5425334572792053,0.3786764705882353,0.5919540229885057,0.4618834080717489
0.5425078868865967,0.37821297429620565,0.5919540229885057,0.46153846153846156
0.5424740314483643,0.37775061124694376,0.5919540229885057,0.46119402985074626
0.5424168705940247,0.3772893772893773,0.5919540229885057,0.46085011185682323
0.5423247218132019,0.3780487804878049,0.5938697318007663,0.46199701937406856
0.5422296524047852,0.37758830694275275,0.5938697318007663,0.4616530156366344
0.5422083735466003,0.3771289537712895,0.5938697318007663,0.4613095238095238
0.5422013401985168,0.37667071688942894,0.5938697318007663,0.4609665427509294
0.5422007441520691,0.3762135922330097,0.5938697318007663,0.4606240713224368
0.5421851873397827,0.37575757575757573,0.5938697318007663,0.4602821083890126
0.5421485900878906,0.37530266343825663,0.5938697318007663,0.4599406528189911
0.5421170592308044,0.37484885126964934,0.5938697318007663,0.45959970348406226
0.5420946478843689,0.3756038647342995,0.5957854406130269,0.4607407407407408
0.5420833826065063,0.3751507840772014,0.5957854406130269,0.46039970392302004
0.5420506000518799,0.3746987951807229,0.5957854406130269,0.46005917159763315
0.5420241355895996,0.3742478941034898,0.5957854406130269,0.45971914264597197
0.5418940186500549,0.3737980769230769,0.5957854406130269,0.45937961595273263
0.541843831539154,0.37334933973589435,0.5957854406130269,0.45904059040590406
0.5417214632034302,0.37290167865707435,0.5957854406130269,0.4587020648967552
0.5417118072509766,0.3724550898203593,0.5957854406130269,0.4583640383198232
0.5416920781135559,0.37200956937799046,0.5957854406130269,0.4580265095729013
0.5416690111160278,0.3715651135005974,0.5957854406130269,0.45768947755702727
0.5416585206985474,0.3711217183770883,0.5957854406130269,0.4573529411764706
0.5416433215141296,0.3706793802145411,0.5957854406130269,0.4570168993387216
0.5416300296783447,0.37142857142857144,0.5977011494252874,0.4581497797356828
0.5416256189346313,0.37098692033293695,0.5977011494252874,0.45781364636830524
0.5416191816329956,0.37054631828978624,0.5977011494252874,0.4574780058651027
0.5415460467338562,0.37129300118623965,0.5996168582375478,0.4586080586080586
0.5415056347846985,0.3708530805687204,0.5996168582375478,0.4582723279648609
0.5414950251579285,0.37041420118343193,0.5996168582375478,0.4579370885149963
0.5414671897888184,0.36997635933806144,0.5996168582375478,0.45760233918128657
0.5414553284645081,0.3695395513577332,0.5996168582375478,0.45726807888970056
0.5414447784423828,0.36910377358490565,0.5996168582375478,0.45693430656934303
0.5414174795150757,0.36984687868080096,0.6015325670498084,0.4580598103574034
0.5413674712181091,0.36941176470588233,0.6015325670498084,0.45772594752186585
0.5413108468055725,0.3689776733254994,0.6015325670498084,0.4573925710123816
0.541292667388916,0.3685446009389671,0.6015325670498084,0.4570596797671034
0.5412649512290955,0.36811254396248533,0.6015325670498084,0.45672727272727276
0.5412448048591614,0.36768149882903983,0.6015325670498084,0.45639534883720934
0.5410603880882263,0.3672514619883041,0.6015325670498084,0.4560639070442992
0.5410383939743042,0.36682242990654207,0.6015325670498084,0.45573294629898403
0.5409326553344727,0.367561260210035,0.603448275862069,0.45685279187817257
0.5408362150192261,0.3682983682983683,0.6053639846743295,0.4579710144927537
0.540769636631012,0.3678696158323632,0.6053639846743295,0.45763939174511226
0.5407125353813171,0.3674418604651163,0.6053639846743295,0.4573082489146165
0.540626049041748,0.3681765389082462,0.60727969348659,0.4584237165582068
0.540544867515564,0.3677494199535963,0.60727969348659,0.45809248554913296
0.5405368208885193,0.36732329084588644,0.60727969348659,0.45776173285198557
0.5405297875404358,0.36689814814814814,0.60727969348659,0.4574314574314574
0.5405282378196716,0.36647398843930634,0.60727969348659,0.4571016582552271
0.5405082702636719,0.36605080831408776,0.60727969348659,0.45677233429394815
0.5405069589614868,0.36678200692041524,0.6091954022988506,0.45788336933045354
0.5403954386711121,0.3675115207373272,0.6111111111111112,0.4589928057553957
0.5403473377227783,0.3670886075949367,0.6111111111111112,0.4586628324946082
0.5403434038162231,0.367816091954023,0.6130268199233716,0.45977011494252873
0.5403308868408203,0.36739380022962115,0.6130268199233716,0.45944005743000715
0.5403130650520325,0.3669724770642202,0.6130268199233716,0.45911047345767575
0.5402673482894897,0.3665521191294387,0.6130268199233716,0.4587813620071684
0.5402321219444275,0.36613272311212813,0.6130268199233716,0.45845272206303717
0.5402280688285828,0.3657142857142857,0.6130268199233716,0.45812455261274154
0.5401955842971802,0.365296803652968,0.6130268199233716,0.457796852646638
0.5401709079742432,0.36488027366020526,0.6130268199233716,0.45746962115796996
0.5401224493980408,0.36560364464692485,0.6149425287356322,0.4585714285714286
0.540122389793396,0.366325369738339,0.6168582375478927,0.4596716630977873
0.5401129126548767,0.3659090909090909,0.6168582375478927,0.4593437945791726
0.54006427526474,0.3654937570942111,0.6168582375478927,0.45901639344262296
0.539979100227356,0.36621315192743764,0.6187739463601533,0.4601139601139601
0.5399639010429382,0.36579841449603623,0.6187739463601533,0.45978647686832735
0.5398332476615906,0.36538461538461536,0.6187739463601533,0.4594594594594595
0.5397926568984985,0.3649717514124294,0.6187739463601533,0.45913290689410086
0.5397237539291382,0.3656884875846501,0.6206896551724138,0.4602272727272727
0.5397210121154785,0.3652762119503946,0.6206896551724138,0.45990063875088716
0.539668083190918,0.36486486486486486,0.6206896551724138,0.45957446808510644
0.5396613478660583,0.3655793025871766,0.6226053639846744,0.46066619418851873
0.5395814180374146,0.36629213483146067,0.6245210727969349,0.4617563739376771
0.5395785570144653,0.367003367003367,0.6264367816091954,0.4628450106157112
0.5395752191543579,0.3665919282511211,0.6264367816091954,0.4625176803394625
0.5395587682723999,0.3661814109742441,0.6264367816091954,0.46219081272084805
0.5395472645759583,0.3653631284916201,0.6264367816091954,0.46153846153846156
0.5395285487174988,0.36495535714285715,0.6264367816091954,0.46121297602256695
0.539528489112854,0.3656633221850613,0.6283524904214559,0.4622973925299506
0.5395261645317078,0.36525612472160357,0.6283524904214559,0.46197183098591554
0.5394226312637329,0.36484983314794217,0.6283524904214559,0.4616467276565799
0.5394036173820496,0.36444444444444446,0.6283524904214559,0.4613220815752461
0.5393288135528564,0.36403995560488345,0.6283524904214559,0.46099789177793393
0.5393174886703491,0.36363636363636365,0.6283524904214559,0.4606741573033708
0.5392702221870422,0.3643410852713178,0.6302681992337165,0.46175438596491225
0.5391961932182312,0.3639380530973451,0.6302681992337165,0.46143057503506313
0.5391688346862793,0.36464088397790057,0.632183908045977,0.46250875963559923
0.5391585230827332,0.36423841059602646,0.632183908045977,0.4621848739495798
0.5390341281890869,0.3638368246968026,0.632183908045977,0.46186144156752973
0.5390042066574097,0.3634361233480176,0.632183908045977,0.4615384615384615
0.5390011668205261,0.3641364136413641,0.6340996168582376,0.4626135569531796
0.5389577150344849,0.3637362637362637,0.6340996168582376,0.46229050279329603
0.5389376878738403,0.3633369923161361,0.6340996168582376,0.4619678995115143
0.5388999581336975,0.36293859649122806,0.6340996168582376,0.4616457461645746
0.5388913750648499,0.36254107338444685,0.6340996168582376,0.46132404181184666
0.5388880372047424,0.36214442013129106,0.6340996168582376,0.46100278551532037
0.5388835072517395,0.3628415300546448,0.6360153256704981,0.46207376478775225
0.5388175249099731,0.3624454148471616,0.6360153256704981,0.4617524339360223
0.5388084053993225,0.36205016357688113,0.6360153256704981,0.46143154968728284
0.5387281179428101,0.3616557734204793,0.6360153256704981,0.4611111111111111
0.5387277007102966,0.36126224156692055,0.6360153256704981,0.4607911172796669
0.5387107133865356,0.36086956521739133,0.6360153256704981,0.4604715672676838
0.5386551022529602,0.36047774158523344,0.6360153256704981,0.46015246015246014
0.5386273860931396,0.3600867678958785,0.6360153256704981,0.4598337950138504
0.5386159420013428,0.35969664138678226,0.6360153256704981,0.4595155709342561
0.5385836958885193,0.3593073593073593,0.6360153256704981,0.4591977869986169
0.5385765433311462,0.3589189189189189,0.6360153256704981,0.4588804422944022
0.5385341644287109,0.35853131749460043,0.6360153256704981,0.4585635359116022
0.538526177406311,0.3581445523193096,0.6360153256704981,0.4582470669427191
0.5385231971740723,0.3577586206896552,0.6360153256704981,0.4579310344827586
0.5385064482688904,0.3573735199138859,0.6360153256704981,0.45761543762922124
0.5384286642074585,0.35660580021482274,0.6360153256704981,0.4569855471438403
0.5384026765823364,0.3562231759656652,0.6360153256704981,0.45667125171939477
0.538385808467865,0.3558413719185423,0.6360153256704981,0.45635738831615125
0.5383752584457397,0.35653104925053536,0.6379310344827587,0.4574175824175824
0.538353681564331,0.35614973262032085,0.6379310344827587,0.4571036376115305
0.5383533835411072,0.3557692307692308,0.6379310344827587,0.45679012345679015
0.5383032560348511,0.35538954108858056,0.6379310344827587,0.4564770390678547
0.5382897853851318,0.35501066098081024,0.6379310344827587,0.45616438356164385
0.5382748246192932,0.3546325878594249,0.6379310344827587,0.45585215605749485
0.5382741093635559,0.35425531914893615,0.6379310344827587,0.4555403556771546
0.5382215976715088,0.3538788522848034,0.6379310344827587,0.45522898154477104
0.5381942391395569,0.35456475583864117,0.6398467432950191,0.45628415300546443
0.5381760001182556,0.35418875927889715,0.6398467432950191,0.4559726962457338
0.5381419062614441,0.3538135593220339,0.6398467432950191,0.4556616643929059
0.5380025506019592,0.35343915343915344,0.6398467432950191,0.4553510565780504
0.5380015969276428,0.35306553911205074,0.6398467432950191,0.4550408719346049
0.537992537021637,0.3526927138331573,0.6398467432950191,0.45473110959836616
0.5379858016967773,0.35232067510548526,0.6398467432950191,0.454421768707483
0.5379535555839539,0.3519494204425711,0.6398467432950191,0.45411284840244726
0.5378410816192627,0.35157894736842105,0.6398467432950191,0.4538043478260869
0.5378395915031433,0.3512092534174553,0.6398467432950191,0.45349626612355737
0.5378094911575317,0.35084033613445376,0.6398467432950191,0.4531886024423338
0.5377269983291626,0.35115303983228513,0.6417624521072797,0.453929539295393
0.5375663042068481,0.3507853403141361,0.6417624521072797,0.45362220717670954
0.5375552773475647,0.3514644351464435,0.6436781609195402,0.4546684709066306
0.5375500917434692,0.35214211076280044,0.6455938697318008,0.4557133198106829
0.5375005602836609,0.35177453027139877,0.6455938697318008,0.4554054054054055
0.5374893546104431,0.35140771637122004,0.6455938697318008,0.4550979068197164
0.537408709526062,0.35104166666666664,0.6455938697318008,0.45479082321187586
0.5373677611351013,0.3506763787721124,0.6455938697318008,0.454484153742414
0.5373563766479492,0.3503118503118503,0.6455938697318008,0.45417789757412397
0.5373278260231018,0.34994807892004154,0.6455938697318008,0.4538720538720539
0.5373143553733826,0.3495850622406639,0.6455938697318008,0.4535666218034993
0.5372577905654907,0.34922279792746114,0.6455938697318008,0.45326160053799597
0.5371866822242737,0.3498964803312629,0.6475095785440613,0.4543010752688172
0.5371624827384949,0.34953464322647365,0.6475095785440613,0.4539959704499665
0.5371423363685608,0.34917355371900827,0.6475095785440613,0.45369127516778524
0.5371323227882385,0.34881320949432404,0.6475095785440613,0.45338698859825616
0.5370873808860779,0.34845360824742266,0.6475095785440613,0.453083109919571
0.5370662212371826,0.34809474768280124,0.6475095785440613,0.45277963831212326
0.5370505452156067,0.3477366255144033,0.6475095785440613,0.45247657295850074
0.5370401740074158,0.3473792394655704,0.6475095785440613,0.45217391304347826
0.5369536876678467,0.3470225872689938,0.6475095785440613,0.45187165775401067
0.5369426012039185,0.3466666666666667,0.6475095785440613,0.45156980627922516
0.5369299054145813,0.3463114754098361,0.6475095785440613,0.4512683578104139
0.536913275718689,0.345957011258956,0.6475095785440613,0.45096731154102737
0.5368390083312988,0.3456032719836401,0.6475095785440613,0.4506666666666667
0.5368231534957886,0.3452502553626149,0.6475095785440613,0.45036642238507657
0.5368010997772217,0.3448979591836735,0.6475095785440613,0.4500665778961385
0.5367985367774963,0.34454638124362896,0.6475095785440613,0.4497671324018629
0.5367708802223206,0.34521384928716903,0.6494252873563219,0.4507978723404255
0.5367655158042908,0.34486266531027465,0.6494252873563219,0.4504983388704319
0.5367505550384521,0.34552845528455284,0.6513409961685823,0.45152722443559096
0.5367484092712402,0.3461928934010152,0.6532567049808429,0.4525547445255474
0.5366694331169128,0.345841784989858,0.6532567049808429,0.4522546419098143
0.5366255044937134,0.3454913880445795,0.6532567049808429,0.4519549370444002
0.5365845561027527,0.3451417004048583,0.6532567049808429,0.45165562913907287
0.5365764498710632,0.3447927199191102,0.6532567049808429,0.45135671740569155
0.5365541577339172,0.34444444444444444,0.6532567049808429,0.45105820105820105
0.5364841818809509,0.34510595358224017,0.6551724137931034,0.45208195637805676
0.5364776253700256,0.34475806451612906,0.6551724137931034,0.4517833553500661
0.536411464214325,0.34441087613293053,0.6551724137931034,0.45148514851485144
0.5363749861717224,0.3440643863179074,0.6551724137931034,0.45118733509234826
0.5361779928207397,0.3437185929648241,0.6551724137931034,0.45088991430454844
0.5360907316207886,0.3433734939759036,0.6551724137931034,0.4505928853754941
0.5360450148582458,0.3430290872617854,0.6551724137931034,0.45029624753127057
0.536044716835022,0.342685370741483,0.6551724137931034,0.45
0.5360209941864014,0.34234234234234234,0.6551724137931034,0.4497041420118343
0.5359109044075012,0.342,0.6551724137931034,0.44940867279894875
0.5358772277832031,0.34165834165834164,0.6551724137931034,0.4491135915955351
0.5358588099479675,0.3413173652694611,0.6551724137931034,0.44881889763779526
0.5358539819717407,0.3419740777666999,0.657088122605364,0.4498360655737705
0.5358437895774841,0.34228855721393037,0.6590038314176245,0.4505566470203013
0.535834550857544,0.341948310139165,0.6590038314176245,0.450261780104712
0.5358132719993591,0.3416087388282026,0.6590038314176245,0.4499672988881622
0.5357872843742371,0.34226190476190477,0.6609195402298851,0.4509803921568628
0.5357822179794312,0.3419226957383548,0.6609195402298851,0.4506858262573482
0.5357671976089478,0.3415841584158416,0.6609195402298851,0.4503916449086162
0.5357640385627747,0.34124629080118696,0.6609195402298851,0.4500978473581213
0.535763680934906,0.3409090909090909,0.6609195402298851,0.4498044328552803
0.5357625484466553,0.3405725567620928,0.6609195402298851,0.4495114006514659
0.5357592701911926,0.34023668639053256,0.6609195402298851,0.44921875
0.5357138514518738,0.3399014778325123,0.6609195402298851,0.4489264801561484
0.5357054471969604,0.3395669291338583,0.6609195402298851,0.4486345903771132
0.5356934666633606,0.34021632251720746,0.6628352490421456,0.44964262508122155
0.5356451272964478,0.33988212180746563,0.6628352490421456,0.44935064935064933
0.5356293320655823,0.3395485770363101,0.6628352490421456,0.4490590525632706
0.5356059074401855,0.3392156862745098,0.6628352490421456,0.44876783398184183
0.5355879664421082,0.3388834476003918,0.6628352490421456,0.44847699287103054
0.5355046987533569,0.3385518590998043,0.6628352490421456,0.44818652849740936
0.5354815721511841,0.33822091886608013,0.6628352490421456,0.44789644012944985
0.5354809165000916,0.337890625,0.6628352490421456,0.4476067270375162
0.5354302525520325,0.3375609756097561,0.6628352490421456,0.4473173884938591
0.5354128479957581,0.3382066276803119,0.6647509578544061,0.44832041343669254
0.5354093909263611,0.33787731256085685,0.6647509578544061,0.4480309877340219
0.5354021191596985,0.33754863813229574,0.6647509578544061,0.447741935483871
0.5353878140449524,0.337220602526725,0.6647509578544061,0.44745325596389424
0.5353151559829712,0.33689320388349514,0.6647509578544061,0.4471649484536082
0.5352853536605835,0.33656644034917554,0.6647509578544061,0.44687701223438503
0.5352720618247986,0.33624031007751937,0.6647509578544061,0.44658944658944655
0.5352568626403809,0.33591481122942884,0.6647509578544061,0.4463022508038585
0.5352522730827332,0.3355899419729207,0.6647509578544061,0.44601542416452433
0.5352133512496948,0.3352657004830918,0.6647509578544061,0.4457289659601798
0.5352116823196411,0.33494208494208494,0.6647509578544061,0.4454428754813864
0.5352100133895874,0.33461909353905495,0.6647509578544061,0.44515715202052597
0.5351862907409668,0.33429672447013487,0.6647509578544061,0.4448717948717949
0.5351627469062805,0.3339749759384023,0.6647509578544061,0.444586803331198
0.5351495146751404,0.33365384615384613,0.6647509578544061,0.4443021766965428
0.5351459383964539,0.3333333333333333,0.6647509578544061,0.44401791426743437
0.5351393818855286,0.3330134357005758,0.6647509578544061,0.4437340153452686
0.5351336002349854,0.3326941514860978,0.6647509578544061,0.44345047923322684
0.5351333022117615,0.33237547892720304,0.6647509578544061,0.44316730523627074
0.5351192355155945,0.3320574162679426,0.6647509578544061,0.4428844926611359
0.5351098775863647,0.3317399617590822,0.6647509578544061,0.4426020408163265
0.5350726842880249,0.3314231136580707,0.6647509578544061,0.44231994901210964
0.5350709557533264,0.33110687022900764,0.6647509578544061,0.4420382165605095
0.5350446701049805,0.330791229742612,0.6647509578544061,0.4417568427753023
0.5350272059440613,0.3304761904761905,0.6647509578544061,0.4414758269720102
0.5348536372184753,0.3301617507136061,0.6647509578544061,0.44119516846789575
0.5348053574562073,0.32984790874524716,0.6647509578544061,0.44091486658195683
0.5348007678985596,0.33048433048433046,0.6666666666666666,0.44190476190476186
0.5347685813903809,0.3301707779886148,0.6666666666666666,0.44162436548223355
0.5347591042518616,0.3298578199052133,0.6666666666666666,0.44134432466708945
0.5346379280090332,0.32954545454545453,0.6666666666666666,0.44106463878326996
0.5346324443817139,0.32923368022705773,0.6666666666666666,0.4407853071564281
0.5346254706382751,0.32892249527410206,0.6666666666666666,0.44050632911392407
0.5344651341438293,0.3286118980169972,0.6666666666666666,0.44022770398481975
0.5344488620758057,0.3283018867924528,0.6666666666666666,0.43994943109987356
0.5344158411026001,0.3289349670122526,0.6685823754789272,0.44093493367024633
0.5343747735023499,0.3286252354048964,0.6685823754789272,0.44065656565656564
0.5343666076660156,0.32831608654750705,0.6685823754789272,0.440378548895899
0.5343427658081055,0.32800751879699247,0.6685823754789272,0.44010088272383346
0.5343273878097534,0.3276995305164319,0.6685823754789272,0.4398235664776307
0.5342988967895508,0.3273921200750469,0.6685823754789272,0.43954659949622166
0.5342968106269836,0.3270852858481724,0.6685823754789272,0.4392699811202014
0.5342956781387329,0.3267790262172285,0.6685823754789272,0.4389937106918239
0.5342382788658142,0.3264733395696913,0.6685823754789272,0.43871778755499685
0.53423011302948,0.32616822429906545,0.6685823754789272,0.4384422110552764
0.5341180562973022,0.3258636788048553,0.6685823754789272,0.43816698053986186
0.5341007709503174,0.3255597014925373,0.6685823754789272,0.437892095357591
0.5340695381164551,0.32525629077353213,0.6685823754789272,0.43761755485893417
0.5340630412101746,0.3258845437616387,0.6704980842911877,0.43859649122807015
0.5340477824211121,0.32558139534883723,0.6704980842911877,0.43832185347526614
0.5340067744255066,0.3252788104089219,0.6704980842911877,0.4380475594493117
0.5339496731758118,0.32497678737233054,0.6704980842911877,0.4377736085053159
0.5338818430900574,0.3246753246753247,0.6704980842911877,0.4375
0.533858060836792,0.3253012048192771,0.6724137931034483,0.438475952529669
0.5338298678398132,0.325,0.6724137931034483,0.4382022471910112
0.5337094664573669,0.32469935245143383,0.6724137931034483,0.43792888334373054
0.5337083339691162,0.3243992606284658,0.6724137931034483,0.4376558603491272
0.5336734056472778,0.32409972299168976,0.6724137931034483,0.4373831775700935
0.5336611866950989,0.3238007380073801,0.6724137931034483,0.4371108343711083
0.5335809588432312,0.32350230414746545,0.6724137931034483,0.4368388301182327
0.5335105061531067,0.32320441988950277,0.6724137931034483,0.4365671641791045
0.5334492325782776,0.32290708371665133,0.6724137931034483,0.4362958359229335
0.533434271812439,0.3226102941176471,0.6724137931034483,0.4360248447204969
0.5334072113037109,0.32231404958677684,0.6724137931034483,0.43575418994413406
0.5333489775657654,0.3229357798165138,0.6743295019157088,0.43672456575682383
0.5332576036453247,0.3226397800183318,0.6743295019157088,0.43645381277123374
0.5332551002502441,0.32234432234432236,0.6743295019157088,0.436183395291202
0.5332520604133606,0.322964318389753,0.6762452107279694,0.43715170278637777
0.5332006216049194,0.3226691042047532,0.6762452107279694,0.4368811881188119
0.5331659317016602,0.3223744292237443,0.6762452107279694,0.4366110080395795
0.5331233143806458,0.3220802919708029,0.6762452107279694,0.4363411619283065
0.5331082344055176,0.3217866909753874,0.6762452107279694,0.436071649166152
0.5331077575683594,0.3214936247723133,0.6762452107279694,0.43580246913580245
0.5331013202667236,0.32120109190172885,0.6762452107279694,0.4355336212214682
0.5330914855003357,0.3209090909090909,0.6762452107279694,0.4352651048088779
0.5330418944358826,0.3206176203451408,0.6762452107279694,0.4349969192852742
0.5329504013061523,0.3203266787658802,0.6762452107279694,0.43472906403940886
0.5329368710517883,0.3200362647325476,0.6762452107279694,0.43446153846153845
0.5329173803329468,0.3197463768115942,0.6762452107279694,0.43419434194341944
0.5326744318008423,0.3194570135746606,0.6762452107279694,0.4339274738783036
0.5325790047645569,0.3191681735985534,0.6762452107279694,0.4336609336609337
0.5325736403465271,0.31978319783197834,0.6781609195402298,0.43462246777163904
0.5325408577919006,0.3194945848375451,0.6781609195402298,0.4343558282208589
0.5325080752372742,0.31920649233543735,0.6781609195402298,0.43408951563458004
0.5324415564537048,0.31891891891891894,0.6781609195402298,0.4338235294117647
0.5324002504348755,0.3195319531953195,0.6800766283524904,0.43478260869565216
0.5323481559753418,0.3192446043165468,0.6800766283524904,0.4345165238678091
0.5323200225830078,0.3198562443845463,0.6819923371647509,0.43547400611620796
0.532243549823761,0.31956912028725315,0.6819923371647509,0.43520782396088026
0.5322129130363464,0.31928251121076234,0.6819923371647509,0.4349419670128283
0.5321835875511169,0.31899641577060933,0.6819923371647509,0.4346764346764347
0.532177209854126,0.3187108325872874,0.6819923371647509,0.4344112263575351
0.5321320295333862,0.3184257602862254,0.6819923371647509,0.4341463414634146
0.532120406627655,0.31814119749776587,0.6819923371647509,0.43388177940280315
0.5321005582809448,0.31785714285714284,0.6819923371647509,0.4336175395858709
0.5320892930030823,0.3184656556645852,0.6839080459770115,0.43457090687766275
0.5320802927017212,0.3181818181818182,0.6839080459770115,0.4343065693430657
0.5320487022399902,0.3178984861976848,0.6839080459770115,0.4340425531914894
0.5320332050323486,0.31761565836298933,0.6839080459770115,0.43377885783718106
0.5319765210151672,0.31733333333333336,0.6839080459770115,0.43351548269581064
0.5319464206695557,0.31705150976909413,0.6839080459770115,0.43325242718446605
0.5319341421127319,0.3167701863354037,0.6839080459770115,0.43298969072164945
0.5319294929504395,0.31648936170212766,0.6839080459770115,0.43272727272727274
0.531907856464386,0.31620903454384414,0.6839080459770115,0.43246517262265294
0.5318930745124817,0.315929203539823,0.6839080459770115,0.4322033898305085
0.5318914651870728,0.3165340406719717,0.685823754789272,0.4331518451300666
0.531886100769043,0.31625441696113077,0.685823754789272,0.4328899637243047
0.5318649411201477,0.3159752868490733,0.685823754789272,0.4326283987915408
0.5318475365638733,0.31569664902998235,0.685823754789272,0.4323671497584541
0.5318014621734619,0.31541850220264317,0.685823754789272,0.432106216053108
0.5316904187202454,0.31514084507042256,0.685823754789272,0.4318455971049458
0.531654417514801,0.3145869947275923,0.685823754789272,0.43132530120481927
0.5316280126571655,0.315188762071993,0.6877394636015326,0.432269717037929
0.5315809845924377,0.31491228070175437,0.6877394636015326,0.4320096269554753
0.531566321849823,0.31463628396143734,0.6877394636015326,0.4317498496692724
0.5315505266189575,0.31436077057793343,0.6877394636015326,0.4314903846153846
0.5315083861351013,0.31408573928258965,0.6877394636015326,0.43123123123123125
0.5314728021621704,0.3138111888111888,0.6877394636015326,0.43097238895558226
0.5314295887947083,0.31353711790393013,0.6877394636015326,0.4307138572285543
0.5313908457756042,0.31326352530541013,0.6877394636015326,0.43045563549160676
0.5313661098480225,0.31386224934612034,0.6896551724137931,0.4313960455362493
0.531343936920166,0.313588850174216,0.6896551724137931,0.43113772455089816
0.5313352346420288,0.3133159268929504,0.6896551724137931,0.4308797127468582
0.5312900543212891,0.3130434782608696,0.6896551724137931,0.4306220095693781
0.531239926815033,0.31364031277150306,0.6915708812260536,0.4315600717274357
0.5312334299087524,0.3142361111111111,0.6934865900383141,0.4324970131421744
0.5312093496322632,0.3148308759757155,0.6954022988505747,0.4334328358208955
0.5311656594276428,0.3145580589254766,0.6954022988505747,0.43317422434367536
0.5311203598976135,0.3142857142857143,0.6954022988505747,0.43291592128801426
0.531118631362915,0.3140138408304498,0.6954022988505747,0.432657926102503
0.5310816764831543,0.31374243733794294,0.6954022988505747,0.43240023823704576
0.5310575366020203,0.3134715025906736,0.6954022988505747,0.4321428571428571
0.5310196876525879,0.31320103537532357,0.6954022988505747,0.43188578227245694
0.5309738516807556,0.3129310344827586,0.6954022988505747,0.431629013079667
0.5308957099914551,0.31266149870801035,0.6954022988505747,0.4313725490196078
0.5308799147605896,0.3123924268502582,0.6954022988505747,0.43111638954869363
0.5308456420898438,0.31212381771281167,0.6954022988505747,0.430860534124629
0.5307809710502625,0.3118556701030928,0.6954022988505747,0.43060498220640564
0.5307702422142029,0.311587982832618,0.6954022988505747,0.4303497332542975
0.5307548642158508,0.31217838765008576,0.6973180076628352,0.4312796208530806
0.5307547450065613,0.31191088260497,0.6973180076628352,0.4310242747187685
0.5307514071464539,0.3116438356164384,0.6973180076628352,0.43076923076923074
0.5307039022445679,0.31137724550898205,0.6973180076628352,0.430514488468362
0.5306978225708008,0.31196581196581197,0.6992337164750958,0.43144208037825055
0.530602216720581,0.3116994022203245,0.6992337164750958,0.4311872415829888
0.5305606126785278,0.31143344709897613,0.6992337164750958,0.4309327036599765
0.5304401516914368,0.3111679454390452,0.6992337164750958,0.4306784660766962
0.5303583741188049,0.31090289608177174,0.6992337164750958,0.43042452830188677
0.5302385687828064,0.31148936170212765,0.7011494252873564,0.4313494401885681
0.5302222371101379,0.3112244897959184,0.7011494252873564,0.4310954063604241
0.5302014946937561,0.31180968564146133,0.7030651340996169,0.4320188346085933
0.5301613211631775,0.31154499151103565,0.7030651340996169,0.43176470588235294
0.5301607847213745,0.31212892281594573,0.7049808429118773,0.4326866549088772
0.5301501154899597,0.31186440677966104,0.7049808429118773,0.43243243243243246
0.5300160646438599,0.31160033869602033,0.7049808429118773,0.43217850851438644
0.5299718976020813,0.311336717428088,0.7049808429118773,0.43192488262910794
0.5298910140991211,0.31107354184277264,0.7049808429118773,0.43167155425219944
0.5298119783401489,0.3108108108108108,0.7049808429118773,0.43141852286049237
0.5296920537948608,0.31139240506329113,0.7068965517241379,0.4323374340949034
0.5296895503997803,0.3111298482293423,0.7068965517241379,0.43208430913348944
0.5296667218208313,0.3108677337826453,0.7068965517241379,0.4318314803978935
0.5296449661254883,0.3106060606060606,0.7068965517241379,0.4315789473684211
0.5294797420501709,0.3103448275862069,0.7068965517241379,0.4313267095265927
0.5294761061668396,0.31092436974789917,0.7088122605363985,0.4322429906542056
0.529473066329956,0.31066330814441645,0.7088122605363985,0.43199065966141276
0.5294460654258728,0.3104026845637584,0.7088122605363985,0.43173862310385064
0.5293924808502197,0.3109807208717519,0.710727969348659,0.43265306122448977
0.5293349027633667,0.31072026800670016,0.710727969348659,0.4324009324009323
0.5291939973831177,0.3104602510460251,0.710727969348659,0.4321490972626675
0.5291405916213989,0.3102006688963211,0.710727969348659,0.43189755529685686
0.5291191339492798,0.30994152046783624,0.710727969348659,0.4316463059918557
0.5289852619171143,0.3096828046744574,0.710727969348659,0.4313953488372093
0.5289750695228577,0.3094245204336947,0.710727969348659,0.43114468332364897
0.5289526581764221,0.30916666666666665,0.710727969348659,0.43089430894308944
0.5289358496665955,0.3089092422980849,0.710727969348659,0.43064422518862444
0.5288820862770081,0.3086522462562396,0.710727969348659,0.4303944315545244
0.5288063287734985,0.3083956774729842,0.710727969348659,0.4301449275362319
0.5287514925003052,0.3081395348837209,0.710727969348659,0.42989571263035914
0.5286721587181091,0.3078838174273859,0.710727969348659,0.42964678633468445
0.5286630988121033,0.3076285240464345,0.710727969348659,0.42939814814814814
0.528648316860199,0.30737365368682684,0.710727969348659,0.42914979757085026
0.5286164879798889,0.30711920529801323,0.710727969348659,0.42890173410404625
0.5285274386405945,0.3068651778329198,0.710727969348659,0.42865395725014444
0.5284305214881897,0.3066115702479339,0.710727969348659,0.4284064665127021
0.5284194350242615,0.3063583815028902,0.710727969348659,0.42815926139642246
0.5283592939376831,0.3061056105610561,0.710727969348659,0.4279123414071511
0.5282798409461975,0.30585325638911787,0.710727969348659,0.4276657060518732
0.5282309651374817,0.3056013179571664,0.710727969348659,0.4274193548387097
0.5282182693481445,0.30534979423868314,0.710727969348659,0.4271732872769142
0.528213620185852,0.3050986842105263,0.710727969348659,0.42692750287687
0.5281970500946045,0.30484798685291703,0.710727969348659,0.4266820011500863
0.5281951427459717,0.3045977011494253,0.710727969348659,0.42643678160919535
0.5281878709793091,0.30434782608695654,0.710727969348659,0.4261918437679495
0.5281529426574707,0.3040983606557377,0.710727969348659,0.425947187141217
0.5281344056129456,0.30384930384930386,0.710727969348659,0.4257028112449799
0.5281331539154053,0.30360065466448444,0.710727969348659,0.42545871559633025
0.5280745029449463,0.30335241210139,0.710727969348659,0.42521489971346704
0.5279698371887207,0.30392156862745096,0.7126436781609196,0.4261168384879725
0.5279166102409363,0.30448979591836733,0.7145593869731801,0.42701774470520887
0.5279051661491394,0.30424143556280586,0.7145593869731801,0.4267734553775744
0.5278876423835754,0.30399348003259985,0.7145593869731801,0.4265294453973699
0.5278589725494385,0.30374592833876224,0.7145593869731801,0.4262857142857143
0.5278578996658325,0.30349877949552484,0.7145593869731801,0.42604226156482017
0.5278050303459167,0.3032520325203252,0.7145593869731801,0.42579908675799083
0.527745246887207,0.30300568643379366,0.7145593869731801,0.42555618938961787
0.5277288556098938,0.3027597402597403,0.7145593869731801,0.4253135689851768
0.5276122689247131,0.30251419302514193,0.7145593869731801,0.4250712250712251
0.5275163054466248,0.30307941653160453,0.7164750957854407,0.4259681093394078
0.5274856090545654,0.302834008097166,0.7164750957854407,0.4257256687535571
0.527474045753479,0.30258899676375406,0.7164750957854407,0.4254835039817975
0.5273645520210266,0.30234438156831045,0.7164750957854407,0.4252416145537238
0.5273325443267822,0.30210016155088854,0.7164750957854407,0.42500000000000004
0.52726149559021,0.3018563357546408,0.7164750957854407,0.42475865985235656
0.5272526741027832,0.3016129032258065,0.7164750957854407,0.42451759364358693
0.5272113680839539,0.3013698630136986,0.7164750957854407,0.4242768009075439
0.5271481275558472,0.30112721417069244,0.7164750957854407,0.42403628117913833
0.5271275043487549,0.3008849557522124,0.7164750957854407,0.4237960339943343
0.527055025100708,0.30064308681672025,0.7164750957854407,0.42355605889014725
0.5270446538925171,0.3004016064257028,0.7164750957854407,0.4233163554046407
0.5270358324050903,0.3001605136436597,0.7164750957854407,0.423076923076923
0.5270148515701294,0.29991980753809144,0.7164750957854407,0.42283776144714535
0.5268993377685547,0.29967948717948717,0.7164750957854407,0.42259887005649716
0.5268913507461548,0.29943955164131303,0.7164750957854407,0.42236024844720493
0.5268862247467041,0.3,0.7183908045977011,0.4232505643340858
0.526885986328125,0.3005595523581135,0.7203065134099617,0.4241398759165256
0.5268541574478149,0.3003194888178914,0.7203065134099617,0.42390078917700114
0.5267781615257263,0.30007980845969673,0.7203065134099617,0.4236619718309859
0.5267146229743958,0.29984051036682613,0.7203065134099617,0.4234234234234234
0.526663064956665,0.299601593625498,0.7203065134099617,0.42318514350028136
0.526596188545227,0.29936305732484075,0.7203065134099617,0.4229471316085489
0.5265429615974426,0.29912490055688146,0.7203065134099617,0.42270938729623386
0.5265349745750427,0.2988871224165342,0.7203065134099617,0.42247191011235957
0.5265006422996521,0.29864972200158857,0.7203065134099617,0.4222346996069624
0.5264867544174194,0.2984126984126984,0.7203065134099617,0.4219977553310887
0.5264106392860413,0.29817605075337034,0.7203065134099617,0.4217610768367919
0.5263188481330872,0.2979397781299525,0.7203065134099617,0.42152466367713004
0.526233971118927,0.2977038796516231,0.7203065134099617,0.42128851540616247
0.5261860489845276,0.2974683544303797,0.7203065134099617,0.4210526315789474
0.526091456413269,0.2972332015810277,0.7203065134099617,0.42081701175153896
0.52601557970047,0.296998420221169,0.7203065134099617,0.42058165548098436
0.5258103013038635,0.2967640094711918,0.7203065134099617,0.4203465623253214
0.5257861018180847,0.29652996845425866,0.7203065134099617,0.4201117318435754
0.5257847905158997,0.2962962962962963,0.7203065134099617,0.4198771635957566
0.5256838798522949,0.2968503937007874,0.7222222222222222,0.42075892857142855
0.5256084203720093,0.2966168371361133,0.7222222222222222,0.42052426101505863
0.52556973695755,0.2971698113207547,0.7241379310344828,0.4214046822742475
0.5255422592163086,0.2969363707776905,0.7241379310344828,0.4211699164345403
0.5255184173583984,0.2967032967032967,0.7241379310344828,0.4209354120267261
0.5254312753677368,0.2972549019607843,0.7260536398467433,0.42181413466889256
0.5254020094871521,0.29702194357366773,0.7260536398467433,0.42157953281423804
0.5253363847732544,0.29678935003915424,0.7260536398467433,0.42134519177320734
0.5252744555473328,0.2965571205007825,0.7260536398467433,0.4211111111111111
0.5252348780632019,0.29632525410476934,0.7260536398467433,0.42087729039422545
0.5251855254173279,0.296875,0.7279693486590039,0.4217536071032187
0.525099515914917,0.2966432474629196,0.7279693486590039,0.42151968940654466
0.5250914096832275,0.296411856474259,0.7279693486590039,0.4212860310421287
0.5250474810600281,0.2961808261886204,0.7279693486590039,0.4210526315789474
0.5250272750854492,0.29595015576323985,0.7279693486590039,0.42081949058693235
0.524890124797821,0.29571984435797666,0.7279693486590039,0.42058660763696737
0.5248265266418457,0.2954898911353033,0.7279693486590039,0.42035398230088494
0.5247548222541809,0.29526029526029524,0.7279693486590039,0.4201216141514649
0.5247503519058228,0.2950310559006211,0.7279693486590039,0.4198895027624309
0.524693489074707,0.2948021722265322,0.7279693486590039,0.4196576477084484
0.5246455669403076,0.29457364341085274,0.7279693486590039,0.41942604856512145
0.5245766639709473,0.29434546862896976,0.7279693486590039,0.4191947049089906
0.5245504975318909,0.2948916408668731,0.7298850574712644,0.42006615214994497
0.5245041251182556,0.29466357308584684,0.7298850574712644,0.4198347107438017
0.5244821906089783,0.29520865533230295,0.7318007662835249,0.42070484581497797
0.5244613885879517,0.29498069498069496,0.7318007662835249,0.4204733076499724
0.5244225859642029,0.29475308641975306,0.7318007662835249,0.4202420242024202
0.524401068687439,0.2945258288357749,0.7318007662835249,0.4200109950522265
0.5242590308189392,0.2942989214175655,0.7318007662835249,0.4197802197802198
0.5242092609405518,0.294072363356428,0.7318007662835249,0.41954969796814934
0.524061381816864,0.29384615384615387,0.7318007662835249,0.41931942919868276
0.5240404605865479,0.29362029208301305,0.7318007662835249,0.41908941305540315
0.5240338444709778,0.29339477726574503,0.7318007662835249,0.41885964912280704
0.5240108370780945,0.29316960859554875,0.7318007662835249,0.4186301369863013
0.5239852070808411,0.2929447852760736,0.7318007662835249,0.4184008762322015
0.5239757895469666,0.29272030651340997,0.7318007662835249,0.4181718664477285
0.5239752531051636,0.29249617151607965,0.7318007662835249,0.4179431072210066
0.5239650011062622,0.29227237949502677,0.7318007662835249,0.41771459814106066
0.5239266753196716,0.29204892966360857,0.7318007662835249,0.41748633879781416
0.5238084197044373,0.29182582123758594,0.7318007662835249,0.4172583287820863
0.5237762331962585,0.2916030534351145,0.7318007662835249,0.41703056768558955
0.5237644910812378,0.2913806254767353,0.7318007662835249,0.41680305510092747
0.5237395167350769,0.29115853658536583,0.7318007662835249,0.41657579062159217
0.5236545205116272,0.2909367859862909,0.7318007662835249,0.4163487738419618
0.5236533880233765,0.2907153729071537,0.7318007662835249,0.41612200435729846
0.523644208908081,0.2904942965779468,0.7318007662835249,0.4158954817637452
0.5236281156539917,0.29027355623100304,0.7318007662835249,0.41566920565832427
0.5236231088638306,0.2900531511009871,0.7318007662835249,0.41544317563893424
0.523621141910553,0.2898330804248862,0.7318007662835249,0.41521739130434787
0.5236048698425293,0.2896133434420015,0.7318007662835249,0.4149918522542096
0.5236021876335144,0.28939393939393937,0.7318007662835249,0.4147665580890336
0.5235624313354492,0.2891748675246026,0.7318007662835249,0.41454150841020077
0.5235444903373718,0.28895612708018154,0.7318007662835249,0.41431670281995664
0.5235301852226257,0.2894935752078609,0.7337164750957854,0.4151761517615176
0.5235069990158081,0.2892749244712991,0.7337164750957854,0.41495124593716143
0.5234904885292053,0.2890566037735849,0.7337164750957854,0.41472658364916076
0.5234481692314148,0.2888386123680241,0.7337164750957854,0.4145021645021644
0.523431122303009,0.2886209495101733,0.7337164750957854,0.4142779881016766
0.5234223008155823,0.2884036144578313,0.7337164750957854,0.41405405405405404
0.5234106779098511,0.28818660647103084,0.7337164750957854,0.41383036196650463
0.5234078168869019,0.2879699248120301,0.7337164750957854,0.4136069114470842
0.5233744382858276,0.2877535687453043,0.7337164750957854,0.41338370210469505
0.523322582244873,0.2875375375375375,0.7337164750957854,0.41316073354908306
0.5232521295547485,0.2873218304576144,0.7337164750957854,0.4129380053908355
0.5232512950897217,0.2871064467766117,0.7337164750957854,0.41271551724137934
0.5232000350952148,0.2868913857677903,0.7337164750957854,0.412493268712978
0.5231335759162903,0.2866766467065868,0.7337164750957854,0.4122712594187298
0.5230919122695923,0.28646222887060585,0.7337164750957854,0.41204948897256594
0.5230872631072998,0.2862481315396114,0.7337164750957854,0.4118279569892473
0.5230788588523865,0.286034353995519,0.7337164750957854,0.4116066630843632
0.5230579972267151,0.28582089552238804,0.7337164750957854,0.4113856068743287
0.5230127573013306,0.28560775540641314,0.7337164750957854,0.4111647879763822
0.5229763984680176,0.28539493293591656,0.7337164750957854,0.4109442060085838
0.5229626893997192,0.2851824274013403,0.7337164750957854,0.41072386058981236
0.5229452848434448,0.2849702380952381,0.7337164750957854,0.41050375133976413
0.5228953957557678,0.28475836431226764,0.7337164750957854,0.41028387787895015
0.5228474140167236,0.28454680534918275,0.7337164750957854,0.4100642398286937
0.5227922201156616,0.28433556050482556,0.7337164750957854,0.409844836811129
0.5226929187774658,0.2841246290801187,0.7337164750957854,0.4096256684491979
0.5226553082466125,0.28465530022238694,0.735632183908046,0.41047568145376806
0.5226342678070068,0.28444444444444444,0.735632183908046,0.41025641025641024
0.5226268768310547,0.2842339008142117,0.735632183908046,0.4100373731980779
0.5226039290428162,0.28402366863905326,0.735632183908046,0.4098185699039487
0.5226019620895386,0.2838137472283814,0.735632183908046,0.4096000000000001
0.5225100517272949,0.2843426883308715,0.7375478927203065,0.41044776119402987
0.5225096344947815,0.28413284132841327,0.7375478927203065,0.41022908897176347
0.5224543809890747,0.28392330383480824,0.7375478927203065,0.41001064962726297
0.522435188293457,0.28371407516580693,0.7375478927203065,0.40979244278871746
0.5224224328994751,0.28350515463917525,0.7375478927203065,0.40957446808510634
0.5224065780639648,0.28329654157468726,0.7375478927203065,0.40935672514619875
0.5223708152770996,0.28308823529411764,0.7375478927203065,0.4091392136025505
0.5222671627998352,0.2828802351212344,0.7375478927203065,0.4089219330855019
0.5222530961036682,0.28267254038179146,0.7375478927203065,0.40870488322717624
0.5222126841545105,0.28246515040352166,0.7375478927203065,0.4084880636604775
0.5221918821334839,0.28225806451612906,0.7375478927203065,0.4082714740190881
0.5221266150474548,0.28205128205128205,0.7375478927203065,0.40805511393746685
0.5220523476600647,0.28184480234260617,0.7375478927203065,0.40783898305084754
0.5220378637313843,0.2814327485380117,0.7375478927203065,0.40740740740740744
0.5220248699188232,0.28122717311906503,0.7375478927203065,0.4071919619249075
0.5219680666923523,0.28175182481751826,0.7394636015325671,0.40803382663847787
0.5219582319259644,0.2815463165572575,0.7394636015325671,0.40781827786582153
0.5219355821609497,0.2813411078717201,0.7394636015325671,0.40760295670538543
0.5218552947044373,0.2811361981063365,0.7394636015325671,0.4073878627968338
0.5218304395675659,0.2816593886462882,0.7413793103448276,0.40822784810126583
0.5217888951301575,0.28145454545454546,0.7413793103448276,0.40801265155508704
0.5217784643173218,0.28125,0.7413793103448276,0.4077976817702845
0.5217347145080566,0.28177196804647786,0.7432950191570882,0.4086361242759347
0.5215522646903992,0.28156748911465895,0.7432950191570882,0.408421052631579
0.5215379595756531,0.2813633067440174,0.7432950191570882,0.4082062072593372
0.5215337872505188,0.2818840579710145,0.7452107279693486,0.40904311251314407
0.52150958776474,0.2827187274041938,0.7490421455938697,0.410498687664042
0.5214770436286926,0.282514450867052,0.7490421455938697,0.41028331584470096
0.521443247795105,0.28303249097472927,0.7509578544061303,0.41111693759832196
0.5213953852653503,0.2828282828282828,0.7509578544061303,0.4109014675052411
0.5213912129402161,0.28262436914203315,0.7509578544061303,0.4106862231534834
0.5213736891746521,0.2824207492795389,0.7509578544061303,0.4104712041884817
0.5213345289230347,0.2822174226061915,0.7509578544061303,0.4102564102564103
0.5213257670402527,0.2820143884892086,0.7509578544061303,0.4100418410041841
0.5212180018424988,0.2818116462976276,0.7509578544061303,0.4098274960794564
0.521138608455658,0.28160919540229884,0.7509578544061303,0.4096133751306165
0.5210445523262024,0.2814070351758794,0.7509578544061303,0.4093994778067885
0.521019697189331,0.2812051649928264,0.7509578544061303,0.4091858037578288
0.5210155844688416,0.2810035842293907,0.7509578544061303,0.4089723526343245
0.5209296345710754,0.2808022922636103,0.7509578544061303,0.4087591240875912
0.5208747386932373,0.28060128847530424,0.7509578544061303,0.4085461177696717
0.520813524723053,0.2804005722460658,0.7509578544061303,0.4083333333333333
0.5208011269569397,0.2802001429592566,0.7509578544061303,0.4081207704320666
0.5207716822624207,0.28,0.7509578544061303,0.4079084287200833
0.5207650661468506,0.2798001427551749,0.7509578544061303,0.4076963078523141
0.5207523107528687,0.2796005706134094,0.7509578544061303,0.4074844074844075
0.5207410454750061,0.2794012829650748,0.7509578544061303,0.4072727272727273
0.5207393169403076,0.2792022792022792,0.7509578544061303,0.40706126687435096
0.5207328200340271,0.27900355871886123,0.7509578544061303,0.40685002594706804
0.5207151174545288,0.27880512091038406,0.7509578544061303,0.4066390041493776
0.5206957459449768,0.27860696517412936,0.7509578544061303,0.40642820114048733
0.5206298828125,0.2784090909090909,0.7509578544061303,0.4062176165803108
0.520595133304596,0.2782114975159688,0.7509578544061303,0.40600725012946665
0.5205850005149841,0.27801418439716313,0.7509578544061303,0.4057971014492754
0.5205835103988647,0.27852586817859676,0.7528735632183908,0.4066218313502328
0.5205391645431519,0.278328611898017,0.7528735632183908,0.40641158221303
0.5205290913581848,0.2781316348195329,0.7528735632183908,0.40620155038759687
0.5205164551734924,0.27793493635077793,0.7528735632183908,0.40599173553719015
0.5204530358314514,0.2777385159010601,0.7528735632183908,0.4057821373257615
0.520404040813446,0.2775423728813559,0.7528735632183908,0.4055727554179567
0.5203972458839417,0.2773465067043049,0.7528735632183908,0.40536358947911294
0.5203922390937805,0.2771509167842031,0.7528735632183908,0.40515463917525774
0.5202981233596802,0.2769556025369979,0.7528735632183908,0.40494590417310666
0.5202555656433105,0.2767605633802817,0.7528735632183908,0.4047373841400618
0.5202454328536987,0.2765657987332864,0.7528735632183908,0.40452907874420996
0.5202232599258423,0.27637130801687765,0.7528735632183908,0.40432098765432106
0.5202006697654724,0.27617709065354884,0.7528735632183908,0.4041131105398457
0.5201240181922913,0.27598314606741575,0.7528735632183908,0.40390544707091475
0.5200445055961609,0.27578947368421053,0.7528735632183908,0.4036979969183359
0.5200393795967102,0.2762973352033661,0.7547892720306514,0.40451745379876797
0.520031750202179,0.27680448493342674,0.7567049808429118,0.405336069779374
0.5200127959251404,0.2766106442577031,0.7567049808429118,0.4051282051282052
0.5200002193450928,0.27641707487753675,0.7567049808429118,0.4049205535622758
0.5199947357177734,0.2762237762237762,0.7567049808429118,0.4047131147540983
0.5199854373931885,0.27603074772886094,0.7567049808429118,0.4045058883768561
0.5199730396270752,0.27583798882681565,0.7567049808429118,0.40429887410440124
0.5199630856513977,0.2756454989532449,0.7567049808429118,0.40409207161125316
0.5198734998703003,0.2754532775453278,0.7567049808429118,0.40388548057259716
0.5198543667793274,0.27526132404181186,0.7567049808429118,0.4036791006642821
0.5197900533676147,0.27506963788300837,0.7567049808429118,0.40347293156281916
0.5197087526321411,0.27487821851078637,0.7567049808429118,0.40326697294538033
0.5196924209594727,0.27468706536856746,0.7567049808429118,0.40306122448979587
0.5196275115013123,0.27449617790132036,0.7567049808429118,0.4028556858745538
0.5196011662483215,0.2743055555555556,0.7567049808429118,0.4026503567787972
0.5195412039756775,0.2741151977793199,0.7567049808429118,0.402445236882323
0.5195322632789612,0.2739251040221914,0.7567049808429118,0.4022403258655804
0.5195165276527405,0.27373527373527373,0.7567049808429118,0.40203562340966914
0.5194826722145081,0.27354570637119113,0.7567049808429118,0.40183112919633773
0.5194039940834045,0.27335640138408307,0.7567049808429118,0.40162684290798173
0.5193336009979248,0.27316735822959887,0.7567049808429118,0.4014227642276423
0.5193301439285278,0.27297857636489287,0.7567049808429118,0.4012188928390045
0.5193172693252563,0.27348066298342544,0.7586206896551724,0.4020304568527919
0.5193172097206116,0.2732919254658385,0.7586206896551724,0.4018264840182649
0.5193025469779968,0.2731034482758621,0.7586206896551724,0.40162271805273836
0.5192654728889465,0.27291523087525843,0.7586206896551724,0.40141915864166244
0.5192644000053406,0.2727272727272727,0.7586206896551724,0.40121580547112456
0.5192437171936035,0.27253957329662765,0.7586206896551724,0.4010126582278481
0.5192258954048157,0.2723521320495186,0.7586206896551724,0.4008097165991903
0.5191333293914795,0.2721649484536082,0.7586206896551724,0.4006069802731411
0.5191072821617126,0.27197802197802196,0.7586206896551724,0.40040444893832156
0.5190402269363403,0.2717913520933425,0.7586206896551724,0.4002021222839817
0.5189833045005798,0.2716049382716049,0.7586206896551724,0.39999999999999997
0.518963098526001,0.271418779986292,0.7586206896551724,0.39979808177688037
0.518744945526123,0.27123287671232876,0.7586206896551724,0.3995963673057518
0.518737256526947,0.27104722792607805,0.7586206896551724,0.39939485627836613
0.5186939239501953,0.2708618331053352,0.7586206896551724,0.39919354838709675
0.5186574459075928,0.2706766917293233,0.7586206896551724,0.398992443324937
0.5186554789543152,0.27049180327868855,0.7586206896551724,0.39879154078549855
0.5186402201652527,0.27030716723549486,0.7586206896551724,0.3985908404630095
0.518591582775116,0.27012278308321963,0.7586206896551724,0.3983903420523139
0.5185673832893372,0.26993865030674846,0.7586206896551724,0.3981900452488688
0.5184919834136963,0.26975476839237056,0.7586206896551724,0.3979899497487437
0.5184743404388428,0.2702518720217835,0.7605363984674329,0.39879457559015574
0.518462598323822,0.27006802721088435,0.7605363984674329,0.3985943775100401
0.51836758852005,0.2698844323589395,0.7605363984674329,0.39839438033115904
0.5183565020561218,0.26970108695652173,0.7605363984674329,0.3981945837512537
0.5182879567146301,0.2701968771215207,0.7624521072796935,0.39899749373433585
0.5182717442512512,0.2700135685210312,0.7624521072796935,0.39879759519038077
0.5182687640190125,0.2698305084745763,0.7624521072796935,0.3985978968452679
0.518260657787323,0.2696476964769648,0.7624521072796935,0.39839839839839847
0.5182291269302368,0.2694651320243737,0.7624521072796935,0.3981990995497749
0.5182279348373413,0.2692828146143437,0.7624521072796935,0.39799999999999996
0.5182071328163147,0.2691007437457742,0.7624521072796935,0.39780109945027486
0.5181882381439209,0.2689189189189189,0.7624521072796935,0.3976023976023975
0.5181480050086975,0.2687373396353815,0.7624521072796935,0.3974038941587618
0.5181468725204468,0.26855600539811064,0.7624521072796935,0.39720558882235524
0.5181149244308472,0.2683749157113958,0.7624521072796935,0.39700748129675806
0.5180936455726624,0.26819407008086255,0.7624521072796935,0.3968095712861416
0.5180825591087341,0.26801346801346804,0.7624521072796935,0.3966118584952666
0.5180783867835999,0.26783310901749663,0.7624521072796935,0.3964143426294821
0.5180386304855347,0.2676529926025555,0.7624521072796935,0.39621702339472376
0.5180143117904663,0.2674731182795699,0.7624521072796935,0.39601990049751246
0.5180056691169739,0.26729348556077903,0.7624521072796935,0.3958229736449528
0.5179920792579651,0.26711409395973157,0.7624521072796935,0.3956262425447316
0.5179585814476013,0.266934942991281,0.7624521072796935,0.3954297069051167
0.5179557800292969,0.26742627345844505,0.764367816091954,0.3962264150943396
0.5179410576820374,0.2672471533824514,0.764367816091954,0.39602977667493794
0.5179374814033508,0.26706827309236947,0.764367816091954,0.3958333333333333
0.517909824848175,0.26688963210702343,0.764367816091954,0.39563708477937526
0.517856776714325,0.2667112299465241,0.764367816091954,0.39544103072348863
0.5178338885307312,0.2665330661322645,0.764367816091954,0.3952451708766716
0.5178181529045105,0.26635514018691586,0.764367816091954,0.39504950495049507
0.5178176760673523,0.26617745163442297,0.764367816091954,0.39485403265710045
0.5178092122077942,0.266,0.764367816091954,0.39465875370919884
0.517808735370636,0.26582278481012656,0.764367816091954,0.39446366782006914
0.5178028345108032,0.26564580559254325,0.764367816091954,0.3942687747035573
0.5177983045578003,0.2654690618762475,0.764367816091954,0.3940740740740741
0.5177792310714722,0.26529255319148937,0.764367816091954,0.3938795656465943
0.5177425742149353,0.2651162790697674,0.764367816091954,0.3936852491366551
0.5177387595176697,0.2649402390438247,0.764367816091954,0.393491124260355
0.5176808834075928,0.2647644326476443,0.764367816091954,0.3932971907343519
0.5176662802696228,0.26525198938992045,0.7662835249042146,0.39408866995073893
0.5175976753234863,0.26507620941020543,0.7662835249042146,0.39389463318562284
0.5175976157188416,0.26490066225165565,0.7662835249042146,0.3937007874015748
0.5175714492797852,0.26472534745201853,0.7662835249042146,0.3935071323167732
0.5175445079803467,0.26455026455026454,0.7662835249042146,0.39331366764995085
0.5175350904464722,0.26437541308658297,0.7662835249042146,0.39312039312039315
0.5175118446350098,0.26420079260237783,0.7662835249042146,0.3929273084479371
0.5175002813339233,0.264026402640264,0.7662835249042146,0.3927344133529701
0.5174499750137329,0.2638522427440633,0.7662835249042146,0.3925417075564279
0.5174322724342346,0.26367831245880025,0.7662835249042146,0.392349190779794
0.517420768737793,0.2635046113306983,0.7662835249042146,0.39215686274509803
0.5174171328544617,0.2633311389071758,0.7662835249042146,0.3919647231749143
0.5173327922821045,0.2631578947368421,0.7662835249042146,0.3917727717923604
0.5172853469848633,0.26298487836949375,0.7662835249042146,0.39158100832109644
0.5172786116600037,0.2628120893561104,0.7662835249042146,0.39138943248532293
0.5172561407089233,0.262639527248851,0.7662835249042146,0.39119804400978
0.517244815826416,0.26246719160104987,0.7662835249042146,0.39100684261974583
0.5172433257102966,0.26229508196721313,0.7662835249042146,0.39081582804103565
0.5172178149223328,0.2621231979030144,0.7662835249042146,0.39062499999999994
0.517119824886322,0.26195153896529144,0.7662835249042146,0.3904343582235236
0.5170971155166626,0.2617801047120419,0.7662835249042146,0.3902439024390244
0.5170860290527344,0.2622629169391759,0.7681992337164751,0.3910287664553876
0.5170795917510986,0.26209150326797387,0.7681992337164751,0.3908382066276804
0.5170674920082092,0.26192031352057477,0.7681992337164751,0.3906478324403312
0.5170649886131287,0.26174934725848564,0.7681992337164751,0.39045764362220065
0.5170459747314453,0.26157860404435745,0.7681992337164751,0.3902676399026764
0.5169549584388733,0.2620599739243807,0.7701149425287356,0.39105058365758755
0.5169332027435303,0.26188925081433223,0.7701149425287356,0.3908604764219737
0.5169212222099304,0.26171875,0.7701149425287356,0.3906705539358601
0.5168825387954712,0.2615484710474951,0.7701149425287356,0.3904808159300632
0.5168557167053223,0.2613784135240572,0.7701149425287356,0.39029126213592236
0.5168541669845581,0.26120857699805067,0.7701149425287356,0.3901018922852984
0.5168315172195435,0.2616883116883117,0.7720306513409961,0.39088263821532493
0.5167484283447266,0.26151849448410125,0.7720306513409961,0.39069316529326226
0.5166749358177185,0.261348897535668,0.7720306513409961,0.3905038759689923
0.5165410041809082,0.26117952041477643,0.7720306513409961,0.3903147699757869
0.5164330005645752,0.2610103626943005,0.7720306513409961,0.39012584704743464
0.5163940191268921,0.2608414239482201,0.7720306513409961,0.38993710691823896
0.5163111686706543,0.26067270375161705,0.7720306513409961,0.38974854932301733
0.5162167549133301,0.2605042016806723,0.7720306513409961,0.3895601739971001
0.5161593556404114,0.2603359173126615,0.7720306513409961,0.3893719806763285
0.516112744808197,0.26016785022595224,0.7720306513409961,0.3891839690970546
0.5160539150238037,0.26,0.7720306513409961,0.38899613899613905
0.5159850716590881,0.25983236621534495,0.7720306513409961,0.3888084901109503
0.5159173011779785,0.25966494845360827,0.7720306513409961,0.38862102217936356
0.515915036201477,0.25949774629748873,0.7720306513409961,0.388433734939759
0.5158571600914001,0.25933075933075933,0.7720306513409961,0.3882466281310212
0.5158392786979675,0.25916398713826366,0.7720306513409961,0.38805970149253727
0.515830397605896,0.2588310854206808,0.7720306513409961,0.38768638768638775
0.5157323479652405,0.25866495507060333,0.7720306513409961,0.38749999999999996
0.5156770944595337,0.2584990378447723,0.7720306513409961,0.38731379144642
0.515670895576477,0.25833333333333336,0.7720306513409961,0.3871277617675312
0.5156479477882385,0.25816784112748237,0.7720306513409961,0.38694191070571293
0.5156159996986389,0.2586427656850192,0.7739463601532567,0.3877159309021113
0.5156128406524658,0.25847728726807423,0.7739463601532567,0.38752997601918465
0.5155953764915466,0.25831202046035806,0.7739463601532567,0.3873441994247363
0.5155631303787231,0.25814696485623,0.7739463601532567,0.38715860086248205
0.5155127048492432,0.25798212005108556,0.7739463601532567,0.38697318007662834
0.5154446959495544,0.25781748564135293,0.7739463601532567,0.3867879368118717
0.5154317021369934,0.2576530612244898,0.7739463601532567,0.3866028708133971
0.5154300928115845,0.25748884639898023,0.7739463601532567,0.38641798182687703
0.5153211355209351,0.2573248407643312,0.7739463601532567,0.3862332695984704
0.5153036117553711,0.25716104392106937,0.7739463601532567,0.3860487338748208
0.5152984857559204,0.25699745547073793,0.7739463601532567,0.3858643744030563
0.5152624249458313,0.25683407501589317,0.7739463601532567,0.38568019093078754
0.5152112245559692,0.25667090216010163,0.7739463601532567,0.38549618320610685
0.5151430368423462,0.2565079365079365,0.7739463601532567,0.3853123509775871
0.5151305794715881,0.2563451776649746,0.7739463601532567,0.38512869399428024
0.5151198506355286,0.2561826252377933,0.7739463601532567,0.384945212005717
0.5150004029273987,0.25602027883396705,0.7739463601532567,0.38476190476190475
0.5149682760238647,0.2558581380620646,0.7739463601532567,0.3845787720133269
0.5149547457695007,0.25569620253164554,0.7739463601532567,0.384395813510942
0.5149521231651306,0.25553447185325745,0.7739463601532567,0.3842130290061817
0.5148976445198059,0.2553729456384324,0.7739463601532567,0.38403041825095063
0.5148506760597229,0.2552116234996841,0.7739463601532567,0.3838479809976247
0.5148425698280334,0.255050505050505,0.7739463601532567,0.3836657169990503
0.5148377418518066,0.25488958990536276,0.7739463601532567,0.3834836260085429
0.5147303938865662,0.2547288776796974,0.7739463601532567,0.3833017077798862
0.5146996378898621,0.2545683679899181,0.7739463601532567,0.3831199620673305
0.5146514773368835,0.25440806045340053,0.7739463601532567,0.38293838862559243
0.5146156549453735,0.2542479546884833,0.7739463601532567,0.38275698720985313
0.5145715475082397,0.2540880503144654,0.7739463601532567,0.3825757575757575
0.514542281627655,0.25392834695160277,0.7739463601532567,0.3823946994794131
0.5145270228385925,0.2537688442211055,0.7739463601532567,0.3822138126773888
0.5145096182823181,0.2542372881355932,0.7758620689655172,0.3829787234042553
0.514468252658844,0.25407779171894607,0.7758620689655172,0.3827977315689981
0.5144155025482178,0.25391849529780564,0.7758620689655172,0.3826169107227208
0.5143619775772095,0.25375939849624063,0.7758620689655172,0.3824362606232295
0.5143317580223083,0.2542266750156543,0.7777777777777778,0.38319962246342604
0.5143044590950012,0.25453408380237647,0.7796934865900383,0.38378123526638375
0.5142650008201599,0.254375,0.7796934865900383,0.3836003770028275
0.5141806602478027,0.25421611492816987,0.7796934865900383,0.383419689119171
0.5140699148178101,0.2540574282147316,0.7796934865900383,0.3832391713747646
0.5140694379806519,0.25389893948845915,0.7796934865900383,0.3830588235294118
0.5140414834022522,0.2543640897755611,0.7816091954022989,0.38381937911571024
0.5140413641929626,0.2542056074766355,0.7816091954022989,0.38363892806770095
0.5140400528907776,0.25404732254047324,0.7816091954022989,0.3834586466165414
0.5140239596366882,0.253889234598631,0.7816091954022989,0.38327853452325034
0.5139936804771423,0.2537313432835821,0.7816091954022989,0.3830985915492958
0.5139148235321045,0.2535736482287135,0.7816091954022989,0.3829188174565931
0.5138390064239502,0.253416149068323,0.7816091954022989,0.3827392120075047
0.513824999332428,0.2532588454376164,0.7816091954022989,0.3825597749648383
0.5137989521026611,0.2531017369727047,0.7816091954022989,0.38238050609184626
0.5137311816215515,0.25294482331060136,0.7816091954022989,0.38220140515222484
0.5136515498161316,0.2527881040892193,0.7816091954022989,0.38202247191011235
0.51362144947052,0.25263157894736843,0.7816091954022989,0.3818437061300889
0.5136195421218872,0.2524752475247525,0.7816091954022989,0.3816651075771749
0.5136138200759888,0.2523191094619666,0.7816091954022989,0.3814866760168303
0.5135660767555237,0.2521631644004944,0.7816091954022989,0.3813084112149533
0.5134725570678711,0.2520074119827054,0.7816091954022989,0.38113031293787947
0.5133760571479797,0.25246913580246916,0.7835249042145593,0.38188608776844074
0.5132920145988464,0.2523133867982727,0.7835249042145593,0.38170788614092394
0.5132672190666199,0.2521578298397041,0.7835249042145593,0.3815298507462687
0.5132473707199097,0.25200246457178066,0.7835249042145593,0.38135198135198134
0.5132131576538086,0.2518472906403941,0.7835249042145593,0.3811742777260018
0.5131983160972595,0.2516923076923077,0.7835249042145593,0.3809967396367024
0.5131049752235413,0.25153751537515373,0.7835249042145593,0.38081936685288637
0.5130699872970581,0.25138291333743085,0.7835249042145593,0.38064215914378785
0.513057291507721,0.2512285012285012,0.7835249042145593,0.38046511627906976
0.513019323348999,0.2510742786985881,0.7835249042145593,0.3802882380288239
0.5129832625389099,0.250920245398773,0.7835249042145593,0.3801115241635688
0.5129438638687134,0.25076640098099323,0.7835249042145593,0.3799349744542499
0.5129311084747314,0.2506127450980392,0.7835249042145593,0.37975858867223766
0.5128463506698608,0.2504592774035517,0.7835249042145593,0.37958236658932715
0.5128217935562134,0.2503059975520196,0.7835249042145593,0.37940630797773656
0.5128204226493835,0.25015290519877675,0.7835249042145593,0.37923041261010665
0.5126916766166687,0.25,0.7835249042145593,0.3790546802594995
0.5126639008522034,0.24984728161270617,0.7835249042145593,0.37887911069939784
0.5126442909240723,0.2496947496947497,0.7835249042145593,0.37870370370370365
0.5126409530639648,0.24954240390482002,0.7835249042145593,0.37852845904673765
0.5125895738601685,0.24939024390243902,0.7835249042145593,0.37835337650323775
0.5125752687454224,0.24923826934795856,0.7835249042145593,0.3781784558483588
0.5125739574432373,0.24908647990255786,0.7835249042145593,0.378003696857671
0.5125207901000977,0.248934875228241,0.7835249042145593,0.37782909930715936
0.5124947428703308,0.24878345498783455,0.7835249042145593,0.37765466297322253
0.5124271512031555,0.2486322188449848,0.7835249042145593,0.3774803876326719
0.5123618245124817,0.24848116646415552,0.7835249042145593,0.3773062730627306
0.5122663378715515,0.24833029751062538,0.7835249042145593,0.3771323190410327
0.5122029185295105,0.24817961165048544,0.7835249042145593,0.3769585253456221
0.5121314525604248,0.24802910855063676,0.7835249042145593,0.3767848917549516
0.5120840668678284,0.24848484848484848,0.7854406130268199,0.3775322283609576
0.5120537281036377,0.2483343428225318,0.7854406130268199,0.37735849056603776
0.5120048522949219,0.24818401937046006,0.7854406130268199,0.37718491260349585
0.5118975043296814,0.24803387779794314,0.7854406130268199,0.37701149425287356
0.5118974447250366,0.2478839177750907,0.7854406130268199,0.37683823529411764
0.511886477470398,0.24773413897280966,0.7854406130268199,0.37666513550757924
0.511799156665802,0.24758454106280192,0.7854406130268199,0.37649219467401285
0.5117731094360352,0.24743512371756185,0.7854406130268199,0.3763194125745755
0.5116957426071167,0.24728588661037396,0.7854406130268199,0.3761467889908257
0.5115732550621033,0.24713682941531043,0.7854406130268199,0.37597432370472256
0.5115541815757751,0.2469879518072289,0.7854406130268199,0.3758020164986251
0.5115537047386169,0.24683925346177002,0.7854406130268199,0.37562986715529084
0.5115453004837036,0.246690734055355,0.7854406130268199,0.37545787545787546
0.5114710927009583,0.24714371617558628,0.7873563218390804,0.3762013729977116
0.5114681124687195,0.24699519230769232,0.7873563218390804,0.37602927721866425
0.5113579034805298,0.24684684684684685,0.7873563218390804,0.3758573388203018
0.5113428235054016,0.24669867947178872,0.7873563218390804,0.3756855575868373
0.5113255977630615,0.2465506898620276,0.7873563218390804,0.3755139333028781
0.5113127827644348,0.24640287769784172,0.7873563218390804,0.37534246575342467
0.51129549741745,0.24625524266027563,0.7873563218390804,0.3751711547238704
0.511273980140686,0.24610778443113773,0.7873563218390804,0.375
0.5112597942352295,0.2459605026929982,0.7873563218390804,0.3748290013679891
0.5112537145614624,0.2458133971291866,0.7873563218390804,0.3746581586144029
0.5112440586090088,0.2456664674237896,0.7873563218390804,0.3744874715261958
0.5112050771713257,0.24551971326164876,0.7873563218390804,0.3743169398907104
0.5109874606132507,0.24537313432835822,0.7873563218390804,0.37414656349567593
0.5108891725540161,0.24522673031026254,0.7873563218390804,0.37397634212920844
0.5108231902122498,0.24508050089445438,0.7873563218390804,0.37380627557980906
0.5107696652412415,0.24493444576877235,0.7873563218390804,0.37363636363636366
0.5106433033943176,0.24478856462179868,0.7873563218390804,0.37346660608814175
0.5105623006820679,0.24464285714285713,0.7873563218390804,0.37329700272479566
0.5105202198028564,0.24449732302201072,0.7873563218390804,0.37312755333635955
0.5105054378509521,0.24435196195005945,0.7873563218390804,0.3729582577132487
0.5105035901069641,0.24420677361853832,0.7873563218390804,0.3727891156462585
0.5104379653930664,0.24406175771971497,0.7873563218390804,0.3726201269265639
0.510378360748291,0.24391691394658754,0.7873563218390804,0.3724512913457182
0.5103783011436462,0.2443653618030842,0.789272030651341,0.37318840579710144
0.510254442691803,0.24422050978067575,0.789272030651341,0.37301946582163875
0.5102243423461914,0.24466824644549762,0.7911877394636015,0.37375565610859723
0.510177493095398,0.24452338661930137,0.7911877394636015,0.37358661239258256
0.5101662278175354,0.24437869822485206,0.7911877394636015,0.3734177215189873
0.5101137161254883,0.244234180958013,0.7911877394636015,0.3732489832806145
0.5101008415222168,0.24408983451536642,0.7911877394636015,0.3730803974706414
0.5100637674331665,0.24394565859421147,0.7911877394636015,0.3729119638826185
0.5100558996200562,0.24380165289256198,0.7911877394636015,0.3727436823104693
0.5100340843200684,0.24365781710914455,0.7911877394636015,0.37257555254848895
0.5100289583206177,0.24351415094339623,0.7911877394636015,0.37240757439134353
0.5099937915802002,0.24337065409546257,0.7911877394636015,0.3722397476340694
0.5099904537200928,0.24322732626619553,0.7911877394636015,0.3720720720720721
0.5099807381629944,0.24308416715715125,0.7911877394636015,0.37190454750112556
0.5099713206291199,0.24294117647058824,0.7911877394636015,0.37173717371737175
0.5099688172340393,0.24279835390946503,0.7911877394636015,0.37156995051731895
0.5099366903305054,0.24265569917743832,0.7911877394636015,0.3714028776978418
0.5099315047264099,0.24251321197886083,0.7911877394636015,0.37123595505617973
0.5099099278450012,0.24237089201877934,0.7911877394636015,0.37106918238993714
0.5099089741706848,0.24222873900293254,0.7911877394636015,0.3709025594970813
0.5098935961723328,0.24208675263774912,0.7911877394636015,0.37073608617594256
0.509882390499115,0.24194493263034564,0.7911877394636015,0.37056976222521315
0.509791910648346,0.24180327868852458,0.7911877394636015,0.3704035874439462
0.5097771286964417,0.24166179052077238,0.7911877394636015,0.37023756163155536
0.5097507238388062,0.2415204678362573,0.7911877394636015,0.37007168458781364
0.5097296237945557,0.2413793103448276,0.7911877394636015,0.36990595611285265
0.5096655488014221,0.24182242990654207,0.7931034482758621,0.37063563115487913
0.5096216797828674,0.24168126094570927,0.7931034482758621,0.3704697986577181
0.5095455646514893,0.24154025670945156,0.7931034482758621,0.370304114490161
0.5094894766807556,0.24198250728862974,0.7950191570881227,0.37103263299061245
0.509484052658081,0.24184149184149184,0.7950191570881227,0.37086684539767656
0.5094839930534363,0.2417006406523005,0.7950191570881227,0.37070120589548905
0.5094158053398132,0.2421420256111758,0.7969348659003831,0.3714285714285714
0.5093597173690796,0.24200116346713205,0.7969348659003831,0.37126282909415437
0.5093392729759216,0.24186046511627907,0.7969348659003831,0.3710972346119536
0.5092817544937134,0.24171993027309704,0.7969348659003831,0.37093178778421754
0.5092713236808777,0.2415795586527294,0.7969348659003831,0.37076648841354726
0.5091999769210815,0.24143934997098085,0.7969348659003831,0.37060133630289527
0.5090527534484863,0.24129930394431554,0.7969348659003831,0.3704363312555654
0.5090324878692627,0.24115942028985507,0.7969348659003831,0.37027147307521135
0.5090280175209045,0.2410196987253766,0.7969348659003831,0.3701067615658363
0.5089567303657532,0.24088013896931093,0.7969348659003831,0.3699421965317919
0.5089410543441772,0.24074074074074073,0.7969348659003831,0.36977777777777776
0.5089228749275208,0.24060150375939848,0.7969348659003831,0.3696135051088405
0.5088931918144226,0.24046242774566473,0.7969348659003831,0.369449378330373
0.5088921189308167,0.24032351242056615,0.7969348659003831,0.3692853972481136
0.5088422894477844,0.24018475750577367,0.7969348659003831,0.36912156166814547
0.5088372230529785,0.2400461627236007,0.7969348659003831,0.3689578713968958
0.5088275074958801,0.23990772779700115,0.7969348659003831,0.3687943262411348
0.5087805986404419,0.2397694524495677,0.7969348659003831,0.3686309260079752
0.5087012648582458,0.23963133640552994,0.7969348659003831,0.36846767050487156
0.5086103677749634,0.23949337938975246,0.7969348659003831,0.36830455953961927
0.5085932016372681,0.23935558112773303,0.7969348659003831,0.36814159292035403
0.5085821747779846,0.23921794134560093,0.7969348659003831,0.36797877045555066
0.5085537433624268,0.23908045977011494,0.7969348659003831,0.367816091954023
0.5085417628288269,0.2389431361286617,0.7969348659003831,0.36765355722492266
0.5085095167160034,0.23880597014925373,0.7969348659003831,0.3674911660777385
0.5084921717643738,0.23866896156052783,0.7969348659003831,0.3673289183222958
0.5084802508354187,0.23853211009174313,0.7969348659003831,0.36716681376875554
0.5084763169288635,0.23839541547277937,0.7969348659003831,0.3670048522276136
0.5083513855934143,0.23825887743413515,0.7969348659003831,0.3668430335097002
0.5082311630249023,0.23812249570692615,0.7969348659003831,0.3666813574261789
0.5082235336303711,0.238558352402746,0.7988505747126436,0.3674008810572687
0.5082013010978699,0.23842195540308747,0.7988505747126436,0.36723910171730517
0.5081897377967834,0.2382857142857143,0.7988505747126436,0.36707746478873243
0.5081836581230164,0.23814962878355225,0.7988505747126436,0.36691597008359
0.5081560611724854,0.238013698630137,0.7988505747126436,0.36675461741424803
0.5081120133399963,0.2378779235596121,0.7988505747126436,0.36659340659340656
0.5080097913742065,0.2377423033067275,0.7988505747126436,0.3664323374340949
0.5079820156097412,0.2376068376068376,0.7988505747126436,0.3662714097496706
0.5079647302627563,0.23804100227790434,0.8007662835249042,0.3669885864793679
0.50789874792099,0.23790552077404667,0.8007662835249042,0.36682755594559013
0.5078946352005005,0.23777019340159272,0.8007662835249042,0.3666666666666667
0.5078521370887756,0.23763501989766914,0.8007662835249042,0.3665059184568172
0.5078091025352478,0.2375,0.8007662835249042,0.3663453111305872
0.5078067779541016,0.23736513344690516,0.8007662835249042,0.3661848445028471
0.5078023076057434,0.23723041997729852,0.8007662835249042,0.36602451838879163
0.5077798962593079,0.23709585933068633,0.8007662835249042,0.36586433260393875
0.507775604724884,0.23696145124716553,0.8007662835249042,0.3657042869641295
0.5077381134033203,0.2368271954674221,0.8007662835249042,0.3655443812855269
0.5077337622642517,0.23669309173272934,0.8007662835249042,0.3653846153846154
0.5076979994773865,0.23655913978494625,0.8007662835249042,0.36522498907820017
0.5076495409011841,0.23642533936651583,0.8007662835249042,0.3650655021834061
0.5076366066932678,0.23629169022046353,0.8007662835249042,0.3649061545176779
0.507635772228241,0.23615819209039549,0.8007662835249042,0.3647469458987783
0.5075312852859497,0.2360248447204969,0.8007662835249042,0.36458787614478855
0.5075116753578186,0.23589164785553046,0.8007662835249042,0.36442894507410634
0.5074549317359924,0.23632261703327692,0.8026819923371648,0.36514161220043573
0.5074007511138916,0.23618940248027057,0.8026819923371648,0.36498257839721254
0.5073565244674683,0.23605633802816903,0.8026819923371648,0.36482368306486723
0.5073273181915283,0.23592342342342343,0.8026819923371648,0.3646649260226284
0.5073130130767822,0.23579065841305571,0.8026819923371648,0.36450630709003917
0.5072101354598999,0.23565804274465693,0.8026819923371648,0.36434782608695654
0.5071712732315063,0.23552557616638561,0.8026819923371648,0.3641894828335506
0.5070961117744446,0.2353932584269663,0.8026819923371648,0.36403127715030403
0.5069969892501831,0.2352610892756878,0.8026819923371648,0.3638732088580113
0.5069839358329773,0.2351290684624018,0.8026819923371648,0.3637152777777778
0.5068952441215515,0.23499719573752104,0.8026819923371648,0.36355748373101954
0.5068827867507935,0.23486547085201795,0.8026819923371648,0.36339982653946223
0.506864607334137,0.23473389355742297,0.8026819923371648,0.3632423060251409
0.5067903399467468,0.23516237402015677,0.8045977011494253,0.36395147313691506
0.5067445635795593,0.23503077783995524,0.8045977011494253,0.3637938501515808
0.5064653158187866,0.2354586129753915,0.8065134099616859,0.3645021645021645
0.5064652562141418,0.23588596981553941,0.8084291187739464,0.36520986585893556
0.5064253807067871,0.23618090452261306,0.8103448275862069,0.3657587548638132
0.5064149498939514,0.23604910714285715,0.8103448275862069,0.365600691443388
0.5063811540603638,0.23591745677635248,0.8103448275862069,0.36544276457883373
0.5062885880470276,0.23578595317725753,0.8103448275862069,0.36528497409326427
0.5062788724899292,0.23565459610027856,0.8103448275862069,0.36512731981009927
0.5062181353569031,0.23552338530066816,0.8103448275862069,0.36496980155306297
0.5062135457992554,0.2353923205342237,0.8103448275862069,0.36481241914618373
0.5061602592468262,0.23526140155728587,0.8103448275862069,0.3646551724137931
0.5060057640075684,0.23513062812673707,0.8103448275862069,0.36449806118052563
0.5059249401092529,0.23555555555555555,0.8122605363984674,0.3652024117140396
0.5058870911598206,0.2354247640199889,0.8122605363984674,0.3650452001721911
0.5058425068855286,0.23529411764705882,0.8122605363984674,0.36488812392426845
0.5058375000953674,0.23516361619523019,0.8122605363984674,0.36473118279569894
0.5058190822601318,0.23503325942350334,0.8122605363984674,0.3645743766122098
0.5058057904243469,0.23490304709141274,0.8122605363984674,0.3644177051998281
0.5057654976844788,0.23477297895902546,0.8122605363984674,0.36426116838487976
0.5057440400123596,0.23464305478693967,0.8122605363984674,0.36410476599398883
0.5057387351989746,0.2345132743362832,0.8122605363984674,0.36394849785407724
0.5056769251823425,0.23438363736871198,0.8122605363984674,0.3637923637923638
0.5056638717651367,0.23425414364640884,0.8122605363984674,0.3636363636363637
0.5056342482566833,0.23412479293208172,0.8122605363984674,0.3634804972138877
0.5055333971977234,0.23399558498896247,0.8122605363984674,0.36332476435304195
0.5054764747619629,0.2338665195808053,0.8122605363984674,0.363169164882227
0.5054396986961365,0.23373759647188533,0.8122605363984674,0.363013698630137
0.5054075121879578,0.23360881542699724,0.8122605363984674,0.3628583654257595
0.505397379398346,0.23348017621145375,0.8122605363984674,0.36270316509837464
0.5053779482841492,0.23335167859108422,0.8122605363984674,0.36254809747755445
0.5053355693817139,0.23322332233223322,0.8122605363984674,0.3623931623931624
0.5052187442779541,0.23309510720175922,0.8122605363984674,0.3622383596753524
0.5052080750465393,0.23296703296703297,0.8122605363984674,0.36208368915456873
0.5051565766334534,0.2328390993959363,0.8122605363984674,0.36192915066154496
0.505142092704773,0.2327113062568606,0.8122605363984674,0.36177474402730375
0.5051293969154358,0.23258365331870542,0.8122605363984674,0.36162046908315565
0.5049764513969421,0.2324561403508772,0.8122605363984674,0.36146632566069903
0.5049419403076172,0.23232876712328768,0.8122605363984674,0.36131231359181937
0.504935085773468,0.2322015334063527,0.8122605363984674,0.3611584327086882
0.504928708076477,0.2320744389709907,0.8122605363984674,0.3610046828437633
0.5049074292182922,0.23194748358862144,0.8122605363984674,0.3608510638297872
0.5048907399177551,0.23182066703116458,0.8122605363984674,0.3606975754997873
0.5048068761825562,0.23169398907103825,0.8122605363984674,0.3605442176870748
0.5047823190689087,0.23156744948115784,0.8122605363984674,0.36039099022524435
0.5047394037246704,0.2314410480349345,0.8122605363984674,0.3602378929481734
0.5047251582145691,0.23131478450627388,0.8122605363984674,0.3600849256900212
0.5047171115875244,0.2311886586695747,0.8122605363984674,0.3599320882852292
0.5046360492706299,0.23106267029972752,0.8122605363984674,0.35977938056851927
0.5045720934867859,0.23093681917211328,0.8122605363984674,0.359626802374894
0.5045596361160278,0.23081110506260208,0.8122605363984674,0.35947435353963547
0.5045034885406494,0.2312295973884657,0.814176245210728,0.3601694915254237
0.504450261592865,0.23164763458401305,0.8160919540229885,0.36086404066073696
0.504304826259613,0.23152173913043478,0.8160919540229885,0.3607112616426757
0.5042906403541565,0.2313959804454101,0.8160919540229885,0.36055861193398225
0.5042763948440552,0.23127035830618892,0.8160919540229885,0.3604060913705584
0.5042744278907776,0.2311448724905046,0.8160919540229885,0.36025369978858357
0.5042339563369751,0.23101952277657267,0.8160919540229885,0.3601014370245139
0.5042154788970947,0.23089430894308943,0.8160919540229885,0.35994930291508237
0.5041509866714478,0.23076923076923078,0.8160919540229885,0.3597972972972973
0.5041401386260986,0.23064428803465079,0.8160919540229885,0.35964542000844235
0.5041055679321289,0.2305194805194805,0.8160919540229885,0.3594936708860759
0.5040765404701233,0.23039480800432666,0.8160919540229885,0.3593420497680303
0.5040698051452637,0.23027027027027028,0.8160919540229885,0.35919055649241144
0.5039677023887634,0.23014586709886548,0.8160919540229885,0.359039190897598
0.5039401650428772,0.23002159827213822,0.8160919540229885,0.3588879528222409
0.503933310508728,0.229897463572585,0.8160919540229885,0.3587368421052632
0.503818929195404,0.2297734627831715,0.8160919540229885,0.35858585858585856
0.5038098096847534,0.23018867924528302,0.8180076628352491,0.35927639882204465
0.5037818551063538,0.23006465517241378,0.8180076628352491,0.359125315391085
0.503750741481781,0.2299407646742057,0.8180076628352491,0.3589743589743589
0.503740131855011,0.22981700753498385,0.8180076628352491,0.3588235294117647
0.5036846399307251,0.2296933835395374,0.8180076628352491,0.35867282654346916
0.5036835670471191,0.2295698924731183,0.8180076628352491,0.3585222502099077
0.5036616325378418,0.2294465341214401,0.8180076628352491,0.3583718002517835
0.5036363005638123,0.22932330827067668,0.8180076628352491,0.3582214765100671
0.503623902797699,0.22973698336017176,0.8199233716475096,0.3589098532494759
0.5035921931266785,0.2296137339055794,0.8199233716475096,0.3587594300083822
0.5034098029136658,0.22949061662198392,0.8199233716475096,0.3586091328026812
0.5033917427062988,0.22936763129689175,0.8199233716475096,0.35845896147403683
0.5033634901046753,0.2292447777182646,0.8199233716475096,0.35830891586437835
0.5033597946166992,0.2291220556745182,0.8199233716475096,0.3581589958158996
0.5033445954322815,0.22899946495452114,0.8199233716475096,0.35800920117105817
0.5032817721366882,0.2288770053475936,0.8199233716475096,0.3578595317725753
0.5032314658164978,0.22875467664350616,0.8199233716475096,0.357709987463435
0.5032183527946472,0.22863247863247863,0.8199233716475096,0.35756056808688386
0.5031889081001282,0.22851041110517886,0.8199233716475096,0.3574112734864301
0.5031856298446655,0.22838847385272146,0.8199233716475096,0.35726210350584303
0.5031086802482605,0.22826666666666667,0.8199233716475096,0.3571130579891531
0.5030272006988525,0.2281449893390192,0.8199233716475096,0.35696413678065053
0.5030012726783752,0.22802344166222696,0.8199233716475096,0.35681533972488544
0.5029725432395935,0.22790202342917998,0.8199233716475096,0.35666666666666663
0.5029685497283936,0.22778073443320915,0.8199233716475096,0.35651811745106204
0.5029420852661133,0.2276595744680851,0.8199233716475096,0.3563696919233971
0.5028889775276184,0.227538543328017,0.8199233716475096,0.3562213899292551
0.502863347530365,0.22794899043570668,0.8218390804597702,0.35690515806988354
0.5028560757637024,0.22782793414763675,0.8218390804597702,0.3567567567567567
0.5026994347572327,0.22770700636942676,0.8218390804597702,0.3566084788029925
0.502685546875,0.22758620689655173,0.8218390804597702,0.35646032405484007
0.5026752948760986,0.22746553552492046,0.8218390804597702,0.35631229235880396
0.5026567578315735,0.2273449920508744,0.8218390804597702,0.3561643835616439
0.502627432346344,0.22722457627118645,0.8218390804597702,0.35601659751037346
0.5025844573974609,0.22710428798305982,0.8218390804597702,0.3558689340522605
0.502577543258667,0.22698412698412698,0.8218390804597702,0.35572139303482586
0.5025011301040649,0.22686409307244845,0.8218390804597702,0.3555739743058434
0.5024943351745605,0.22727272727272727,0.8237547892720306,0.3562551781275891
0.5024139881134033,0.2271526677231907,0.8237547892720306,0.3561076604554866
0.5023553371429443,0.22703273495248152,0.8237547892720306,0.35596026490066224
0.5023234486579895,0.22691292875989447,0.8237547892720306,0.35581299131154326
0.5023090839385986,0.22732067510548523,0.8256704980842912,0.35649296939619524
0.5022454857826233,0.2272008434370058,0.8256704980842912,0.3563455973542787
0.5021563172340393,0.22708113804004215,0.8256704980842912,0.356198347107438
0.5021539330482483,0.22696155871511323,0.8256704980842912,0.35605121850475013
0.5021143555641174,0.2268421052631579,0.8256704980842912,0.3559042113955409
0.5020260810852051,0.22672277748553393,0.8256704980842912,0.35575732562938506
0.5020108222961426,0.22660357518401683,0.8256704980842912,0.3556105610561056
0.5019292235374451,0.22648449816079874,0.8256704980842912,0.3554639175257732
0.5017367601394653,0.2263655462184874,0.8256704980842912,0.3553173948887057
0.5017178654670715,0.226246719160105,0.8256704980842912,0.35517099299546767
0.5016964077949524,0.2261280167890871,0.8256704980842912,0.3550247116968699
0.5016604661941528,0.2260094389092816,0.8256704980842912,0.3548785508439687
0.5016080737113953,0.22589098532494759,0.8256704980842912,0.3547325102880658
0.5016032457351685,0.22577265584075432,0.8256704980842912,0.35458658988070746
0.5015759468078613,0.2256544502617801,0.8256704980842912,0.35444078947368424
0.5015453696250916,0.22553636839351124,0.8256704980842912,0.35429510891903
0.5015341639518738,0.22541841004184102,0.8256704980842912,0.3541495480690222
0.5013444423675537,0.22530057501306847,0.8256704980842912,0.3540041067761807
0.5013116598129272,0.2251828631138976,0.8256704980842912,0.35385878489326766
0.5013067126274109,0.22506527415143604,0.8256704980842912,0.35371358227328686
0.5012945532798767,0.22494780793319416,0.8256704980842912,0.35356849876948315
0.5012624263763428,0.22483046426708397,0.8256704980842912,0.3534235342353424
0.5012050867080688,0.22471324296141815,0.8256704980842912,0.35327868852459016
0.5011874437332153,0.2245961438249088,0.8256704980842912,0.35313396149119214
0.5011682510375977,0.22447916666666667,0.8256704980842912,0.35298935298935297
0.5011548399925232,0.2243623112961999,0.8256704980842912,0.3528448628735162
0.5011218786239624,0.22424557752341312,0.8256704980842912,0.35270049099836337
0.5010970830917358,0.22412896515860634,0.8256704980842912,0.3525562372188139
0.5009872913360596,0.224012474012474,0.8256704980842912,0.35241210139002455
0.5009599924087524,0.2238961038961039,0.8256704980842912,0.35226808336738863
0.500881016254425,0.2237798546209761,0.8256704980842912,0.352124183006536
0.5008223652839661,0.22366372599896212,0.8256704980842912,0.351980400163332
0.5007969737052917,0.22354771784232366,0.8256704980842912,0.35183673469387755
0.5007898211479187,0.22343182996371178,0.8256704980842912,0.35169318645450837
0.5006846189498901,0.2233160621761658,0.8256704980842912,0.35154975530179444
0.5006257891654968,0.22320041429311238,0.8256704980842912,0.35140644109253977
0.5005415678024292,0.22308488612836438,0.8256704980842912,0.35126324368378153
0.5004748106002808,0.22296947749612003,0.8256704980842912,0.35112016293279025
0.5003674626350403,0.22285418821096173,0.8256704980842912,0.3509771986970684
0.500359296798706,0.2227390180878553,0.8256704980842912,0.35083435083435077
0.5003111958503723,0.22262396694214875,0.8256704980842912,0.3506916192026038
0.5002798438072205,0.2225090345895715,0.8256704980842912,0.35054900366002445
0.5002747178077698,0.22239422084623323,0.8256704980842912,0.35040650406504065
0.5001704692840576,0.222279525528623,0.8256704980842912,0.3502641202763105
0.5001192092895508,0.22216494845360824,0.8256704980842912,0.35012185215272135
0.5000903010368347,0.2220504894384338,0.8256704980842912,0.3499796995533902
0.5000848174095154,0.22193614830072092,0.8256704980842912,0.3498376623376624
0.5000714063644409,0.2218219248584663,0.8256704980842912,0.3496957403651116
0.49999117851257324,0.22170781893004116,0.8256704980842912,0.34955393349553937
0.49997150897979736,0.22159383033419022,0.8256704980842912,0.34941224158897444
0.49997127056121826,0.22147995889003083,0.8256704980842912,0.3492706645056726
0.4999249577522278,0.22136620441705188,0.8256704980842912,0.34912920210611587
0.499868780374527,0.22125256673511293,0.8256704980842912,0.3489878542510121
0.49986526370048523,0.2211390456644433,0.8256704980842912,0.34884662080129497
0.4998156428337097,0.221025641025641,0.8256704980842912,0.34870550161812297
0.49981141090393066,0.22091235263967196,0.8256704980842912,0.3485644965628791
0.4997827708721161,0.22079918032786885,0.8256704980842912,0.34842360549717055
0.4997769892215729,0.22068612391193038,0.8256704980842912,0.34828282828282836
0.4997633099555969,0.22057318321392017,0.8256704980842912,0.34814216478190635
0.49971288442611694,0.220460358056266,0.8256704980842912,0.3480016148566815
0.49970972537994385,0.22034764826175868,0.8256704980842912,0.3478611783696529
0.49968692660331726,0.22023505365355137,0.8256704980842912,0.34772085518354173
0.4996473789215088,0.22063329928498468,0.8275862068965517,0.3483870967741935
0.4996335804462433,0.22052067381316998,0.8275862068965517,0.34824667472793225
0.4996223449707031,0.22040816326530613,0.8275862068965517,0.34810636583400484
0.49960559606552124,0.22080571137174912,0.8295019157088123,0.3487716472009666
0.49958282709121704,0.22069317023445464,0.8295019157088123,0.34863123993558776
0.49956098198890686,0.2205807437595517,0.8295019157088123,0.34849094567404426
0.49939775466918945,0.2204684317718941,0.8295019157088123,0.34835076427996786
0.4993226230144501,0.2203562340966921,0.8295019157088123,0.3482106956172095
0.499314546585083,0.2202441505595117,0.8295019157088123,0.3480707395498392
0.4992494583129883,0.22013218098627352,0.8295019157088123,0.34793089594214544
0.4991738200187683,0.22002032520325204,0.8295019157088123,0.3477911646586345
0.4991684556007385,0.21990858303707467,0.8295019157088123,0.3476515455640305
0.49916765093803406,0.21979695431472082,0.8295019157088123,0.3475120385232745
0.49914875626564026,0.21968543886352104,0.8295019157088123,0.34737264340152424
0.49913471937179565,0.21957403651115617,0.8295019157088123,0.34723336006415395
0.49910682439804077,0.21946274708565636,0.8295019157088123,0.3470941883767535
0.4990570545196533,0.2193515704154002,0.8295019157088123,0.34695512820512825
0.49904048442840576,0.21924050632911393,0.8295019157088123,0.34681617941529835
0.4990287721157074,0.21912955465587045,0.8295019157088123,0.3466773418734988
0.4990276098251343,0.2190187152250885,0.8295019157088123,0.3465386154461784
0.4990136921405792,0.21890798786653184,0.8295019157088123,0.3464
0.49896490573883057,0.21930267812026275,0.8314176245210728,0.34706117552978805
0.4988586902618408,0.2191919191919192,0.8314176245210728,0.34692246203037563
0.49885091185569763,0.21908127208480566,0.8314176245210728,0.34678385936875744
0.49884629249572754,0.218970736629667,0.8314176245210728,0.3466453674121406
0.4988042712211609,0.2188603126575895,0.8314176245210728,0.3465069860279441
0.49878785014152527,0.21925403225806453,0.8333333333333334,0.3471667996807662
0.49878084659576416,0.21914357682619648,0.8333333333333334,0.34702832070203427
0.4987471103668213,0.2190332326283988,0.8333333333333334,0.34688995215311
0.498732328414917,0.21892299949672875,0.8333333333333334,0.34675169390195304
0.4987063705921173,0.21881287726358148,0.8333333333333334,0.34661354581673304
0.49870505928993225,0.2187028657616893,0.8333333333333334,0.34647550776583036
0.4986407160758972,0.2185929648241206,0.8333333333333334,0.3463375796178344
0.4986034333705902,0.21848317428427927,0.8333333333333334,0.34619976124154395
0.49854499101638794,0.2183734939759036,0.8333333333333334,0.3460620525059666
0.49847474694252014,0.21826392373306572,0.8333333333333334,0.34592445328031807
0.4984280467033386,0.2181544633901705,0.8333333333333334,0.34578696343402227
0.49842455983161926,0.21804511278195488,0.8333333333333334,0.3456495828367104
0.4984244406223297,0.21793587174348697,0.8333333333333334,0.34551231135822075
0.4983453154563904,0.21782674011016526,0.8333333333333334,0.3453751488685986
0.49831175804138184,0.21771771771771772,0.8333333333333334,0.34523809523809523
0.4982764720916748,0.2176088044022011,0.8333333333333334,0.34510115033716776
0.4981757402420044,0.2175,0.8333333333333334,0.344964314036479
0.4981461465358734,0.21739130434782608,0.8333333333333334,0.3448275862068966
0.4980945885181427,0.21728271728271728,0.8333333333333334,0.34469096671949284
0.49801626801490784,0.21717423864203694,0.8333333333333334,0.3445544554455446
0.4980110228061676,0.21706586826347304,0.8333333333333334,0.34441805225653205
0.4979815185070038,0.2169576059850374,0.8333333333333334,0.34428175702413927
0.4979754686355591,0.2168494516450648,0.8333333333333334,0.3441455696202531
0.49790820479393005,0.21674140508221226,0.8333333333333334,0.34400948991696323
0.4978944957256317,0.21713147410358566,0.8352490421455939,0.34466403162055337
0.4978845715522766,0.21702339472374316,0.8352490421455939,0.34452785460292373
0.497869610786438,0.21691542288557214,0.8352490421455939,0.344391785150079
0.4978168308734894,0.21680755842864247,0.8352490421455939,0.34425582313462294
0.49777892231941223,0.21669980119284293,0.8352490421455939,0.3441199684293607
0.49767377972602844,0.21659215101838053,0.8352490421455939,0.34398422090729786
0.49763375520706177,0.21648460774577954,0.8352490421455939,0.3438485804416404
0.4975825548171997,0.2163771712158809,0.8352490421455939,0.34371304690579424
0.4975634813308716,0.21626984126984128,0.8352490421455939,0.34357762017336485
0.49741727113723755,0.21616261774913237,0.8352490421455939,0.34344230011815674
0.4974169135093689,0.21655104063429137,0.8371647509578544,0.34409448818897637
0.49737173318862915,0.21644378405151066,0.8371647509578544,0.34395907123179853
0.497300386428833,0.21633663366336633,0.8371647509578544,0.34382376081825333
0.49726352095603943,0.21622958931222167,0.8371647509578544,0.34368855682265037
0.4972148835659027,0.21612265084075172,0.8371647509578544,0.34355345911949686
0.49709904193878174,0.21601581809194265,0.8371647509578544,0.34341846758349703
0.49703219532966614,0.2159090909090909,0.8371647509578544,0.3432835820895523
0.49697110056877136,0.21580246913580248,0.8371647509578544,0.3431488025127601
0.4969199597835541,0.21569595261599211,0.8371647509578544,0.34301412872841447
0.4968634843826294,0.21558954119388257,0.8371647509578544,0.34287956061200464
0.4967861771583557,0.21548323471400394,0.8371647509578544,0.3427450980392157
0.4966929852962494,0.2153770330211927,0.8371647509578544,0.342610740885927
0.4966632127761841,0.21527093596059113,0.8371647509578544,0.34247648902821315
0.49660947918891907,0.21516494337764647,0.8371647509578544,0.3423423423423423
0.496586412191391,0.21505905511811024,0.8371647509578544,0.3422083007047768
0.4965435564517975,0.21495327102803738,0.8371647509578544,0.3420743639921723
0.4965418577194214,0.21484759095378564,0.8371647509578544,0.34194053208137715
0.4965090751647949,0.21474201474201474,0.8371647509578544,0.34180680484943293
0.49631330370903015,0.21463654223968565,0.8371647509578544,0.34167318217357306
0.4962151348590851,0.21453117329405988,0.8371647509578544,0.34153966393122315
0.496182382106781,0.21442590775269874,0.8371647509578544,0.34140625
0.49610602855682373,0.21432074546346247,0.8371647509578544,0.34127294025771177
0.4960901737213135,0.2142156862745098,0.8371647509578544,0.3411397345823575
0.49607425928115845,0.21411073003429693,0.8371647509578544,0.34100663285212635
0.49597495794296265,0.21400587659157688,0.8371647509578544,0.3408736349453978
0.49597489833831787,0.2139011257953989,0.8371647509578544,0.34074074074074073
0.49591976404190063,0.21428571428571427,0.8390804597701149,0.34138737334372565
0.4959171414375305,0.21418092909535452,0.8390804597701149,0.3412543825477211
0.495913028717041,0.21407624633431085,0.8390804597701149,0.3411214953271028
0.4959098696708679,0.21397166585246702,0.8390804597701149,0.34098871156091864
0.49588543176651,0.2138671875,0.8390804597701149,0.3408560311284047
0.4958820044994354,0.21376281112737922,0.8390804597701149,0.34072345390898484
0.49588167667388916,0.21414634146341463,0.8409961685823755,0.34136858475894244
0.495876669883728,0.21404193076548025,0.8409961685823755,0.34123591138748544
0.49580252170562744,0.21393762183235868,0.8409961685823755,0.34110334110334106
0.4957934021949768,0.2138334145153434,0.8409961685823755,0.34097087378640784
0.4957578182220459,0.21372930866601753,0.8409961685823755,0.3408385093167702
0.49573156237602234,0.21362530413625305,0.8409961685823755,0.3407062475746993
0.4957047998905182,0.2135214007782101,0.8409961685823755,0.3405740884406517
0.4955916404724121,0.21341759844433641,0.8409961685823755,0.3404420317952695
0.49555498361587524,0.21331389698736639,0.8409961685823755,0.3403100775193798
0.49552610516548157,0.21321029626032054,0.8409961685823755,0.34017822549399457
0.4954169690608978,0.21310679611650485,0.8409961685823755,0.34004647560030987
0.4954026937484741,0.21300339640950994,0.8409961685823755,0.3399148277197057
0.49536243081092834,0.21290009699321047,0.8409961685823755,0.3397832817337461
0.49535927176475525,0.2127968977217644,0.8409961685823755,0.33965183752417794
0.495227187871933,0.2126937984496124,0.8409961685823755,0.33952049497293113
0.49520954489707947,0.21259079903147698,0.8409961685823755,0.3393892539621182
0.4951797127723694,0.21248789932236206,0.8409961685823755,0.339258114374034
0.4950810670852661,0.212385099177552,0.8409961685823755,0.3391270760911549
0.49502357840538025,0.2122823984526112,0.8409961685823755,0.33899613899613895
0.4949994385242462,0.21217979700338327,0.8409961685823755,0.33886530297182554
0.49499937891960144,0.21197489135683245,0.8409961685823755,0.3386039336675665
0.4949747323989868,0.21187258687258687,0.8409961685823755,0.33847340015420196
0.4948936700820923,0.21177038109020743,0.8409961685823755,0.33834296724470136
0.49478769302368164,0.21166827386692383,0.8409961685823755,0.33821263482280434
0.4947856664657593,0.21156626506024095,0.8409961685823755,0.33808240277242974
0.49477994441986084,0.21146435452793835,0.8409961685823755,0.33795227097767516
0.49471884965896606,0.21136254212806932,0.8409961685823755,0.33782223932281646
0.4946442246437073,0.21126082771896054,0.8409961685823755,0.33769230769230774
0.4946359395980835,0.21115921115921116,0.8409961685823755,0.3375624759707805
0.4946065843105316,0.2110576923076923,0.8409961685823755,0.3374327440430438
0.4945749342441559,0.21095627102354636,0.8409961685823755,0.33730311179408373
0.49453142285346985,0.21133525456292027,0.842911877394636,0.33794162826420887
0.4945097863674164,0.21123379740758522,0.842911877394636,0.3378119001919385
0.4944142997264862,0.21113243761996162,0.842911877394636,0.3376822716807367
0.4943344295024872,0.21103117505995203,0.842911877394636,0.33755274261603374
0.4941186010837555,0.2109300095877277,0.842911877394636,0.3374233128834355
0.49406448006629944,0.21082894106372785,0.842911877394636,0.33729398236872365
0.4939711391925812,0.210727969348659,0.842911877394636,0.3371647509578544
0.49394065141677856,0.2106270943034945,0.842911877394636,0.337035618536959
0.49390679597854614,0.21052631578947367,0.842911877394636,0.336906584992343
0.4938957691192627,0.21042563366810138,0.842911877394636,0.336777650210486
0.4938907027244568,0.21032504780114722,0.842911877394636,0.3366488140780413
0.4938622713088989,0.210224558050645,0.842911877394636,0.3365200764818355
0.49381375312805176,0.21012416427889208,0.842911877394636,0.33639143730886856
0.49376770853996277,0.2100238663484487,0.842911877394636,0.3362628964463126
0.49364790320396423,0.2099236641221374,0.842911877394636,0.3361344537815126
0.49363070726394653,0.20982355746304243,0.842911877394636,0.3360061092019855
0.4935937523841858,0.20972354623450906,0.842911877394636,0.33587786259541985
0.49347424507141113,0.20962363030014292,0.842911877394636,0.3357497138496757
0.49340933561325073,0.20952380952380953,0.842911877394636,0.33562166285278416
0.4933992326259613,0.2094240837696335,0.842911877394636,0.335493709492947
0.4933744966983795,0.2093244529019981,0.842911877394636,0.33536585365853655
0.4933586120605469,0.20922491678554447,0.842911877394636,0.3352380952380952
0.4932725131511688,0.20912547528517111,0.842911877394636,0.33511043412033514
0.49324560165405273,0.20902612826603326,0.842911877394636,0.3349828701941378
0.4931807518005371,0.20892687559354226,0.842911877394636,0.334855403348554
0.49317461252212524,0.20882771713336498,0.842911877394636,0.33472803347280333
0.49309808015823364,0.20920303605313093,0.8448275862068966,0.335361216730038
0.49307915568351746,0.20910384068278806,0.8448275862068966,0.3352337514253136
0.49307170510292053,0.20900473933649288,0.8448275862068966,0.3351063829787234
0.4930444657802582,0.2089057318806253,0.8448275862068966,0.3349791112799088
0.4930439889431,0.20880681818181818,0.8448275862068966,0.3348519362186788
0.49291980266571045,0.20870799810695692,0.8448275862068966,0.3347248576850095
0.492878794670105,0.20860927152317882,0.8448275862068966,0.334597875569044
0.4928203225135803,0.20851063829787234,0.8448275862068966,0.3344709897610922
0.4927257299423218,0.20841209829867674,0.8448275862068966,0.33434420015163
0.4927007257938385,0.20831365139348135,0.8448275862068966,0.33421750663129973
0.4926736354827881,0.20821529745042494,0.8448275862068966,0.3340909090909091
0.4925863742828369,0.20811703633789524,0.8448275862068966,0.3339644074214313
0.4925767779350281,0.2080188679245283,0.8448275862068966,0.33383800151400456
0.4925523102283478,0.2079207920792079,0.8448275862068966,0.33371169125993194
0.49249279499053955,0.20782280867106503,0.8448275862068966,0.3335854765506808
0.492483526468277,0.20772491756947717,0.8448275862068966,0.33345935727788284
0.492323637008667,0.2076271186440678,0.8448275862068966,0.33333333333333337
0.4922833740711212,0.20752941176470588,0.8448275862068966,0.33320740460899123
0.4922817349433899,0.20743179680150517,0.8448275862068966,0.3330815709969788
0.49219781160354614,0.2073342736248237,0.8448275862068966,0.332955832389581
0.49217748641967773,0.20723684210526316,0.8448275862068966,0.3328301886792453
0.4921643137931824,0.20713950211366838,0.8448275862068966,0.33270463975858167
0.4921521842479706,0.20704225352112676,0.8448275862068966,0.33257918552036203
0.4920940399169922,0.20694509619896762,0.8448275862068966,0.33245382585751976
0.49208971858024597,0.20684803001876173,0.8448275862068966,0.3323285606631499
0.4920501708984375,0.20675105485232068,0.8448275862068966,0.3322033898305085
0.49192014336586,0.20665417057169636,0.8448275862068966,0.332078313253012
0.49191713333129883,0.20655737704918034,0.8448275862068966,0.3319533308242379
0.4918806850910187,0.20646067415730338,0.8448275862068966,0.33182844243792325
0.4918322265148163,0.20636406176883482,0.8448275862068966,0.33170364798796537
0.4917670786380768,0.20626753975678203,0.8448275862068966,0.33157894736842103
0.4917653501033783,0.2061711079943899,0.8448275862068966,0.3314543404735062
0.49175405502319336,0.2060747663551402,0.8448275862068966,0.33132982719759585
0.4917004406452179,0.20597851471275105,0.8448275862068966,0.3312054074352234
0.4916731119155884,0.20588235294117646,0.8448275862068966,0.3310810810810811
0.4916217625141144,0.20578628091460568,0.8448275862068966,0.33095684803001874
0.4915919601917267,0.20569029850746268,0.8448275862068966,0.33083270817704424
0.49158430099487305,0.2055944055944056,0.8448275862068966,0.3307086614173228
0.49147289991378784,0.2054986020503262,0.8448275862068966,0.33058470764617687
0.4914591312408447,0.20540288775034932,0.8448275862068966,0.3304608467590858
0.4914373755455017,0.2053072625698324,0.8448275862068966,0.3303370786516854
0.49143287539482117,0.20521172638436483,0.8448275862068966,0.3302134032197679
0.4914267957210541,0.20511627906976745,0.8448275862068966,0.33008982035928147
0.491414338350296,0.20502092050209206,0.8448275862068966,0.32996632996632996
0.49132096767425537,0.20492565055762083,0.8448275862068966,0.3298429319371728
0.4912124574184418,0.20483046911286576,0.8448275862068966,0.3297196261682243
0.49118852615356445,0.20473537604456823,0.8448275862068966,0.3295964125560538
0.49099647998809814,0.2046403712296984,0.8448275862068966,0.32947329099738515
0.4909782111644745,0.20454545454545456,0.8448275862068966,0.3293502613890964
0.49091199040412903,0.20445062586926285,0.8448275862068966,0.32922732362821944
0.49089211225509644,0.20435588507877664,0.8448275862068966,0.32910447761194034
0.4908647835254669,0.20426123205187588,0.8448275862068966,0.3289817232375979
0.49086201190948486,0.20416666666666666,0.8448275862068966,0.3288590604026846
0.4908423125743866,0.20407218880148079,0.8448275862068966,0.3287364890048453
0.49078667163848877,0.20397779833487512,0.8448275862068966,0.32861400894187776
0.49067893624305725,0.20388349514563106,0.8448275862068966,0.3284916201117319
0.49063050746917725,0.20378927911275416,0.8448275862068966,0.32836932241250927
0.4906292259693146,0.20369515011547343,0.8448275862068966,0.32824711574246374
0.4904058575630188,0.203601108033241,0.8448275862068966,0.328125
0.49038177728652954,0.20350715274573142,0.8448275862068966,0.32800297508367415
0.490337073802948,0.20341328413284132,0.8448275862068966,0.32788104089219333
0.4903300702571869,0.2033195020746888,0.8448275862068966,0.3277591973244147
0.4902869760990143,0.2032258064516129,0.8448275862068966,0.3276374442793462
0.4902499318122864,0.2031321971441732,0.8448275862068966,0.32751578165614553
0.4902409017086029,0.20303867403314918,0.8448275862068966,0.3273942093541203
0.4901968836784363,0.2029452369995398,0.8448275862068966,0.3272727272727272
0.4901856482028961,0.20285188592456302,0.8448275862068966,0.32715133531157276
0.4901795983314514,0.20275862068965517,0.8448275862068966,0.32703003337041153
0.49011772871017456,0.2026654411764706,0.8448275862068966,0.32690882134914756
0.49005553126335144,0.20257234726688103,0.8448275862068966,0.32678769914783257
0.49003928899765015,0.2024793388429752,0.8448275862068966,0.3266666666666667
0.48990654945373535,0.2023864157870583,0.8448275862068966,0.32654572380599783
0.4898993968963623,0.20229357798165137,0.8448275862068966,0.3264248704663213
0.48988795280456543,0.20220082530949107,0.8448275862068966,0.3263041065482797
0.4898291230201721,0.20210815765352888,0.8448275862068966,0.32618343195266275
0.4898139238357544,0.20201557489693084,0.8448275862068966,0.3260628465804067
0.48979640007019043,0.20192307692307693,0.8448275862068966,0.3259423503325943
0.48977741599082947,0.20183066361556065,0.8448275862068966,0.32582194311045437
0.48971670866012573,0.20173833485818848,0.8448275862068966,0.3257016248153619
0.4896373450756073,0.20164609053497942,0.8448275862068966,0.3255813953488372
0.48962706327438354,0.20155393053016454,0.8448275862068966,0.3254612546125461
0.4896250069141388,0.2014618547281864,0.8448275862068966,0.32534120250829957
0.48958852887153625,0.20136986301369864,0.8448275862068966,0.3252212389380531
0.48943015933036804,0.2012779552715655,0.8448275862068966,0.3251013638039071
0.4893587827682495,0.2011861313868613,0.8448275862068966,0.32498157700810615
0.4892997741699219,0.20109439124487005,0.8448275862068966,0.3248618784530387
0.4892878830432892,0.20100273473108476,0.8448275862068966,0.32474226804123707
0.4892585575580597,0.2009111617312073,0.8448275862068966,0.32462274567537724
0.4892093539237976,0.20081967213114754,0.8448275862068966,0.3245033112582782
0.4891367256641388,0.20072826581702322,0.8448275862068966,0.32438396469290176
0.4891357719898224,0.20063694267515925,0.8448275862068966,0.3242647058823529
0.48912104964256287,0.20054570259208732,0.8448275862068966,0.3241455347298787
0.4891098737716675,0.20045454545454544,0.8448275862068966,0.32402645113886847
0.48905181884765625,0.2003634711494775,0.8448275862068966,0.3239074550128535
0.48902103304862976,0.20027247956403268,0.8448275862068966,0.32378854625550657
0.48898249864578247,0.20018157058556513,0.8448275862068966,0.3236697247706422
0.4889099895954132,0.20009074410163338,0.8448275862068966,0.3235509904622157
0.4888733923435211,0.2,0.8448275862068966,0.32343234323432346
0.48882415890693665,0.19990933816863102,0.8448275862068966,0.3233137829912024
0.4887412488460541,0.19981875849569553,0.8448275862068966,0.3231953096372298
0.48864251375198364,0.19972826086956522,0.8448275862068966,0.3230769230769231
0.48863446712493896,0.19963784517881394,0.8448275862068966,0.3229586232149396
0.4885447919368744,0.1995475113122172,0.8448275862068966,0.32284040995607616
0.48850131034851074,0.1994572591587517,0.8448275862068966,0.3227222832052689
0.48845893144607544,0.19936708860759494,0.8448275862068966,0.3226042428675933
0.4884113669395447,0.19927699954812472,0.8448275862068966,0.32248628884826325
0.48830801248550415,0.1991869918699187,0.8448275862068966,0.3223684210526316
0.48829638957977295,0.19909706546275396,0.8448275862068966,0.3222506393861893
0.4882778823375702,0.1990072202166065,0.8448275862068966,0.3221329437545654
0.48822546005249023,0.19891745602165087,0.8448275862068966,0.32201533406352684
0.4882073998451233,0.1988277727682597,0.8448275862068966,0.32189781021897806
0.4881005883216858,0.19873817034700317,0.8448275862068966,0.3217803721269609
0.488066166639328,0.19864864864864865,0.8448275862068966,0.32166301969365424
0.4879990518093109,0.1990094552003602,0.8467432950191571,0.3222748815165877
0.4879981279373169,0.19891989198919893,0.8467432950191571,0.32215743440233235
0.4879532754421234,0.19883040935672514,0.8467432950191571,0.322040072859745
0.48794806003570557,0.19874100719424462,0.8467432950191571,0.3219227967953387
0.4879189431667328,0.19865168539325842,0.8467432950191571,0.3218056061157626
0.4878987967967987,0.1985624438454627,0.8467432950191571,0.321688500727802
0.4878458082675934,0.1984732824427481,0.8467432950191571,0.3215714805383776
0.4878334403038025,0.19838420107719928,0.8467432950191571,0.3214545454545455
0.48777925968170166,0.19829519964109465,0.8467432950191571,0.32133769538349694
0.48777148127555847,0.19820627802690582,0.8467432950191571,0.32122093023255816
0.48776257038116455,0.19811743612729718,0.8467432950191571,0.32110424990918995
0.4877486824989319,0.19802867383512546,0.8467432950191571,0.3209876543209877
0.4877014756202698,0.19838781907747424,0.8486590038314177,0.32159709618874777
0.48769280314445496,0.19829901521933752,0.8486590038314177,0.32148040638606673
0.48765692114830017,0.1982102908277405,0.8486590038314177,0.32136380123322456
0.4876382052898407,0.1981216457960644,0.8486590038314177,0.3212472806381436
0.4875795841217041,0.19803308001788109,0.8486590038314177,0.32113084450888
0.4875584542751312,0.19794459338695264,0.8486590038314177,0.3210144927536232
0.48755398392677307,0.1978561857972309,0.8486590038314177,0.3208982252806954
0.48752620816230774,0.19776785714285713,0.8486590038314177,0.32078204199855176
0.48746421933174133,0.19767960731816153,0.8486590038314177,0.32066594281578
0.4874145984649658,0.1975914362176628,0.8486590038314177,0.3205499276410999
0.48740723729133606,0.19750334373606776,0.8486590038314177,0.32043399638336345
0.4873026907444,0.19741532976827095,0.8486590038314177,0.3203181489515546
0.48729172348976135,0.1977728285077951,0.8505747126436781,0.3209251897361764
0.4872449040412903,0.19768477292965272,0.8505747126436781,0.32080924855491333
0.48724281787872314,0.19759679572763686,0.8505747126436781,0.3206933911159263
0.48719412088394165,0.19750889679715303,0.8505747126436781,0.32057761732851986
0.48712825775146484,0.1974210760337928,0.8505747126436781,0.32046192710212923
0.4871145784854889,0.19733333333333333,0.8505747126436781,0.3203463203463204
0.48708832263946533,0.19768991559306975,0.8524904214559387,0.3209520375045078
0.48707136511802673,0.19760213143872113,0.8524904214559387,0.32083633741888967
0.4870470464229584,0.19751442521083,0.8524904214559387,0.3207207207207208
0.48704081773757935,0.1974267968056788,0.8524904214559387,0.32060518731988474
0.4870406985282898,0.19716437749224636,0.8524904214559387,0.320259086002159
0.48702651262283325,0.19698981850376274,0.8524904214559387,0.3200287666307084
0.4870188236236572,0.19690265486725664,0.8524904214559387,0.31991373112868443
0.4869997799396515,0.1968155683325962,0.8524904214559387,0.319798778296802
0.4869985282421112,0.19672855879752432,0.8524904214559387,0.319683908045977
0.4868874251842499,0.19664162615996464,0.8524904214559387,0.3195691202872531
0.4868795871734619,0.1965547703180212,0.8524904214559387,0.31945441493180193
0.48687800765037537,0.19646799116997793,0.8524904214559387,0.31933979189092215
0.4867635667324066,0.19638128861429832,0.8524904214559387,0.31922525107604016
0.48675498366355896,0.19629466254962505,0.8524904214559387,0.3191107923987092
0.48674577474594116,0.19620811287477954,0.8524904214559387,0.31899641577060933
0.4867115616798401,0.19612163948876157,0.8524904214559387,0.3188821211035471
0.48668110370635986,0.1960352422907489,0.8524904214559387,0.31876790830945556
0.4866729974746704,0.19594892118009688,0.8524904214559387,0.3186537773003938
0.4865921437740326,0.19586267605633803,0.8524904214559387,0.3185397279885469
0.48659151792526245,0.1957765068191817,0.8524904214559387,0.31842576028622543
0.4865341782569885,0.19569041336851364,0.8524904214559387,0.31831187410586553
0.48638612031936646,0.1956043956043956,0.8524904214559387,0.31819806936002853
0.4863833487033844,0.19551845342706503,0.8524904214559387,0.318084345961401
0.48630592226982117,0.19543258673693456,0.8524904214559387,0.31797070382279385
0.4863011837005615,0.19534679543459174,0.8524904214559387,0.31785714285714284
0.48621267080307007,0.1952610794207986,0.8524904214559387,0.317743662977508
0.4861919581890106,0.1956140350877193,0.8544061302681992,0.318344039971449
0.4861821234226227,0.19631901840490798,0.8582375478927203,0.3195435092724679
0.4859555661678314,0.1962330267192291,0.8582375478927203,0.3194295900178254
0.4858829081058502,0.19614711033274956,0.8582375478927203,0.3193157519600855
0.48573631048202515,0.19606126914660832,0.8582375478927203,0.3192019950124688
0.4857328236103058,0.19597550306211722,0.8582375478927203,0.3190883190883191
0.4857198894023895,0.19588981198076083,0.8582375478927203,0.31897472410110367
0.48570409417152405,0.1958041958041958,0.8582375478927203,0.3188612099644128
0.48565661907196045,0.19571865443425077,0.8582375478927203,0.3187477765919602
0.4855692982673645,0.19563318777292577,0.8582375478927203,0.3186344238975818
0.48553794622421265,0.19554779572239198,0.8582375478927203,0.31852115179523643
0.4854256808757782,0.19546247818499127,0.8582375478927203,0.31840796019900497
0.48539960384368896,0.19537723506323593,0.8582375478927203,0.3182948490230905
0.4853944480419159,0.1952920662598082,0.8582375478927203,0.3181818181818182
0.4853852093219757,0.1952069716775599,0.8582375478927203,0.3180688675896344
0.4853626489639282,0.1951219512195122,0.8582375478927203,0.3179559971611072
0.4853611886501312,0.19503700478885502,0.8582375478927203,0.31784320681092587
0.48534703254699707,0.19495213228894692,0.8582375478927203,0.3177304964539007
0.4853039085865021,0.1948673336233145,0.8582375478927203,0.3176178660049628
0.485218346118927,0.19478260869565217,0.8582375478927203,0.3175053153791637
0.4851847290992737,0.19469795740982182,0.8582375478927203,0.31739284449167554
0.4851033389568329,0.19461337966985232,0.8582375478927203,0.3172804532577904
0.4850894808769226,0.1945288753799392,0.8582375478927203,0.3171681415929204
0.4850883185863495,0.19444444444444445,0.8582375478927203,0.3170559094125973
0.48504433035850525,0.19436008676789587,0.8582375478927203,0.31694375663247254
0.4850369989871979,0.194275802254987,0.8582375478927203,0.31683168316831684
0.4850144386291504,0.19462505418292153,0.8601532567049809,0.3174266525273948
0.4848340153694153,0.19454072790294627,0.8601532567049809,0.31731448763250886
0.48479321599006653,0.19445647466435687,0.8601532567049809,0.3172024019780997
0.48477211594581604,0.19437229437229436,0.8601532567049809,0.317090395480226
0.4847416877746582,0.19428818693206404,0.8601532567049809,0.31697846805506535
0.48466190695762634,0.19420415224913495,0.8601532567049809,0.3168666196189132
0.4846150577068329,0.19412019022913965,0.8601532567049809,0.3167548500881834
0.4845670759677887,0.19403630077787382,0.8601532567049809,0.3166431593794076
0.4845370054244995,0.1939524838012959,0.8601532567049809,0.3165315474092351
0.4845035970211029,0.19386873920552677,0.8601532567049809,0.31642001409443266
0.48448020219802856,0.19378506689684938,0.8601532567049809,0.31630855935188446
0.4844481945037842,0.19370146678170838,0.8601532567049809,0.31619718309859157
0.4844464063644409,0.1936179387667098,0.8601532567049809,0.31608588525167197
0.4842509627342224,0.1935344827586207,0.8601532567049809,0.31597466572836036
0.48422107100486755,0.1934510986643688,0.8601532567049809,0.31586352444600774
0.4841984808444977,0.1933677863910422,0.8601532567049809,0.31575246132208157
0.4841671884059906,0.19328454584588894,0.8601532567049809,0.3156414762741652
0.484153151512146,0.1932013769363167,0.8601532567049809,0.3155305692199578
0.48414555191993713,0.19311827956989247,0.8601532567049809,0.31541974007727425
0.4840139150619507,0.1930352536543422,0.8601532567049809,0.31530898876404495
0.4839698076248169,0.1929522990975505,0.8601532567049809,0.31519831519831526
0.4839648902416229,0.19286941580756015,0.8601532567049809,0.3150877192982456
0.48393458127975464,0.19321597252039502,0.8620689655172413,0.3156787092248334
0.48392659425735474,0.19356223175965664,0.8639846743295019,0.31626928471248245
0.4839177131652832,0.19347919347919348,0.8639846743295019,0.3161584297230985
0.48390135169029236,0.19339622641509435,0.8639846743295019,0.3160476524176594
0.48387783765792847,0.19331333047578225,0.8639846743295019,0.3159369527145359
0.4838365912437439,0.1932305055698372,0.8639846743295019,0.31582633053221293
0.4838145077228546,0.1931477516059957,0.8639846743295019,0.31571578578928944
0.48379117250442505,0.1934931506849315,0.8659003831417624,0.31630510846745974
0.4837827980518341,0.19341035515618313,0.8659003831417624,0.31619447359216507
0.48360687494277954,0.19332763045337895,0.8659003831417624,0.3160839160839161
0.48359784483909607,0.19324497648567765,0.8659003831417624,0.3159734358615869
0.4833694398403168,0.19316239316239317,0.8659003831417624,0.31586303284416495
0.4832184910774231,0.19307988039299445,0.8659003831417624,0.3157527069507509
0.4832003712654114,0.19299743808710504,0.8659003831417624,0.31564245810055863
0.4831540882587433,0.19291506615450277,0.8659003831417624,0.31553228621291446
0.48314523696899414,0.19283276450511946,0.8659003831417624,0.3154221912072575
0.4831317663192749,0.19275053304904052,0.8659003831417624,0.31531217300313924
0.4831158518791199,0.1926683716965047,0.8659003831417624,0.31520223152022314
0.4830109775066376,0.1925862803579037,0.8659003831417624,0.31509236667828516
0.48300984501838684,0.19250425894378195,0.8659003831417624,0.31498257839721255
0.4829937815666199,0.1924223073648361,0.8659003831417624,0.31487286659700453
0.482858270406723,0.19234042553191488,0.8659003831417624,0.31476323119777155
0.48282966017723083,0.1922586133560187,0.8659003831417624,0.3146536721197355
0.4827733635902405,0.1921768707482993,0.8659003831417624,0.3145441892832289
0.48252275586128235,0.1920951976200595,0.8659003831417624,0.3144347826086956
0.48244479298591614,0.19201359388275277,0.8659003831417624,0.3143254520166898
0.4824199676513672,0.19193205944798303,0.8659003831417624,0.31421619742787626
0.4824050962924957,0.19185059422750425,0.8659003831417624,0.31410701876302993
0.4823678731918335,0.1917691981332202,0.8659003831417624,0.3139979159430358
0.4823284447193146,0.19168787107718405,0.8659003831417624,0.3138888888888889
0.4823210537433624,0.19160661297159814,0.8659003831417624,0.31377993752169386
0.4822372794151306,0.19152542372881357,0.8659003831417624,0.3136710617626648
0.4822028875350952,0.19186785260482847,0.867816091954023,0.3142559833506764
0.4821840524673462,0.1917866215071973,0.867816091954023,0.3141470180305132
0.4820857346057892,0.1917054591620821,0.867816091954023,0.31403812824956673
0.48198434710502625,0.1916243654822335,0.867816091954023,0.31392931392931395
0.48195892572402954,0.19154334038054968,0.867816091954023,0.3138205749913405
0.4819568395614624,0.19146238377007607,0.867816091954023,0.31371191135734067
0.48194923996925354,0.19138149556400508,0.867816091954023,0.3136033229491173
0.48192858695983887,0.19130067567567569,0.867816091954023,0.31349480968858134
0.4819163382053375,0.19121992401857324,0.867816091954023,0.31338637149775167
0.48183396458625793,0.19156118143459916,0.8697318007662835,0.313969571230982
0.48180755972862244,0.19148038802193168,0.8697318007662835,0.3138610438990667
0.4817256033420563,0.1918212478920742,0.8716475095785441,0.3144436765722184
0.48167747259140015,0.19174041297935104,0.8716475095785441,0.31433506044905013
0.48166629672050476,0.19165964616680708,0.8716475095785441,0.31422651933701656
0.4816643297672272,0.19157894736842104,0.8716475095785441,0.3141180531584397
0.4816519320011139,0.1914983164983165,0.8716475095785441,0.3140096618357488
0.48160073161125183,0.19141775347076145,0.8716475095785441,0.3139013452914798
0.4815424978733063,0.1913372582001682,0.8716475095785441,0.3137931034482758
0.4814627468585968,0.1912568306010929,0.8716475095785441,0.31368493622888655
0.48139262199401855,0.19117647058823528,0.8716475095785441,0.31357684355616816
0.4813813269138336,0.19109617807643847,0.8716475095785441,0.313468825353083
0.4813721179962158,0.1910159529806885,0.8716475095785441,0.3133608815426997
0.48133355379104614,0.19093579521611415,0.8716475095785441,0.3132530120481928
0.48126479983329773,0.19085570469798657,0.8716475095785441,0.31314521679284235
0.48123788833618164,0.19077568134171907,0.8716475095785441,0.3130374957000344
0.48120078444480896,0.19069572506286672,0.8716475095785441,0.31292984869326
0.4811846911907196,0.19103477167993296,0.8735632183908046,0.3135097971811619
0.48118147253990173,0.19095477386934673,0.8735632183908046,0.31340206185567016
0.48117855191230774,0.1908748430305567,0.8735632183908046,0.3132944005496393
0.48108968138694763,0.1907949790794979,0.8735632183908046,0.31318681318681324
0.48102661967277527,0.19071518193224593,0.8735632183908046,0.31307929969104015
0.4809779226779938,0.19063545150501673,0.8735632183908046,0.31297185998627314
0.4809580147266388,0.1905557877141663,0.8735632183908046,0.3128644939965694
0.48092910647392273,0.19047619047619047,0.8735632183908046,0.3127572016460905
0.48087021708488464,0.19039665970772443,0.8735632183908046,0.31264998285910184
0.48081421852111816,0.19031719532554256,0.8735632183908046,0.3125428375599726
0.4807998836040497,0.1906549853984147,0.8754789272030651,0.31312093182596784
0.4807910621166229,0.19057547956630524,0.8754789272030651,0.313013698630137
0.4807754158973694,0.1904960400166736,0.8754789272030651,0.31290653885655595
0.48074302077293396,0.19041666666666668,0.8754789272030651,0.31279945242984253
0.4806482493877411,0.19033735943356936,0.8754789272030651,0.31269243927471774
0.4806247353553772,0.19025811823480432,0.8754789272030651,0.31258549931600543
0.48049649596214294,0.19017894298793175,0.8754789272030651,0.3124786324786325
0.48049017786979675,0.19009983361064892,0.8754789272030651,0.3123718386876282
0.4804321229457855,0.19002079002079003,0.8754789272030651,0.3122651178681244
0.4804169833660126,0.18994181213632585,0.8754789272030651,0.31215846994535523
0.4803221821784973,0.18986289987536353,0.8754789272030651,0.31205189484465695
0.48031845688819885,0.1897840531561462,0.8754789272030651,0.3119453924914676
0.4802514612674713,0.18970527189705272,0.8754789272030651,0.31183896281132717
0.4802403450012207,0.1896265560165975,0.8754789272030651,0.3117326057298772
0.48019295930862427,0.18954790543343011,0.8754789272030651,0.3116263211728606
0.48016348481178284,0.189469320066335,0.8754789272030651,0.3115201090661213
0.4801398515701294,0.1898052217157066,0.8773946360153256,0.31209540034071553
0.48011863231658936,0.18972659486329743,0.8773946360153256,0.3119891008174387
0.4800964295864105,0.189648033126294,0.8773946360153256,0.3118828736806265
0.4799914062023163,0.18956953642384106,0.8773946360153256,0.3117767188563648
0.47997042536735535,0.1894911046752172,0.8773946360153256,0.3116706362708404
0.47994744777679443,0.18941273779983459,0.8773946360153256,0.31156462585034017
0.47991979122161865,0.18933443571723854,0.8773946360153256,0.31145868752125133
0.4798717796802521,0.18925619834710744,0.8773946360153256,0.3113528212100612
0.4798213839530945,0.18917802560925237,0.8773946360153256,0.3112470268433571
0.4797786474227905,0.18909991742361684,0.8773946360153256,0.31114130434782605
0.4797062575817108,0.1890218737102765,0.8773946360153256,0.31103565365025465
0.47967788577079773,0.18894389438943895,0.8773946360153256,0.31093007467752887
0.4796263873577118,0.1888659793814433,0.8773946360153256,0.3108245673566339
0.47960346937179565,0.18878812860676009,0.8773946360153256,0.310719131614654
0.47958022356033325,0.18871034198599093,0.8773946360153256,0.3106137673787725
0.4795418977737427,0.1886326194398682,0.8773946360153256,0.3105084745762711
0.479511022567749,0.18855496088925483,0.8773946360153256,0.31040325313453065
0.4794051945209503,0.18847736625514402,0.8773946360153256,0.3102981029810298
0.47938716411590576,0.188399835458659,0.8773946360153256,0.31019302404334576
0.4793221354484558,0.18832236842105263,0.8773946360153256,0.3100880162491537
0.47931212186813354,0.18824496506370736,0.8773946360153256,0.3099830795262267
0.47922438383102417,0.18816762530813474,0.8773946360153256,0.30987821380243574
0.4791894555091858,0.18809034907597535,0.8773946360153256,0.30977341900574906
0.47901245951652527,0.18801313628899835,0.8773946360153256,0.30966869506423256
0.47900211811065674,0.18793598686910135,0.8773946360153256,0.3095640419060493
0.47900086641311646,0.1878589007383101,0.8773946360153256,0.30945945945945946
0.4787514805793762,0.1877818778187782,0.8773946360153256,0.30935494765282
0.47874510288238525,0.18770491803278688,0.8773946360153256,0.30925050641458474
0.4786840081214905,0.18762802130274478,0.8773946360153256,0.30914613567330407
0.4786815047264099,0.18755118755118755,0.8773946360153256,0.3090418353576248
0.4785864055156708,0.18747441670077772,0.8773946360153256,0.30893760539629006
0.47858068346977234,0.18780687397708673,0.8793103448275862,0.3095077545515846
0.47857657074928284,0.18773006134969325,0.8793103448275862,0.3094034378159758
0.478572815656662,0.18765331152902698,0.8793103448275862,0.30929919137466305
0.47854796051979065,0.18757662443808745,0.8793103448275862,0.30919501515661835
0.47854071855545044,0.1875,0.8793103448275862,0.309090909090909
0.47851407527923584,0.1874234381380155,0.8793103448275862,0.3089868731066981
0.47849270701408386,0.1873469387755102,0.8793103448275862,0.3088829071332436
0.4784819185733795,0.18767849857201144,0.8812260536398467,0.30945173225697953
0.47845351696014404,0.18760195758564438,0.8812260536398467,0.3093476798924008
0.47844380140304565,0.18752547900529964,0.8812260536398467,0.3092436974789916
0.4783473312854767,0.18744906275468623,0.8812260536398467,0.30913978494623656
0.4782702624797821,0.18737270875763748,0.8812260536398467,0.30903594222371517
0.4782700538635254,0.18729641693811075,0.8812260536398467,0.3089321692411014
0.47821977734565735,0.1872201872201872,0.8812260536398467,0.3088284659281638
0.4782036244869232,0.1871440195280716,0.8812260536398467,0.3087248322147651
0.4781956672668457,0.18706791378609192,0.8812260536398467,0.30862126803086215
0.4781922996044159,0.18699186991869918,0.8812260536398467,0.30851777330650576
0.478189080953598,0.18691588785046728,0.8812260536398467,0.3084143479718405
0.47818803787231445,0.1868399675060926,0.8812260536398467,0.30831099195710454
0.47815728187561035,0.18676410881039382,0.8812260536398467,0.3082077051926298
0.4781256318092346,0.18668831168831168,0.8812260536398467,0.3081044876088413
0.4781094491481781,0.18661257606490872,0.8812260536398467,0.3080013391362571
0.47807684540748596,0.18653690186536903,0.8812260536398467,0.3078982597054886
0.47804492712020874,0.18646128901499798,0.8812260536398467,0.3077952492472399
0.4780125021934509,0.18638573743922204,0.8812260536398467,0.3076923076923077
0.4779868423938751,0.1863102470635885,0.8812260536398467,0.3075894349715814
0.4778836965560913,0.1862348178137652,0.8812260536398467,0.3074866310160428
0.4777897000312805,0.18615944961554026,0.8812260536398467,0.30738389575676583
0.4777466356754303,0.18608414239482202,0.8812260536398467,0.3072812291249165
0.4777226448059082,0.18600889607763849,0.8812260536398467,0.30717863105175297
0.47768378257751465,0.18593371059013744,0.8812260536398467,0.30707610146862485
0.4776262044906616,0.18585858585858586,0.8812260536398467,0.30697364030697366
0.4775650203227997,0.18578352180936994,0.8812260536398467,0.3068712474983322
0.4775311350822449,0.18570851836899474,0.8812260536398467,0.30676892297432473
0.47746211290359497,0.18563357546408393,0.8812260536398467,0.30666666666666664
0.4774579107761383,0.1855586930213796,0.8812260536398467,0.3065644785071643
0.47740209102630615,0.18548387096774194,0.8812260536398467,0.3064623584277149
0.47729530930519104,0.18540910923014914,0.8812260536398467,0.30636030636030637
0.47728219628334045,0.185334407735697,0.8812260536398467,0.3062583222370173
0.4772774875164032,0.18525976641159886,0.8812260536398467,0.30615640599001664
0.4772185683250427,0.18518518518518517,0.8812260536398467,0.30605455755156347
0.47719234228134155,0.1851106639839034,0.8812260536398467,0.30595277685400735
0.47718897461891174,0.1850362027353178,0.8812260536398467,0.3058510638297873
0.47708529233932495,0.18496180136710896,0.8812260536398467,0.3057494184114323
0.47703292965888977,0.18488745980707397,0.8812260536398467,0.3056478405315615
0.47702446579933167,0.18481317798312574,0.8812260536398467,0.30554633012288274
0.47697868943214417,0.18473895582329317,0.8812260536398467,0.3054448871181939
0.47697314620018005,0.1846647932557206,0.8812260536398467,0.3053435114503817
0.47691529989242554,0.18459069020866772,0.8812260536398467,0.30524220305242206
0.4769100248813629,0.18451664661050943,0.8812260536398467,0.30514096185737977
0.4767998158931732,0.18444266238973536,0.8812260536398467,0.30503978779840846
0.4767925441265106,0.1843687374749499,0.8812260536398467,0.30493868080875036
0.47677698731422424,0.1842948717948718,0.8812260536398467,0.3048376408217363
0.47676441073417664,0.184221065278334,0.8812260536398467,0.30473666777078506
0.47675156593322754,0.18414731785428343,0.8812260536398467,0.304635761589404
0.47667962312698364,0.1840736294517807,0.8812260536398467,0.30453492221118833
0.476654976606369,0.184,0.8812260536398467,0.3044341495698213
0.4766022861003876,0.1839264294282287,0.8812260536398467,0.30433344359907377
0.47658559679985046,0.1838529176658673,0.8812260536398467,0.30423280423280424
0.47656500339508057,0.18377946464242909,0.8812260536398467,0.3041322314049587
0.4764496684074402,0.18370607028753994,0.8812260536398467,0.3040317250495703
0.4764040410518646,0.18363273453093812,0.8812260536398467,0.3039312851007598
0.4763759970664978,0.18355945730247406,0.8812260536398467,0.3038309114927345
0.4763511121273041,0.1834862385321101,0.8812260536398467,0.3037306041597887
0.47632527351379395,0.18341307814992025,0.8812260536398467,0.30363036303630364
0.4762982130050659,0.18333997608609007,0.8812260536398467,0.303530188056747
0.4762347936630249,0.18326693227091634,0.8812260536398467,0.3034300791556728
0.4762263000011444,0.18319394663480684,0.8812260536398467,0.30333003626772176
0.47620120644569397,0.18312101910828024,0.8812260536398467,0.30323005932762026
0.47618821263313293,0.18304814962196578,0.8812260536398467,0.30313014827018125
0.4761061668395996,0.18297533810660302,0.8812260536398467,0.30303030303030304
0.476014643907547,0.18290258449304175,0.8812260536398467,0.30293052354297
0.47600987553596497,0.18282988871224165,0.8812260536398467,0.3028308097432521
0.47598958015441895,0.18275725069527216,0.8812260536398467,0.3027311615663047
0.4759153723716736,0.18268467037331215,0.8812260536398467,0.3026315789473684
0.47589755058288574,0.18261214767764986,0.8812260536398467,0.30253206182176917
0.47588205337524414,0.18253968253968253,0.8812260536398467,0.30243261012491784
0.4757128357887268,0.1824672748909163,0.8812260536398467,0.3023332237923102
0.47559428215026855,0.1823949246629659,0.8812260536398467,0.30223390275952694
0.47555071115493774,0.1823226317875545,0.8812260536398467,0.3021346469622332
0.4754737317562103,0.18225039619651348,0.8812260536398467,0.3020354563361786
0.47542425990104675,0.18257425742574257,0.8831417624521073,0.30259271414506067
0.47538018226623535,0.18250197941409343,0.8831417624521073,0.30249343832021
0.4752616584300995,0.1824297586070439,0.8831417624521073,0.3023942276156117
0.47522374987602234,0.18235759493670886,0.8831417624521073,0.30229508196721316
0.4751630425453186,0.18228548833531039,0.8831417624521073,0.30219600131104557
0.4751304090023041,0.18221343873517787,0.8831417624521073,0.3020969855832241
0.4750252664089203,0.18214144606874752,0.8831417624521073,0.3019980347199476
0.47495371103286743,0.1820695102685624,0.8831417624521073,0.3018991486574984
0.47477948665618896,0.181997631267272,0.8831417624521073,0.30180032733224216
0.47474905848503113,0.1819258089976322,0.8831417624521073,0.30170157068062825
0.47472214698791504,0.18185404339250494,0.8831417624521073,0.3016028786391887
0.47463715076446533,0.18178233438485805,0.8831417624521073,0.30150425114453894
0.4746347963809967,0.18171068190776507,0.8831417624521073,0.3014056881333769
0.4746282994747162,0.18163908589440506,0.8831417624521073,0.30130718954248364
0.4745110869407654,0.18156754627806224,0.8831417624521073,0.30120875530872265
0.4745064079761505,0.18149606299212598,0.8831417624521073,0.30111038536903983
0.4744887351989746,0.1814246359700905,0.8831417624521073,0.30101207966046356
0.4744390547275543,0.1813532651455547,0.8831417624521073,0.3009138381201045
0.47441747784614563,0.18128195045222179,0.8831417624521073,0.300815660685155
0.4743908643722534,0.18121069182389937,0.8831417624521073,0.3007175472928898
0.47437751293182373,0.18113948919449901,0.8831417624521073,0.30061949788066517
0.4743032157421112,0.18106834249803613,0.8831417624521073,0.3005215123859192
0.47427961230278015,0.18099725166862976,0.8831417624521073,0.3004235907461714
0.47424131631851196,0.18092621664050235,0.8831417624521073,0.30032573289902276
0.47422555088996887,0.1808552373479796,0.8831417624521073,0.30022793878215565
0.47421783208847046,0.1807843137254902,0.8831417624521073,0.3001302083333333
0.4741872251033783,0.18071344570756567,0.8831417624521073,0.30003254149040026
0.47418469190597534,0.18064263322884014,0.8831417624521073,0.29993493819128175
0.47417375445365906,0.18057187622405013,0.8831417624521073,0.29983739837398377
0.47412657737731934,0.18050117462803444,0.8831417624521073,0.299739921976593
0.47408029437065125,0.18043052837573387,0.8831417624521073,0.2996425089372766
0.4740339517593384,0.18035993740219092,0.8831417624521073,0.29954515919428204
0.4740222692489624,0.18028940164254986,0.8831417624521073,0.299447872685937
0.47398868203163147,0.1802189210320563,0.8831417624521073,0.2993506493506494
0.47397422790527344,0.18014849550605705,0.8831417624521073,0.2992534891269068
0.473935067653656,0.180078125,0.8831417624521073,0.29915639195327715
0.4738985002040863,0.18000780944943381,0.8831417624521073,0.2990593577684074
0.4738403558731079,0.1799375487900078,0.8831417624521073,0.2989623865110247
0.47383928298950195,0.17986734295747173,0.8831417624521073,0.29886547811993525
0.4738351106643677,0.1797971918876755,0.8831417624521073,0.29876863253402464
0.4737696945667267,0.1797270955165692,0.8831417624521073,0.2986718496922579
0.4737604856491089,0.17965705378020266,0.8831417624521073,0.2985751295336788
0.47375980019569397,0.17958706661472537,0.8831417624521073,0.2984784719974102
0.47373321652412415,0.1795171339563863,0.8831417624521073,0.2983818770226538
0.47371864318847656,0.17944725574153367,0.8831417624521073,0.2982853445486897
0.473599374294281,0.1793774319066148,0.8831417624521073,0.29818887451487713
0.47355467081069946,0.1793076623881758,0.8831417624521073,0.2980924668606531
0.4735162854194641,0.1792379471228616,0.8831417624521073,0.2979961215255333
0.4734615385532379,0.17916828604741547,0.8831417624521073,0.2978998384491115
0.4733487069606781,0.1790986790986791,0.8831417624521073,0.2978036175710594
0.4733354449272156,0.17902912621359224,0.8831417624521073,0.29770745883112687
0.47316810488700867,0.17895962732919254,0.8831417624521073,0.29761136216914136
0.4730933904647827,0.17889018238261545,0.8831417624521073,0.2975153275250081
0.4730163514614105,0.17882079131109388,0.8831417624521073,0.2974193548387097
0.47297564148902893,0.17875145405195814,0.8831417624521073,0.2973234440503064
0.47294890880584717,0.17868217054263566,0.8831417624521073,0.2972275950999355
0.4728938937187195,0.1786129407206509,0.8831417624521073,0.2971318079278118
0.4728619158267975,0.1785437645236251,0.8831417624521073,0.29703608247422686
0.4728318452835083,0.17847464188927603,0.8831417624521073,0.29694041867954907
0.4728126525878906,0.17840557275541796,0.8831417624521073,0.29684481648422406
0.4727913439273834,0.17833655705996132,0.8831417624521073,0.2967492758287738
0.472758412361145,0.17865429234338748,0.8850574712643678,0.29729729729729726
0.4726976454257965,0.17858523386161576,0.8850574712643678,0.29720167256352525
0.4726957380771637,0.178516228748068,0.8850574712643678,0.29710610932475884
0.4726940393447876,0.17844727694090382,0.8850574712643678,0.29701060752169717
0.4726918041706085,0.17876447876447876,0.8869731800766284,0.29755784061696655
0.4726601541042328,0.1786954843689695,0.8869731800766284,0.2974622550594282
0.47262752056121826,0.17862654320987653,0.8869731800766284,0.29736673089274246
0.472586989402771,0.1785576552256074,0.8869731800766284,0.297271268057785
0.47257983684539795,0.17848882035466462,0.8869731800766284,0.2971758664955071
0.4724714756011963,0.17842003853564548,0.8869731800766284,0.29708052614693614
0.4724600613117218,0.17835130970724192,0.8869731800766284,0.29698524695317513
0.4723632335662842,0.17828263380824028,0.8869731800766284,0.29689002885540233
0.4723590910434723,0.17821401077752116,0.8869731800766284,0.2967948717948718
0.47235631942749023,0.17853020392458638,0.8888888888888888,0.2973405959628324
0.4723522663116455,0.17846153846153845,0.8888888888888888,0.29724535554131964
0.47227421402931213,0.17839292579777008,0.8888888888888888,0.2971501761127121
0.47226351499557495,0.17832436587240585,0.8888888888888888,0.2970550576184379
0.47225862741470337,0.17825585862466384,0.8888888888888888,0.29696
0.47220343351364136,0.1781874039938556,0.8888888888888888,0.2968650031989763
0.4721946716308594,0.1781190019193858,0.8888888888888888,0.29677006715701953
0.47218552231788635,0.1780506523407521,0.8888888888888888,0.2966751918158567
0.4721406102180481,0.17798235519754507,0.8888888888888888,0.2965803771172899
0.47211524844169617,0.17791411042944785,0.8888888888888888,0.29648562300319486
0.47207486629486084,0.1778459179762361,0.8888888888888888,0.29639092941552214
0.47201430797576904,0.17777777777777778,0.8888888888888888,0.2962962962962963
0.4719981551170349,0.17770968977403293,0.8888888888888888,0.2962017235876157
0.4719930589199066,0.1776416539050536,0.8888888888888888,0.29610721123165284
0.4719780385494232,0.17757367011098354,0.8888888888888888,0.2960127591706539
0.4717770218849182,0.17750573833205815,0.8888888888888888,0.29591836734693877
0.4717558026313782,0.17743785850860422,0.8888888888888888,0.29582403570290083
0.4717272222042084,0.17737003058103976,0.8888888888888888,0.295729764181007
0.4716099798679352,0.1773022544898739,0.8888888888888888,0.2956355527237974
0.471583753824234,0.17723453017570664,0.8888888888888888,0.29554140127388534
0.4713706374168396,0.1771668575792287,0.8888888888888888,0.29544730977395733
0.4712701141834259,0.17748091603053434,0.8908045977011494,0.2959898154042011
0.47125765681266785,0.17741320106829456,0.8908045977011494,0.29589564110722244
0.47124046087265015,0.17734553775743708,0.8908045977011494,0.2958015267175573
0.47121462225914,0.17727792603888676,0.8908045977011494,0.29570747217806037
0.4711526930332184,0.17721036585365854,0.8908045977011494,0.2956134774316592
0.47110894322395325,0.17714285714285713,0.8908045977011494,0.2955195424213537
0.4710906744003296,0.17707539984767706,0.8908045977011494,0.295425667090216
0.47105100750923157,0.17700799390940236,0.8908045977011494,0.29533185138139095
0.4710399806499481,0.17732115677321156,0.89272030651341,0.29587301587301584
0.47102612257003784,0.17725370863446177,0.89272030651341,0.29577911774039994
0.47102174162864685,0.17718631178707225,0.89272030651341,0.2956852791878173
0.4709681570529938,0.17711896617255796,0.89272030651341,0.2955915001585791
0.4709474742412567,0.1770516717325228,0.89272030651341,0.29549778059606846
0.4709312617778778,0.17698442840865933,0.89272030651341,0.2954041204437401
0.47084930539131165,0.17691723614274868,0.89272030651341,0.2953105196451204
0.47084641456604004,0.17685009487666034,0.89272030651341,0.29521697814380743
0.4707764983177185,0.17678300455235205,0.89272030651341,0.2951234958834706
0.47069188952445984,0.17671596511186954,0.89272030651341,0.2950300728078506
0.4706770181655884,0.17664897649734648,0.89272030651341,0.2949367088607595
0.4706580340862274,0.17658203865100416,0.89272030651341,0.29484340398608033
0.4706431031227112,0.1765151515151515,0.89272030651341,0.2947501581277672
0.4706151783466339,0.17644831503218478,0.89272030651341,0.2946569712298451
0.4705827534198761,0.17638152914458743,0.89272030651341,0.2945638432364096
0.47047606110572815,0.17631479379493,0.89272030651341,0.29447077409162714
0.4704110622406006,0.1762481089258699,0.89272030651341,0.2943777637397347
0.4703952968120575,0.17618147448015123,0.89272030651341,0.29428481212503943
0.4703896939754486,0.17611489040060468,0.89272030651341,0.2941919191919192
0.47025689482688904,0.17604835663014734,0.89272030651341,0.2940990848848217
0.4701995253562927,0.17598187311178248,0.89272030651341,0.294006309148265
0.470182865858078,0.17591543978859947,0.89272030651341,0.2939135919268369
0.47003698348999023,0.17622641509433962,0.8946360153256705,0.2944514501891551
0.4700332283973694,0.17615993964541682,0.8946360153256705,0.294358651118815
0.47001248598098755,0.17609351432880846,0.8946360153256705,0.2942659105229994
0.4700062572956085,0.1760271390878251,0.8946360153256705,0.2941732283464567
0.46998342871665955,0.17596081386586285,0.8946360153256705,0.29408060453400503
0.4699538052082062,0.175894538606403,0.8946360153256705,0.29398803903053194
0.4699535071849823,0.17582831325301204,0.8946360153256705,0.2938955317809943
0.46993717551231384,0.17576213774934135,0.8946360153256705,0.2938030827304184
0.46989905834198,0.17569601203912716,0.8946360153256705,0.29371069182389936
0.469747930765152,0.1756299360661903,0.8946360153256705,0.29361835900660166
0.4694223701953888,0.1755639097744361,0.8946360153256705,0.2935260842237586
0.46941712498664856,0.1754979331078542,0.8946360153256705,0.29343386742067235
0.4693928062915802,0.17543200601051842,0.8946360153256705,0.2933417085427136
0.46939268708229065,0.17536612842658655,0.8946360153256705,0.2932496075353218
0.4693663716316223,0.17567567567567569,0.896551724137931,0.2937853107344633
0.46935775876045227,0.17560975609756097,0.896551724137931,0.2936931283338563
0.4693104028701782,0.17554388597149287,0.896551724137931,0.2936010037641154
0.4692755341529846,0.17547806524184478,0.896551724137931,0.2935089369708373
0.46924540400505066,0.17541229385307347,0.896551724137931,0.2934169278996865
0.4691937565803528,0.175346571749719,0.896551724137931,0.29332497649639616
0.4691265821456909,0.1752808988764045,0.896551724137931,0.29323308270676696
0.46898484230041504,0.17521527517783603,0.896551724137931,0.2931412464766677
0.4689631164073944,0.1751497005988024,0.896551724137931,0.29304946775203505
0.46888816356658936,0.1754582865693977,0.8984674329501916,0.2935837245696401
0.46875908970832825,0.17539267015706805,0.8984674329501916,0.2934918648310388
0.46873950958251953,0.1753271028037383,0.8984674329501916,0.2934000625586487
0.4687311053276062,0.17526158445440956,0.8984674329501916,0.2933083176985616
0.4686940312385559,0.1751961150541651,0.8984674329501916,0.2932166301969365
0.4686686396598816,0.17513069454817026,0.8984674329501916,0.29312499999999997
0.4686294496059418,0.17506532288167226,0.8984674329501916,0.2930334270540456
0.46844282746315,0.175,0.8984674329501916,0.29294191130543407
0.4684201180934906,0.17493472584856398,0.8984674329501916,0.2928504527005932
0.4683520793914795,0.1748695003728561,0.8984674329501916,0.2927590511860175
0.4683245122432709,0.1748043235184495,0.8984674329501916,0.2926677067082683
0.4682670533657074,0.1747391952309985,0.8984674329501916,0.2925764192139738
0.4681873917579651,0.17467411545623837,0.8984674329501916,0.29248518864982853
0.4681769907474518,0.1746090841399851,0.8984674329501916,0.2923940149625935
0.46809443831443787,0.17454410122813546,0.8984674329501916,0.29230289809909626
0.4680841863155365,0.17447916666666666,0.8984674329501916,0.2922118380062305
0.46796345710754395,0.17441428040163628,0.8984674329501916,0.2921208346309561
0.467931866645813,0.17434944237918215,0.8984674329501916,0.2920298879202988
0.4679303467273712,0.1742846525455221,0.8984674329501916,0.2919389978213508
0.4678855538368225,0.17421991084695393,0.8984674329501916,0.2918481642812694
0.4678751230239868,0.1741552172298552,0.8984674329501916,0.2917573872472784
0.4677508771419525,0.174090571640683,0.8984674329501916,0.29166666666666663
0.46774208545684814,0.17402597402597403,0.8984674329501916,0.29157600248678894
0.4676111936569214,0.1739614243323442,0.8984674329501916,0.29148539465506523
0.4676104485988617,0.1738969225064887,0.8984674329501916,0.291394843118981
0.46757298707962036,0.17420311341734618,0.9003831417624522,0.29192546583850937
0.46755754947662354,0.17413856984068174,0.9003831417624522,0.2918348339025148
0.4675306975841522,0.17407407407407408,0.9003831417624522,0.2917442582247051
0.46750152111053467,0.17400962606442058,0.9003831417624522,0.29165373875271483
0.46747907996177673,0.17394522575869725,0.9003831417624522,0.29156327543424315
0.4674670696258545,0.17388087310395856,0.9003831417624522,0.29147286821705426
0.4674449563026428,0.17381656804733728,0.9003831417624522,0.29138251704897705
0.46738067269325256,0.17375231053604437,0.9003831417624522,0.29129222187790516
0.46735307574272156,0.1736881005173688,0.9003831417624522,0.2912019826517968
0.4673447906970978,0.1736239379386775,0.9003831417624522,0.29111179931867454
0.46732857823371887,0.17355982274741508,0.9003831417624522,0.29102167182662536
0.46731817722320557,0.17349575489110372,0.9003831417624522,0.29093160012380065
0.4672871530056,0.17343173431734318,0.9003831417624522,0.2908415841584158
0.4672214984893799,0.1733677609738104,0.9003831417624522,0.29075162387875036
0.46706172823905945,0.1733038348082596,0.9003831417624522,0.29066171923314776
0.4669952690601349,0.17323995576852194,0.9003831417624522,0.29057187017001546
0.46696385741233826,0.17317612380250552,0.9003831417624522,0.2904820766378245
0.466936320066452,0.1731123388581952,0.9003831417624522,0.2903923385851097
0.46683788299560547,0.17304860088365243,0.9003831417624522,0.2903026559604694
0.46682390570640564,0.1729849098270151,0.9003831417624522,0.2902130287125656
0.4668058156967163,0.17292126563649743,0.9003831417624522,0.29012345679012347
0.4667988121509552,0.17285766826038984,0.9003831417624522,0.2900339401419315
0.46664881706237793,0.17279411764705882,0.9003831417624522,0.2899444787168414
0.46658310294151306,0.17273061374494672,0.9003831417624522,0.2898550724637682
0.46648502349853516,0.17266715650257164,0.9003831417624522,0.28976572133168926
0.46643730998039246,0.17260374586852736,0.9003831417624522,0.2896764252696456
0.46638646721839905,0.17254038179148312,0.9003831417624522,0.2895871842267406
0.46635928750038147,0.1724770642201835,0.9003831417624522,0.28949799815214045
0.46613943576812744,0.1724137931034483,0.9003831417624522,0.28940886699507384
0.466079980134964,0.17235056839017235,0.9003831417624522,0.28931979070483227
0.4660494029521942,0.17228739002932553,0.9003831417624522,0.28923076923076924
0.4660432040691376,0.17222425796995236,0.9003831417624522,0.2891418025223008
0.4660055637359619,0.17216117216117216,0.9003831417624522,0.28905289052890526
0.4659443199634552,0.17209813255217868,0.9003831417624522,0.2889640332001229
0.465861052274704,0.1720351390922401,0.9003831417624522,0.28887523048555624
0.46578675508499146,0.17233809001097694,0.9022988505747126,0.2894009216589862
0.4657585024833679,0.17227505486466715,0.9022988505747126,0.2893120393120393
0.46575653553009033,0.17221206581352833,0.9022988505747126,0.2892232115443659
0.4656621813774109,0.17214912280701755,0.9022988505747126,0.28913443830570906
0.46561938524246216,0.1720862257946657,0.9022988505747126,0.28904571954587294
0.46558907628059387,0.17202337472607743,0.9022988505747126,0.2889570552147239
0.46543946862220764,0.171960569550931,0.9022988505747126,0.28886844526218947
0.4654143750667572,0.1718978102189781,0.9022988505747126,0.2887798896382588
0.4654124975204468,0.1718350966800438,0.9022988505747126,0.2886913882929819
0.4652961790561676,0.17177242888402625,0.9022988505747126,0.2886029411764706
0.46528664231300354,0.17170980678089684,0.9022988505747126,0.28851454823889744
0.4652402698993683,0.1716472303206997,0.9022988505747126,0.288426209430496
0.4650854170322418,0.17158469945355193,0.9022988505747126,0.28833792470156105
0.46503210067749023,0.1715222141296431,0.9022988505747126,0.28824969400244793
0.465023010969162,0.17145977429923553,0.9022988505747126,0.2881615172835729
0.46500879526138306,0.17139737991266377,0.9022988505747126,0.28807339449541286
0.464995801448822,0.17133503092033467,0.9022988505747126,0.28798532558850504
0.46488767862319946,0.17163636363636364,0.9042145593869731,0.2885085574572127
0.4648495614528656,0.17157397310069067,0.9042145593869731,0.28842040941032693
0.46480947732925415,0.17151162790697674,0.9042145593869731,0.28833231521075137
0.4647233188152313,0.17144932800581184,0.9042145593869731,0.28824427480916026
0.4646190106868744,0.17138707334785766,0.9042145593869731,0.28815628815628813
0.46459633111953735,0.17132486388384754,0.9042145593869731,0.2880683552029295
0.464584082365036,0.17126269956458637,0.9042145593869731,0.28798047589993897
0.4645116329193115,0.17120058034095031,0.9042145593869731,0.2878926501982312
0.4644424021244049,0.17113850616388687,0.9042145593869731,0.28780487804878047
0.4644376039505005,0.17107647698441464,0.9042145593869731,0.28771715940262116
0.46430790424346924,0.17101449275362318,0.9042145593869731,0.28762949421084705
0.4641769528388977,0.17095255342267293,0.9042145593869731,0.28754188242461165
0.46417659521102905,0.1712527154236061,0.9061302681992337,0.2880633373934227
0.46415287256240845,0.17119073470865,0.9061302681992337,0.28797564687975646
0.4641018807888031,0.1711287988422576,0.9061302681992337,0.28788800973828366
0.4640938639640808,0.17106690777576852,0.9061302681992337,0.28780042592029204
0.46409088373184204,0.1710050614605929,0.9061302681992337,0.2877128953771289
0.46406951546669006,0.17094325984821107,0.9061302681992337,0.2876254180602007
0.4640532433986664,0.1708815028901734,0.9061302681992337,0.2875379939209726
0.4640132486820221,0.1708197905381004,0.9061302681992337,0.2874506229109693
0.4639657735824585,0.17075812274368232,0.9061302681992337,0.287363304981774
0.4639505445957184,0.17069649945867918,0.9061302681992337,0.2872760400850288
0.4639308452606201,0.17063492063492064,0.9061302681992337,0.28718882817243474
0.46386095881462097,0.17057338622430582,0.9061302681992337,0.28710166919575114
0.4638267755508423,0.17051189617880316,0.9061302681992337,0.28701456310679613
0.46378543972969055,0.17045045045045046,0.9061302681992337,0.2869275098574462
0.4637412428855896,0.17038904899135446,0.9061302681992337,0.2868405093996361
0.4636727571487427,0.17032769175369103,0.9061302681992337,0.2867535616853592
0.46360746026039124,0.17026637868970482,0.9061302681992337,0.2866666666666667
0.46359556913375854,0.17020510975170924,0.9061302681992337,0.286579824295668
0.4632789194583893,0.17014388489208634,0.9061302681992337,0.2864930345245306
0.4632246792316437,0.1700827040632866,0.9061302681992337,0.2864062973054799
0.46306684613227844,0.1700215672178289,0.9061302681992337,0.2863196125907991
0.46306610107421875,0.16996047430830039,0.9061302681992337,0.286232980332829
0.4629010558128357,0.16989942528735633,0.9061302681992337,0.2861464004839685
0.46288952231407166,0.16983842010771993,0.9061302681992337,0.2860598729966737
0.4628560543060303,0.16977745872218233,0.9061302681992337,0.2859733978234582
0.46285203099250793,0.16971654108360243,0.9061302681992337,0.2858869749168933
0.46283936500549316,0.16965566714490674,0.9061302681992337,0.28580060422960724
0.4627818167209625,0.16959483685908927,0.9061302681992337,0.2857142857142857
0.4627224802970886,0.16953405017921147,0.9061302681992337,0.2856280193236715
0.4627189040184021,0.169473307058402,0.9061302681992337,0.2855418050105644
0.46270743012428284,0.16941260744985673,0.9061302681992337,0.28545564272782137
0.4626983404159546,0.16935195130683853,0.9061302681992337,0.285369532428356
0.4626336395740509,0.16929133858267717,0.9061302681992337,0.2852834740651387
0.4626322090625763,0.16923076923076924,0.9061302681992337,0.2851974675911969
0.46259158849716187,0.16917024320457796,0.9061302681992337,0.2851115129596142
0.4625498950481415,0.16910976045763318,0.9061302681992337,0.28502561012353117
0.46248477697372437,0.1690493209435311,0.9061302681992337,0.2849397590361446
0.46239984035491943,0.16898892461593426,0.9061302681992337,0.2848539596507076
0.46234315633773804,0.16892857142857143,0.9061302681992337,0.28476821192052976
0.4623110294342041,0.1688682613352374,0.9061302681992337,0.28468251579897685
0.4622461199760437,0.168807994289793,0.9061302681992337,0.28459687123947053
0.46210119128227234,0.16874777024616483,0.9061302681992337,0.2845112781954887
0.4620918333530426,0.16868758915834522,0.9061302681992337,0.28442573662056525
0.46206134557724,0.16862745098039217,0.9061302681992337,0.28434024646828976
0.4620159864425659,0.16856735566642908,0.9061302681992337,0.28425480769230776
0.4619096517562866,0.16850730317064483,0.9061302681992337,0.28416942024632025
0.4618091583251953,0.16844729344729345,0.9061302681992337,0.2840840840840841
0.4615546464920044,0.1683873264506942,0.9061302681992337,0.2839987991594116
0.46140074729919434,0.1683274021352313,0.9061302681992337,0.28391356542617047
0.46132153272628784,0.16826752045535395,0.9061302681992337,0.2838283828382838
0.461247980594635,0.1682076813655761,0.9061302681992337,0.28374325134973005
0.46124207973480225,0.16814788482047635,0.9061302681992337,0.2836581709145427
0.46122097969055176,0.16808813077469795,0.9061302681992337,0.2835731414868106
0.46121373772621155,0.1680284191829485,0.9061302681992337,0.28348816302067725
0.4611010253429413,0.16796875,0.9061302681992337,0.2834032354703415
0.46105363965034485,0.16790912318068868,0.9061302681992337,0.2833183587900569
0.46103623509407043,0.16784953867991484,0.9061302681992337,0.2832335329341317
0.4608418345451355,0.16778999645264278,0.9061302681992337,0.28314875785692906
0.46080678701400757,0.1677304964539007,0.9061302681992337,0.2830640335128666
0.46067312359809875,0.16767103863878058,0.9061302681992337,0.2829793598564164
0.46066051721572876,0.16761162296243798,0.9061302681992337,0.28289473684210525
0.4606398940086365,0.1675522493800921,0.9061302681992337,0.2828101644245142
0.4605433940887451,0.1674929178470255,0.9061302681992337,0.28272564255827853
0.4605388343334198,0.16743362831858408,0.9061302681992337,0.28264117119808785
0.4605209231376648,0.16737438075017694,0.9061302681992337,0.2825567502986858
0.4604742228984833,0.16731517509727625,0.9061302681992337,0.2824723798148701
0.46047133207321167,0.1676096181046676,0.9080459770114943,0.2829850746268656
0.4604533016681671,0.16755037115588547,0.9080459770114943,0.2829006266786034
0.46044448018074036,0.1674911660777385,0.9080459770114943,0.28281622911694515
0.4603264331817627,0.16743200282585657,0.9080459770114943,0.2827318818968088
0.46028396487236023,0.1673728813559322,0.9080459770114943,0.28264758497316633
0.460269957780838,0.16731380162372045,0.9080459770114943,0.28256333830104324
0.46026718616485596,0.1676076217360621,0.9099616858237548,0.2830750893921335
0.46025511622428894,0.16790123456790124,0.9118773946360154,0.28358653559725944
0.46021801233291626,0.16819464033850492,0.9137931034482759,0.2840976771888028
0.4601958394050598,0.16842847075405215,0.9157088122605364,0.2845238095238095
0.4600597620010376,0.16872138076787602,0.9176245210727969,0.28503421600714074
0.46002209186553955,0.16901408450704225,0.9195402298850575,0.2855443188578227
0.45996710658073425,0.1689545934530095,0.9195402298850575,0.2854594112399643
0.4599410891532898,0.1688951442646024,0.9195402298850575,0.28537455410225926
0.45984920859336853,0.16883573689764333,0.9195402298850575,0.28528974739970275
0.45984286069869995,0.16877637130801687,0.9195402298850575,0.28520499108734404
0.4598323702812195,0.1687170474516696,0.9195402298850575,0.28512028512028514
0.4598306715488434,0.16865776528461,0.9195402298850575,0.28503562945368177
0.45981478691101074,0.16859852476290832,0.9195402298850575,0.2849510240427427
0.45980456471443176,0.16889044943820225,0.921455938697318,0.285459940652819
0.45972809195518494,0.16883116883116883,0.921455938697318,0.28537525956689413
0.4595712721347809,0.1687719298245614,0.921455938697318,0.28529062870699884
0.4592996835708618,0.1687127323746054,0.921455938697318,0.28520604802846133
0.45924246311187744,0.16865357643758766,0.921455938697318,0.28512151748666276
0.45921263098716736,0.16859446196985628,0.921455938697318,0.28503703703703703
0.4591773450374603,0.1685353889278206,0.921455938697318,0.28495260663507116
0.4591473937034607,0.16847635726795096,0.921455938697318,0.2848682262363044
0.45913296937942505,0.16841736694677872,0.921455938697318,0.2847838957963292
0.4591142535209656,0.16835841792089604,0.921455938697318,0.28469961527079013
0.4590686857700348,0.1682995101469559,0.921455938697318,0.2846153846153846
0.45893731713294983,0.1682406435816719,0.921455938697318,0.28453120378586216
0.4589177966117859,0.16818181818181818,0.921455938697318,0.28444707273802483
0.45887109637260437,0.16812303390422928,0.921455938697318,0.28436299142772686
0.45878317952156067,0.16806429070580015,0.921455938697318,0.28427895981087475
0.4587611258029938,0.16800558854348585,0.921455938697318,0.2841949778434269
0.4587235450744629,0.16794692737430167,0.921455938697318,0.28411104548139393
0.4587162435054779,0.16788830715532285,0.921455938697318,0.2840271626808385
0.45865774154663086,0.16782972784368458,0.921455938697318,0.28394332939787487
0.45859551429748535,0.16777118939658178,0.921455938697318,0.2838595455886692
0.4585951566696167,0.16771269177126918,0.921455938697318,0.2837758112094395
0.4585185945034027,0.16765423492506099,0.921455938697318,0.2836921262164553
0.45843586325645447,0.167595818815331,0.921455938697318,0.28360849056603776
0.4584144353866577,0.16753744339951238,0.921455938697318,0.28352490421455934
0.45827046036720276,0.1674791086350975,0.921455938697318,0.2834413671184443
0.4582107961177826,0.167420814479638,0.921455938697318,0.2833578792341679
0.4581886827945709,0.1673625608907446,0.921455938697318,0.2832744405182568
0.45817166566848755,0.16730434782608697,0.921455938697318,0.2831910509272888
0.45815154910087585,0.1672461752433936,0.921455938697318,0.2831077104178929
0.45804262161254883,0.16718804310045185,0.921455938697318,0.28302441894674907
0.45802581310272217,0.16712995135510772,0.921455938697318,0.28294117647058825
0.4579939544200897,0.16707189996526572,0.921455938697318,0.2828579829461923
0.45792800188064575,0.16701388888888888,0.921455938697318,0.2827748383303939
0.4579053521156311,0.16695591808399862,0.921455938697318,0.2826917425800764
0.4578964114189148,0.16689798750867454,0.921455938697318,0.28260869565217395
0.4578765630722046,0.16684009712105446,0.921455938697318,0.2825256975036711
0.4577936828136444,0.16678224687933427,0.921455938697318,0.2824427480916031
0.457686185836792,0.16672443674176776,0.921455938697318,0.2823598473730555
0.45768168568611145,0.16666666666666666,0.921455938697318,0.2822769953051643
0.45759332180023193,0.16660893661240042,0.921455938697318,0.28219419184511585
0.45756351947784424,0.1665512465373961,0.921455938697318,0.2821114369501466
0.45754650235176086,0.16649359640013844,0.921455938697318,0.28202873057754324
0.4575061798095703,0.16643598615916955,0.921455938697318,0.28194607268464245
0.45749154686927795,0.1663784157730889,0.921455938697318,0.28186346322883093
0.45746225118637085,0.16632088520055324,0.921455938697318,0.28178090216754537
0.45745182037353516,0.16626339440027654,0.921455938697318,0.28169838945827236
0.4573131799697876,0.16620594333102973,0.921455938697318,0.28161592505854804
0.45725420117378235,0.16614853195164075,0.921455938697318,0.28153350892595846
0.45723792910575867,0.1660911602209945,0.921455938697318,0.2814511410181393
0.45717743039131165,0.16603382809803244,0.921455938697318,0.2813688212927757
0.45717653632164,0.16597653554175293,0.921455938697318,0.2812865497076023
0.45715874433517456,0.16591928251121077,0.921455938697318,0.2812043262204034
0.45713409781455994,0.16586206896551725,0.921455938697318,0.28112215078901226
0.4570869505405426,0.16580489486384006,0.921455938697318,0.2810400233713118
0.4570715129375458,0.16574776016540316,0.921455938697318,0.2809579439252336
0.4570525884628296,0.16569066482948674,0.921455938697318,0.28087591240875914
0.45704343914985657,0.165633608815427,0.921455938697318,0.2807939287799182
0.45701494812965393,0.1655765920826162,0.921455938697318,0.28071199299679017
0.4569453299045563,0.1655196145905024,0.921455938697318,0.2806301050175029
0.456898957490921,0.1654626762985896,0.921455938697318,0.2805482648002333
0.45680907368659973,0.16540577716643742,0.921455938697318,0.280466472303207
0.456676185131073,0.16534891715366104,0.921455938697318,0.2803847274846983
0.45654067397117615,0.16529209621993127,0.921455938697318,0.2803030303030303
0.45651841163635254,0.16523531432497424,0.921455938697318,0.2802213807165744
0.45651593804359436,0.16517857142857142,0.921455938697318,0.28013977868375073
0.45640257000923157,0.16512186749055957,0.921455938697318,0.28005822416302767
0.4563937187194824,0.16506520247083048,0.921455938697318,0.279976717112922
0.4563533067703247,0.16500857632933105,0.921455938697318,0.2798952574919989
0.45625993609428406,0.1649519890260631,0.921455938697318,0.27981384525887143
0.45623070001602173,0.1648954405210833,0.921455938697318,0.2797324803722012
0.4562065899372101,0.1648389307745031,0.921455938697318,0.2796511627906977
0.4561866223812103,0.16478245974648853,0.921455938697318,0.27956989247311825
0.4561368227005005,0.16472602739726028,0.921455938697318,0.27948866937826844
0.45613622665405273,0.16466963368709345,0.921455938697318,0.27940749346500143
0.4560016393661499,0.16461327857631758,0.921455938697318,0.27932636469221833
0.45593592524528503,0.16455696202531644,0.921455938697318,0.2792452830188679
0.45586156845092773,0.16450068399452805,0.921455938697318,0.2791642484039466
0.45584800839424133,0.16444444444444445,0.921455938697318,0.2790832608064984
0.4557861387729645,0.16438824333561175,0.921455938697318,0.2790023201856148
0.4557514190673828,0.16433208062863,0.921455938697318,0.27892142650043494
0.4557479918003082,0.164275956284153,0.921455938697318,0.2788405797101449
0.45567455887794495,0.16421987026288837,0.921455938697318,0.2787597797739786
0.45556944608688354,0.16416382252559727,0.921455938697318,0.2786790266512167
0.45556727051734924,0.16410781303309452,0.921455938697318,0.27859832030118736
0.4555526375770569,0.1640518417462483,0.921455938697318,0.27851766068326583
0.45549672842025757,0.16399590862598024,0.921455938697318,0.2784370477568741
0.4554714560508728,0.16394001363326516,0.921455938697318,0.27835648148148145
0.4554547369480133,0.16388415672913118,0.921455938697318,0.27827596181660397
0.4553959369659424,0.1638283378746594,0.921455938697318,0.2781954887218045
0.45539361238479614,0.163772557030984,0.921455938697318,0.2781150621566927
0.45536527037620544,0.16371681415929204,0.921455938697318,0.2780346820809249
0.45535901188850403,0.16366110922082341,0.921455938697318,0.277954348454204
0.45535409450531006,0.16360544217687076,0.921455938697318,0.2778740612362796
0.4551186263561249,0.16354981298877933,0.921455938697318,0.2777938203869477
0.4550490975379944,0.16349422161794697,0.921455938697318,0.2777136258660508
0.455016553401947,0.163438668025824,0.921455938697318,0.2776334776334776
0.45494377613067627,0.16338315217391305,0.921455938697318,0.2775533756491633
0.45476973056793213,0.1633276740237691,0.921455938697318,0.27747331987308915
0.4546712338924408,0.16327223353699932,0.921455938697318,0.2773933102652826
0.4545326828956604,0.163216830675263,0.921455938697318,0.2773133467858172
0.4545135200023651,0.16316146540027138,0.921455938697318,0.2772334293948127
0.4544377028942108,0.16310613767378773,0.921455938697318,0.27715355805243447
0.4543602168560028,0.16305084745762713,0.921455938697318,0.2770737327188941
0.45432040095329285,0.16299559471365638,0.921455938697318,0.2769939533544486
0.45425888895988464,0.16294037940379405,0.921455938697318,0.2769142199194013
0.4541829228401184,0.16288520149001015,0.921455938697318,0.2768345323741007
0.4541768431663513,0.16283006093432634,0.921455938697318,0.2767548906789413
0.45416462421417236,0.16277495769881556,0.921455938697318,0.2766752947943629
0.454130619764328,0.16271989174560217,0.921455938697318,0.2765957446808511
0.4540252089500427,0.16266486303686167,0.921455938697318,0.27651624029893646
0.4539755880832672,0.16260987153482082,0.921455938697318,0.2764367816091954
0.45392006635665894,0.16255491720175735,0.921455938697318,0.27635736857224935
0.45389649271965027,0.1625,0.921455938697318,0.27627800114876505
0.4538940191268921,0.1624451198919284,0.921455938697318,0.2761986792994545
0.4538852870464325,0.16239027683997298,0.921455938697318,0.27611940298507465
0.45386961102485657,0.16233547080661492,0.921455938697318,0.27604017216642757
0.45370960235595703,0.16228070175438597,0.921455938697318,0.2759609868043603
0.45368704199790955,0.16222596964586847,0.921455938697318,0.27588184685976486
0.45362991094589233,0.16217127444369522,0.921455938697318,0.27580275229357804
0.45350003242492676,0.16211661611054937,0.921455938697318,0.2757237030667813
0.45345237851142883,0.16206199460916443,0.921455938697318,0.27564469914040113
0.45341891050338745,0.162007409902324,0.921455938697318,0.27556574047550847
0.45339688658714294,0.16195286195286196,0.921455938697318,0.27548682703321886
0.4533950984477997,0.16189835072366207,0.921455938697318,0.2754079587746923
0.4533211290836334,0.16184387617765814,0.921455938697318,0.2753291356611333
0.45327430963516235,0.16178943827783385,0.921455938697318,0.27525035765379113
0.4531583786010742,0.1617350369872226,0.921455938697318,0.27517162471395884
0.45313194394111633,0.16168067226890756,0.921455938697318,0.275092936802974
0.45312681794166565,0.1616263440860215,0.921455938697318,0.2750142938822184
0.45312073826789856,0.1615720524017467,0.921455938697318,0.274935695913118
0.45305222272872925,0.16151779717931497,0.921455938697318,0.27485714285714286
0.4529957175254822,0.1614635783820074,0.921455938697318,0.27477863467580693
0.45296788215637207,0.16140939597315437,0.921455938697318,0.2747001713306682
0.45287010073661804,0.16135524991613553,0.921455938697318,0.2746217527833286
0.452847957611084,0.1613011401743796,0.921455938697318,0.2745433789954338
0.4527829885482788,0.1612470667113644,0.921455938697318,0.2744650499286733
0.4527030885219574,0.16119302949061662,0.921455938697318,0.27438676554478036
0.45266154408454895,0.1611390284757119,0.921455938697318,0.2743085258055318
0.45260190963745117,0.1610850636302746,0.921455938697318,0.27423033067274805
0.4524921476840973,0.1610311349179779,0.921455938697318,0.274152180108293
0.4524516761302948,0.1609772423025435,0.921455938697318,0.2740740740740741
0.452449768781662,0.16092338574774173,0.921455938697318,0.2739960125320422
0.4524393677711487,0.1608695652173913,0.921455938697318,0.2739179954441913
0.4523169994354248,0.1608157806753594,0.921455938697318,0.27384002277255903
0.4522356688976288,0.1607620320855615,0.921455938697318,0.273762094479226
0.45220592617988586,0.16070831941196123,0.921455938697318,0.2736842105263158
0.45219674706459045,0.1606546426185705,0.921455938697318,0.2736063708759955
0.4521567225456238,0.16060100166944907,0.921455938697318,0.2735285754904748
0.4521075487136841,0.16054739652870495,0.921455938697318,0.27345082433200685
0.4520163834095001,0.16049382716049382,0.921455938697318,0.27337311736288716
0.4518093168735504,0.16044029352901934,0.921455938697318,0.27329545454545456
0.4517447054386139,0.16038679559853283,0.921455938697318,0.2732178358420903
0.45149582624435425,0.16033333333333333,0.921455938697318,0.27314026121521856
0.4514228403568268,0.1602799066977674,0.921455938697318,0.27306273062730624
0.45136758685112,0.16022651565622917,0.921455938697318,0.2729852440408626
0.45135754346847534,0.16017316017316016,0.921455938697318,0.2729078014184397
0.4512721598148346,0.16011984021304926,0.921455938697318,0.27283040272263187
0.4512472152709961,0.1600665557404326,0.921455938697318,0.27275304791607596
0.4512172043323517,0.16001330671989356,0.921455938697318,0.27267573696145125
0.4511711597442627,0.15996009311606252,0.921455938697318,0.2725984698214792
0.4511689245700836,0.15990691489361702,0.921455938697318,0.2725212464589235
0.4510928690433502,0.16018610834164174,0.9233716475095786,0.27301047861795524
0.4510914385318756,0.1601328903654485,0.9233716475095786,0.2729331823329558
0.4510180950164795,0.16007970773829291,0.9233716475095786,0.2728559298046985
0.45089662075042725,0.1600265604249668,0.9233716475095786,0.27277872099603845
0.4507771134376526,0.15997344839030866,0.9233716475095786,0.2727015558698727
0.4507705867290497,0.15992037159920372,0.9233716475095786,0.2726244343891403
0.45074325799942017,0.15986733001658374,0.9233716475095786,0.27254735651682216
0.45065951347351074,0.15981432360742706,0.9233716475095786,0.27247032221594125
0.4503936469554901,0.15976135233675837,0.9233716475095786,0.27239333144956207
0.45038941502571106,0.1597084161696488,0.9233716475095786,0.272316384180791
0.4502442181110382,0.15965551507121564,0.9233716475095786,0.27223948037277607
0.45015597343444824,0.15960264900662252,0.9233716475095786,0.27216261998870694
0.4501432776451111,0.15954981794107911,0.9233716475095786,0.2720858029918149
0.45013222098350525,0.15949702183984116,0.9233716475095786,0.2720090293453724
0.45013007521629333,0.15944426066821038,0.9233716475095786,0.2719322990126939
0.45012062788009644,0.1593915343915344,0.9233716475095786,0.2718556119571348
0.4501110017299652,0.15933884297520662,0.9233716475095786,0.2717789681420919
0.449994295835495,0.15928618638466624,0.9233716475095786,0.2717023675310034
0.4499634802341461,0.15923356458539809,0.9233716475095786,0.27162581008734854
0.4499433934688568,0.15918097754293262,0.9233716475095786,0.2715492957746478
0.44989702105522156,0.15912842522284582,0.9233716475095786,0.27147282455646293
0.4498043358325958,0.15907590759075907,0.9233716475095786,0.2713963963963964
0.4497544765472412,0.15902342461233915,0.9233716475095786,0.2713200112580917
0.44970962405204773,0.15897097625329815,0.9233716475095786,0.27124366910523356
0.4496610760688782,0.15891856247939334,0.9233716475095786,0.2711673699015471
0.4495936930179596,0.15886618325642715,0.9233716475095786,0.2710911136107987
0.44957396388053894,0.1588138385502471,0.9233716475095786,0.271014900196795
0.4495629072189331,0.15876152832674573,0.9233716475095786,0.2709387296233839
0.44955384731292725,0.15870925255186039,0.9233716475095786,0.27086260185445354
0.44938746094703674,0.1586570111915734,0.9233716475095786,0.27078651685393257
0.44937726855278015,0.1586048042119118,0.9233716475095786,0.2707104745857905
0.44918331503868103,0.15855263157894736,0.9233716475095786,0.27063447501403703
0.44911059737205505,0.15850049325879645,0.9233716475095786,0.27055851810272247
0.449065238237381,0.15844838921762,0.9233716475095786,0.27048260381593714
0.44893476366996765,0.1583963194216234,0.9233716475095786,0.2704067321178121
0.4489239752292633,0.1583442838370565,0.9233716475095786,0.2703309029725182
0.4488993287086487,0.15829228243021345,0.9233716475095786,0.27025511634426685
0.44889622926712036,0.1582403151674327,0.9233716475095786,0.2701793721973094
0.44878318905830383,0.15818838201509683,0.9233716475095786,0.2701036704959372
0.448773056268692,0.15813648293963253,0.9233716475095786,0.2700280112044817
0.44871506094932556,0.15808461790751066,0.9233716475095786,0.2699523942873145
0.44871219992637634,0.1580327868852459,0.9233716475095786,0.2698768197088466
0.4486580491065979,0.15798098983939693,0.9233716475095786,0.26980128743352927
0.4486351013183594,0.15792922673656618,0.9233716475095786,0.2697257974258534
0.4485381841659546,0.15787749754339994,0.9233716475095786,0.26965034965034973
0.44849637150764465,0.15782580222658807,0.9233716475095786,0.26957494407158833
0.44846367835998535,0.15777414075286417,0.9233716475095786,0.2694995806541795
0.4483935832977295,0.15772251308900523,0.9233716475095786,0.2694242593627725
0.44836729764938354,0.15767091920183185,0.9233716475095786,0.2693489801620565
0.44830548763275146,0.15761935905820798,0.9233716475095786,0.26927374301675977
0.44830161333084106,0.15756783262504087,0.9233716475095786,0.2691985478916504
0.44827964901924133,0.15751633986928104,0.9233716475095786,0.2691233947515354
0.44818001985549927,0.15746488075792225,0.9233716475095786,0.26904828356126154
0.4480290412902832,0.1574134552580013,0.9233716475095786,0.2689732142857143
0.44788458943367004,0.1573620633365981,0.9233716475095786,0.26889818688981865
0.4478178918361664,0.15731070496083552,0.9233716475095786,0.26882320133853876
0.4476916491985321,0.1572593800978793,0.9233716475095786,0.26874825759687765
0.4476323127746582,0.15720808871493802,0.9233716475095786,0.2686733556298773
0.44761961698532104,0.15715683077926312,0.9233716475095786,0.26859849540261915
0.4474432170391083,0.15710560625814862,0.9233716475095786,0.26852367688022283
0.4473031163215637,0.15705441511893126,0.9233716475095786,0.2684489000278474
0.44728001952171326,0.15700325732899023,0.9233716475095786,0.2683741648106904
0.44727134704589844,0.1569521328557473,0.9233716475095786,0.2682994711939883
0.4472157955169678,0.15690104166666666,0.9233716475095786,0.2682248191430161
0.44720691442489624,0.1568499837292548,0.9233716475095786,0.26815020862308764
0.4471890330314636,0.1567989590110605,0.9233716475095786,0.26807563959955505
0.4471716284751892,0.1567479674796748,0.9233716475095786,0.26800111203780924
0.44713878631591797,0.15669700910273082,0.9233716475095786,0.2679266259032796
0.447104275226593,0.1566460838479038,0.9233716475095786,0.2678521811614337
0.44706130027770996,0.15659519168291097,0.9233716475095786,0.2677777777777778
0.44701001048088074,0.15654433257551154,0.9233716475095786,0.26770341571785616
0.44698458909988403,0.1564935064935065,0.9233716475095786,0.2676290949472515
0.44687405228614807,0.15644271340473873,0.9233716475095786,0.26755481543158477
0.4468476176261902,0.1563919532770928,0.9233716475095786,0.26748057713651496
0.4468277394771576,0.15634122607849496,0.9233716475095786,0.26740638002773925
0.44670677185058594,0.1562905317769131,0.9233716475095786,0.2673322240709928
0.4466767907142639,0.15623987034035655,0.9233716475095786,0.2672581092320488
0.4466594159603119,0.1561892417368762,0.9233716475095786,0.2671840354767184
0.44663727283477783,0.1561386459345643,0.9233716475095786,0.2671100027708506
0.44651198387145996,0.1560880829015544,0.9233716475095786,0.2670360110803324
0.4465075135231018,0.15603755260602137,0.9233716475095786,0.26696206037108833
0.44647565484046936,0.15598705501618124,0.9233716475095786,0.26688815060908083
0.4463117718696594,0.15593659010029118,0.9233716475095786,0.26681428176030997
0.4462864100933075,0.1558861578266494,0.9233716475095786,0.26674045379081346
0.4462657868862152,0.1558357581635952,0.9233716475095786,0.26666666666666666
0.4461382031440735,0.15578539107950873,0.9233716475095786,0.26659292035398224
0.44601693749427795,0.15573505654281097,0.9233716475095786,0.26651921481891067
0.44598639011383057,0.15568475452196381,0.9233716475095786,0.2664455500276396
0.4459763467311859,0.1556344849854698,0.9233716475095786,0.26637192594639403
0.44589000940322876,0.15558424790187217,0.9233716475095786,0.2662983425414365
0.4457816779613495,0.15553404323975475,0.9233716475095786,0.26622479977906655
0.44569745659828186,0.15548387096774194,0.9233716475095786,0.26615129762562123
0.4453469216823578,0.15543373105449854,0.9233716475095786,0.2660778360474745
0.44519564509391785,0.15538362346872986,0.9233716475095786,0.26600441501103755
0.44509756565093994,0.15533354817918144,0.9233716475095786,0.26593103448275857
0.4449716806411743,0.15528350515463918,0.9233716475095786,0.265857694429123
0.44495689868927,0.15523349436392914,0.9233716475095786,0.2657843948166529
0.44489890336990356,0.15518351577591757,0.9233716475095786,0.2657111356119074
0.4448947608470917,0.15513356935951078,0.9233716475095786,0.2656379167814825
0.44485968351364136,0.15508365508365507,0.9233716475095786,0.26556473829201105
0.44484153389930725,0.15503377291733678,0.9233716475095786,0.2654916001101625
0.44483229517936707,0.15498392282958198,0.9233716475095786,0.2654185022026432
0.4448014795780182,0.15493410478945677,0.9233716475095786,0.265345444536196
0.4447534680366516,0.15488431876606684,0.9233716475095786,0.2652724270776004
0.44474053382873535,0.15483456472855767,0.9233716475095786,0.2651994497936726
0.4446989893913269,0.15478484264611433,0.9233716475095786,0.2651265126512652
0.4446786344051361,0.15473515248796146,0.9233716475095786,0.265053615617267
0.4445546865463257,0.15468549422336328,0.9233716475095786,0.2649807586586036
0.44443097710609436,0.15463586782162336,0.9233716475095786,0.2649079417422369
0.44433680176734924,0.15458627325208468,0.9233716475095786,0.26483516483516484
0.44426462054252625,0.15453671048412954,0.9233716475095786,0.2647624279044219
0.44422706961631775,0.1544871794871795,0.9233716475095786,0.26468973091707854
0.44400617480278015,0.1544376802306953,0.9233716475095786,0.2646170738402416
0.44383013248443604,0.15438821268417682,0.9233716475095786,0.2645444566410538
0.4436997175216675,0.154338776817163,0.9233716475095786,0.26447187928669413
0.4436405897140503,0.15428937259923176,0.9233716475095786,0.2643993417443774
0.4436369240283966,0.15424,0.9233716475095786,0.26432684398135453
0.4436202645301819,0.15419065898912349,0.9233716475095786,0.2642543859649123
0.4435387849807739,0.15414134953629677,0.9233716475095786,0.2641819676623733
0.44343072175979614,0.15409207161125318,0.9233716475095786,0.2641095890410958
0.44341182708740234,0.15404282518376478,0.9233716475095786,0.2640372500684744
0.4431975781917572,0.15399361022364216,0.9233716475095786,0.26396495071193865
0.4431130290031433,0.15394442670073458,0.9233716475095786,0.26389269093895423
0.44301822781562805,0.15389527458492977,0.9233716475095786,0.26382047071702247
0.4429367780685425,0.15384615384615385,0.9233716475095786,0.26374829001367983
0.4427246153354645,0.1537970644543714,0.9233716475095786,0.2636761487964989
0.4426977038383484,0.15374800637958533,0.9233716475095786,0.2636040470330872
0.4426295757293701,0.15369897959183673,0.9233716475095786,0.263531984691088
0.44261613488197327,0.15364998406120497,0.9233716475095786,0.26345996173817987
0.44261524081230164,0.15360101975780752,0.9233716475095786,0.2633879781420765
0.4425497353076935,0.15355208665179992,0.9233716475095786,0.26331603387052716
0.44253918528556824,0.1535031847133758,0.9233716475095786,0.26324412889131615
0.4424900710582733,0.15345431391276662,0.9233716475095786,0.26317226317226317
0.44247961044311523,0.1534054742202419,0.9233716475095786,0.2631004366812227
0.44244468212127686,0.1533566656061088,0.9233716475095786,0.2630286493860846
0.44236770272254944,0.15330788804071246,0.9233716475095786,0.2629569012547736
0.4423566460609436,0.15325914149443562,0.9233716475095786,0.26288519225524953
0.44215503334999084,0.15321042593769865,0.9233716475095786,0.2628135223555071
0.4420933425426483,0.15316174134095964,0.9233716475095786,0.2627418915235759
0.44208234548568726,0.1531130876747141,0.9233716475095786,0.26267029972752043
0.4418853223323822,0.15306446490949507,0.9233716475095786,0.26259874693543994
0.4418847858905792,0.15301587301587302,0.9233716475095786,0.26252723311546844
0.4418739676475525,0.15296731196445573,0.9233716475095786,0.2624557582357746
0.4418601095676422,0.15291878172588833,0.9233716475095786,0.26238432226456176
0.4418196976184845,0.15287028227085317,0.9233716475095786,0.26231292517006805
0.4418083429336548,0.15282181357006974,0.9233716475095786,0.2622415669205658
0.44179052114486694,0.15277337559429477,0.9233716475095786,0.26217024748436224
0.44178032875061035,0.15272496831432192,0.9233716475095786,0.26209896682979883
0.4416769742965698,0.15267659170098194,0.9233716475095786,0.2620277249252514
0.44157832860946655,0.1526282457251425,0.9233716475095786,0.2619565217391305
0.4415562152862549,0.15289648622981955,0.9252873563218391,0.26242868785656065
0.441400408744812,0.1528481012658228,0.9252873563218391,0.2623574144486693
0.4413025975227356,0.15279974691553305,0.9252873563218391,0.26228617974477325
0.44128045439720154,0.1527514231499051,0.9252873563218391,0.262214983713355
0.4411967098712921,0.15270312993993043,0.9252873563218391,0.2621438263229308
0.4411367177963257,0.15265486725663716,0.9252873563218391,0.262072707542051
0.4411008059978485,0.15260663507109004,0.9252873563218391,0.26200162733930027
0.44102054834365845,0.1525584333543904,0.9252873563218391,0.2619305856832972
0.4410117566585541,0.15251026207767604,0.9252873563218391,0.26185958254269454
0.4409481883049011,0.15246212121212122,0.9252873563218391,0.2617886178861789
0.4408913254737854,0.15241401072893657,0.9252873563218391,0.26171769168247083
0.4408743381500244,0.1523659305993691,0.9252873563218391,0.261646803900325
0.4408380091190338,0.152317880794702,0.9252873563218391,0.2615759545085296
0.44081494212150574,0.15226986128625472,0.9252873563218391,0.26150514347590686
0.4407677948474884,0.15222187204538293,0.9252873563218391,0.2614343707713126
0.4407367706298828,0.15217391304347827,0.9252873563218391,0.2613636363636364
0.44069916009902954,0.1521259842519685,0.9252873563218391,0.26129294022180144
0.44061943888664246,0.15207808564231737,0.9252873563218391,0.2612222823147647
0.44061896204948425,0.15203021718602455,0.9252873563218391,0.26115166261151657
0.4406164884567261,0.15198237885462554,0.9252873563218391,0.2610810810810811
0.44054099917411804,0.15193457061969173,0.9252873563218391,0.26101053769251553
0.4404553472995758,0.15188679245283018,0.9252873563218391,0.2609400324149108
0.44044435024261475,0.15183904432568374,0.9252873563218391,0.26086956521739124
0.44040530920028687,0.15179132620993085,0.9252873563218391,0.2607991360691144
0.4403518736362457,0.15174363807728558,0.9252873563218391,0.26072874493927123
0.44010868668556213,0.15201005025125627,0.9272030651340997,0.2611980572045332
0.43989622592926025,0.15196232339089483,0.9272030651340997,0.2611275964391691
0.4398084282875061,0.15191462649089768,0.9272030651340997,0.26105717367853293
0.4395233988761902,0.15186695952306245,0.9272030651340997,0.2609867888918846
0.4395171105861664,0.15181932245922208,0.9272030651340997,0.2609164420485175
0.43950778245925903,0.15177171527124492,0.9272030651340997,0.260846133117758
0.43931466341018677,0.15203761755485892,0.9291187739463601,0.26131465517241376
0.439230740070343,0.15198997179567533,0.9291187739463601,0.2612442768650687
0.43916910886764526,0.15194235588972432,0.9291187739463601,0.26117393645665055
0.43916019797325134,0.15189476980895708,0.9291187739463601,0.26110363391655445
0.43911606073379517,0.15184721352536004,0.9291187739463601,0.26103336921420883
0.4390820562839508,0.15179968701095461,0.9291187739463601,0.26096314231907447
0.4388587772846222,0.15175219023779724,0.9291187739463601,0.2608929532006455
0.4387613832950592,0.15170472317797937,0.9291187739463601,0.26082280182844847
0.43875420093536377,0.15165728580362728,0.9291187739463601,0.26075268817204306
0.43865323066711426,0.15160987808690216,0.9291187739463601,0.26068261220102124
0.4386034309864044,0.1515625,0.9291187739463601,0.2606125738850081
0.4385106563568115,0.15151515151515152,0.9291187739463601,0.26054257319366103
0.4384908080101013,0.1514678326046221,0.9291187739463601,0.2604726100966702
0.43844249844551086,0.15142054324071183,0.9291187739463601,0.2604026845637584
0.4384239912033081,0.15137328339575531,0.9291187739463601,0.2603327965646806
0.4383912682533264,0.15132605304212168,0.9291187739463601,0.26026294606922457
0.4383544325828552,0.1512788521522146,0.9291187739463601,0.26019313304721026
0.43834513425827026,0.1512316806984721,0.9291187739463601,0.26012335746849025
0.4382547438144684,0.1511845386533666,0.9291187739463601,0.260053619302949
0.43820998072624207,0.1511374259894048,0.9291187739463601,0.2599839185205039
0.43820810317993164,0.15109034267912771,0.9291187739463601,0.25991425509110394
0.43805378675460815,0.15104328869511055,0.9291187739463601,0.2598446289847307
0.4379759728908539,0.15099626400996263,0.9291187739463601,0.25977504017139796
0.43788981437683105,0.15094926859632743,0.9291187739463601,0.2597054886211513
0.4378637671470642,0.15090230242688238,0.9291187739463601,0.2596359743040685
0.4378346800804138,0.15085536547433903,0.9291187739463601,0.25956649719025954
0.43775781989097595,0.15080845771144277,0.9291187739463601,0.2594970572498662
0.43763577938079834,0.15076157911097296,0.9291187739463601,0.2594276544530623
0.43751901388168335,0.1507147296457427,0.9291187739463601,0.25935828877005346
0.43742528557777405,0.15066790928859894,0.9291187739463601,0.2592889601710773
0.4373663067817688,0.15062111801242237,0.9291187739463601,0.259219668626403
0.43732717633247375,0.1505743557901273,0.9291187739463601,0.25915041410633183
0.43724584579467773,0.1505276225946617,0.9291187739463601,0.25908119658119655
0.4371086359024048,0.15048091839900712,0.9291187739463601,0.2590120160213618
0.4371010363101959,0.15043424317617865,0.9291187739463601,0.2589428723972237
0.43680310249328613,0.15038759689922482,0.9291187739463601,0.25887376567921
0.43672919273376465,0.15034097954122752,0.9291187739463601,0.25880469583778015
0.43668133020401,0.15029439107530213,0.9291187739463601,0.2587356628434249
0.43665504455566406,0.15024783147459728,0.9291187739463601,0.25866666666666666
0.43648990988731384,0.15020130071229482,0.9291187739463601,0.25859770727805914
0.436475545167923,0.15015479876160992,0.9291187739463601,0.2585287846481876
0.4361060559749603,0.15010832559579076,0.9291187739463601,0.2584598987476685
0.4360872805118561,0.1500618811881188,0.9291187739463601,0.2583910495471497
0.4359854757785797,0.15001546551190845,0.9291187739463601,0.2583222370173103
0.43592900037765503,0.14996907854050712,0.9291187739463601,0.2582534611288605
0.43587392568588257,0.14992272024729522,0.9291187739463601,0.25818472185254193
0.43573853373527527,0.15018541409147096,0.9310344827586207,0.2586482171367749
0.4357295632362366,0.15013901760889714,0.9310344827586207,0.25857940941739826
0.4357093870639801,0.15009264978381717,0.9310344827586207,0.25851063829787235
0.43557119369506836,0.15004631058968818,0.9310344827586207,0.2584419037490029
0.43548163771629333,0.15,0.9310344827586207,0.2583732057416268
0.43541374802589417,0.15026226473310705,0.9329501915708812,0.25883603507839487
0.4352138638496399,0.1502159161011721,0.9329501915708812,0.25876726886291174
0.43502166867256165,0.1501695960530373,0.9329501915708812,0.25869853917662683
0.43502068519592285,0.1501233045622688,0.9329501915708812,0.25862984599044075
0.43501994013786316,0.15007704160246532,0.9329501915708812,0.2585611892752854
0.4350123703479767,0.15003080714725817,0.9329501915708812,0.25849256900212314
0.43501150608062744,0.14998460117031107,0.9329501915708812,0.2584239851419475
0.4349675178527832,0.1499384236453202,0.9329501915708812,0.2583554376657825
0.4349035322666168,0.1502000615574023,0.9348659003831418,0.2588172898435428
0.4348216950893402,0.15015384615384617,0.9348659003831418,0.25874867444326616
0.4348188042640686,0.15010765918179023,0.9348659003831418,0.25868009541478937
0.43478456139564514,0.15006150061500614,0.9348659003831418,0.2586115527291998
0.43468624353408813,0.15001537042729787,0.9348659003831418,0.2585430463576159
0.43459564447402954,0.14996926859250154,0.9348659003831418,0.2584745762711864
0.4345315098762512,0.1499231950844854,0.9348659003831418,0.2584061424410908
0.43448692560195923,0.14987714987714987,0.9348659003831418,0.25833774483853883
0.4344826936721802,0.14983113294442738,0.9348659003831418,0.25826938343477107
0.4344766438007355,0.1497851442602824,0.9348659003831418,0.25820105820105826
0.4343982934951782,0.14973918379871126,0.9348659003831418,0.25813276910870137
0.43432870507240295,0.14969325153374233,0.9348659003831418,0.25806451612903225
0.43431270122528076,0.14964734743943575,0.9348659003831418,0.25799629923341266
0.43419358134269714,0.1496014714898835,0.9348659003831418,0.25792811839323465
0.43415987491607666,0.14955562365920932,0.9348659003831418,0.25785997357992074
0.43402671813964844,0.14950980392156862,0.9348659003831418,0.2577918647649234
0.434021919965744,0.14946401225114855,0.9348659003831418,0.25772379191972544
0.4340206980705261,0.1494182486221678,0.9348659003831418,0.2576557550158394
0.43401962518692017,0.14937251300887663,0.9348659003831418,0.25758775402480866
0.4339906871318817,0.14932680538555693,0.9348659003831418,0.2575197889182058
0.43393754959106445,0.14928112572652188,0.9348659003831418,0.2574518596676339
0.43392452597618103,0.1492354740061162,0.9348659003831418,0.2573839662447257
0.43392035365104675,0.149189850198716,0.9348659003831418,0.25731610862114423
0.433898389339447,0.1491442542787286,0.9348659003831418,0.25724828676858197
0.43387478590011597,0.14909868622059272,0.9348659003831418,0.2571805006587616
0.4337463676929474,0.14905314599877825,0.9348659003831418,0.2571127502634352
0.4337092339992523,0.14900763358778626,0.9348659003831418,0.25704503555438507
0.4336773455142975,0.14896214896214896,0.9348659003831418,0.25697735650342285
0.4336279034614563,0.14891669209642966,0.9348659003831418,0.25690971308239013
0.43342697620391846,0.14887126296522268,0.9348659003831418,0.25684210526315787
0.4334070086479187,0.1488258615431534,0.9348659003831418,0.2567745330176269
0.43340393900871277,0.14878048780487804,0.9348659003831418,0.2567069963177275
0.43339529633522034,0.1487351417250838,0.9348659003831418,0.2566394951354194
0.4333944618701935,0.1489945155393053,0.9367816091954023,0.25709779179810727
0.4332726299762726,0.1489491318915626,0.9367816091954023,0.2570302233902759
0.43312153220176697,0.14890377588306944,0.9367816091954023,0.256962690488702
0.4330720007419586,0.14885844748858448,0.9367816091954023,0.2568951930654058
0.4330688714981079,0.14881314668289713,0.9367816091954023,0.256827731092437
0.43304669857025146,0.1487678734408275,0.9367816091954023,0.25676030454187454
0.4327528774738312,0.14872262773722628,0.9367816091954023,0.2566929133858268
0.4327421486377716,0.14867740954697475,0.9367816091954023,0.25662555759643135
0.43272706866264343,0.14863221884498481,0.9367816091954023,0.2565582371458552
0.43271374702453613,0.14858705560619873,0.9367816091954023,0.25649095200629424
0.4325650632381439,0.1485419198055893,0.9367816091954023,0.2564237021499738
0.4324398636817932,0.14849681141815974,0.9367816091954023,0.2563564875491481
0.43230095505714417,0.14845173041894352,0.9367816091954023,0.2562893081761006
0.43226444721221924,0.14840667678300457,0.9367816091954023,0.2562221640031439
0.4321436285972595,0.1486650485436893,0.9386973180076629,0.2566788894709272
0.4321161210536957,0.14861995753715498,0.9386973180076629,0.25661167844985594
0.43208834528923035,0.1485748938750758,0.9386973180076629,0.25654450261780104
0.432033509016037,0.14852985753258563,0.9386973180076629,0.2564773619471343
0.43197351694107056,0.1484848484848485,0.9386973180076629,0.25641025641025644
0.43179386854171753,0.14843986670705847,0.9386973180076629,0.2563431859795972
0.43177905678749084,0.14839491217443973,0.9386973180076629,0.25627615062761505
0.4317621886730194,0.14834998486224643,0.9386973180076629,0.2562091503267974
0.43168550729751587,0.1483050847457627,0.9386973180076629,0.25614218504966024
0.4315597414970398,0.14826021180030258,0.9386973180076629,0.2560752547687484
0.4313894212245941,0.1482153660012099,0.9386973180076629,0.2560083594566353
0.4313774108886719,0.14817054732385848,0.9386973180076629,0.25594149908592323
0.43131697177886963,0.14812575574365175,0.9386973180076629,0.25587467362924277
0.4312745928764343,0.14808099123602297,0.9386973180076629,0.25580788305925345
0.4312121570110321,0.14803625377643503,0.9386973180076629,0.25574112734864296
0.4312056005001068,0.14799154334038056,0.9386973180076629,0.25567440647012785
0.4311296343803406,0.14794685990338163,0.9386973180076629,0.25560772039645274
0.431098073720932,0.14790220344099003,0.9386973180076629,0.25554106910039115
0.43100854754447937,0.14785757392878696,0.9386973180076629,0.25547445255474455
0.43100449442863464,0.1478129713423831,0.9386973180076629,0.255407870732343
0.4309667646884918,0.1477683956574186,0.9386973180076629,0.25534132360604483
0.4309515357017517,0.14772384684956286,0.9386973180076629,0.2552748111487366
0.4308831989765167,0.14767932489451477,0.9386973180076629,0.2552083333333333
0.43087080121040344,0.1476348297680024,0.9386973180076629,0.2551418901327779
0.4308375120162964,0.14759036144578314,0.9386973180076629,0.25507548152004167
0.4308355748653412,0.1475459199036435,0.9386973180076629,0.2550091074681239
0.4308287501335144,0.14750150511739915,0.9386973180076629,0.254942767950052
0.43079873919487,0.14745711706289497,0.9386973180076629,0.2548764629388816
0.43073734641075134,0.14741275571600482,0.9386973180076629,0.2548101924076963
0.430710107088089,0.14736842105263157,0.9386973180076629,0.2547439563296075
0.4307045340538025,0.14732411304870716,0.9386973180076629,0.25467775467775466
0.4306965470314026,0.14758040276525397,0.9406130268199234,0.2551312029098467
0.4305974245071411,0.14753605769230768,0.9406130268199234,0.25506493506493505
0.4305301010608673,0.14749173926103934,0.9406130268199234,0.2549987016359387
0.43051764369010925,0.14744744744744745,0.9406130268199234,0.254932502596054
0.43043750524520874,0.1474031822275593,0.9406130268199234,0.25486633791850505
0.43043118715286255,0.14735894357743098,0.9406130268199234,0.25480020757654387
0.43010130524635315,0.1473147314731473,0.9406130268199234,0.2547341115434501
0.4300311803817749,0.14727054589082184,0.9406130268199234,0.25466804979253116
0.429927259683609,0.1472263868065967,0.9406130268199234,0.25460202229712214
0.42986902594566345,0.1471822541966427,0.9406130268199234,0.2545360290305858
0.42984330654144287,0.14713814803715913,0.9406130268199234,0.25447006996631255
0.42974531650543213,0.14709406830437388,0.9406130268199234,0.25440414507772025
0.42958149313926697,0.14705001497454329,0.9406130268199234,0.2543382543382544
0.4294930696487427,0.1470059880239521,0.9406130268199234,0.2542723977213878
0.42919299006462097,0.1469619874289135,0.9406130268199234,0.2542065752006213
0.4290042221546173,0.146918013165769,0.9406130268199234,0.25414078674948243
0.42899090051651,0.14687406521088842,0.9406130268199234,0.25407503234152656
0.42895299196243286,0.14683014354066987,0.9406130268199234,0.25400931195033627
0.4289214015007019,0.14678624813153962,0.9406130268199234,0.25394362554952166
0.4288949966430664,0.14674237895995218,0.9406130268199234,0.25387797311271976
0.42881035804748535,0.1466985360023902,0.9406130268199234,0.25381235461359525
0.42871156334877014,0.14665471923536438,0.9406130268199234,0.2537467700258398
0.4285886585712433,0.14661092863541356,0.9406130268199234,0.25368121932317234
0.42855265736579895,0.14656716417910448,0.9406130268199234,0.25361570247933884
0.42852216958999634,0.14652342584303193,0.9406130268199234,0.25355021946811257
0.42842212319374084,0.14647971360381862,0.9406130268199234,0.25348477026329375
0.42838650941848755,0.14643602743811512,0.9406130268199234,0.2534193548387097
0.4283617436885834,0.1463923673225999,0.9406130268199234,0.2533539731682147
0.4283306896686554,0.14634873323397912,0.9406130268199234,0.25328862522568996
0.42827364802360535,0.1463051251489869,0.9406130268199234,0.2532233109850438
0.4282432496547699,0.14626154304438488,0.9406130268199234,0.25315803042021146
0.428169846534729,0.14621798689696247,0.9406130268199234,0.25309278350515463
0.42809802293777466,0.14617445668353676,0.9406130268199234,0.25302757021386246
0.4279349148273468,0.1461309523809524,0.9406130268199234,0.25296239052035036
0.4278770387172699,0.14608747396608152,0.9406130268199234,0.25289724439866085
0.4277319014072418,0.14604402141582393,0.9406130268199234,0.25283213182286307
0.4276849627494812,0.14600059470710675,0.9406130268199234,0.25276705276705275
0.4275936782360077,0.14595719381688466,0.9406130268199234,0.2527020072053526
0.4273759126663208,0.14591381872213968,0.9406130268199234,0.2526369951119115
0.427374929189682,0.14587046939988116,0.9406130268199234,0.2525720164609053
0.42735785245895386,0.14582714582714582,0.9406130268199234,0.2525070712265364
0.4272920489311218,0.14578384798099764,0.9406130268199234,0.25244215938303344
0.4272753596305847,0.14574057583852776,0.9406130268199234,0.2523772809046518
0.42723897099494934,0.1456973293768546,0.9406130268199234,0.2523124357656732
0.4271993637084961,0.1456541085731237,0.9406130268199234,0.2522476239404059
0.42715984582901,0.1456109134045077,0.9406130268199234,0.2521828454031844
0.42683300375938416,0.14556774384820634,0.9406130268199234,0.2521181001283697
0.4268202483654022,0.14552459988144636,0.9406130268199234,0.25205338809034905
0.42670148611068726,0.1454814814814815,0.9406130268199234,0.25198870926353606
0.42663073539733887,0.1454383886255924,0.9406130268199234,0.2519240636223704
0.42655453085899353,0.14539532129108676,0.9406130268199234,0.2518594511413183
0.4264448583126068,0.145352279455299,0.9406130268199234,0.2517948717948718
0.4264145493507385,0.14530926309559042,0.9406130268199234,0.2517303255575493
0.42639756202697754,0.14526627218934912,0.9406130268199234,0.25166581240389546
0.42628273367881775,0.14522330671398995,0.9406130268199234,0.25160133230848064
0.426261842250824,0.14518036664695447,0.9406130268199234,0.2515368852459016
0.4261316657066345,0.1451374519657109,0.9406130268199234,0.2514724711907811
0.4261280298233032,0.14509456264775414,0.9406130268199234,0.25140809011776755
0.42594072222709656,0.1450516986706056,0.9406130268199234,0.2513437420015357
0.42575839161872864,0.14500886001181335,0.9406130268199234,0.2512794268167861
0.42558979988098145,0.14496604664895188,0.9406130268199234,0.2512151445382451
0.42555421590805054,0.1449232585596222,0.9406130268199234,0.25115089514066496
0.42553266882896423,0.14488049572145176,0.9406130268199234,0.2510866785988239
0.42545172572135925,0.1448377581120944,0.9406130268199234,0.2510224948875256
0.4253847599029541,0.14479504570923032,0.9406130268199234,0.25095834398159983
0.4253789484500885,0.14475235849056603,0.9406130268199234,0.2508942258559019
0.4253706634044647,0.14470969643383436,0.9406130268199234,0.2508301404853128
0.4249511957168579,0.14466705951679434,0.9406130268199234,0.2507660878447395
0.42482516169548035,0.14462444771723124,0.9406130268199234,0.2507020679091141
0.4247742295265198,0.14458186101295642,0.9406130268199234,0.2506380806533946
0.42474403977394104,0.14453929938180748,0.9406130268199234,0.25057412605256446
0.42471209168434143,0.14449676280164803,0.9406130268199234,0.25051020408163266
0.424704372882843,0.14445425125036776,0.9406130268199234,0.2504463147156337
0.424626886844635,0.14441176470588235,0.9406130268199234,0.25038245792962777
0.4245796203613281,0.1443693031461335,0.9406130268199234,0.2503186336987
0.42440760135650635,0.14432686654908877,0.9406130268199234,0.2502548419979612
0.42438191175460815,0.1442844548927417,0.9406130268199234,0.25019108280254776
0.4242976903915405,0.14424206815511165,0.9406130268199234,0.25012735608762104
0.42423003911972046,0.14419970631424375,0.9406130268199234,0.2500636618283677
0.42419272661209106,0.14415736934820905,0.9406130268199234,0.25
0.42416712641716003,0.1441150572351042,0.9406130268199234,0.24993637057775522
0.42415034770965576,0.14407276995305165,0.9406130268199234,0.2498727735368957
0.4241270422935486,0.14403050748019947,0.9406130268199234,0.24980920885270924
0.42408043146133423,0.1439882697947214,0.9406130268199234,0.24974567650050866
0.42404958605766296,0.14394605687481676,0.9406130268199234,0.24968217645563184
0.4238620102405548,0.14390386869871044,0.9406130268199234,0.2496187086934418
0.423833429813385,0.1438617052446528,0.9406130268199234,0.24955527318932658
0.42377737164497375,0.14381956649091973,0.9406130268199234,0.24949186991869918
0.4237772822380066,0.14377745241581258,0.9406130268199234,0.24942849885699772
0.4236959218978882,0.14373536299765807,0.9406130268199234,0.24936515997968514
0.42369288206100464,0.1436932982148083,0.9406130268199234,0.2493018532622493
0.42356741428375244,0.14365125804564072,0.9406130268199234,0.24923857868020305
0.42350661754608154,0.14360924246855805,0.9406130268199234,0.24917533620908397
0.4235052466392517,0.14356725146198832,0.9406130268199234,0.24911212582445463
0.42336028814315796,0.1435252850043847,0.9406130268199234,0.2490489475019021
0.42332324385643005,0.1434833430742256,0.9406130268199234,0.24898580121703853
0.42330747842788696,0.1434414256500146,0.9406130268199234,0.24892268694550063
0.42305120825767517,0.1433995327102804,0.9406130268199234,0.2488596046629498
0.42304500937461853,0.14335766423357665,0.9406130268199234,0.24879655434507222
0.42298614978790283,0.14331582019848219,0.9406130268199234,0.24873353596757852
0.42277875542640686,0.14327400058360082,0.9406130268199234,0.24867054950620412
0.4226903021335602,0.14323220536756126,0.9406130268199234,0.24860759493670884
0.4226040840148926,0.1431904345290172,0.9406130268199234,0.24854467223487722
0.4225882291793823,0.14314868804664724,0.9406130268199234,0.24848178137651827
0.4225684702396393,0.14310696589915475,0.9406130268199234,0.2484189223374652
0.4225154519081116,0.14306526806526806,0.9406130268199234,0.24835609509357615
0.422458678483963,0.14302359452374017,0.9406130268199234,0.24829329962073327
0.4224177300930023,0.14298194525334887,0.9406130268199234,0.24823053589484326
0.4223804175853729,0.14294032023289666,0.9406130268199234,0.2481678038918373
0.4223414361476898,0.14289871944121071,0.9406130268199234,0.24810510358767054
0.42213332653045654,0.14285714285714285,0.9406130268199234,0.24804243495832282
0.4221317768096924,0.1428155904595695,0.9406130268199234,0.247979797979798
0.42208752036094666,0.1427740622273917,0.9406130268199234,0.2479171926281242
0.42198479175567627,0.1427325581395349,0.9406130268199234,0.24785461887935387
0.4219563603401184,0.14269107817494914,0.9406130268199234,0.24779207670956344
0.42191803455352783,0.14264962231260894,0.9406130268199234,0.2477295660948537
0.4218856990337372,0.14260819053151322,0.9406130268199234,0.24766708701134932
0.4218340516090393,0.14256678281068524,0.9406130268199234,0.2476046394351992
0.4217778444290161,0.14252539912917273,0.9406130268199234,0.24754222334257628
0.421720415353775,0.1424840394660476,0.9406130268199234,0.24747983870967746
0.4216465353965759,0.14244270380040616,0.9406130268199234,0.24741748551272363
0.42163828015327454,0.1424013921113689,0.9406130268199234,0.24735516372795968
0.4216087758541107,0.1423601043780806,0.9406130268199234,0.24729287333165453
0.42140743136405945,0.1426086956521739,0.9425287356321839,0.24773413897280963
0.421403169631958,0.14256737177629672,0.9425287356321839,0.2476717845456833
0.42136526107788086,0.1425260718424102,0.9425287356321839,0.24760946149974838
0.42135167121887207,0.1424847958297133,0.9425287356321839,0.24754716981132077
0.421241819858551,0.14244354371742907,0.9425287356321839,0.24748490945674045
0.421199768781662,0.14240231548480464,0.9425287356321839,0.24742268041237117
0.4211554527282715,0.1423611111111111,0.9425287356321839,0.24736048265460026
0.4210304021835327,0.14231993057564363,0.9425287356321839,0.24729831615983913
0.4210253357887268,0.14227877385772122,0.9425287356321839,0.24723618090452265
0.42083945870399475,0.1422376409366869,0.9425287356321839,0.24717407686510923
0.4207247495651245,0.14219653179190753,0.9425287356321839,0.24711200401808134
0.4206978678703308,0.14215544640277378,0.9425287356321839,0.24704996233994478
0.42066478729248047,0.14211438474870017,0.9425287356321839,0.24698795180722893
0.420639306306839,0.14207334680912503,0.9425287356321839,0.2469259723964868
0.4205687940120697,0.1420323325635104,0.9425287356321839,0.24686402408429503
0.4203852713108063,0.141991341991342,0.9425287356321839,0.24680210684725362
0.42037996649742126,0.14223889209463358,0.9444444444444444,0.2472417251755266
0.4203774333000183,0.14219786558984712,0.9444444444444444,0.24717974429681625
0.42030540108680725,0.14215686274509803,0.9444444444444444,0.24711779448621554
0.4202907383441925,0.14211588353992505,0.9444444444444444,0.24705587572037085
0.4202784299850464,0.14207492795389048,0.9444444444444444,0.24699398797595193
0.4202684164047241,0.14203399596658023,0.9444444444444444,0.24693213122965188
0.420189768075943,0.14199308755760368,0.9444444444444444,0.24687030545818728
0.4201188087463379,0.14195220270659373,0.9444444444444444,0.24680851063829787
0.42002594470977783,0.14191134139320669,0.9444444444444444,0.24674674674674674
0.41994205117225647,0.1418705035971223,0.9444444444444444,0.24668501376032023
0.4199245572090149,0.14182968929804374,0.9444444444444444,0.24662331165582793
0.4198329448699951,0.14178889847569745,0.9444444444444444,0.24656164041010256
0.41966769099235535,0.14174813110983323,0.9444444444444444,0.2465
0.4195941388607025,0.14170738718022421,0.9444444444444444,0.24643839040239945
0.4194715917110443,0.14166666666666666,0.9444444444444444,0.24637681159420294
0.4194355905056,0.14162596954898019,0.9444444444444444,0.2463152635523358
0.41914451122283936,0.14158529580700746,0.9444444444444444,0.24625374625374624
0.4190690815448761,0.1415446454206144,0.9444444444444444,0.2461922596754057
0.41899245977401733,0.14150401836969,0.9444444444444444,0.24613080379430852
0.4189785420894623,0.14146341463414633,0.9444444444444444,0.2460693785874719
0.4189031720161438,0.14142283419391852,0.9444444444444444,0.24600798403193608
0.4188709855079651,0.14138227702896472,0.9444444444444444,0.24594662010476426
0.41883713006973267,0.14134174311926606,0.9444444444444444,0.2458852867830424
0.41879433393478394,0.1413012324448266,0.9444444444444444,0.2458239840438793
0.41877928376197815,0.14126074498567334,0.9444444444444444,0.2457627118644068
0.4186866879463196,0.1412202807218562,0.9444444444444444,0.24570147022177924
0.4184836149215698,0.14117983963344788,0.9444444444444444,0.24564025909317388
0.41846683621406555,0.14113942170054394,0.9444444444444444,0.24557907845579077
0.4184645712375641,0.14109902690326273,0.9444444444444444,0.24551792828685254
0.4183061122894287,0.14105865522174535,0.9444444444444444,0.24545680856360463
0.4181142747402191,0.1410183066361556,0.9444444444444444,0.2453957192633151
0.4180264174938202,0.14097798112668,0.9444444444444444,0.2453346603632744
0.4180225133895874,0.14093767867352772,0.9444444444444444,0.24527363184079598
0.41781237721443176,0.14089739925693054,0.9444444444444444,0.24521263367321564
0.4177979826927185,0.14085714285714285,0.9444444444444444,0.2451516658378916
0.41775795817375183,0.14081690945444159,0.9444444444444444,0.2450907283122048
0.4176281690597534,0.1407766990291262,0.9444444444444444,0.24502982107355864
0.4174444079399109,0.1407365115615187,0.9444444444444444,0.2449689440993789
0.4174349009990692,0.14069634703196346,0.9444444444444444,0.24490809736711372
0.4173854887485504,0.14065620542082738,0.9444444444444444,0.24484728085423393
0.4173182249069214,0.1406160867084997,0.9444444444444444,0.24478649453823234
0.4171389639377594,0.14057599087539208,0.9444444444444444,0.2447257383966245
0.41704946756362915,0.14053591790193842,0.9444444444444444,0.24466501240694788
0.4169418513774872,0.14049586776859505,0.9444444444444444,0.2446043165467626
0.41691142320632935,0.14045584045584045,0.9444444444444444,0.24454365079365079
0.4167398512363434,0.14041583594417545,0.9444444444444444,0.24448301512521697
0.41666379570961,0.14037585421412302,0.9444444444444444,0.24442240951908778
0.4165051281452179,0.1403358952462283,0.9444444444444444,0.24436183395291203
0.416460782289505,0.14029595902105862,0.9444444444444444,0.24430128840436074
0.4164079427719116,0.14025604551920343,0.9444444444444444,0.2442407728511271
0.4162820875644684,0.1402161547212742,0.9444444444444444,0.24418028727092622
0.41619524359703064,0.14017628660790446,0.9444444444444444,0.2441198316414954
0.4161485731601715,0.1404206935758954,0.946360153256705,0.24455445544554458
0.41613495349884033,0.14038078999715828,0.946360153256705,0.2444939371442712
0.4160621166229248,0.1403409090909091,0.946360153256705,0.24443344878772885
0.4160207211971283,0.14030105083783015,0.946360153256705,0.24437299035369775
0.41589120030403137,0.14026121521862578,0.946360153256705,0.24431256181998023
0.4157687723636627,0.14022140221402213,0.946360153256705,0.2442521631644005
0.41575127840042114,0.14018161180476732,0.946360153256705,0.24419179436480476
0.41565343737602234,0.1401418439716312,0.946360153256705,0.24413145539906106
0.4156532883644104,0.14010209869540555,0.946360153256705,0.24407114624505927
0.415454238653183,0.14006237595690388,0.946360153256705,0.24401086688071125
0.41543322801589966,0.14002267573696145,0.946360153256705,0.24395061728395065
0.41538530588150024,0.13998299801643524,0.946360153256705,0.24389039743273264
0.41528141498565674,0.13994334277620396,0.946360153256705,0.24383020730503455
0.4152698218822479,0.13990370999716795,0.946360153256705,0.24377004687885517
0.41518694162368774,0.13986409966024915,0.946360153256705,0.2437099161322151
0.4151644706726074,0.13982451174639116,0.946360153256705,0.24364981504315655
0.4150473475456238,0.13978494623655913,0.946360153256705,0.24358974358974358
0.414972186088562,0.13974540311173975,0.946360153256705,0.24352970175006164
0.41495481133461,0.13970588235294118,0.946360153256705,0.24346968950221784
0.41472598910331726,0.1396663839411931,0.946360153256705,0.24340970682434093
0.41462433338165283,0.13962690785754664,0.946360153256705,0.24334975369458128
0.41460636258125305,0.13958745408307432,0.946360153256705,0.24328983009111058
0.41456153988838196,0.13954802259887006,0.946360153256705,0.2432299359921221
0.41450345516204834,0.13950861338604914,0.946360153256705,0.24317007137583063
0.41449427604675293,0.13946922642574816,0.946360153256705,0.2431102362204724
0.4144601821899414,0.13942986169912502,0.946360153256705,0.24305043050430503
0.4142538011074066,0.13939051918735892,0.946360153256705,0.24299065420560745
0.4142420291900635,0.1393511988716502,0.946360153256705,0.2429309073026801
0.4141153395175934,0.13931190073322053,0.946360153256705,0.24287118977384461
0.4140481948852539,0.13927262475331265,0.946360153256705,0.24281150159744405
0.4140211343765259,0.13923337091319052,0.946360153256705,0.24275184275184272
0.41382262110710144,0.1391941391941392,0.946360153256705,0.24269221321542622
0.41381606459617615,0.13915492957746478,0.946360153256705,0.24263261296660119
0.41355860233306885,0.1391157420444945,0.946360153256705,0.2425730419837957
0.4135427176952362,0.13907657657657657,0.946360153256705,0.24251350024545903
0.4133293330669403,0.13903743315508021,0.946360153256705,0.24245398773006135
0.4132712185382843,0.1389983117613956,0.946360153256705,0.24239450441609423
0.41315725445747375,0.1389592123769339,0.946360153256705,0.24233505028207014
0.41290467977523804,0.1389201349831271,0.946360153256705,0.2422756253065228
0.4128740429878235,0.13888107956142817,0.946360153256705,0.24221622946800686
0.4128246307373047,0.13884204609331086,0.946360153256705,0.24215686274509804
0.4127817153930664,0.13880303456026974,0.946360153256705,0.24209752511639301
0.4127536118030548,0.13876404494382022,0.946360153256705,0.2420382165605095
0.41273778676986694,0.13872507722549846,0.946360153256705,0.2419789370560862
0.4127137362957001,0.1386861313868613,0.946360153256705,0.2419196865817826
0.4126715064048767,0.13864720740948638,0.946360153256705,0.24186046511627904
0.4125123918056488,0.13860830527497195,0.946360153256705,0.24180127263827703
0.4123838245868683,0.13856942496493688,0.946360153256705,0.24174210912649863
0.41236412525177,0.13853056646102074,0.946360153256705,0.24168297455968688
0.4123125672340393,0.13849172974488366,0.946360153256705,0.24162386891660553
0.4122663736343384,0.1384529147982063,0.946360153256705,0.24156479217603913
0.412073016166687,0.13841412160268982,0.946360153256705,0.24150574431679295
0.41189709305763245,0.13837535014005603,0.946360153256705,0.24144672531769307
0.4118667244911194,0.13833660039204704,0.946360153256705,0.2413877351575861
0.41181761026382446,0.13829787234042554,0.946360153256705,0.2413287738153395
0.41160568594932556,0.13825916596697452,0.946360153256705,0.24126984126984125
0.41154152154922485,0.13822048125349748,0.946360153256705,0.2412109375
0.4115012288093567,0.13818181818181818,0.946360153256705,0.24115206248474494
0.4113719165325165,0.13814317673378076,0.946360153256705,0.24109321620302585
0.41135621070861816,0.13810455689124965,0.946360153256705,0.24103439863381312
0.41135185956954956,0.13806595863610957,0.946360153256705,0.24097560975609758
0.411175400018692,0.13802738195026543,0.946360153256705,0.24091684954889053
0.4111683964729309,0.13798882681564245,0.946360153256705,0.2408581179912238
0.41116663813591003,0.13795029321418598,0.946360153256705,0.2407994150621496
0.41108447313308716,0.13791178112786154,0.946360153256705,0.24074074074074076
0.4109784960746765,0.13787329053865477,0.946360153256705,0.24068209500609014
0.41095027327537537,0.13783482142857142,0.946360153256705,0.24062347783731125
0.4107750356197357,0.13779637377963738,0.946360153256705,0.2405648892135379
0.4107687771320343,0.1377579475738985,0.946360153256705,0.24050632911392403
0.4107491374015808,0.1377195427934207,0.946360153256705,0.24044779751764422
0.4105280935764313,0.13768115942028986,0.946360153256705,0.24038929440389295
0.41039618849754333,0.13764279743661187,0.946360153256705,0.2403308197518852
0.41036728024482727,0.13760445682451253,0.946360153256705,0.240272373540856
0.4103614091873169,0.13756613756613756,0.946360153256705,0.24021395575006074
0.4103511869907379,0.13752783964365256,0.946360153256705,0.2401555663587749
0.41030779480934143,0.13748956303924298,0.946360153256705,0.24009720534629408
0.41024598479270935,0.13745130773511408,0.946360153256705,0.2400388726919339
0.41019412875175476,0.13741307371349096,0.946360153256705,0.23998056837503035
0.4101220369338989,0.13737486095661847,0.946360153256705,0.23992229237493928
0.4100984036922455,0.13733666944676118,0.946360153256705,0.2398640446710366
0.41006192564964294,0.13729849916620346,0.946360153256705,0.23980582524271848
0.4099577069282532,0.13726035009724924,0.946360153256705,0.23974763406940058
0.4098340570926666,0.13722222222222222,0.946360153256705,0.23968947113051917
0.40978944301605225,0.1371841155234657,0.946360153256705,0.23963133640552997
0.40975630283355713,0.13714602998334258,0.946360153256705,0.23957322987390886
0.4096479117870331,0.13710796558423535,0.946360153256705,0.2395151515151515
0.40938642621040344,0.13706992230854606,0.946360153256705,0.23945710130877362
0.4090995788574219,0.13703190013869626,0.946360153256705,0.2393990792343106
0.4090084433555603,0.136993899057127,0.946360153256705,0.2393410852713178
0.4087614417076111,0.13695591904629886,0.946360153256705,0.2392831193993703
0.4087130129337311,0.1369179600886918,0.946360153256705,0.23922518159806297
0.4086899161338806,0.1368800221668052,0.946360153256705,0.23916727184701037
0.40855443477630615,0.1368421052631579,0.946360153256705,0.23910939012584703
0.40840843319892883,0.136804209360288,0.946360153256705,0.23905153641422697
0.4083365499973297,0.13676633444075303,0.946360153256705,0.23899371069182387
0.4082655608654022,0.13672848048712982,0.946360153256705,0.23893591293833133
0.4080514907836914,0.1366906474820144,0.946360153256705,0.2388781431334623
0.4079931378364563,0.13665283540802212,0.946360153256705,0.23882040125694945
0.40794050693511963,0.13661504424778761,0.946360153256705,0.2387626872885452
0.40790891647338867,0.1365772739839646,0.946360153256705,0.23870500120802124
0.407817542552948,0.13653952459922608,0.946360153256705,0.23864734299516907
0.407764196395874,0.13650179607626417,0.946360153256705,0.23858971262979956
0.40764743089675903,0.13646408839779006,0.946360153256705,0.2385321100917431
0.4075816869735718,0.1364264015465341,0.946360153256705,0.2384745353608496
0.4075583219528198,0.13666482606294864,0.9482758620689655,0.2388996138996139
0.4075564742088318,0.1366271046094397,0.9482758620689655,0.2388419782870929
0.40755411982536316,0.13658940397350994,0.9482758620689655,0.23878437047756876
0.4075464606285095,0.13655172413793104,0.9482758620689655,0.2387267904509284
0.40737780928611755,0.13651406508549366,0.9482758620689655,0.2386692381870781
0.4072577953338623,0.13647642679900746,0.9482758620689655,0.23861171366594364
0.40724363923072815,0.136438809261301,0.9482758620689655,0.23855421686746991
0.40722817182540894,0.13640121245522183,0.9482758620689655,0.23849674777162128
0.40702158212661743,0.13636363636363635,0.9482758620689655,0.23843930635838145
0.4068641662597656,0.1363260809694299,0.9482758620689655,0.2383818926077534
0.40683862566947937,0.1362885462555066,0.9482758620689655,0.23832450649975928
0.4066660404205322,0.13625103220478943,0.9482758620689655,0.2382671480144404
0.40649548172950745,0.13621353880022014,0.9482758620689655,0.23820981713185752
0.40617915987968445,0.1361760660247593,0.9482758620689655,0.23815251383209046
0.4060537815093994,0.13613861386138615,0.9482758620689655,0.23809523809523808
0.40597403049468994,0.1361011822930987,0.9482758620689655,0.2380379899014186
0.40595218539237976,0.1360637713029137,0.9482758620689655,0.23798076923076922
0.4059094786643982,0.13602638087386645,0.9482758620689655,0.2379235760634463
0.4058111011981964,0.13598901098901098,0.9482758620689655,0.2378664103796252
0.4058067500591278,0.13595166163141995,0.9482758620689655,0.23780927215950037
0.40566056966781616,0.13591433278418452,0.9482758620689655,0.23775216138328534
0.4055293798446655,0.1358770244304145,0.9482758620689655,0.23769507803121245
0.4052466154098511,0.1358397365532382,0.9482758620689655,0.23763802208353338
0.4051656424999237,0.13580246913580246,0.9482758620689655,0.2375809935205184
0.40499937534332275,0.13576522216127263,0.9482758620689655,0.2375239923224568
0.4047583043575287,0.13572799561283247,0.9482758620689655,0.23746701846965698
0.40457209944725037,0.1356907894736842,0.9482758620689655,0.23741007194244604
0.40444308519363403,0.13565360372704852,0.9482758620689655,0.23735315272117
0.40442001819610596,0.13561643835616438,0.9482758620689655,0.23729626078619365
0.40437614917755127,0.13557929334428923,0.9482758620689655,0.23723939611790076
0.4043506681919098,0.1355421686746988,0.9482758620689655,0.23718255869669386
0.40432748198509216,0.1355050643306871,0.9482758620689655,0.237125748502994
0.4042969048023224,0.1354679802955665,0.9482758620689655,0.23706896551724135
0.40422436594963074,0.1354309165526676,0.9482758620689655,0.23701220971989467
0.4040396511554718,0.13539387308533918,0.9482758620689655,0.2369554810914313
0.403916597366333,0.13535684987694832,0.9482758620689655,0.23689877961234745
0.40389522910118103,0.13531984691088025,0.9482758620689655,0.23684210526315785
0.4038406312465668,0.1352828641705384,0.9482758620689655,0.23678545802439607
0.4037851393222809,0.13524590163934427,0.9482758620689655,0.23672883787661406
0.4034995436668396,0.1352089593007375,0.9482758620689655,0.23667224480038251
0.4034900367259979,0.13517203713817585,0.9482758620689655,0.2366156787762906
0.4034838378429413,0.13513513513513514,0.9482758620689655,0.23655913978494625
0.4034814238548279,0.13509825327510916,0.9482758620689655,0.2365026278069756
0.4034799039363861,0.13506139154160982,0.9482758620689655,0.2364461428230236
0.40346989035606384,0.13502454991816695,0.9482758620689655,0.2363896848137536
0.4032348096370697,0.13498772838832834,0.9482758620689655,0.23633325375984726
0.40314170718193054,0.13495092693565977,0.9482758620689655,0.23627684964200482
0.4031326472759247,0.1349141455437449,0.9482758620689655,0.23622047244094488
0.40290385484695435,0.13487738419618528,0.9482758620689655,0.2361641221374046
0.4027242362499237,0.1348406428766004,0.9482758620689655,0.23610779871213927
0.40268924832344055,0.13480392156862744,0.9482758620689655,0.23605150214592277
0.40251588821411133,0.13476722025592158,0.9482758620689655,0.23599523241954706
0.4023030698299408,0.1347305389221557,0.9482758620689655,0.23593898951382267
0.40224212408065796,0.1346938775510204,0.9482758620689655,0.23588277340957828
0.40216222405433655,0.13465723612622416,0.9482758620689655,0.23582658408766077
0.4020453691482544,0.13462061463149305,0.9482758620689655,0.23577042152893543
0.40202397108078003,0.13458401305057097,0.9482758620689655,0.23571428571428574
0.40197911858558655,0.13454743136721936,0.9482758620689655,0.23565817662461316
0.40161508321762085,0.13451086956521738,0.9482758620689655,0.23560209424083772
0.40154606103897095,0.13447432762836187,0.9482758620689655,0.2355460385438972
0.40141767263412476,0.1347093970668115,0.9501915708812261,0.23596574690770697
0.4013550281524658,0.13467282106978007,0.9501915708812261,0.23590963139120097
0.40134936571121216,0.13463626492942454,0.9501915708812261,0.2358535425582501
0.40125057101249695,0.13487109905020353,0.9521072796934866,0.23627287853577372
0.4012168347835541,0.13483450895279436,0.9521072796934866,0.2362167300380228
0.40111294388771057,0.13479793870355303,0.9521072796934866,0.23616060822047996
0.40103211998939514,0.13476138828633405,0.9521072796934866,0.236104513064133
0.400988906621933,0.1347248576850095,0.9521072796934866,0.23604844454998813
0.40092724561691284,0.13468834688346884,0.9521072796934866,0.23599240265906937
0.40090999007225037,0.13465185586561906,0.9521072796934866,0.23593638737241868
0.4008679687976837,0.1346153846153846,0.9521072796934866,0.23588039867109634
0.40083417296409607,0.1345789331167073,0.9521072796934866,0.23582443653618032
0.4005778431892395,0.13454250135354628,0.9521072796934866,0.23576850094876664
0.40052422881126404,0.1345060893098782,0.9521072796934866,0.23571259188996915
0.4004736542701721,0.13446969696969696,0.9521072796934866,0.2356567093409198
0.4004216492176056,0.1344333243170138,0.9521072796934866,0.23560085328276845
0.40030938386917114,0.1343969713358572,0.9521072796934866,0.23554502369668243
0.4002232849597931,0.13436063801027304,0.9521072796934866,0.2354892205638474
0.40018075704574585,0.1343243243243243,0.9521072796934866,0.23543344386546658
0.40000274777412415,0.13428803026209132,0.9521072796934866,0.2353776935827611
0.3998865485191345,0.13425175580767154,0.9521072796934866,0.23532196969696972
0.3996469974517822,0.1342155009451796,0.9521072796934866,0.23526627218934915
0.3996116518974304,0.1341792656587473,0.9521072796934866,0.23521060104117372
0.39946094155311584,0.13414304993252363,0.9521072796934866,0.23515495623373553
0.399353951215744,0.13410685375067458,0.9521072796934866,0.23509933774834435
0.3992941677570343,0.13407067709738332,0.9521072796934866,0.23504374556632773
0.39929285645484924,0.13403451995685006,0.9521072796934866,0.2349881796690308
0.39924323558807373,0.133998382313292,0.9521072796934866,0.2349326400378161
0.3991715610027313,0.1339622641509434,0.9521072796934866,0.23487712665406424
0.3991657793521881,0.1339261654540555,0.9521072796934866,0.23482163949917315
0.39908599853515625,0.13389008620689655,0.9521072796934866,0.23476617855455834
0.3989008963108063,0.13385402639375168,0.9521072796934866,0.23471074380165288
0.3988233506679535,0.133817985998923,0.9521072796934866,0.23465533522190746
0.3985040783882141,0.13378196500672948,0.9521072796934866,0.23459995279679016
0.3982933461666107,0.133745963401507,0.9521072796934866,0.2345445965077867
0.39825117588043213,0.1337099811676083,0.9521072796934866,0.23448926633640008
0.398136168718338,0.1336740182894029,0.9521072796934866,0.23443396226415092
0.3981282413005829,0.13363807475127723,0.9521072796934866,0.23437868427257721
0.3980819880962372,0.1336021505376344,0.9521072796934866,0.23432343234323436
0.39804884791374207,0.13356624563289438,0.9521072796934866,0.23426820645769503
0.3979915380477905,0.13353036002149382,0.9521072796934866,0.23421300659754946
0.3979170024394989,0.1334944936878861,0.9521072796934866,0.23415783274440516
0.397859126329422,0.13345864661654136,0.9521072796934866,0.23410268487988695
0.39765483140945435,0.1334228187919463,0.9521072796934866,0.2340475629856369
0.39761248230934143,0.1333870101986044,0.9521072796934866,0.23399246704331456
0.3973545432090759,0.13335122082103568,0.9521072796934866,0.23393739703459634
0.39735445380210876,0.1333154506437768,0.9521072796934866,0.23388235294117646
0.39731693267822266,0.13327969965138106,0.9521072796934866,0.23382733474476597
0.39728623628616333,0.13324396782841824,0.9521072796934866,0.23377234242709316
0.3970598876476288,0.13320825515947468,0.9521072796934866,0.23371737596990363
0.39697518944740295,0.13317256162915328,0.9521072796934866,0.23366243535496006
0.39695918560028076,0.1331368872220734,0.9521072796934866,0.23360752056404233
0.3969372510910034,0.1331012319228709,0.9521072796934866,0.23355263157894737
0.3969348669052124,0.13306559571619814,0.9521072796934866,0.23349776838148936
0.39686718583106995,0.13302997858672377,0.9521072796934866,0.23344293095349933
0.3968426585197449,0.13299438051913298,0.9521072796934866,0.23338811927682554
0.3968295156955719,0.13295880149812733,0.9521072796934866,0.2333333333333333
0.3968104124069214,0.13292324150842472,0.9521072796934866,0.233278573104905
0.3968034088611603,0.13288770053475935,0.9521072796934866,0.23322383857343967
0.39673250913619995,0.13285217856188186,0.9521072796934866,0.23316912972085388
0.39661386609077454,0.13281667557455906,0.9521072796934866,0.2331144465290807
0.3965959846973419,0.13278119155757415,0.9521072796934866,0.23305978898007038
0.39650848507881165,0.1327457264957265,0.9521072796934866,0.23300515705578995
0.3964839279651642,0.13271028037383178,0.9521072796934866,0.2329505507382236
0.3964814841747284,0.13267485317672184,0.9521072796934866,0.23289597000937207
0.39640429615974426,0.13290632506004804,0.9540229885057471,0.23330990864371048
0.3960762321949005,0.1328708644610459,0.9540229885057471,0.2332552693208431
0.396016001701355,0.13283542277940785,0.9540229885057471,0.23320065558417236
0.3959932327270508,0.1328,0.9540229885057471,0.23314606741573032
0.3958110213279724,0.1327645961077046,0.9540229885057471,0.23309150479756613
0.39574751257896423,0.13272921108742003,0.9540229885057471,0.23303696771174542
0.395420640707016,0.13269384492406075,0.9540229885057471,0.23298245614035085
0.39518269896507263,0.13265849760255727,0.9540229885057471,0.23292797006548177
0.3950268030166626,0.13262316910785618,0.9540229885057471,0.23287350946925414
0.39491942524909973,0.13258785942492013,0.9540229885057471,0.2328190743338008
0.39488092064857483,0.1325525685387277,0.9540229885057471,0.2327646646412713
0.3947497010231018,0.13251729643427354,0.9540229885057471,0.23271028037383176
0.39473432302474976,0.13248204309656825,0.9540229885057471,0.23265592151366504
0.3945571184158325,0.1324468085106383,0.9540229885057471,0.23260158804297057
0.39436399936676025,0.1324115926615262,0.9540229885057471,0.2325472799439645
0.3943184018135071,0.13237639553429026,0.9540229885057471,0.23249299719887956
0.3942785859107971,0.1323412171140048,0.9540229885057471,0.23243873978996502
0.3942694664001465,0.13230605738575982,0.9540229885057471,0.2323845076994867
0.39412689208984375,0.13227091633466134,0.9540229885057471,0.2323303009097271
0.39411482214927673,0.13223579394583113,0.9540229885057471,0.23227611940298507
0.3939409554004669,0.1322006902044067,0.9540229885057471,0.23222196316157612
0.3939014971256256,0.1321656050955414,0.9540229885057471,0.23216783216783216
0.3934457004070282,0.13213053860440435,0.9540229885057471,0.23211372640410158
0.39334994554519653,0.1323607427055703,0.9559386973180076,0.23252562907735325
0.39324951171875,0.13232564306549988,0.9559386973180076,0.23247146517586773
0.39320629835128784,0.13229056203605513,0.9559386973180076,0.23241732650209593
0.3931214213371277,0.13225549960243838,0.9559386973180076,0.23236321303841673
0.39304667711257935,0.13222045574986752,0.9559386973180076,0.23230912476722534
0.393041729927063,0.13218543046357617,0.9559386973180076,0.23225506167093324
0.39277440309524536,0.13215042372881355,0.9559386973180076,0.23220102373196835
0.3925160765647888,0.1321154355308446,0.9559386973180076,0.23214701093277507
0.39251330494880676,0.1320804658549497,0.9559386973180076,0.23209302325581394
0.3925095796585083,0.13204551468642498,0.9559386973180076,0.23203906068356198
0.39249518513679504,0.13201058201058202,0.9559386973180076,0.23198512319851233
0.39214321970939636,0.13197566781274794,0.9559386973180076,0.23193121078317455
0.39211708307266235,0.13194077207826546,0.9559386973180076,0.23187732342007436
0.39211466908454895,0.13217023526301877,0.9578544061302682,0.23228803716608595
0.392080157995224,0.1321353065539112,0.9578544061302682,0.2322340919647004
0.3920031785964966,0.13210039630118892,0.9578544061302682,0.23218017181332717
0.39187484979629517,0.13206550449022716,0.9578544061302682,0.23212627669452185
0.39183881878852844,0.13229469236862954,0.9597701149425287,0.23253655140403806
0.39181768894195557,0.132259767687434,0.9597701149425287,0.2324825986078886
0.3917429447174072,0.13222486144101345,0.9597701149425287,0.23242867084203203
0.3916566073894501,0.13218997361477572,0.9597701149425287,0.2323747680890538
0.39158737659454346,0.13215510419414403,0.9597701149425287,0.23232089033155576
0.39154693484306335,0.13212025316455697,0.9597701149425287,0.23226703755215578
0.39145806431770325,0.1320854205114685,0.9597701149425287,0.23221320973348783
0.3914017379283905,0.13205060622034792,0.9597701149425287,0.23215940685820202
0.3913484215736389,0.13201581027667983,0.9597701149425287,0.23210562890896455
0.39129751920700073,0.1322444678609062,0.9616858237547893,0.23251505326540067
0.39060571789741516,0.1322096391888333,0.9616858237547893,0.23246121787450802
0.3905675411224365,0.1321748288572933,0.9616858237547893,0.2324074074074074
0.39052674174308777,0.13214003685180312,0.9616858237547893,0.23235362184679476
0.3904511034488678,0.13210526315789473,0.9616858237547893,0.2322998611753817
0.3904145658016205,0.1320705077611155,0.9616858237547893,0.23224612537589634
0.3903311491012573,0.13203577064702787,0.9616858237547893,0.23219241443108235
0.3902425169944763,0.13200105180120958,0.9616858237547893,0.23213872832369947
0.39021092653274536,0.13196635120925343,0.9616858237547893,0.2320850670365234
0.3900626599788666,0.1319316688567674,0.9616858237547893,0.2320314305523457
0.3900127410888672,0.13189700472937468,0.9616858237547893,0.23197781885397414
0.38981136679649353,0.1321250328342527,0.9636015325670498,0.23238623238623238
0.38945135474205017,0.13209033613445378,0.9636015325670498,0.23233256351039264
0.38917016983032227,0.1320556576529273,0.9636015325670498,0.23227891941814824
0.38889938592910767,0.13202099737532808,0.9636015325670498,0.2322253000923361
0.3887188732624054,0.13198635528732616,0.9636015325670498,0.23217170551580893
0.3884524703025818,0.1319517313746065,0.9636015325670498,0.23211813567143516
0.38832172751426697,0.13191712562286914,0.9636015325670498,0.2320645905420992
0.3878069519996643,0.13188253801782904,0.9636015325670498,0.23201107011070107
0.38762521743774414,0.13184796854521624,0.9636015325670498,0.2319575743601568
0.3876195549964905,0.1318134171907757,0.9636015325670498,0.23190410327339786
0.3875451982021332,0.13177888394026724,0.9636015325670498,0.23185065683337178
0.38747891783714294,0.1317443687794657,0.9636015325670498,0.23179723502304148
0.3874751031398773,0.13170987169416076,0.9636015325670498,0.23174383782538582
0.3874029815196991,0.13167539267015707,0.9636015325670498,0.23169046522339937
0.38706839084625244,0.131640931693274,0.9636015325670498,0.2316371172000921
0.3869856894016266,0.13160648874934588,0.9636015325670498,0.23158379373848986
0.3869718909263611,0.13157206382422182,0.9636015325670498,0.23153049482163407
0.3868796229362488,0.1315376569037657,0.9636015325670498,0.23147722043258173
0.386766642332077,0.1315032679738562,0.9636015325670498,0.23142397055440528
0.3866654634475708,0.13146889702038683,0.9636015325670498,0.2313707451701932
0.38661718368530273,0.13143454402926574,0.9636015325670498,0.23131754426304896
0.3866023123264313,0.13140020898641588,0.9636015325670498,0.231264367816092
0.38625428080558777,0.13136589187777487,0.9636015325670498,0.2312112158124569
0.3861912190914154,0.13133159268929503,0.9636015325670498,0.23115808823529413
0.38605406880378723,0.13129731140694337,0.9636015325670498,0.23110498506776933
0.3859660029411316,0.13126304801670147,0.9636015325670498,0.23105190629306385
0.3854343891143799,0.13122880250456562,0.9636015325670498,0.23099885189437427
0.3854152262210846,0.13119457485654668,0.9636015325670498,0.23094582185491272
0.385405570268631,0.13116036505867015,0.9636015325670498,0.23089281615790683
0.3853680193424225,0.13112617309697602,0.9636015325670498,0.23083983478659936
0.3853617310523987,0.13109199895751888,0.9636015325670498,0.23078687772424863
0.38519757986068726,0.1310578426263679,0.9636015325670498,0.23073394495412847
0.3849121034145355,0.13102370408960667,0.9636015325670498,0.23068103645952764
0.3848787248134613,0.13098958333333333,0.9636015325670498,0.23062815222375055
0.38487499952316284,0.13121582921114294,0.9655172413793104,0.23103369241347696
0.38478583097457886,0.13118167621030713,0.9655172413793104,0.23098075160403297
0.38478344678878784,0.13114754098360656,0.9655172413793104,0.2309278350515464
0.3847288489341736,0.13111342351716962,0.9655172413793104,0.2308749427393495
0.3846392333507538,0.13107932379713913,0.9655172413793104,0.23082207465079
0.384487122297287,0.1310452418096724,0.9655172413793104,0.23076923076923078
0.38443681597709656,0.131011177540941,0.9655172413793104,0.2307164110780499
0.3843713402748108,0.13097713097713098,0.9655172413793104,0.23066361556064074
0.3843447268009186,0.1309431021044427,0.9655172413793104,0.2306108442004118
0.3842858374118805,0.13090909090909092,0.9655172413793104,0.2305580969807868
0.3842792212963104,0.1308750973773046,0.9655172413793104,0.23050537388520467
0.38423028588294983,0.1308411214953271,0.9655172413793104,0.23045267489711932
0.38414084911346436,0.13080716324941605,0.9655172413793104,0.2304
0.3840991258621216,0.1307732226258433,0.9655172413793104,0.2303473491773309
0.38395488262176514,0.13073929961089495,0.9655172413793104,0.2302947224126114
0.3839346468448639,0.13070539419087138,0.9655172413793104,0.23024211968935587
0.3837924301624298,0.1306715063520871,0.9655172413793104,0.23018954099109387
0.3837275207042694,0.13063763608087092,0.9655172413793104,0.2301369863013699
0.38365745544433594,0.13060378336356568,0.9655172413793104,0.2300844556037434
0.38363033533096313,0.1305699481865285,0.9655172413793104,0.23003194888178918
0.3836161494255066,0.13053613053613053,0.9655172413793104,0.2299794661190965
0.38358381390571594,0.1305023303987571,0.9655172413793104,0.22992700729927007
0.3835127353668213,0.13046854776080766,0.9655172413793104,0.2298745724059293
0.3833945691585541,0.13043478260869565,0.9655172413793104,0.2298221614227086
0.38330134749412537,0.13065976714100905,0.9674329501915708,0.23022566674264872
0.3832646310329437,0.1308507887251099,0.9693486590038314,0.23057644110275688
0.38278359174728394,0.13081695966907964,0.9693486590038314,0.2305239179954442
0.38205084204673767,0.13078314810028432,0.9693486590038314,0.23047141881120475
0.3817993700504303,0.13074935400516796,0.9693486590038314,0.23041894353369768
0.38174474239349365,0.13071557737018857,0.9693486590038314,0.2303664921465968
0.3816937506198883,0.13068181818181818,0.9693486590038314,0.23031406463359125
0.3816525340080261,0.13064807642654272,0.9693486590038314,0.23026166097838452
0.3814157545566559,0.13061435209086217,0.9693486590038314,0.2302092811646952
0.38135093450546265,0.1305806451612903,0.9693486590038314,0.23015692517625652
0.3812961280345917,0.130546955624355,0.9693486590038314,0.23010459299681674
0.3812888562679291,0.13051328346659788,0.9693486590038314,0.23005228461013866
0.3812471926212311,0.13047962867457452,0.9693486590038314,0.22999999999999995
0.38103508949279785,0.13044599123485434,0.9693486590038314,0.22994773915019312
0.3809763491153717,0.13041237113402063,0.9693486590038314,0.22989550204452525
0.38090428709983826,0.13037876835867043,0.9693486590038314,0.22984328866681805
0.3808039426803589,0.13034518289541475,0.9693486590038314,0.22979109900090827
0.3806683123111725,0.13031161473087818,0.9693486590038314,0.22973893303064696
0.3806542158126831,0.13027806385169927,0.9693486590038314,0.2296867907399001
0.3806152641773224,0.13024453024453025,0.9693486590038314,0.22963467211254823
0.38057518005371094,0.13021101389603706,0.9693486590038314,0.2295825771324864
0.3803673982620239,0.1301775147928994,0.9693486590038314,0.22953050578362438
0.38009145855903625,0.1301440329218107,0.9693486590038314,0.22947845804988665
0.3800634443759918,0.130367703779892,0.9712643678160919,0.2298798458399456
0.3800067603588104,0.13033419023136247,0.9712643678160919,0.22982774252039892
0.3798496723175049,0.13030069390902083,0.9712643678160919,0.229775662814412
0.37982848286628723,0.1302672147995889,0.9712643678160919,0.22972360670593567
0.37947195768356323,0.1302337528898022,0.9712643678160919,0.22967157417893547
0.3793327510356903,0.13020030816640987,0.9712643678160919,0.22961956521739132
0.37854525446891785,0.1301668806161746,0.9712643678160919,0.2295675798052977
0.37850913405418396,0.13013347022587268,0.9712643678160919,0.22951561792666364
0.3783133327960968,0.13010007698229406,0.9712643678160919,0.22946367956551253
0.37826165556907654,0.13006670087224217,0.9712643678160919,0.22941176470588232
0.37814778089523315,0.130033341882534,0.9712643678160919,0.22935987333182542
0.37811949849128723,0.13,0.9712643678160919,0.22930800542740845
0.37799665331840515,0.12996667521148422,0.9712643678160919,0.22925616097671261
0.37795308232307434,0.12993336750384418,0.9712643678160919,0.22920433996383366
0.37788641452789307,0.1299000768639508,0.9712643678160919,0.22915254237288135
0.3776324391365051,0.12986680327868852,0.9712643678160919,0.22910076818798011
0.3776053786277771,0.12983354673495517,0.9712643678160919,0.22904901739326855
0.3773733377456665,0.12980030721966207,0.9712643678160919,0.22899728997289975
0.3773714601993561,0.1297670847197338,0.9712643678160919,0.22894558591104086
0.3773278594017029,0.1297338792221085,0.9712643678160919,0.22889390519187358
0.37621456384658813,0.12970069071373752,0.9712643678160919,0.22884224779959378
0.3759959638118744,0.12966751918158567,0.9712643678160919,0.22879061371841153
0.3757704496383667,0.12963436461263103,0.9712643678160919,0.2287390029325513
0.3756897449493408,0.12960122699386503,0.9712643678160919,0.22868741542625168
0.37555891275405884,0.12956810631229235,0.9712643678160919,0.22863585118376545
0.3753322958946228,0.12953500255493103,0.9712643678160919,0.22858431018935982
0.37516987323760986,0.12950191570881225,0.9712643678160919,0.22853279242731578
0.37486714124679565,0.12946884576098058,0.9712643678160919,0.2284812978819288
0.3747084140777588,0.12943579269849376,0.9712643678160919,0.22842982653750846
0.3746589422225952,0.12940275650842267,0.9712643678160919,0.22837837837837843
0.3745872974395752,0.1293697371778515,0.9712643678160919,0.2283269533888764
0.37457263469696045,0.12933673469387755,0.9712643678160919,0.22827555155335433
0.374482661485672,0.12930374904361133,0.9712643678160919,0.22822417285617827
0.37444233894348145,0.12927078021417643,0.9712643678160919,0.2281728172817282
0.3742821216583252,0.12923782819270965,0.9712643678160919,0.22812148481439817
0.37418851256370544,0.12920489296636087,0.9712643678160919,0.22807017543859648
0.3740990459918976,0.12917197452229298,0.9712643678160919,0.22801888913874518
0.37400582432746887,0.1291390728476821,0.9712643678160919,0.2279676258992806
0.3738502860069275,0.12910618792971734,0.9712643678160919,0.22791638570465275
0.3738284707069397,0.12907331975560082,0.9712643678160919,0.2278651685393258
0.3738272786140442,0.12904046831254773,0.9712643678160919,0.22781397438777806
0.37381234765052795,0.1292620865139949,0.9731800766283525,0.22821203953279426
0.37369227409362793,0.12922920376494532,0.9731800766283525,0.2281607904783292
0.3736119270324707,0.12919633774160733,0.9731800766283525,0.2281095644364616
0.37348994612693787,0.129163488431223,0.9731800766283525,0.22805836139169475
0.3732396066188812,0.12913065582104727,0.9731800766283525,0.22800718132854578
0.3731279671192169,0.12909783989834817,0.9731800766283525,0.22795602423154587
0.37278395891189575,0.1290650406504065,0.9731800766283525,0.22790489008524
0.3723710775375366,0.12903225806451613,0.9731800766283525,0.227853778874187
0.37230560183525085,0.12899949212798376,0.9731800766283525,0.22780269058295965
0.37227538228034973,0.12896674282812898,0.9731800766283525,0.22775162519614436
0.37208080291748047,0.12893401015228426,0.9731800766283525,0.22770058269834154
0.37178680300712585,0.12890129408779497,0.9731800766283525,0.22764956307416534
0.3715806305408478,0.12886859462201927,0.9731800766283525,0.22759856630824374
0.3715091347694397,0.12883591174232817,0.9731800766283525,0.22754759238521835
0.37132757902145386,0.12880324543610547,0.9731800766283525,0.2274966412897447
0.3713200092315674,0.12877059569074778,0.9731800766283525,0.22744571300649202
0.37112903594970703,0.12873796249366448,0.9731800766283525,0.22739480752014327
0.3710657060146332,0.1287053458322777,0.9731800766283525,0.22734392481539498
0.37090229988098145,0.1286727456940223,0.9731800766283525,0.22729306487695752
0.37073442339897156,0.1286401620663459,0.9731800766283525,0.22724222768955488
0.37046828866004944,0.12860759493670887,0.9731800766283525,0.22719141323792486
0.3703586757183075,0.12857504429258415,0.9731800766283525,0.22714062150681869
0.3702155649662018,0.12854251012145748,0.9731800766283525,0.22708985248100133
0.3701392412185669,0.12850999241082722,0.9731800766283525,0.22703910614525138
0.3697666823863983,0.12847749114820434,0.9731800766283525,0.22698838248436104
0.3695591986179352,0.12844500632111253,0.9731800766283525,0.2269376814831361
0.36950239539146423,0.12841253791708795,0.9731800766283525,0.22688700312639568
0.3694756031036377,0.12838008592367955,0.9731800766283525,0.22683634739897302
0.3694344758987427,0.12834765032844872,0.9731800766283525,0.2267857142857143
0.36939582228660583,0.12831523111896945,0.9731800766283525,0.22673510377147957
0.3693215250968933,0.12828282828282828,0.9731800766283525,0.22668451584114233
0.36898720264434814,0.12825044180762435,0.9731800766283525,0.22663395047958956
0.368866890668869,0.12821807168096921,0.9731800766283525,0.22658340767172166
0.36882907152175903,0.128185717890487,0.9731800766283525,0.2265328874024526
0.3687991201877594,0.12815338042381433,0.9731800766283525,0.22648238965670975
0.36875608563423157,0.12812105926860026,0.9731800766283525,0.22643191441943397
0.36855506896972656,0.1280887544125063,0.9731800766283525,0.22638146167557935
0.3685378432273865,0.12805646584320646,0.9731800766283525,0.22633103141011365
0.3685281574726105,0.12827620967741934,0.975095785440613,0.22672605790645878
0.36851024627685547,0.12824389014865206,0.975095785440613,0.22667557336896016
0.3683900237083435,0.12821158690176324,0.975095785440613,0.2266251113089938
0.3682457208633423,0.12843112566104256,0.9770114942528736,0.22701980859114176
0.36797913908958435,0.1283987915407855,0.9770114942528736,0.22696929238985317
0.3677264451980591,0.12836647369745785,0.9770114942528736,0.22691879866518358
0.3674182891845703,0.12833417211877202,0.9770114942528736,0.22686832740213522
0.36720073223114014,0.12830188679245283,0.9770114942528736,0.22681787858572383
0.36719992756843567,0.12826961770623743,0.9770114942528736,0.22676745220097821
0.36715489625930786,0.1282373648478753,0.9770114942528736,0.2267170482329407
0.36714592576026917,0.1282051282051282,0.9770114942528736,0.22666666666666666
0.36701279878616333,0.12817290776577028,0.9770114942528736,0.22661630748722503
0.36695799231529236,0.12839195979899498,0.9789272030651341,0.22701021768103063
0.3669328987598419,0.12835970861592566,0.9789272030651341,0.226959804574728
0.36681509017944336,0.12832747363134103,0.9789272030651341,0.22690941385435168
0.36668819189071655,0.1282952548330404,0.9789272030651341,0.22685904550499442
0.36666759848594666,0.12826305220883535,0.9789272030651341,0.22680869951176214
0.36656150221824646,0.12823086574654957,0.9789272030651341,0.2267583758597737
0.36650925874710083,0.12819869543401907,0.9789272030651341,0.2267080745341615
0.36622461676597595,0.12816654125909205,0.9789272030651341,0.22665779552007098
0.366128534078598,0.12813440320962888,0.9789272030651341,0.22660753880266074
0.36612433195114136,0.12810228127350212,0.9789272030651341,0.22655730436710264
0.36606425046920776,0.1280701754385965,0.9789272030651341,0.22650709219858156
0.36600974202156067,0.1280380856928088,0.9789272030651341,0.2264569022822956
0.36570802330970764,0.1280060120240481,0.9789272030651341,0.22640673460345592
0.3655988276004791,0.1279739544202354,0.9789272030651341,0.2263565891472868
0.3655824363231659,0.12794191286930395,0.9789272030651341,0.2263064658990257
0.3654874265193939,0.127909887359199,0.9789272030651341,0.22625636484392295
0.3650141656398773,0.12787787787787788,0.9789272030651341,0.22620628596724213
0.36483412981033325,0.12784588441331,0.9789272030651341,0.22615622925425982
0.36478427052497864,0.12781390695347675,0.9789272030651341,0.2261061946902655
0.36416101455688477,0.1277819454863716,0.9789272030651341,0.22605618226056182
0.36396288871765137,0.12775,0.9789272030651341,0.22600619195046442
0.36368328332901,0.1277180704823794,0.9789272030651341,0.22595622374530178
0.36362144351005554,0.12768615692153923,0.9789272030651341,0.22590627763041554
0.3636007606983185,0.12765425930552085,0.9789272030651341,0.2258563535911602
0.36303651332855225,0.12762237762237763,0.9789272030651341,0.22580645161290325
0.3630352020263672,0.12759051186017478,0.9789272030651341,0.22575657168102498
0.362779825925827,0.1275586620069895,0.9789272030651341,0.22570671378091872
0.36240503191947937,0.1275268280509109,0.9789272030651341,0.22565687789799072
0.36233311891555786,0.12749500998003993,0.9789272030651341,0.22560706401766004
0.36220961809158325,0.1274632077824894,0.9789272030651341,0.22555727212535864
0.3621670603752136,0.12743142144638403,0.9789272030651341,0.2255075022065313
0.3617040812969208,0.1273996509598604,0.9789272030651341,0.22545775424663583
0.36129340529441833,0.1273678963110668,0.9789272030651341,0.2254080282311425
0.3612523078918457,0.12733615748816346,0.9789272030651341,0.2253583241455347
0.3612317144870758,0.12730443447932238,0.9789272030651341,0.22530864197530867
0.3611014783382416,0.12727272727272726,0.9789272030651341,0.22525898170597308
0.36109811067581177,0.1272410358565737,0.9789272030651341,0.22520934332304982
0.36104217171669006,0.12720936021906895,0.9789272030651341,0.22515972681207314
0.3610055446624756,0.12717770034843207,0.9789272030651341,0.22511013215859033
0.36097007989883423,0.12714605623289377,0.9789272030651341,0.22506055934816124
0.3608826696872711,0.12711442786069652,0.9789272030651341,0.2250110083663584
0.3608221113681793,0.1270828152200945,0.9789272030651341,0.22496147919876736
0.3607875406742096,0.12705121829935356,0.9789272030651341,0.22491197183098594
0.36069434881210327,0.12701963708675118,0.9789272030651341,0.22486248624862487
0.3606266975402832,0.12698807157057654,0.9789272030651341,0.22481302243730755
0.36015599966049194,0.12695652173913044,0.9789272030651341,0.22476358038266991
0.36010757088661194,0.1269249875807253,0.9789272030651341,0.2247141600703606
0.3599604666233063,0.12689346908368512,0.9789272030651341,0.2246647614860409
0.3598685562610626,0.12686196623634557,0.9789272030651341,0.22461538461538463
0.359737753868103,0.12683047902705386,0.9789272030651341,0.22456602944407822
0.3595934212207794,0.12679900744416872,0.9789272030651341,0.22451669595782073
0.35954657196998596,0.12676755147606053,0.9789272030651341,0.22446738414232376
0.3594200611114502,0.1267361111111111,0.9789272030651341,0.22441809398331136
0.35929399728775024,0.12670468633771387,0.9789272030651341,0.22436882546652032
0.359292596578598,0.12667327714427368,0.9789272030651341,0.22431957857769977
0.3592057526111603,0.12664188351920694,0.9789272030651341,0.22427035330261136
0.3589928150177002,0.12661050545094152,0.9789272030651341,0.2242211496270294
0.3585556149482727,0.12657914292791678,0.9789272030651341,0.2241719675367405
0.3584658205509186,0.12654779593858345,0.9789272030651341,0.22412280701754383
0.35836195945739746,0.1265164644714038,0.9789272030651341,0.224073668055251
0.358180969953537,0.1264851485148515,0.9789272030651341,0.2240245506356861
0.35806259512901306,0.12645384805741153,0.9789272030651341,0.22397545474468553
0.3580567240715027,0.1264225630875804,0.9789272030651341,0.22392638036809817
0.3580044209957123,0.12639129359386594,0.9789272030651341,0.22387732749178532
0.35790151357650757,0.12636003956478734,0.9789272030651341,0.22382829610162067
0.3574378490447998,0.12632880098887517,0.9789272030651341,0.22377928618349027
0.3570541739463806,0.12629757785467127,0.9789272030651341,0.22373029772329245
0.3565705716609955,0.12626637015072895,0.9789272030651341,0.22368133070693808
0.3564954102039337,0.12648221343873517,0.9808429118773946,0.22407002188183806
0.3563256859779358,0.1264509755495184,0.9808429118773946,0.22402100196893457
0.35611289739608765,0.12641975308641976,0.9808429118773946,0.22397200349956253
0.3559659421443939,0.1263885460380153,0.9808429118773946,0.2239230264596545
0.35595884919166565,0.1263573543928924,0.9808429118773946,0.22387407083515523
0.3558359146118164,0.12632617813964964,0.9808429118773946,0.22382513661202183
0.355703741312027,0.1262950172668969,0.9808429118773946,0.22377622377622378
0.3556631803512573,0.12626387176325524,0.9808429118773946,0.22372733231374262
0.3553328216075897,0.126232741617357,0.9808429118773946,0.22367846221057228
0.35445868968963623,0.1262016268178457,0.9808429118773946,0.22362961345271892
0.3542214035987854,0.12617052735337606,0.9808429118773946,0.22358078602620088
0.35355132818222046,0.12613944321261394,0.9808429118773946,0.2235319799170487
0.3531900644302368,0.12610837438423644,0.9808429118773946,0.22348319511130507
0.3530609905719757,0.1260773208569318,0.9808429118773946,0.2234344315950251
0.35296744108200073,0.12604628261939932,0.9808429118773946,0.22338568935427575
0.3528852164745331,0.1260152596603495,0.9808429118773946,0.22333696837513628
0.352576345205307,0.12598425196850394,0.9808429118773946,0.2232882686436982
0.3521777391433716,0.1259532595325953,0.9808429118773946,0.22323959014606495
0.35165494680404663,0.12592228234136743,0.9808429118773946,0.22319093286835223
0.3516184687614441,0.12589132038357512,0.9808429118773946,0.22314229679668773
0.35123372077941895,0.12586037364798427,0.9808429118773946,0.22309368191721132
0.35122227668762207,0.12582944212337183,0.9808429118773946,0.2230450882160749
0.350701242685318,0.1257985257985258,0.9808429118773946,0.22299651567944248
0.3503396511077881,0.1260132645541636,0.9827586206896551,0.22338340953625083
0.35022178292274475,0.12598231827111983,0.9827586206896551,0.22333478450152372
0.3498878479003906,0.12595138718389393,0.9827586206896551,0.22328618063112077
0.34984439611434937,0.12592047128129602,0.9827586206896551,0.22323759791122713
0.34970125555992126,0.12588957055214725,0.9827586206896551,0.22318903632804002
0.3487906754016876,0.1258586849852797,0.9827586206896551,0.22314049586776857
0.348629891872406,0.12582781456953643,0.9827586206896551,0.22309197651663404
0.34860673546791077,0.12579695929377147,0.9827586206896551,0.22304347826086957
0.34829869866371155,0.1257661191468497,0.9827586206896551,0.22299500108672027
0.3482663631439209,0.12573529411764706,0.9827586206896551,0.2229465449804433
0.34826600551605225,0.12570448419505023,0.9827586206896551,0.2228981099283076
0.3482570946216583,0.1256736893679569,0.9827586206896551,0.22284969591659426
0.3481416404247284,0.12564290962527552,0.9827586206896551,0.22280130293159608
0.3478788733482361,0.12561214495592557,0.9827586206896551,0.2227529309596179
0.3478030562400818,0.12558139534883722,0.9827586206896551,0.22270457998697635
0.34761157631874084,0.12555066079295155,0.9827586206896551,0.22265624999999997
0.34741517901420593,0.12551994127722046,0.9827586206896551,0.2226079409850293
0.34737271070480347,0.12548923679060667,0.9827586206896551,0.22255965292841648
0.3472459018230438,0.12545854732208364,0.9827586206896551,0.22251138581652571
0.3472219407558441,0.1254278728606357,0.9827586206896551,0.2224631396357329
0.34709861874580383,0.1253972133952579,0.9827586206896551,0.22241491437242575
0.34706786274909973,0.125366568914956,0.9827586206896551,0.2223667100130039
0.34689217805862427,0.12533593940874663,0.9827586206896551,0.22231852654387863
0.34685471653938293,0.12530532486565707,0.9827586206896551,0.22227036395147312
0.3466590940952301,0.12527472527472527,0.9827586206896551,0.2222222222222222
0.3465656638145447,0.125244140625,0.9827586206896551,0.2221741013425725
0.34615978598594666,0.12521357090554064,0.9827586206896551,0.22212600129898244
0.34610071778297424,0.12518301610541727,0.9827586206896551,0.22207792207792204
0.3460964262485504,0.12515247621371067,0.9827586206896551,0.22202986366587318
0.34597048163414,0.1251219512195122,0.9827586206896551,0.2219818260493293
0.3458946645259857,0.1250914411119239,0.9827586206896551,0.2219338092147956
0.3458922505378723,0.1250609458800585,0.9827586206896551,0.2218858131487889
0.34579718112945557,0.12527418961735315,0.9846743295019157,0.22227027027027024
0.3455345332622528,0.12524366471734893,0.9846743295019157,0.22222222222222224
0.3454885184764862,0.12521315468940317,0.9846743295019157,0.22217419494272747
0.3453766107559204,0.1251826595226498,0.9846743295019157,0.22212618841832324
0.3451489508152008,0.12515217920623325,0.9846743295019157,0.22207820263555844
0.3450075685977936,0.12512171372930866,0.9846743295019157,0.22203023758099352
0.34485745429992676,0.12509126308104163,0.9846743295019157,0.22198229324120064
0.3448345959186554,0.12506082725060827,0.9846743295019157,0.2219343696027634
0.3447929918766022,0.12503040622719533,0.9846743295019157,0.22188646665227715
0.34476855397224426,0.125,0.9846743295019157,0.22183858437634874
0.34471166133880615,0.12496960855823,0.9846743295019157,0.22179072276159653
0.3440108895301819,0.12493923189110355,0.9846743295019157,0.2217428817946506
0.34383806586265564,0.12490886998784934,0.9846743295019157,0.2216950614621523
0.343393474817276,0.12487852283770651,0.9846743295019157,0.2216472617507546
0.34338638186454773,0.1248481904299247,0.9846743295019157,0.22159948264712223
0.3430106043815613,0.12481787275376396,0.9846743295019157,0.22155172413793103
0.3427295684814453,0.12478756979849479,0.9846743295019157,0.22150398620986858
0.34261855483055115,0.12475728155339806,0.9846743295019157,0.2214562688496338
0.3425622284412384,0.12472700800776511,0.9846743295019157,0.22140857204393713
0.34233033657073975,0.12469674915089762,0.9846743295019157,0.22136089577950044
0.34159597754478455,0.12466650497210768,0.9846743295019157,0.22131324004305702
0.3412013351917267,0.12463627546071775,0.9846743295019157,0.2212656048213517
0.34119048714637756,0.12484848484848485,0.9865900383141762,0.22164837529588982
0.3408268094062805,0.12481822588463402,0.9865900383141762,0.2216006884681583
0.3407783508300781,0.12478798158468621,0.9865900383141762,0.2215530221553022
0.3404490649700165,0.1247577519379845,0.9865900383141762,0.22150537634408604
0.3397436738014221,0.12472753693388229,0.9865900383141762,0.2214577510212857
0.33965760469436646,0.12469733656174334,0.9865900383141762,0.22141014617368873
0.3392741084098816,0.12466715081094167,0.9865900383141762,0.22136256178809371
0.3391457200050354,0.12463697967086157,0.9865900383141762,0.2213149978513107
0.338706910610199,0.12460682313089766,0.9865900383141762,0.22126745435016112
0.3386159837245941,0.12457668118045477,0.9865900383141762,0.22121993127147768
0.3384135663509369,0.12454655380894801,0.9865900383141762,0.22117242860210437
0.33789291977882385,0.12451644100580271,0.9865900383141762,0.2211249463288965
0.33773836493492126,0.12448634276045444,0.9865900383141762,0.22107748443872074
0.33769381046295166,0.12445625906234896,0.9865900383141762,0.22103004291845493
0.33759942650794983,0.12442618990094226,0.9865900383141762,0.22098262175498817
0.337243914604187,0.12439613526570048,0.9865900383141762,0.22093522093522092
0.33702242374420166,0.12460758270949046,0.9885057471264368,0.22131674887411537
0.33664870262145996,0.1245774987928537,0.9885057471264368,0.22126929674099485
0.3366484045982361,0.12454742939898625,0.9885057471264368,0.22122186495176852
0.3365373909473419,0.12451737451737452,0.9885057471264368,0.2211744534933562
0.336396187543869,0.12448733413751507,0.9885057471264368,0.22112706235268909
0.3363853394985199,0.12445730824891461,0.9885057471264368,0.22107969151670953
0.3363451361656189,0.12442729684108994,0.9885057471264368,0.22103234097237096
0.33598148822784424,0.12439729990356799,0.9885057471264368,0.22098501070663812
0.3359469771385193,0.12436731742588576,0.9885057471264368,0.22093770070648686
0.3356143832206726,0.12433734939759036,0.9885057471264368,0.2208904109589041
0.33505979180336,0.12430739580823898,0.9885057471264368,0.2208431414508881
0.3348790109157562,0.12427745664739884,0.9885057471264368,0.220795892169448
0.33483389019966125,0.12424753190464724,0.9885057471264368,0.22074866310160426
0.3344237506389618,0.1242176215695715,0.9885057471264368,0.22070145423438836
0.3339504301548004,0.12418772563176896,0.9885057471264368,0.22065426555484285
0.333691269159317,0.12415784408084697,0.9885057471264368,0.22060709705002138
0.33365437388420105,0.1241279769064229,0.9885057471264368,0.22055994870698867
0.33273500204086304,0.1240981240981241,0.9885057471264368,0.2205128205128205
0.33246758580207825,0.12406828564558788,0.9885057471264368,0.22046571245460372
0.33201083540916443,0.12403846153846154,0.9885057471264368,0.2204186245194361
0.33172059059143066,0.1240086517664023,0.9885057471264368,0.22037155669442662
0.3316970765590668,0.12397885631907736,0.9885057471264368,0.2203245089666951
0.3316969871520996,0.12394907518616383,0.9885057471264368,0.22027748132337244
0.33117347955703735,0.1239193083573487,0.9885057471264368,0.2202304737516005
0.329546719789505,0.12388955582232893,0.9885057471264368,0.22018348623853212
0.3295328617095947,0.12385981757081133,0.9885057471264368,0.22013651877133106
0.3294263184070587,0.1238300935925126,0.9885057471264368,0.22008957133717208
0.3291054666042328,0.1238003838771593,0.9885057471264368,0.2200426439232409
0.3282219171524048,0.12377068841448789,0.9885057471264368,0.21999573651673415
0.32790544629096985,0.1237410071942446,0.9885057471264368,0.21994884910485935
0.3278288245201111,0.12371134020618557,0.9885057471264368,0.21990198167483488
0.3277314007282257,0.1236816874400767,0.9885057471264368,0.21985513421389005
0.32709306478500366,0.12365204888569374,0.9885057471264368,0.21980830670926518
0.3268035352230072,0.12362242453282224,0.9885057471264368,0.21976149914821125
0.3266327977180481,0.12359281437125748,0.9885057471264368,0.21971471151799019
0.32650041580200195,0.1235632183908046,0.9885057471264368,0.21966794380587484
0.3256782591342926,0.12353363658127843,0.9885057471264368,0.21962119599914876
0.3252221643924713,0.1235040689325036,0.9885057471264368,0.2195744680851064
0.3251442015171051,0.12347451543431442,0.9885057471264368,0.21952776005105293
0.3247624933719635,0.12344497607655502,0.9885057471264368,0.21948107188430452
0.324474573135376,0.12341545084907916,0.9885057471264368,0.21943440357218796
0.3244379460811615,0.12338593974175036,0.9885057471264368,0.2193877551020408
0.3239527940750122,0.12335644274444178,0.9885057471264368,0.21934112646121148
0.3236072361469269,0.12332695984703633,0.9885057471264368,0.2192945176370591
0.32359105348587036,0.12329749103942653,0.9885057471264368,0.2192479286169535
0.3233404755592346,0.12326803631151458,0.9885057471264368,0.21920135938827529
0.3230705261230469,0.12323859565321232,0.9885057471264368,0.2191548099384158
0.3230622708797455,0.12320916905444126,0.9885057471264368,0.21910828025477708
0.32299724221229553,0.12317975650513249,0.9885057471264368,0.2190617703247718
0.32287514209747314,0.12315035799522674,0.9885057471264368,0.21901528013582341
0.3228006064891815,0.1231209735146743,0.9885057471264368,0.218968809675366
0.3227643370628357,0.12309160305343511,0.9885057471264368,0.21892235893084427
0.32267045974731445,0.12306224660147866,0.9885057471264368,0.2188759278897137
0.32204461097717285,0.12303290414878398,0.9885057471264368,0.21882951653944022
0.32139894366264343,0.12300357568533969,0.9885057471264368,0.2187831248675005
0.3212924003601074,0.12297426120114395,0.9885057471264368,0.21873675286138194
0.3211686909198761,0.12294496068620443,0.9885057471264368,0.21869040050858232
0.32107600569725037,0.12291567413053835,0.9885057471264368,0.21864406779661016
0.3209981620311737,0.12288640152417242,0.9885057471264368,0.2185977547129845
0.3209248185157776,0.12285714285714286,0.9885057471264368,0.21855146124523506
0.320508748292923,0.12282789811949536,0.9885057471264368,0.218505187380902
0.32048583030700684,0.12279866730128511,0.9885057471264368,0.21845893310753597
0.3202109634876251,0.12276945039257674,0.9885057471264368,0.21841269841269842
0.3197726905345917,0.12274024738344434,0.9885057471264368,0.21836648328396108
0.3197169303894043,0.12271105826397147,0.9885057471264368,0.21832028770890627
0.3195396661758423,0.12268188302425106,0.9885057471264368,0.21827411167512692
0.31807249784469604,0.12265272165438555,0.9885057471264368,0.2182279551702263
0.3180365562438965,0.12262357414448669,0.9885057471264368,0.2181818181818182
0.3172014355659485,0.1225944404846757,0.9885057471264368,0.21813570069752697
0.31697508692741394,0.12256532066508313,0.9885057471264368,0.2180896027049873
0.3165610134601593,0.12253621467584896,0.9885057471264368,0.21804352419184447
0.31641334295272827,0.12274453941120608,0.9904214559386973,0.21841994085340094
0.3163539171218872,0.1227154046997389,0.9904214559386973,0.2183738120380148
0.3163299262523651,0.12268628381585192,0.9904214559386973,0.21832770270270271
0.3159736096858978,0.1228944246737841,0.9923371647509579,0.218703820983745
0.31562307476997375,0.12286527514231499,0.9923371647509579,0.21865766146053187
0.31550827622413635,0.12283613943561773,0.9923371647509579,0.21861152141802065
0.31542736291885376,0.12280701754385964,0.9923371647509579,0.21856540084388185
0.3153441250324249,0.12277790945721735,0.9923371647509579,0.21851929972579623
0.3153386414051056,0.12274881516587678,0.9923371647509579,0.2184732180514551
0.3151407837867737,0.12271973466003316,0.9923371647509579,0.21842715580855998
0.31480199098587036,0.12269066792989104,0.9923371647509579,0.21838111298482293
0.3146451413631439,0.12266161496566422,0.9923371647509579,0.21833508956796627
0.3146113455295563,0.12263257575757576,0.9923371647509579,0.2182890855457227
0.3145654797554016,0.12260355029585798,0.9923371647509579,0.21824310090583526
0.31267213821411133,0.12257453857075248,0.9923371647509579,0.21819713563605728
0.31260865926742554,0.12254554057251005,0.9923371647509579,0.21815118972415246
0.31249871850013733,0.12251655629139073,0.9923371647509579,0.21810526315789475
0.3122923970222473,0.12248758571766374,0.9923371647509579,0.2180593559250684
0.31226080656051636,0.12245862884160756,0.9923371647509579,0.21801346801346802
0.311218798160553,0.12242968565350981,0.9923371647509579,0.21796759941089838
0.31074121594429016,0.1224007561436673,0.9923371647509579,0.21792175010517456
0.3104996085166931,0.12237184030238601,0.9923371647509579,0.217875920084122
0.3099950850009918,0.1223429381199811,0.9923371647509579,0.21783010933557612
0.30972835421562195,0.12231404958677686,0.9923371647509579,0.2177843178473828
0.3091731369495392,0.12228517469310671,0.9923371647509579,0.21773854560739805
0.30903688073158264,0.12225631342931319,0.9923371647509579,0.21769279260348812
0.3090271055698395,0.12222746578574799,0.9923371647509579,0.21764705882352942
0.3085170090198517,0.12219863175277187,0.9923371647509579,0.21760134425540853
0.3078262209892273,0.12216981132075472,0.9923371647509579,0.21755564888702228
0.30773448944091797,0.12214100448007545,0.9923371647509579,0.21750997270627756
0.3071219325065613,0.12211221122112212,0.9923371647509579,0.21746431570109154
0.30642053484916687,0.12208343153429177,0.9923371647509579,0.2174186778593914
0.3062637448310852,0.12205466540999058,0.9923371647509579,0.21737305916911456
0.3060877323150635,0.12202591283863369,0.9923371647509579,0.2173274596182085
0.3056343197822571,0.12199717381064532,0.9923371647509579,0.2172818791946309
0.3055529296398163,0.12196844831645867,0.9923371647509579,0.21723631788634934
0.30513596534729004,0.121939736346516,0.9923371647509579,0.21719077568134174
0.30500665307044983,0.12191103789126853,0.9923371647509579,0.21714525256759587
0.30486825108528137,0.12188235294117647,0.9923371647509579,0.21709974853310982
0.30467429757118225,0.12185368148670901,0.9923371647509579,0.2170542635658915
0.30392906069755554,0.1218250235183443,0.9923371647509579,0.21700879765395892
0.303446888923645,0.12179637902656948,0.9923371647509579,0.21696335078534035
0.3033447265625,0.12176774800188059,0.9923371647509579,0.21691792294807372
0.3028343915939331,0.12173913043478261,0.9923371647509579,0.21687251413020725
0.3024289011955261,0.12171052631578948,0.9923371647509579,0.21682712431979909
0.3016672432422638,0.12168193563542401,0.9923371647509579,0.21678175350491735
0.30160072445869446,0.12165335838421794,0.9923371647509579,0.21673640167364017
0.3015919327735901,0.1216247945527119,0.9923371647509579,0.21669106881405564
0.30128365755081177,0.1215962441314554,0.9923371647509579,0.2166457549142618
0.3009800910949707,0.12156770711100681,0.9923371647509579,0.21660045996236674
0.30085089802742004,0.12153918348193336,0.9923371647509579,0.2165551839464883
0.30043330788612366,0.12151067323481117,0.9923371647509579,0.21650992685475445
0.3000153601169586,0.12148217636022514,0.9923371647509579,0.216464688675303
0.2992284595966339,0.12145369284876906,0.9923371647509579,0.21641946939628157
0.2984631359577179,0.12142522269104547,0.9923371647509579,0.21637426900584797
0.298240602016449,0.1213967658776658,0.9923371647509579,0.21632908749216953
0.29804113507270813,0.12136832239925023,0.9923371647509579,0.2162839248434238
0.2977910041809082,0.12133989224642773,0.9923371647509579,0.21623878104779792
0.29751870036125183,0.12131147540983607,0.9923371647509579,0.21619365609348917
0.2972184419631958,0.12128307188012175,0.9923371647509579,0.21614854996870436
0.2965209484100342,0.12125468164794008,0.9923371647509579,0.21610346266166042
0.29637959599494934,0.12122630470395507,0.9923371647509579,0.21605839416058395
0.295082151889801,0.12119794103883949,0.9923371647509579,0.21601334445371143
0.2946814000606537,0.12116959064327486,0.9923371647509579,0.21596831352928914
0.29397153854370117,0.12114125350795135,0.9923371647509579,0.21592330137557314
0.29388612508773804,0.12111292962356793,0.9923371647509579,0.21587830798082935
0.29379624128341675,0.12108461898083217,0.9923371647509579,0.21583333333333332
0.29360413551330566,0.12105632157046038,0.9923371647509579,0.21578837742137053
0.2934045195579529,0.12102803738317756,0.9923371647509579,0.21574344023323616
0.29340437054634094,0.12099976640971735,0.9923371647509579,0.21569852175723506
0.2901476323604584,0.12097150864082204,0.9923371647509579,0.21565362198168195
0.28979724645614624,0.12094326406724258,0.9923371647509579,0.21560874089490112
0.2891013026237488,0.12091503267973856,0.9923371647509579,0.21556387848522682
0.28867965936660767,0.12088681446907817,0.9923371647509579,0.21551903474100273
0.2867220342159271,0.12085860942603827,0.9923371647509579,0.21547420965058237
0.2866826355457306,0.12083041754140425,0.9923371647509579,0.21542940320232898
0.28647345304489136,0.12080223880597014,0.9923371647509579,0.2153846153846154
0.28609880805015564,0.12077407321053858,0.9923371647509579,0.21533984618582416
0.28594398498535156,0.12074592074592075,0.9923371647509579,0.21529509559434745
0.28551429510116577,0.12071778140293637,0.9923371647509579,0.21525036359858715
0.28453853726387024,0.1206896551724138,0.9923371647509579,0.21520565018695473
0.2844221591949463,0.12066154204518985,0.9923371647509579,0.21516095534787125
0.2832757830619812,0.12063344201210992,0.9923371647509579,0.21511627906976746
0.2824922502040863,0.12060535506402793,0.9923371647509579,0.21507162134108365
0.282029390335083,0.12057728119180633,0.9923371647509579,0.2150269821502698
0.28202205896377563,0.12054922038631603,0.9923371647509579,0.21498236148578542
0.28184974193573,0.12052117263843648,0.9923371647509579,0.2149377593360996
0.2818054258823395,0.1204931379390556,0.9923371647509579,0.21489317568969096
0.280414879322052,0.12046511627906976,0.9923371647509579,0.2148486105350477
0.2797727882862091,0.12043710764938387,0.9923371647509579,0.21480406386066764
0.27922794222831726,0.1204091120409112,0.9923371647509579,0.21475953565505806
0.27911144495010376,0.12038112944457355,0.9923371647509579,0.21471502590673577
0.2784510850906372,0.12035315985130111,0.9923371647509579,0.2146705346042271
0.2782709002494812,0.12032520325203253,0.9923371647509579,0.21462606173606796
0.2781105935573578,0.12029725963771482,0.9923371647509579,0.21458160729080364
0.2775404751300812,0.12026932899930345,0.9923371647509579,0.214537171256989
0.2774798572063446,0.1202414113277623,0.9923371647509579,0.2144927536231884
0.27745136618614197,0.12021350661406359,0.9923371647509579,0.21444835437797558
0.27642300724983215,0.12018561484918794,0.9923371647509579,0.21440397350993382
0.2762361168861389,0.12015773602412433,0.9923371647509579,0.2143596110076557
0.2759702205657959,0.12012987012987013,0.9923371647509579,0.21431526685974345
0.27566567063331604,0.12010201715743102,0.9923371647509579,0.21427094105480865
0.274897962808609,0.12007417709782105,0.9923371647509579,0.21422663358147231
0.27442389726638794,0.12004634994206258,0.9923371647509579,0.21418234442836467
0.2741597294807434,0.12001853568118628,0.9923371647509579,0.21413807358412565
0.2740262448787689,0.11999073430623118,0.9923371647509579,0.21409382103740443
0.27377384901046753,0.11996294580824456,0.9923371647509579,0.2140495867768595
0.2728439271450043,0.11993517017828201,0.9923371647509579,0.21400537079115886
0.2723684012889862,0.11990740740740741,0.9923371647509579,0.21396117306897974
0.2721655070781708,0.1198796574866929,0.9923371647509579,0.2139169935990089
0.2701505422592163,0.11985192040721888,0.9923371647509579,0.2138728323699422
0.26998910307884216,0.11982419616007402,0.9923371647509579,0.21382868937048502
0.26885026693344116,0.11979648473635522,0.9923371647509579,0.21378456458935205
0.26869431138038635,0.11976878612716763,0.9923371647509579,0.2137404580152672
0.26823705434799194,0.11974110032362459,0.9923371647509579,0.2136963696369637
0.2674344778060913,0.1197134273168477,0.9923371647509579,0.21365229944318415
0.2665131092071533,0.11968576709796673,0.9923371647509579,0.21360824742268042
0.2664584517478943,0.11965811965811966,0.9923371647509579,0.2135642135642136
0.2657712996006012,0.11963048498845266,0.9923371647509579,0.213520197856554
0.26563119888305664,0.11960286308012007,0.9923371647509579,0.21347620028848133
0.26487451791763306,0.11957525392428439,0.9923371647509579,0.21343222084878452
0.26445472240448,0.11954765751211632,0.9923371647509579,0.21338825952626161
0.26430797576904297,0.11952007383479464,0.9923371647509579,0.21334431630971992
0.2633107304573059,0.11949250288350634,0.9923371647509579,0.2133003911879761
0.2630365490913391,0.1194649446494465,0.9923371647509579,0.2132564841498559
0.2624620199203491,0.1194373991238183,0.9923371647509579,0.21321259518419425
0.26134395599365234,0.11940986629783311,0.9923371647509579,0.2131687242798354
0.26113802194595337,0.1193823461627103,0.9923371647509579,0.2131248714256326
0.26033589243888855,0.11935483870967742,0.9923371647509579,0.2130810366104484
0.2597799599170685,0.11932734392997005,0.9923371647509579,0.2130372198231544
0.25906822085380554,0.11929986181483188,0.9923371647509579,0.21299342105263158
0.2589702904224396,0.11927239235551462,0.9923371647509579,0.21294964028776978
0.25854364037513733,0.11924493554327809,0.9923371647509579,0.21290587751746817
0.25829604268074036,0.1192174913693901,0.9923371647509579,0.2128621327306349
0.25755083560943604,0.11919005982512655,0.9923371647509579,0.2128184059161873
0.25605103373527527,0.11916264090177134,0.9923371647509579,0.21277469706305197
0.2558329105377197,0.11913523459061638,0.9923371647509579,0.2127310061601643
0.25113630294799805,0.11933777879972407,0.9942528735632183,0.21309792650379797
0.2510397136211395,0.1193103448275862,0.9942528735632183,0.21305418719211822
0.24862425029277802,0.11928292346586991,0.9942528735632183,0.21301046583213626
0.2476503849029541,0.11925551470588236,0.9942528735632183,0.2129667624128026
0.24661560356616974,0.11945784516425453,0.9961685823754789,0.21333333333333332
0.2453729659318924,0.11943040881947635,0.9961685823754789,0.2132895816242822
0.24477769434452057,0.11940298507462686,0.9961685823754789,0.21324584785728934
0.24338582158088684,0.11937557392102846,0.9961685823754789,0.2132021320213202
0.2426978051662445,0.11934817535001148,0.9961685823754789,0.2131584341053495
0.24203713238239288,0.11932078935291418,0.9961685823754789,0.21311475409836064
0.23942534625530243,0.11929341592108282,0.9961685823754789,0.21307109198934646
0.23776595294475555,0.11926605504587157,0.9961685823754789,0.2130274477673085
0.23739908635616302,0.1192387067186425,0.9961685823754789,0.21298382142125744
0.2370510697364807,0.1192113709307657,0.9961685823754789,0.21294021294021293
0.23489198088645935,0.11918404767361906,0.9961685823754789,0.2128966223132037
0.23277826607227325,0.11915673693858846,0.9961685823754789,0.2128530495292673
0.23222793638706207,0.11912943871706758,0.9961685823754789,0.21280949457745035
0.23208735883235931,0.11910215300045808,0.9961685823754789,0.2127659574468085
0.23168879747390747,0.11907487978016945,0.9961685823754789,0.2127224381264062
0.2310277372598648,0.11904761904761904,0.9961685823754789,0.21267893660531695
0.23085352778434753,0.11902037079423208,0.9961685823754789,0.21263545287262317
0.23080025613307953,0.11899313501144165,0.9961685823754789,0.21259198691741618
0.22961853444576263,0.11896591169068862,0.9961685823754789,0.21254853872879623
0.22906064987182617,0.11893870082342177,0.9961685823754789,0.2125051082958725
0.22843638062477112,0.11891150240109764,0.9961685823754789,0.21246169560776304
0.22722160816192627,0.11888431641518062,0.9961685823754789,0.21241830065359477
0.22704514861106873,0.11885714285714286,0.9961685823754789,0.21237492342250358
0.22656109929084778,0.11882998171846434,0.9961685823754789,0.21233156390363414
0.22630444169044495,0.11880283299063285,0.9961685823754789,0.21228822208614004
0.2250741720199585,0.1187756966651439,0.9961685823754789,0.21224489795918366
0.22491265833377838,0.1187485727335008,0.9961685823754789,0.21220159151193635
0.22345463931560516,0.1187214611872146,0.9961685823754789,0.21215830273357814
0.22164574265480042,0.11869436201780416,0.9961685823754789,0.21211503161329798
0.21751312911510468,0.11866727521679599,0.9961685823754789,0.21207177814029365
0.212847501039505,0.11864020077572439,0.9961685823754789,0.2120285423037717
0.2117956280708313,0.11861313868613138,0.9961685823754789,0.2119853240929474
0.21132786571979523,0.11858608893956671,0.9961685823754789,0.21194212349704505
0.21037174761295319,0.11855905152758778,0.9961685823754789,0.21189894050529748
0.20974263548851013,0.11853202644175974,0.9961685823754789,0.21185577510694642
0.2083158791065216,0.11850501367365543,0.9961685823754789,0.2118126272912424
0.20825938880443573,0.11847801321485532,0.9961685823754789,0.2117694970474445
0.20706935226917267,0.11845102505694761,0.9961685823754789,0.21172638436482083
0.20466205477714539,0.11842404919152813,0.9961685823754789,0.2116832892326481
0.20407414436340332,0.11839708561020036,0.9961685823754789,0.21164021164021166
0.20137199759483337,0.11837013430457546,0.9961685823754789,0.21159715157680567
0.19651421904563904,0.11834319526627218,0.9961685823754789,0.2115541090317331
0.19553305208683014,0.11831626848691695,0.9961685823754789,0.21151108399430546
0.19326011836528778,0.11828935395814377,0.9961685823754789,0.21146807645384302
0.19290035963058472,0.11826245167159427,0.9961685823754789,0.21142508639967472
0.19161765277385712,0.11823556161891768,0.9961685823754789,0.21138211382113822
0.1877666562795639,0.11820868379177085,0.9961685823754789,0.21133915870757974
0.18679817020893097,0.11818181818181818,0.9961685823754789,0.21129622104835433
0.18319569528102875,0.11815496478073165,0.9961685823754789,0.2112533008328255
0.18199405074119568,0.11812812358019083,0.9961685823754789,0.2112103980503656
0.18177811801433563,0.1181012945718828,0.9961685823754789,0.2111675126903553
0.18012146651744843,0.11807447774750227,0.9961685823754789,0.21112464474218434
0.17871372401714325,0.11804767309875142,0.9961685823754789,0.21108179419525064
0.17469269037246704,0.11802088061734,0.9961685823754789,0.21103896103896105
0.16983361542224884,0.11799410029498525,0.9961685823754789,0.21099614526273078
0.16958168148994446,0.11796733212341198,0.9961685823754789,0.21095334685598377
0.16851763427257538,0.11794057609435246,0.9961685823754789,0.2109105658081525
0.1663368195295334,0.11791383219954649,0.9961685823754789,0.21086780210867803
0.16513773798942566,0.11788710043074133,0.9961685823754789,0.21082505574700994
0.1649855226278305,0.11786038077969176,0.9961685823754789,0.21078232671260638
0.1649474799633026,0.11783367323815998,0.9961685823754789,0.21073961499493413
0.16427300870418549,0.11780697779791573,0.9961685823754789,0.2106969205834684
0.1597394347190857,0.11778029445073612,0.9961685823754789,0.21065424346769296
0.1551438868045807,0.11775362318840579,0.9961685823754789,0.21061158363710006
0.15476815402507782,0.11772696400271677,0.9961685823754789,0.2105689410811905
0.1526302844285965,0.11770031688546853,0.9961685823754789,0.2105263157894737
0.1524820476770401,0.11767368182846798,0.9961685823754789,0.2104837077514673
0.14833642542362213,0.11764705882352941,0.9961685823754789,0.21044111695669768
0.14778979122638702,0.11762044786247455,0.9961685823754789,0.2103985433946996
0.14605340361595154,0.11759384893713253,0.9961685823754789,0.2103559870550162
0.14312656223773956,0.11756726203933981,0.9961685823754789,0.2103134479271992
0.13993345201015472,0.11754068716094032,0.9961685823754789,0.21027092600080874
0.13705982267856598,0.11751412429378531,0.9961685823754789,0.21022842126541336
0.1367674171924591,0.1174875734297334,0.9961685823754789,0.21018593371059016
0.13354437053203583,0.11746103456065056,0.9961685823754789,0.21014346332592443
0.13299210369586945,0.11743450767841011,0.9961685823754789,0.2101010101010101
0.1289953738451004,0.11740799277489275,0.9961685823754789,0.2100585740254494
0.1276266723871231,0.11738148984198646,0.9961685823754789,0.210016155088853
0.12674923241138458,0.11735499887158655,0.9961685823754789,0.2099737532808399
0.12596499919891357,0.11732851985559567,0.9961685823754789,0.20993136859103756
0.12543901801109314,0.11730205278592376,0.9961685823754789,0.20988900100908175
0.12414619326591492,0.11727559765448804,0.9961685823754789,0.2098466505246166
0.1217949390411377,0.11724915445321307,0.9961685823754789,0.20980431712729475
0.12137816101312637,0.11722272317403065,0.9961685823754789,0.20976200080677693
0.1202191561460495,0.11719630380887987,0.9961685823754789,0.2097197015527324
0.11968083679676056,0.11716989634970708,0.9961685823754789,0.20967741935483872
0.11846022307872772,0.11714350078846587,0.9961685823754789,0.2096351542027817
0.11735904961824417,0.11711711711711711,0.9961685823754789,0.20959290608625555
0.11712207645177841,0.1170907453276289,0.9961685823754789,0.20955067499496272
0.11605612188577652,0.11706438541197658,0.9961685823754789,0.209508460918614
0.11220747977495193,0.1170380373621427,0.9961685823754789,0.2094662638469285
0.10955450683832169,0.11701170117011701,0.9961685823754789,0.2094240837696335
0.10762164741754532,0.11698537682789652,0.9961685823754789,0.20938192067646466
0.10498999059200287,0.11695906432748537,0.9961685823754789,0.20933977455716585
0.10493442416191101,0.11693276366089499,0.9961685823754789,0.20929764540148924
0.10436368733644485,0.11690647482014388,0.9961685823754789,0.20925553319919518
0.10345480591058731,0.11710496740840638,0.9980842911877394,0.2096157714745524
0.10143911838531494,0.11707865168539326,0.9980842911877394,0.2095736122284795
0.10080026090145111,0.11705234778701415,0.9980842911877394,0.20953146993766336
0.10017215460538864,0.11702605570530099,0.9980842911877394,0.2094893445918778
0.09866209328174591,0.11699977543229284,0.9980842911877394,0.2094472361809045
0.0981655940413475,0.11697350696003592,0.9980842911877394,0.20940514469453375
0.09803474694490433,0.11694725028058361,0.9980842911877394,0.20936307012256378
0.09142602235078812,0.11692100538599641,0.9980842911877394,0.20932101245480114
0.09037479758262634,0.11689477226834194,0.9980842911877394,0.20927897168106047
0.0886964201927185,0.11686855091969493,0.9980842911877394,0.20923694779116467
0.0855603963136673,0.11684234133213725,0.9980842911877394,0.20919494077494477
0.08467242866754532,0.11681614349775785,0.9980842911877394,0.20915295062224004
0.08370865136384964,0.11678995740865276,0.9980842911877394,0.20911097732289782
0.08300460129976273,0.11676378305692514,0.9980842911877394,0.2090690208667737
0.08286238461732864,0.11673762043468519,0.9980842911877394,0.20902708124373118
0.08211333304643631,0.11671146953405018,0.9980842911877394,0.2089851584436422
0.08033263683319092,0.11668533034714446,0.9980842911877394,0.2089432524563866
0.07887858152389526,0.11665920286609942,0.9980842911877394,0.20890136327185246
0.07663243263959885,0.1166330870830535,0.9980842911877394,0.20885949087993586
0.07461465150117874,0.1166069829901522,0.9980842911877394,0.2088176352705411
0.07345912605524063,0.116580890579548,0.9980842911877394,0.20877579643358044
0.06902928650379181,0.11655480984340044,0.9980842911877394,0.20873397435897437
0.0686289370059967,0.1165287407738761,0.9980842911877394,0.20869216903665133
0.06752780079841614,0.11650268336314848,0.9980842911877394,0.20865038045654788
0.06602219492197037,0.11647663760339817,0.9980842911877394,0.2086086086086086
0.06594830751419067,0.1164506034868127,0.9980842911877394,0.20856685348278625
0.06526597589254379,0.11642458100558659,0.9980842911877394,0.20852511506904142
0.062237489968538284,0.11639857015192136,0.9980842911877394,0.20848339335734292
0.061850134283304214,0.11659593477775296,1.0,0.20884176835367071
0.060780011117458344,0.11656989727556945,1.0,0.20879999999999999
0.05869244784116745,0.11654387139986604,1.0,0.2087582483503299
0.0556088425219059,0.11651785714285715,1.0,0.20871651339464214
0.05485115200281143,0.11649185449676412,1.0,0.20867479512292625
0.050965894013643265,0.11646586345381527,1.0,0.20863309352517984
0.05074689909815788,0.11643988400624582,1.0,0.2085914085914086
0.049280133098363876,0.11641391614629795,1.0,0.20854974031162604
0.04913663491606712,0.11638795986622073,1.0,0.2085080886758538
0.04667830839753151,0.11636201515827017,1.0,0.2084664536741214
0.04267014190554619,0.11633608201470916,1.0,0.20842483529646635
0.03240964561700821,0.1163101604278075,1.0,0.20838323353293417
0.029927033931016922,0.11628425038984183,1.0,0.20834164837357813
0.02809528075158596,0.11625835189309577,1.0,0.20830007980845971
0.0260251946747303,0.11623246492985972,1.0,0.20825852782764814
0.023088132962584496,0.11620658949243098,1.0,0.2082169924212206
0.021786769852042198,0.11618072557311374,1.0,0.20817547357926222
0.02032044716179371,0.11615487316421896,1.0,0.20813397129186603
0.019883116707205772,0.11612903225806452,1.0,0.20809248554913296
0.017457585781812668,0.11610320284697509,1.0,0.2080510163411718
0.017432764172554016,0.11607738492328219,1.0,0.20800956365809925
0.01522181648761034,0.11605157847932414,1.0,0.20796812749003984
0.01424595806747675,0.11602578350744609,1.0,0.20792670782712605
0.011406277306377888,0.116,1.0,0.2078853046594982
