id,seq
49,ClassDeclaration Modifier public Algo MethodDeclaration Modifier static public BasicType int lcm FormalParameter BasicType int a FormalParameter BasicType int b LocalVariableDeclaration BasicType long VariableDeclarator aa MethodInvocation Math Cast BasicType long MemberReference a abs LocalVariableDeclaration BasicType long VariableDeclarator bb MethodInvocation Math Cast BasicType long MemberReference b abs IfStatement BinaryOperation || BinaryOperation == MemberReference aa Literal 0 BinaryOperation == MemberReference bb Literal 0 ReturnStatement Literal 0 End LocalVariableDeclaration BasicType long VariableDeclarator x MemberReference aa VariableDeclarator y MemberReference bb WhileStatement BinaryOperation != MemberReference y Literal 0 BlockStatement LocalVariableDeclaration BasicType long VariableDeclarator t BinaryOperation % MemberReference x MemberReference y StatementExpression Assignment MemberReference x MemberReference y = StatementExpression Assignment MemberReference y MemberReference t = End LocalVariableDeclaration BasicType long VariableDeclarator res BinaryOperation * BinaryOperation / MemberReference aa MemberReference x MemberReference bb ReturnStatement Cast BasicType int MemberReference res
2,ClassDeclaration Algo MethodDeclaration Modifier static public BasicType int binary_search FormalParameter Modifier final BasicType int a FormalParameter BasicType int n FormalParameter BasicType int x IfStatement BinaryOperation || BinaryOperation == MemberReference a Literal null BinaryOperation <= MemberReference n Literal 0 ReturnStatement Literal - 1 End LocalVariableDeclaration BasicType int VariableDeclarator lo Literal 0 LocalVariableDeclaration BasicType int VariableDeclarator hi BinaryOperation - MethodInvocation Math MemberReference n MemberReference a length min Literal 1 WhileStatement BinaryOperation <= MemberReference lo MemberReference hi BlockStatement LocalVariableDeclaration BasicType int VariableDeclarator mid BinaryOperation + MemberReference lo BinaryOperation >>> BinaryOperation - MemberReference hi MemberReference lo Literal 1 LocalVariableDeclaration BasicType int VariableDeclarator v MemberReference ArraySelector MemberReference mid a IfStatement BinaryOperation < MemberReference v MemberReference x BlockStatement StatementExpression Assignment MemberReference lo BinaryOperation + MemberReference mid Literal 1 = IfStatement BinaryOperation > MemberReference v MemberReference x BlockStatement StatementExpression Assignment MemberReference hi BinaryOperation - MemberReference mid Literal 1 = BlockStatement ReturnStatement MemberReference mid End End End ReturnStatement Literal - 1
44,ClassDeclaration Algo MethodDeclaration Modifier static public BasicType int is_prime FormalParameter BasicType int n IfStatement BinaryOperation <= MemberReference n Literal 1 ReturnStatement Literal 0 End IfStatement BinaryOperation <= MemberReference n Literal 3 ReturnStatement Literal 1 End IfStatement BinaryOperation || BinaryOperation == BinaryOperation & MemberReference n Literal 1 Literal 0 BinaryOperation == BinaryOperation % MemberReference n Literal 3 Literal 0 ReturnStatement Literal 0 End LocalVariableDeclaration BasicType long VariableDeclarator i Literal 5 WhileStatement BinaryOperation <= BinaryOperation * MemberReference i MemberReference i MemberReference n BlockStatement IfStatement BinaryOperation || BinaryOperation == BinaryOperation % MemberReference n MemberReference i Literal 0 BinaryOperation == BinaryOperation % MemberReference n BinaryOperation + MemberReference i Literal 2 Literal 0 ReturnStatement Literal 0 End StatementExpression Assignment MemberReference i Literal 6 += End ReturnStatement Literal 1
131,ClassDeclaration Modifier public Algo MethodDeclaration Modifier static public BasicType long str_len FormalParameter BasicType char s IfStatement BinaryOperation || BinaryOperation == MemberReference s Literal null BinaryOperation == MemberReference s length Literal 0 ReturnStatement Literal 0L End IfStatement BinaryOperation == MemberReference ArraySelector Literal 0 s Literal '\0' ReturnStatement Literal 0L End ReturnStatement BinaryOperation + Literal 1L MethodInvocation MethodInvocation java.util.Arrays MemberReference s Literal 1 MemberReference s length copyOfRange str_len
24,ClassDeclaration Algo MethodDeclaration Modifier static public BasicType int is_non_decreasing FormalParameter BasicType int a FormalParameter BasicType int n IfStatement BinaryOperation <= MemberReference n Literal 1 ReturnStatement Literal 1 End IfStatement BinaryOperation < MemberReference ArraySelector BinaryOperation - MemberReference n Literal 1 a MemberReference ArraySelector BinaryOperation - MemberReference n Literal 2 a ReturnStatement Literal 0 End ReturnStatement MethodInvocation MemberReference a BinaryOperation - MemberReference n Literal 1 is_non_decreasing
8,ClassDeclaration Algo MethodDeclaration Modifier static public BasicType int binary_search FormalParameter BasicType int a FormalParameter BasicType int n FormalParameter BasicType int x LocalVariableDeclaration BasicType int VariableDeclarator l Literal 0 VariableDeclarator r BinaryOperation - MemberReference n Literal 1 WhileStatement BinaryOperation <= MemberReference l MemberReference r BlockStatement LocalVariableDeclaration BasicType int VariableDeclarator m BinaryOperation + MemberReference l BinaryOperation >>> BinaryOperation - MemberReference r MemberReference l Literal 1 LocalVariableDeclaration BasicType int VariableDeclarator v MemberReference ArraySelector MemberReference m a IfStatement BinaryOperation == MemberReference v MemberReference x ReturnStatement MemberReference m End IfStatement BinaryOperation < MemberReference v MemberReference x StatementExpression Assignment MemberReference l BinaryOperation + MemberReference m Literal 1 = StatementExpression Assignment MemberReference r BinaryOperation - MemberReference m Literal 1 = End End ReturnStatement Literal - 1
126,ClassDeclaration Algo MethodDeclaration Modifier static public BasicType int str_len FormalParameter ReferenceType String s IfStatement BinaryOperation == MemberReference s Literal null ReturnStatement Literal 0 End LocalVariableDeclaration BasicType int VariableDeclarator i Literal 0 VariableDeclarator n MethodInvocation s length WhileStatement BinaryOperation && BinaryOperation < MemberReference i MemberReference n BinaryOperation != MethodInvocation s MemberReference i charAt Literal '\0' StatementExpression MemberReference ++ i End ReturnStatement MemberReference i
46,ClassDeclaration Algo MethodDeclaration Modifier static public BasicType int is_prime FormalParameter BasicType int n IfStatement BinaryOperation <= MemberReference n Literal 1 ReturnStatement Literal 0 End IfStatement BinaryOperation <= MemberReference n Literal 3 ReturnStatement Literal 1 End IfStatement BinaryOperation || BinaryOperation == BinaryOperation % MemberReference n Literal 2 Literal 0 BinaryOperation == BinaryOperation % MemberReference n Literal 3 Literal 0 ReturnStatement Literal 0 End LocalVariableDeclaration BasicType long VariableDeclarator nn MemberReference n ForStatement ForControl VariableDeclaration BasicType long VariableDeclarator i Literal 5 BinaryOperation <= BinaryOperation * MemberReference i MemberReference i MemberReference nn Assignment MemberReference i Literal 6 += BlockStatement IfStatement BinaryOperation || BinaryOperation == BinaryOperation % MemberReference n MemberReference i Literal 0 BinaryOperation == BinaryOperation % MemberReference n BinaryOperation + MemberReference i Literal 2 Literal 0 ReturnStatement Literal 0 End End ReturnStatement Literal 1
10,ClassDeclaration Algo MethodDeclaration Modifier static public BasicType int gcd FormalParameter BasicType int a FormalParameter BasicType int b LocalVariableDeclaration BasicType long VariableDeclarator x MemberReference a LocalVariableDeclaration BasicType long VariableDeclarator y MemberReference b IfStatement BinaryOperation < MemberReference x Literal 0 StatementExpression Assignment MemberReference x MemberReference - x = End IfStatement BinaryOperation < MemberReference y Literal 0 StatementExpression Assignment MemberReference y MemberReference - y = End WhileStatement BinaryOperation != MemberReference y Literal 0 BlockStatement LocalVariableDeclaration BasicType long VariableDeclarator t BinaryOperation % MemberReference x MemberReference y StatementExpression Assignment MemberReference x MemberReference y = StatementExpression Assignment MemberReference y MemberReference t = End ReturnStatement Cast BasicType int MemberReference x
89,ClassDeclaration Algo MethodDeclaration Modifier static public BasicType int popcount_u32 FormalParameter BasicType int x IfStatement BinaryOperation == MemberReference x Literal 0 ReturnStatement Literal 0 End ReturnStatement BinaryOperation + Literal 1 MethodInvocation BinaryOperation & MemberReference x BinaryOperation - MemberReference x Literal 1 popcount_u32
61,ClassDeclaration Algo MethodDeclaration Modifier static public BasicType int lower_bound FormalParameter BasicType int a FormalParameter BasicType int n FormalParameter BasicType int x LocalVariableDeclaration BasicType int VariableDeclarator k Literal 1 WhileStatement BinaryOperation < MemberReference k MemberReference n StatementExpression Assignment MemberReference k Literal 1 <<= End LocalVariableDeclaration BasicType int VariableDeclarator pos Literal - 1 ForStatement ForControl BinaryOperation != MemberReference k Literal 0 Assignment MemberReference k Literal 1 >>= BlockStatement LocalVariableDeclaration BasicType int VariableDeclarator next BinaryOperation + MemberReference pos MemberReference k IfStatement BinaryOperation && BinaryOperation < MemberReference next MemberReference n BinaryOperation < MemberReference ArraySelector MemberReference next a MemberReference x StatementExpression Assignment MemberReference pos MemberReference next = End End ReturnStatement BinaryOperation + MemberReference pos Literal 1
6,ClassDeclaration Algo MethodDeclaration Modifier static public BasicType int binary_search FormalParameter Modifier final BasicType int a FormalParameter BasicType int n FormalParameter BasicType int x LocalVariableDeclaration BasicType int VariableDeclarator lo Literal 0 VariableDeclarator hi BinaryOperation - MemberReference n Literal 1 WhileStatement BinaryOperation <= MemberReference lo MemberReference hi BlockStatement LocalVariableDeclaration BasicType int VariableDeclarator mid BinaryOperation + MemberReference lo BinaryOperation >>> BinaryOperation - MemberReference hi MemberReference lo Literal 1 LocalVariableDeclaration BasicType int VariableDeclarator v MemberReference ArraySelector MemberReference mid a IfStatement BinaryOperation < MemberReference v MemberReference x BlockStatement StatementExpression Assignment MemberReference lo BinaryOperation + MemberReference mid Literal 1 = IfStatement BinaryOperation > MemberReference v MemberReference x BlockStatement StatementExpression Assignment MemberReference hi BinaryOperation - MemberReference mid Literal 1 = BlockStatement ReturnStatement MemberReference mid End End End ReturnStatement Literal - 1
83,ClassDeclaration Algo MethodDeclaration Modifier static public BasicType long max_subarray_sum FormalParameter BasicType int a FormalParameter BasicType int n IfStatement BinaryOperation <= MemberReference n Literal 0 ReturnStatement Literal 0L End LocalVariableDeclaration BasicType int VariableDeclarator m Literal 1 WhileStatement BinaryOperation < MemberReference m MemberReference n StatementExpression Assignment MemberReference m Literal 1 <<= End LocalVariableDeclaration BasicType int VariableDeclarator size BinaryOperation << MemberReference m Literal 1 LocalVariableDeclaration BasicType long VariableDeclarator sum ArrayCreator BasicType long MemberReference size LocalVariableDeclaration BasicType long VariableDeclarator pref ArrayCreator BasicType long MemberReference size LocalVariableDeclaration BasicType long VariableDeclarator suff ArrayCreator BasicType long MemberReference size LocalVariableDeclaration BasicType long VariableDeclarator best ArrayCreator BasicType long MemberReference size LocalVariableDeclaration BasicType long VariableDeclarator NEG_INF BinaryOperation / MemberReference Long MIN_VALUE Literal 4 ForStatement ForControl VariableDeclaration BasicType int VariableDeclarator i Literal 0 BinaryOperation < MemberReference i MemberReference m MemberReference ++ i BlockStatement LocalVariableDeclaration BasicType int VariableDeclarator idx BinaryOperation + MemberReference m MemberReference i IfStatement BinaryOperation < MemberReference i MemberReference n BlockStatement LocalVariableDeclaration BasicType long VariableDeclarator v MemberReference ArraySelector MemberReference i a StatementExpression Assignment MemberReference ArraySelector MemberReference idx sum MemberReference v = StatementExpression Assignment MemberReference ArraySelector MemberReference idx pref MemberReference v = StatementExpression Assignment MemberReference ArraySelector MemberReference idx suff MemberReference v = StatementExpression Assignment MemberReference ArraySelector MemberReference idx best MemberReference v = BlockStatement StatementExpression Assignment MemberReference ArraySelector MemberReference idx sum Literal 0L = StatementExpression Assignment MemberReference ArraySelector MemberReference idx pref MemberReference NEG_INF = StatementExpression Assignment MemberReference ArraySelector MemberReference idx suff MemberReference NEG_INF = StatementExpression Assignment MemberReference ArraySelector MemberReference idx best MemberReference NEG_INF = End End ForStatement ForControl VariableDeclaration BasicType int VariableDeclarator i BinaryOperation - MemberReference m Literal 1 BinaryOperation >= MemberReference i Literal 1 MemberReference -- i BlockStatement LocalVariableDeclaration BasicType int VariableDeclarator l BinaryOperation << MemberReference i Literal 1 VariableDeclarator r BinaryOperation + MemberReference l Literal 1 StatementExpression Assignment MemberReference ArraySelector MemberReference i sum BinaryOperation + MemberReference ArraySelector MemberReference l sum MemberReference ArraySelector MemberReference r sum = LocalVariableDeclaration BasicType long VariableDeclarator prefCand1 MemberReference ArraySelector MemberReference l pref LocalVariableDeclaration BasicType long VariableDeclarator prefCand2 TernaryExpression BinaryOperation == MemberReference ArraySelector MemberReference r pref MemberReference NEG_INF MemberReference NEG_INF BinaryOperation + MemberReference ArraySelector MemberReference l sum MemberReference ArraySelector MemberReference r pref StatementExpression Assignment MemberReference ArraySelector MemberReference i pref MethodInvocation Math MemberReference prefCand1 MemberReference prefCand2 max = LocalVariableDeclaration BasicType long VariableDeclarator suffCand1 MemberReference ArraySelector MemberReference r suff LocalVariableDeclaration BasicType long VariableDeclarator suffCand2 TernaryExpression BinaryOperation == MemberReference ArraySelector MemberReference l suff MemberReference NEG_INF MemberReference NEG_INF BinaryOperation + MemberReference ArraySelector MemberReference r sum MemberReference ArraySelector MemberReference l suff StatementExpression Assignment MemberReference ArraySelector MemberReference i suff MethodInvocation Math MemberReference suffCand1 MemberReference suffCand2 max = LocalVariableDeclaration BasicType long VariableDeclarator bestCand TernaryExpression BinaryOperation >= MemberReference ArraySelector MemberReference l best MemberReference ArraySelector MemberReference r best MemberReference ArraySelector MemberReference l best MemberReference ArraySelector MemberReference r best LocalVariableDeclaration BasicType long VariableDeclarator crossCand TernaryExpression BinaryOperation || BinaryOperation == MemberReference ArraySelector MemberReference l suff MemberReference NEG_INF BinaryOperation == MemberReference ArraySelector MemberReference r pref MemberReference NEG_INF MemberReference NEG_INF BinaryOperation + MemberReference ArraySelector MemberReference l suff MemberReference ArraySelector MemberReference r pref StatementExpression Assignment MemberReference ArraySelector MemberReference i best TernaryExpression BinaryOperation >= MemberReference bestCand MemberReference crossCand MemberReference bestCand MemberReference crossCand = End ReturnStatement MemberReference ArraySelector Literal 1 best
26,ClassDeclaration Algo MethodDeclaration Modifier static public BasicType int is_non_decreasing FormalParameter BasicType int a FormalParameter BasicType int n IfStatement BinaryOperation == MemberReference a Literal null ReturnStatement TernaryExpression BinaryOperation <= MemberReference n Literal 1 Literal 1 Literal 0 End IfStatement BinaryOperation <= MemberReference n Literal 1 ReturnStatement Literal 1 End LocalVariableDeclaration BasicType int VariableDeclarator minRight MemberReference ArraySelector BinaryOperation - MemberReference n Literal 1 a ForStatement ForControl VariableDeclaration BasicType int VariableDeclarator i BinaryOperation - MemberReference n Literal 2 BinaryOperation >= MemberReference i Literal 0 MemberReference -- i BlockStatement IfStatement BinaryOperation > MemberReference ArraySelector MemberReference i a MemberReference minRight ReturnStatement Literal 0 End IfStatement BinaryOperation < MemberReference ArraySelector MemberReference i a MemberReference minRight StatementExpression Assignment MemberReference minRight MemberReference ArraySelector MemberReference i a = End End ReturnStatement Literal 1
54,ClassDeclaration Algo MethodDeclaration Modifier static public BasicType int lcm FormalParameter BasicType int a FormalParameter BasicType int b IfStatement BinaryOperation || BinaryOperation == MemberReference a Literal 0 BinaryOperation == MemberReference b Literal 0 ReturnStatement Literal 0 End LocalVariableDeclaration BasicType long VariableDeclarator x MethodInvocation Math Cast BasicType long MemberReference a abs LocalVariableDeclaration BasicType long VariableDeclarator y MethodInvocation Math Cast BasicType long MemberReference b abs LocalVariableDeclaration BasicType long VariableDeclarator u MemberReference x VariableDeclarator v MemberReference y WhileStatement BinaryOperation != MemberReference v Literal 0 BlockStatement LocalVariableDeclaration BasicType long VariableDeclarator t BinaryOperation % MemberReference u MemberReference v StatementExpression Assignment MemberReference u MemberReference v = StatementExpression Assignment MemberReference v MemberReference t = End LocalVariableDeclaration BasicType long VariableDeclarator g MemberReference u LocalVariableDeclaration BasicType long VariableDeclarator l BinaryOperation * BinaryOperation / MemberReference x MemberReference g MemberReference y ReturnStatement Cast BasicType int MemberReference l
68,ClassDeclaration Algo MethodDeclaration Modifier static public BasicType int lower_bound FormalParameter BasicType int a FormalParameter BasicType int n FormalParameter BasicType int x IfStatement BinaryOperation <= MemberReference n Literal 0 ReturnStatement Literal 0 End IfStatement BinaryOperation >= MemberReference ArraySelector Literal 0 a MemberReference x ReturnStatement Literal 0 End LocalVariableDeclaration BasicType int VariableDeclarator lo Literal 0 VariableDeclarator hi Literal 1 WhileStatement BinaryOperation && BinaryOperation < MemberReference hi MemberReference n BinaryOperation < MemberReference ArraySelector MemberReference hi a MemberReference x BlockStatement StatementExpression Assignment MemberReference lo MemberReference hi = StatementExpression Assignment MemberReference hi Literal 1 <<= End IfStatement BinaryOperation > MemberReference hi MemberReference n StatementExpression Assignment MemberReference hi MemberReference n = End LocalVariableDeclaration BasicType int VariableDeclarator l BinaryOperation + MemberReference lo Literal 1 VariableDeclarator r MemberReference hi WhileStatement BinaryOperation < MemberReference l MemberReference r BlockStatement LocalVariableDeclaration BasicType int VariableDeclarator m BinaryOperation + MemberReference l BinaryOperation >>> BinaryOperation - MemberReference r MemberReference l Literal 1 IfStatement BinaryOperation < MemberReference ArraySelector MemberReference m a MemberReference x StatementExpression Assignment MemberReference l BinaryOperation + MemberReference m Literal 1 = StatementExpression Assignment MemberReference r MemberReference m = End End ReturnStatement MemberReference l
4,ClassDeclaration Modifier public Algo MethodDeclaration Modifier static public BasicType int binary_search FormalParameter BasicType int a FormalParameter BasicType int n FormalParameter BasicType int x LocalVariableDeclaration BasicType int VariableDeclarator low Literal 0 LocalVariableDeclaration BasicType int VariableDeclarator high BinaryOperation - MemberReference n Literal 1 WhileStatement BinaryOperation <= MemberReference low MemberReference high BlockStatement LocalVariableDeclaration BasicType int VariableDeclarator mid BinaryOperation + MemberReference low BinaryOperation / BinaryOperation - MemberReference high MemberReference low Literal 2 LocalVariableDeclaration BasicType int VariableDeclarator v MemberReference ArraySelector MemberReference mid a IfStatement BinaryOperation == MemberReference v MemberReference x BlockStatement ReturnStatement MemberReference mid IfStatement BinaryOperation < MemberReference v MemberReference x BlockStatement StatementExpression Assignment MemberReference low BinaryOperation + MemberReference mid Literal 1 = BlockStatement StatementExpression Assignment MemberReference high BinaryOperation - MemberReference mid Literal 1 = End End End ReturnStatement Literal - 1
38,ClassDeclaration Algo MethodDeclaration Modifier static public BasicType int is_prime FormalParameter BasicType int n IfStatement BinaryOperation < MemberReference n Literal 2 ReturnStatement Literal 0 End IfStatement BinaryOperation || BinaryOperation == MemberReference n Literal 2 BinaryOperation == MemberReference n Literal 3 ReturnStatement Literal 1 End IfStatement BinaryOperation == BinaryOperation & MemberReference n Literal 1 Literal 0 ReturnStatement Literal 0 End IfStatement BinaryOperation == BinaryOperation % MemberReference n Literal 3 Literal 0 ReturnStatement Literal 0 End LocalVariableDeclaration BasicType long VariableDeclarator d BinaryOperation - MemberReference n Literal 1 LocalVariableDeclaration BasicType int VariableDeclarator s Literal 0 WhileStatement BinaryOperation == BinaryOperation & MemberReference d Literal 1 Literal 0 BlockStatement StatementExpression Assignment MemberReference d Literal 1 >>= StatementExpression MemberReference ++ s End LocalVariableDeclaration BasicType int VariableDeclarator bases ArrayInitializer Literal 2 Literal 7 Literal 61 ForStatement EnhancedForControl VariableDeclaration BasicType int VariableDeclarator a MemberReference bases BlockStatement IfStatement BinaryOperation == BinaryOperation % MemberReference a MemberReference n Literal 0 ContinueStatement End LocalVariableDeclaration BasicType long VariableDeclarator x Literal 1 LocalVariableDeclaration BasicType long VariableDeclarator base BinaryOperation % MemberReference a MemberReference n LocalVariableDeclaration BasicType long VariableDeclarator dd MemberReference d WhileStatement BinaryOperation > MemberReference dd Literal 0 BlockStatement IfStatement BinaryOperation != BinaryOperation & MemberReference dd Literal 1L Literal 0 StatementExpression Assignment MemberReference x BinaryOperation % BinaryOperation * MemberReference x MemberReference base MemberReference n = End StatementExpression Assignment MemberReference base BinaryOperation % BinaryOperation * MemberReference base MemberReference base MemberReference n = StatementExpression Assignment MemberReference dd Literal 1 >>= End IfStatement BinaryOperation || BinaryOperation == MemberReference x Literal 1 BinaryOperation == MemberReference x BinaryOperation - MemberReference n Literal 1 ContinueStatement End LocalVariableDeclaration BasicType boolean VariableDeclarator witness Literal true ForStatement ForControl VariableDeclaration BasicType int VariableDeclarator r Literal 1 BinaryOperation < MemberReference r MemberReference s MemberReference ++ r BlockStatement StatementExpression Assignment MemberReference x BinaryOperation % BinaryOperation * MemberReference x MemberReference x MemberReference n = IfStatement BinaryOperation == MemberReference x BinaryOperation - MemberReference n Literal 1 BlockStatement StatementExpression Assignment MemberReference witness Literal false = BreakStatement End End IfStatement MemberReference witness ReturnStatement Literal 0 End End ReturnStatement Literal 1
65,ClassDeclaration Algo MethodDeclaration Modifier static public BasicType int lower_bound FormalParameter BasicType int a FormalParameter BasicType int n FormalParameter BasicType int x LocalVariableDeclaration BasicType int VariableDeclarator l Literal 0 VariableDeclarator r MemberReference n WhileStatement BinaryOperation < MemberReference l MemberReference r BlockStatement LocalVariableDeclaration BasicType int VariableDeclarator m BinaryOperation + MemberReference l BinaryOperation >>> BinaryOperation - MemberReference r MemberReference l Literal 1 IfStatement BinaryOperation < MemberReference ArraySelector MemberReference m a MemberReference x BlockStatement StatementExpression Assignment MemberReference l BinaryOperation + MemberReference m Literal 1 = BlockStatement StatementExpression Assignment MemberReference r MemberReference m = End End ReturnStatement MemberReference l
115,ClassDeclaration Modifier public Algo MethodDeclaration Modifier static public BasicType int rotl32 FormalParameter BasicType int x FormalParameter BasicType int r LocalVariableDeclaration BasicType int VariableDeclarator s BinaryOperation & MemberReference r Literal 31 ReturnStatement BinaryOperation | BinaryOperation << MemberReference x MemberReference s BinaryOperation >>> MemberReference x BinaryOperation & MemberReference - s Literal 31
80,ClassDeclaration Modifier public Algo MethodDeclaration Modifier static public BasicType long max_subarray_sum FormalParameter Modifier final BasicType int a FormalParameter BasicType long n LocalVariableDeclaration BasicType int VariableDeclarator m Cast BasicType int MethodInvocation Math MethodInvocation Math MemberReference n Literal 0L max Cast BasicType long TernaryExpression BinaryOperation == MemberReference a Literal null Literal 0 MemberReference a length min IfStatement BinaryOperation <= MemberReference m Literal 0 ReturnStatement Literal 0L End IfStatement BinaryOperation == MemberReference m Literal 1 ReturnStatement MemberReference ArraySelector Literal 0 a End LocalVariableDeclaration BasicType int VariableDeclarator mid BinaryOperation >>> MemberReference m Literal 1 LocalVariableDeclaration BasicType long VariableDeclarator leftBest MethodInvocation MethodInvocation java.util.Arrays MemberReference a Literal 0 MemberReference mid copyOfRange MemberReference mid max_subarray_sum LocalVariableDeclaration BasicType long VariableDeclarator rightBest MethodInvocation MethodInvocation java.util.Arrays MemberReference a MemberReference mid MemberReference m copyOfRange BinaryOperation - Cast BasicType long MemberReference m MemberReference mid max_subarray_sum LocalVariableDeclaration BasicType long VariableDeclarator bestCrossLeft MemberReference Long MIN_VALUE LocalVariableDeclaration BasicType long VariableDeclarator acc Literal 0 ForStatement ForControl VariableDeclaration BasicType int VariableDeclarator i BinaryOperation - MemberReference mid Literal 1 BinaryOperation >= MemberReference i Literal 0 MemberReference -- i BlockStatement StatementExpression Assignment MemberReference acc MemberReference ArraySelector MemberReference i a += IfStatement BinaryOperation > MemberReference acc MemberReference bestCrossLeft StatementExpression Assignment MemberReference bestCrossLeft MemberReference acc = End End LocalVariableDeclaration BasicType long VariableDeclarator bestCrossRight MemberReference Long MIN_VALUE StatementExpression Assignment MemberReference acc Literal 0 = ForStatement ForControl VariableDeclaration BasicType int VariableDeclarator i MemberReference mid BinaryOperation < MemberReference i MemberReference m MemberReference ++ i BlockStatement StatementExpression Assignment MemberReference acc MemberReference ArraySelector MemberReference i a += IfStatement BinaryOperation > MemberReference acc MemberReference bestCrossRight StatementExpression Assignment MemberReference bestCrossRight MemberReference acc = End End LocalVariableDeclaration BasicType long VariableDeclarator cross BinaryOperation + MemberReference bestCrossLeft MemberReference bestCrossRight ReturnStatement MethodInvocation Math MethodInvocation Math MemberReference leftBest MemberReference rightBest max MemberReference cross max
27,ClassDeclaration Algo MethodDeclaration Modifier static public BasicType int is_non_decreasing FormalParameter Modifier final BasicType int a FormalParameter BasicType long n IfStatement BinaryOperation <= MemberReference n Literal 1 ReturnStatement Literal 1 End IfStatement BinaryOperation == MemberReference a Literal null ReturnStatement Literal 0 End LocalVariableDeclaration BasicType int VariableDeclarator m TernaryExpression BinaryOperation < MemberReference n Literal 0 Literal 0 TernaryExpression BinaryOperation > MemberReference n MemberReference a length MemberReference a length Cast BasicType int MemberReference n IfStatement BinaryOperation <= MemberReference m Literal 1 ReturnStatement Literal 1 End LocalVariableDeclaration BasicType int VariableDeclarator b ArrayCreator BasicType int MemberReference m StatementExpression MethodInvocation System MemberReference a Literal 0 MemberReference b Literal 0 MemberReference m arraycopy StatementExpression MethodInvocation java.util.Arrays MemberReference b sort ForStatement ForControl VariableDeclaration BasicType int VariableDeclarator i Literal 0 BinaryOperation < MemberReference i MemberReference m MemberReference ++ i BlockStatement IfStatement BinaryOperation != MemberReference ArraySelector MemberReference i a MemberReference ArraySelector MemberReference i b ReturnStatement Literal 0 End End ReturnStatement Literal 1
59,ClassDeclaration Modifier public Algo MethodDeclaration Modifier static public BasicType int lcm FormalParameter BasicType int a FormalParameter BasicType int b IfStatement BinaryOperation || BinaryOperation == MemberReference a Literal 0 BinaryOperation == MemberReference b Literal 0 ReturnStatement Literal 0 End LocalVariableDeclaration BasicType long VariableDeclarator x MethodInvocation Math Cast BasicType long MemberReference a abs LocalVariableDeclaration BasicType long VariableDeclarator y MethodInvocation Math Cast BasicType long MemberReference b abs LocalVariableDeclaration BasicType long VariableDeclarator r Literal 1 LocalVariableDeclaration BasicType long VariableDeclarator d Literal 2 WhileStatement BinaryOperation || BinaryOperation > MemberReference x Literal 1 BinaryOperation > MemberReference y Literal 1 BlockStatement LocalVariableDeclaration BasicType boolean VariableDeclarator divided Literal false IfStatement BinaryOperation == BinaryOperation % MemberReference x MemberReference d Literal 0 BlockStatement StatementExpression Assignment MemberReference x MemberReference d /= StatementExpression Assignment MemberReference divided Literal true = End IfStatement BinaryOperation == BinaryOperation % MemberReference y MemberReference d Literal 0 BlockStatement StatementExpression Assignment MemberReference y MemberReference d /= StatementExpression Assignment MemberReference divided Literal true = End IfStatement MemberReference divided BlockStatement StatementExpression Assignment MemberReference r MemberReference d *= BlockStatement StatementExpression Assignment MemberReference d TernaryExpression BinaryOperation == MemberReference d Literal 2 Literal 1 Literal 2 += End End ReturnStatement Cast BasicType int MemberReference r
13,ClassDeclaration Algo MethodDeclaration Modifier static public BasicType int gcd FormalParameter BasicType int a FormalParameter BasicType int b LocalVariableDeclaration BasicType long VariableDeclarator x MemberReference a IfStatement BinaryOperation < MemberReference x Literal 0 StatementExpression Assignment MemberReference x MemberReference - x = End LocalVariableDeclaration BasicType long VariableDeclarator y MemberReference b IfStatement BinaryOperation < MemberReference y Literal 0 StatementExpression Assignment MemberReference y MemberReference - y = End IfStatement BinaryOperation == MemberReference x Literal 0 ReturnStatement Cast BasicType int MemberReference y End IfStatement BinaryOperation == MemberReference y Literal 0 ReturnStatement Cast BasicType int MemberReference x End LocalVariableDeclaration BasicType int VariableDeclarator shift MethodInvocation Math MethodInvocation Long MemberReference x numberOfTrailingZeros MethodInvocation Long MemberReference y numberOfTrailingZeros min StatementExpression Assignment MemberReference x MethodInvocation Long MemberReference x numberOfTrailingZeros >>= DoStatement BinaryOperation != MemberReference y Literal 0 BlockStatement StatementExpression Assignment MemberReference y MethodInvocation Long MemberReference y numberOfTrailingZeros >>= IfStatement BinaryOperation > MemberReference x MemberReference y BlockStatement LocalVariableDeclaration BasicType long VariableDeclarator t MemberReference x StatementExpression Assignment MemberReference x MemberReference y = StatementExpression Assignment MemberReference y MemberReference t = End StatementExpression Assignment MemberReference y MemberReference x -= End LocalVariableDeclaration BasicType long VariableDeclarator g BinaryOperation << MemberReference x MemberReference shift ReturnStatement Cast BasicType int MemberReference g
122,ClassDeclaration Algo MethodDeclaration Modifier static public BasicType int rotl32 FormalParameter BasicType int x FormalParameter BasicType int r LocalVariableDeclaration BasicType int VariableDeclarator s BinaryOperation & MemberReference r Literal 31 LocalVariableDeclaration BasicType long VariableDeclarator u BinaryOperation & MemberReference x Literal 0xFFFFFFFFL LocalVariableDeclaration BasicType long VariableDeclarator t BinaryOperation | BinaryOperation << MemberReference u Literal 32 MemberReference u ReturnStatement Cast BasicType int BinaryOperation & BinaryOperation >>> MemberReference t BinaryOperation - Literal 32 MemberReference s Literal 0xFFFFFFFFL
57,ClassDeclaration Algo MethodDeclaration Modifier static public BasicType int lcm FormalParameter BasicType int a FormalParameter BasicType int b IfStatement BinaryOperation || BinaryOperation == MemberReference a Literal 0 BinaryOperation == MemberReference b Literal 0 ReturnStatement Literal 0 End LocalVariableDeclaration BasicType long VariableDeclarator x MemberReference a VariableDeclarator y MemberReference b IfStatement BinaryOperation < MemberReference x Literal 0 StatementExpression Assignment MemberReference x MemberReference - x = End IfStatement BinaryOperation < MemberReference y Literal 0 StatementExpression Assignment MemberReference y MemberReference - y = End LocalVariableDeclaration BasicType long VariableDeclarator u MemberReference x VariableDeclarator v MemberReference y WhileStatement BinaryOperation != MemberReference v Literal 0 BlockStatement LocalVariableDeclaration BasicType long VariableDeclarator t BinaryOperation % MemberReference u MemberReference v StatementExpression Assignment MemberReference u MemberReference v = StatementExpression Assignment MemberReference v MemberReference t = End LocalVariableDeclaration BasicType long VariableDeclarator l BinaryOperation * BinaryOperation / MemberReference x MemberReference u MemberReference y ReturnStatement Cast BasicType int MemberReference l
78,ClassDeclaration Algo MethodDeclaration Modifier static public BasicType long max_subarray_sum FormalParameter BasicType int a FormalParameter BasicType int n IfStatement BinaryOperation || BinaryOperation == MemberReference a Literal null BinaryOperation <= MemberReference n Literal 0 ReturnStatement Literal 0L End LocalVariableDeclaration BasicType int VariableDeclarator limit MethodInvocation Math MemberReference n MemberReference a length min LocalVariableDeclaration BasicType long VariableDeclarator prefix Literal 0L LocalVariableDeclaration BasicType long VariableDeclarator minPrefix Literal 0L LocalVariableDeclaration BasicType long VariableDeclarator best MemberReference Long MIN_VALUE ForStatement ForControl VariableDeclaration BasicType int VariableDeclarator i Literal 0 BinaryOperation < MemberReference i MemberReference limit MemberReference ++ i BlockStatement StatementExpression Assignment MemberReference prefix Cast BasicType long MemberReference ArraySelector MemberReference i a += LocalVariableDeclaration BasicType long VariableDeclarator cand BinaryOperation - MemberReference prefix MemberReference minPrefix IfStatement BinaryOperation > MemberReference cand MemberReference best StatementExpression Assignment MemberReference best MemberReference cand = End IfStatement BinaryOperation < MemberReference prefix MemberReference minPrefix StatementExpression Assignment MemberReference minPrefix MemberReference prefix = End End ReturnStatement TernaryExpression BinaryOperation == MemberReference best MemberReference Long MIN_VALUE Literal 0L MemberReference best
39,ClassDeclaration Algo MethodDeclaration Modifier static public BasicType int is_prime FormalParameter BasicType int n IfStatement BinaryOperation < MemberReference n Literal 2 ReturnStatement Literal 0 End IfStatement BinaryOperation == BinaryOperation & MemberReference n Literal 1 Literal 0 ReturnStatement TernaryExpression BinaryOperation == MemberReference n Literal 2 Literal 1 Literal 0 End LocalVariableDeclaration BasicType int VariableDeclarator small ArrayInitializer Literal 3 Literal 5 Literal 7 Literal 11 Literal 13 Literal 17 Literal 19 Literal 23 Literal 29 Literal 31 Literal 37 ForStatement EnhancedForControl VariableDeclaration BasicType int VariableDeclarator p MemberReference small BlockStatement IfStatement BinaryOperation == MemberReference n MemberReference p ReturnStatement Literal 1 End IfStatement BinaryOperation == BinaryOperation % MemberReference n MemberReference p Literal 0 ReturnStatement Literal 0 End End LocalVariableDeclaration BasicType long VariableDeclarator d BinaryOperation - MemberReference n Literal 1 LocalVariableDeclaration BasicType int VariableDeclarator s Literal 0 WhileStatement BinaryOperation == BinaryOperation & MemberReference d Literal 1 Literal 0 BlockStatement StatementExpression Assignment MemberReference d Literal 1 >>= StatementExpression MemberReference ++ s End LocalVariableDeclaration BasicType int VariableDeclarator bases ArrayInitializer Literal 2 Literal 3 Literal 5 Literal 7 Literal 11 LocalVariableDeclaration BasicType long VariableDeclarator nn MemberReference n ForStatement EnhancedForControl VariableDeclaration BasicType int VariableDeclarator a MemberReference bases BlockStatement IfStatement BinaryOperation == BinaryOperation % MemberReference a MemberReference n Literal 0 ContinueStatement End LocalVariableDeclaration BasicType long VariableDeclarator x Literal 1 VariableDeclarator b BinaryOperation % MemberReference a MemberReference nn VariableDeclarator e MemberReference d WhileStatement BinaryOperation > MemberReference e Literal 0 BlockStatement IfStatement BinaryOperation != BinaryOperation & MemberReference e Literal 1L Literal 0 StatementExpression Assignment MemberReference x BinaryOperation % BinaryOperation * MemberReference x MemberReference b MemberReference nn = End StatementExpression Assignment MemberReference b BinaryOperation % BinaryOperation * MemberReference b MemberReference b MemberReference nn = StatementExpression Assignment MemberReference e Literal 1 >>= End IfStatement BinaryOperation || BinaryOperation == MemberReference x Literal 1 BinaryOperation == MemberReference x BinaryOperation - MemberReference nn Literal 1 ContinueStatement End LocalVariableDeclaration BasicType boolean VariableDeclarator witness Literal true ForStatement ForControl VariableDeclaration BasicType int VariableDeclarator r Literal 1 BinaryOperation < MemberReference r MemberReference s MemberReference ++ r BlockStatement StatementExpression Assignment MemberReference x BinaryOperation % BinaryOperation * MemberReference x MemberReference x MemberReference nn = IfStatement BinaryOperation == MemberReference x BinaryOperation - MemberReference nn Literal 1 BlockStatement StatementExpression Assignment MemberReference witness Literal false = BreakStatement End End IfStatement MemberReference witness ReturnStatement Literal 0 End End ReturnStatement Literal 1
96,ClassDeclaration Algo MethodDeclaration Modifier static public reverse_array FormalParameter BasicType int a FormalParameter BasicType long n IfStatement BinaryOperation || BinaryOperation == MemberReference a Literal null BinaryOperation <= MemberReference n Literal 1 ReturnStatement End LocalVariableDeclaration BasicType int VariableDeclarator m TernaryExpression BinaryOperation > MemberReference n MemberReference a length MemberReference a length TernaryExpression BinaryOperation < MemberReference n Literal 0 Literal 0 Cast BasicType int MemberReference n LocalVariableDeclaration BasicType int VariableDeclarator i Literal 0 VariableDeclarator j BinaryOperation - MemberReference m Literal 1 WhileStatement BinaryOperation < MemberReference i MemberReference j BlockStatement LocalVariableDeclaration BasicType int VariableDeclarator tmp MemberReference ArraySelector MemberReference i a StatementExpression Assignment MemberReference ArraySelector MemberReference i a MemberReference ArraySelector MemberReference j a = StatementExpression Assignment MemberReference ArraySelector MemberReference j a MemberReference tmp = StatementExpression MemberReference ++ i StatementExpression MemberReference -- j End
103,ClassDeclaration Algo MethodDeclaration Modifier static public reverse_array FormalParameter BasicType int a FormalParameter BasicType int n IfStatement BinaryOperation == MemberReference a Literal null ReturnStatement End IfStatement BinaryOperation < MemberReference n Literal 0 StatementExpression Assignment MemberReference n Literal 0 = End LocalVariableDeclaration BasicType int VariableDeclarator i Literal 0 VariableDeclarator j BinaryOperation - MethodInvocation Math MemberReference n MemberReference a length min Literal 1 WhileStatement BinaryOperation < MemberReference i MemberReference j BlockStatement LocalVariableDeclaration BasicType int VariableDeclarator t MemberReference ArraySelector MemberReference i a StatementExpression Assignment MemberReference ArraySelector MemberReference ++ i a MemberReference ArraySelector MemberReference j a = StatementExpression Assignment MemberReference ArraySelector MemberReference -- j a MemberReference t = End
60,ClassDeclaration Algo MethodDeclaration Modifier static public BasicType int lower_bound FormalParameter BasicType int a FormalParameter BasicType int n FormalParameter BasicType int x LocalVariableDeclaration BasicType int VariableDeclarator pos Literal - 1 LocalVariableDeclaration BasicType int VariableDeclarator step Literal 1 WhileStatement BinaryOperation < MemberReference step MemberReference n StatementExpression Assignment MemberReference step Literal 1 <<= End ForStatement ForControl BinaryOperation > MemberReference step Literal 0 Assignment MemberReference step Literal 1 >>= BlockStatement LocalVariableDeclaration BasicType int VariableDeclarator next BinaryOperation + MemberReference pos MemberReference step IfStatement BinaryOperation && BinaryOperation < MemberReference next MemberReference n BinaryOperation < MemberReference ArraySelector MemberReference next a MemberReference x StatementExpression Assignment MemberReference pos MemberReference next = End End ReturnStatement BinaryOperation + MemberReference pos Literal 1
43,ClassDeclaration Algo MethodDeclaration Modifier static public BasicType int is_prime FormalParameter BasicType int n IfStatement BinaryOperation <= MemberReference n Literal 1 ReturnStatement Literal 0 End IfStatement BinaryOperation <= MemberReference n Literal 3 ReturnStatement Literal 1 End IfStatement BinaryOperation || BinaryOperation == BinaryOperation % MemberReference n Literal 2 Literal 0 BinaryOperation == BinaryOperation % MemberReference n Literal 3 Literal 0 ReturnStatement Literal 0 End LocalVariableDeclaration BasicType int VariableDeclarator i Literal 5 WhileStatement BinaryOperation <= MemberReference i BinaryOperation / MemberReference n MemberReference i BlockStatement IfStatement BinaryOperation || BinaryOperation == BinaryOperation % MemberReference n MemberReference i Literal 0 BinaryOperation == BinaryOperation % MemberReference n BinaryOperation + MemberReference i Literal 2 Literal 0 ReturnStatement Literal 0 End StatementExpression Assignment MemberReference i Literal 6 += End ReturnStatement Literal 1
73,ClassDeclaration Algo MethodDeclaration Modifier static public BasicType long max_subarray_sum FormalParameter Modifier final BasicType int a FormalParameter BasicType long n IfStatement BinaryOperation || BinaryOperation == MemberReference a Literal null BinaryOperation <= MemberReference n Literal 0 ReturnStatement Literal 0L End LocalVariableDeclaration BasicType int VariableDeclarator len Cast BasicType int MethodInvocation Math MemberReference n Cast BasicType long MemberReference a length min IfStatement BinaryOperation == MemberReference len Literal 0 ReturnStatement Literal 0L End LocalVariableDeclaration BasicType long VariableDeclarator maxSoFar MemberReference Long MIN_VALUE LocalVariableDeclaration BasicType long VariableDeclarator curr Literal 0L ForStatement ForControl VariableDeclaration BasicType int VariableDeclarator i Literal 0 BinaryOperation < MemberReference i MemberReference len MemberReference ++ i BlockStatement LocalVariableDeclaration BasicType long VariableDeclarator ai MemberReference ArraySelector MemberReference i a IfStatement BinaryOperation > MemberReference curr Literal 0 BlockStatement StatementExpression Assignment MemberReference curr MemberReference ai += BlockStatement StatementExpression Assignment MemberReference curr MemberReference ai = End IfStatement BinaryOperation > MemberReference curr MemberReference maxSoFar BlockStatement StatementExpression Assignment MemberReference maxSoFar MemberReference curr = End End ReturnStatement MemberReference maxSoFar
18,ClassDeclaration Algo MethodDeclaration Modifier static public BasicType int gcd FormalParameter BasicType int a FormalParameter BasicType int b WhileStatement BinaryOperation != MemberReference b Literal 0 BlockStatement LocalVariableDeclaration BasicType int VariableDeclarator r BinaryOperation % MemberReference a MemberReference b StatementExpression Assignment MemberReference a MemberReference b = StatementExpression Assignment MemberReference b MemberReference r = End ReturnStatement TernaryExpression BinaryOperation < MemberReference a Literal 0 MemberReference - a MemberReference a
53,ClassDeclaration Algo MethodDeclaration Modifier static public BasicType int lcm FormalParameter BasicType int a FormalParameter BasicType int b LocalVariableDeclaration BasicType long VariableDeclarator x MethodInvocation Math Cast BasicType long MemberReference a abs VariableDeclarator y MethodInvocation Math Cast BasicType long MemberReference b abs IfStatement BinaryOperation || BinaryOperation == MemberReference x Literal 0 BinaryOperation == MemberReference y Literal 0 ReturnStatement Literal 0 End LocalVariableDeclaration BasicType long VariableDeclarator res Literal 1 ForStatement ForControl VariableDeclaration BasicType long VariableDeclarator p Literal 2 BinaryOperation || BinaryOperation <= BinaryOperation * MemberReference p MemberReference p MemberReference x BinaryOperation <= BinaryOperation * MemberReference p MemberReference p MemberReference y MemberReference ++ p BlockStatement LocalVariableDeclaration BasicType int VariableDeclarator e1 Literal 0 VariableDeclarator e2 Literal 0 WhileStatement BinaryOperation == BinaryOperation % MemberReference x MemberReference p Literal 0 BlockStatement StatementExpression Assignment MemberReference x MemberReference p /= StatementExpression MemberReference ++ e1 End WhileStatement BinaryOperation == BinaryOperation % MemberReference y MemberReference p Literal 0 BlockStatement StatementExpression Assignment MemberReference y MemberReference p /= StatementExpression MemberReference ++ e2 End LocalVariableDeclaration BasicType int VariableDeclarator m TernaryExpression BinaryOperation > MemberReference e1 MemberReference e2 MemberReference e1 MemberReference e2 WhileStatement BinaryOperation > MemberReference -- m Literal 0 StatementExpression Assignment MemberReference res MemberReference p *= End End IfStatement BinaryOperation && BinaryOperation > MemberReference x Literal 1 BinaryOperation > MemberReference y Literal 1 BlockStatement IfStatement BinaryOperation == MemberReference x MemberReference y StatementExpression Assignment MemberReference res MemberReference x *= StatementExpression Assignment MemberReference res BinaryOperation * MemberReference x MemberReference y *= End IfStatement BinaryOperation > MemberReference x Literal 1 StatementExpression Assignment MemberReference res MemberReference x *= IfStatement BinaryOperation > MemberReference y Literal 1 StatementExpression Assignment MemberReference res MemberReference y *= End End End ReturnStatement Cast BasicType int MemberReference res
35,ClassDeclaration Algo MethodDeclaration Modifier static public BasicType int is_non_decreasing FormalParameter BasicType int a FormalParameter BasicType int n IfStatement BinaryOperation <= MemberReference n Literal 1 ReturnStatement Literal 1 End IfStatement BinaryOperation || BinaryOperation == MemberReference a Literal null BinaryOperation > MemberReference n MemberReference a length ReturnStatement Literal 0 End ForStatement ForControl VariableDeclaration BasicType int VariableDeclarator i Literal 1 BinaryOperation < MemberReference i MemberReference n MemberReference ++ i BlockStatement IfStatement BinaryOperation < MemberReference ArraySelector MemberReference i a MemberReference ArraySelector BinaryOperation - MemberReference i Literal 1 a ReturnStatement Literal 0 End End ReturnStatement Literal 1
121,ClassDeclaration Algo MethodDeclaration Modifier static public BasicType int rotl32 FormalParameter BasicType int x FormalParameter BasicType int r ReturnStatement BinaryOperation | BinaryOperation << MemberReference x MemberReference r BinaryOperation >>> MemberReference x MemberReference - r
58,ClassDeclaration Algo MethodDeclaration Modifier static public BasicType int lcm FormalParameter BasicType int a FormalParameter BasicType int b IfStatement BinaryOperation || BinaryOperation == MemberReference a Literal 0 BinaryOperation == MemberReference b Literal 0 ReturnStatement Literal 0 End LocalVariableDeclaration BasicType long VariableDeclarator x MethodInvocation Math Cast BasicType long MemberReference a abs LocalVariableDeclaration BasicType long VariableDeclarator y MethodInvocation Math Cast BasicType long MemberReference b abs LocalVariableDeclaration BasicType long VariableDeclarator u MemberReference x VariableDeclarator v MemberReference y LocalVariableDeclaration BasicType int VariableDeclarator tzU MethodInvocation Long MemberReference u numberOfTrailingZeros LocalVariableDeclaration BasicType int VariableDeclarator tzV MethodInvocation Long MemberReference v numberOfTrailingZeros LocalVariableDeclaration BasicType int VariableDeclarator shift MethodInvocation Math MemberReference tzU MemberReference tzV min StatementExpression Assignment MemberReference u MemberReference tzU >>= StatementExpression Assignment MemberReference v MemberReference tzV >>= WhileStatement BinaryOperation != MemberReference u MemberReference v BlockStatement IfStatement BinaryOperation > MemberReference u MemberReference v BlockStatement LocalVariableDeclaration BasicType long VariableDeclarator t MemberReference u StatementExpression Assignment MemberReference u MemberReference v = StatementExpression Assignment MemberReference v MemberReference t = End StatementExpression Assignment MemberReference v MemberReference u -= StatementExpression Assignment MemberReference v MethodInvocation Long MemberReference v numberOfTrailingZeros >>= End LocalVariableDeclaration BasicType long VariableDeclarator g BinaryOperation << MemberReference u MemberReference shift LocalVariableDeclaration BasicType long VariableDeclarator res BinaryOperation * BinaryOperation / MemberReference x MemberReference g MemberReference y ReturnStatement Cast BasicType int MemberReference res
56,ClassDeclaration Modifier public Algo MethodDeclaration Modifier static public BasicType int lcm FormalParameter BasicType int a FormalParameter BasicType int b IfStatement BinaryOperation || BinaryOperation == MemberReference a Literal 0 BinaryOperation == MemberReference b Literal 0 ReturnStatement Literal 0 End LocalVariableDeclaration BasicType long VariableDeclarator la MethodInvocation Math Cast BasicType long MemberReference a abs LocalVariableDeclaration BasicType long VariableDeclarator lb MethodInvocation Math Cast BasicType long MemberReference b abs LocalVariableDeclaration BasicType long VariableDeclarator x MemberReference la VariableDeclarator y MemberReference lb WhileStatement BinaryOperation != MemberReference y Literal 0 BlockStatement LocalVariableDeclaration BasicType long VariableDeclarator t BinaryOperation % MemberReference x MemberReference y StatementExpression Assignment MemberReference x MemberReference y = StatementExpression Assignment MemberReference y MemberReference t = End LocalVariableDeclaration BasicType long VariableDeclarator result BinaryOperation * BinaryOperation / MemberReference la MemberReference x MemberReference lb ReturnStatement Cast BasicType int MemberReference result
82,ClassDeclaration Algo MethodDeclaration Modifier static public BasicType long max_subarray_sum FormalParameter Modifier final BasicType int a FormalParameter BasicType long n LocalVariableDeclaration BasicType int VariableDeclarator len TernaryExpression BinaryOperation <= MemberReference n Literal 0L Literal 0 TernaryExpression BinaryOperation > MemberReference n MemberReference a length MemberReference a length Cast BasicType int MemberReference n IfStatement BinaryOperation == MemberReference len Literal 0 ReturnStatement Literal 0L End LocalVariableDeclaration BasicType int VariableDeclarator L ArrayCreator BasicType int Literal 64 LocalVariableDeclaration BasicType int VariableDeclarator R ArrayCreator BasicType int Literal 64 LocalVariableDeclaration BasicType int VariableDeclarator ST ArrayCreator BasicType int Literal 64 LocalVariableDeclaration BasicType int VariableDeclarator sp Literal 0 LocalVariableDeclaration BasicType long VariableDeclarator best ArrayCreator BasicType long Literal 64 LocalVariableDeclaration BasicType long VariableDeclarator pref ArrayCreator BasicType long Literal 64 LocalVariableDeclaration BasicType long VariableDeclarator suff ArrayCreator BasicType long Literal 64 LocalVariableDeclaration BasicType long VariableDeclarator sum ArrayCreator BasicType long Literal 64 LocalVariableDeclaration BasicType int VariableDeclarator rsp Literal 0 StatementExpression Assignment MemberReference ArraySelector MemberReference sp L Literal 0 = StatementExpression Assignment MemberReference ArraySelector MemberReference sp R MemberReference len = StatementExpression Assignment MemberReference ArraySelector MemberReference sp ST Literal 0 = StatementExpression MemberReference ++ sp WhileStatement BinaryOperation > MemberReference sp Literal 0 BlockStatement LocalVariableDeclaration BasicType int VariableDeclarator l MemberReference ArraySelector MemberReference -- sp L VariableDeclarator r MemberReference ArraySelector MemberReference sp R VariableDeclarator st MemberReference ArraySelector MemberReference sp ST LocalVariableDeclaration BasicType int VariableDeclarator width BinaryOperation - MemberReference r MemberReference l IfStatement BinaryOperation <= MemberReference width Literal 1 BlockStatement IfStatement BinaryOperation >= MemberReference rsp MemberReference best length BlockStatement LocalVariableDeclaration BasicType int VariableDeclarator nc BinaryOperation << MemberReference best length Literal 1 StatementExpression Assignment MemberReference best MethodInvocation java.util.Arrays MemberReference best MemberReference nc copyOf = StatementExpression Assignment MemberReference pref MethodInvocation java.util.Arrays MemberReference pref MemberReference nc copyOf = StatementExpression Assignment MemberReference suff MethodInvocation java.util.Arrays MemberReference suff MemberReference nc copyOf = StatementExpression Assignment MemberReference sum MethodInvocation java.util.Arrays MemberReference sum MemberReference nc copyOf = End LocalVariableDeclaration BasicType long VariableDeclarator v Cast BasicType long MemberReference ArraySelector MemberReference l a StatementExpression Assignment MemberReference ArraySelector MemberReference rsp best MemberReference v = StatementExpression Assignment MemberReference ArraySelector MemberReference rsp pref MemberReference v = StatementExpression Assignment MemberReference ArraySelector MemberReference rsp suff MemberReference v = StatementExpression Assignment MemberReference ArraySelector MemberReference rsp sum MemberReference v = StatementExpression MemberReference ++ rsp IfStatement BinaryOperation == MemberReference st Literal 0 BlockStatement IfStatement BinaryOperation >= BinaryOperation + MemberReference sp Literal 2 MemberReference L length BlockStatement LocalVariableDeclaration BasicType int VariableDeclarator nc BinaryOperation << MemberReference L length Literal 1 StatementExpression Assignment MemberReference L MethodInvocation java.util.Arrays MemberReference L MemberReference nc copyOf = StatementExpression Assignment MemberReference R MethodInvocation java.util.Arrays MemberReference R MemberReference nc copyOf = StatementExpression Assignment MemberReference ST MethodInvocation java.util.Arrays MemberReference ST MemberReference nc copyOf = End LocalVariableDeclaration BasicType int VariableDeclarator m BinaryOperation >>> BinaryOperation + MemberReference l MemberReference r Literal 1 StatementExpression Assignment MemberReference ArraySelector MemberReference sp L MemberReference l = StatementExpression Assignment MemberReference ArraySelector MemberReference sp R MemberReference r = StatementExpression Assignment MemberReference ArraySelector MemberReference sp ST Literal 1 = StatementExpression MemberReference ++ sp StatementExpression Assignment MemberReference ArraySelector MemberReference sp L MemberReference m = StatementExpression Assignment MemberReference ArraySelector MemberReference sp R MemberReference r = StatementExpression Assignment MemberReference ArraySelector MemberReference sp ST Literal 0 = StatementExpression MemberReference ++ sp StatementExpression Assignment MemberReference ArraySelector MemberReference sp L MemberReference l = StatementExpression Assignment MemberReference ArraySelector MemberReference sp R MemberReference m = StatementExpression Assignment MemberReference ArraySelector MemberReference sp ST Literal 0 = StatementExpression MemberReference ++ sp BlockStatement LocalVariableDeclaration BasicType long VariableDeclarator rbest MemberReference ArraySelector MemberReference -- rsp best VariableDeclarator rpref MemberReference ArraySelector MemberReference rsp pref VariableDeclarator rsuff MemberReference ArraySelector MemberReference rsp suff VariableDeclarator rsum MemberReference ArraySelector MemberReference rsp sum LocalVariableDeclaration BasicType long VariableDeclarator lbest MemberReference ArraySelector MemberReference -- rsp best VariableDeclarator lpref MemberReference ArraySelector MemberReference rsp pref VariableDeclarator lsuff MemberReference ArraySelector MemberReference rsp suff VariableDeclarator lsum MemberReference ArraySelector MemberReference rsp sum LocalVariableDeclaration BasicType long VariableDeclarator s BinaryOperation + MemberReference lsum MemberReference rsum LocalVariableDeclaration BasicType long VariableDeclarator p MethodInvocation Math MemberReference lpref BinaryOperation + MemberReference lsum MemberReference rpref max LocalVariableDeclaration BasicType long VariableDeclarator t MethodInvocation Math MemberReference rsuff BinaryOperation + MemberReference rsum MemberReference lsuff max LocalVariableDeclaration BasicType long VariableDeclarator b MethodInvocation Math MethodInvocation Math MemberReference lbest MemberReference rbest max BinaryOperation + MemberReference lsuff MemberReference rpref max IfStatement BinaryOperation >= MemberReference rsp MemberReference best length BlockStatement LocalVariableDeclaration BasicType int VariableDeclarator nc BinaryOperation << MemberReference best length Literal 1 StatementExpression Assignment MemberReference best MethodInvocation java.util.Arrays MemberReference best MemberReference nc copyOf = StatementExpression Assignment MemberReference pref MethodInvocation java.util.Arrays MemberReference pref MemberReference nc copyOf = StatementExpression Assignment MemberReference suff MethodInvocation java.util.Arrays MemberReference suff MemberReference nc copyOf = StatementExpression Assignment MemberReference sum MethodInvocation java.util.Arrays MemberReference sum MemberReference nc copyOf = End StatementExpression Assignment MemberReference ArraySelector MemberReference rsp best MemberReference b = StatementExpression Assignment MemberReference ArraySelector MemberReference rsp pref MemberReference p = StatementExpression Assignment MemberReference ArraySelector MemberReference rsp suff MemberReference t = StatementExpression Assignment MemberReference ArraySelector MemberReference rsp sum MemberReference s = StatementExpression MemberReference ++ rsp End End End ReturnStatement MemberReference ArraySelector BinaryOperation - MemberReference rsp Literal 1 best
111,ClassDeclaration Algo MethodDeclaration Modifier static public BasicType int rotl32 FormalParameter BasicType int x FormalParameter BasicType int r LocalVariableDeclaration BasicType int VariableDeclarator s BinaryOperation & MemberReference r Literal 31 LocalVariableDeclaration BasicType long VariableDeclarator v BinaryOperation | BinaryOperation << BinaryOperation & MemberReference x Literal 0xFFFFFFFFL Literal 32 BinaryOperation & MemberReference x Literal 0xFFFFFFFFL ReturnStatement Cast BasicType int BinaryOperation >>> BinaryOperation << MemberReference v MemberReference s Literal 32
15,ClassDeclaration Algo MethodDeclaration Modifier static public BasicType int gcd FormalParameter BasicType int a FormalParameter BasicType int b LocalVariableDeclaration BasicType long VariableDeclarator x MemberReference a LocalVariableDeclaration BasicType long VariableDeclarator y MemberReference b IfStatement BinaryOperation < MemberReference x Literal 0 StatementExpression Assignment MemberReference x MemberReference - x = End IfStatement BinaryOperation < MemberReference y Literal 0 StatementExpression Assignment MemberReference y MemberReference - y = End IfStatement BinaryOperation == MemberReference x Literal 0 ReturnStatement Cast BasicType int MemberReference y End IfStatement BinaryOperation == MemberReference y Literal 0 ReturnStatement Cast BasicType int MemberReference x End WhileStatement BinaryOperation != MemberReference x MemberReference y BlockStatement IfStatement BinaryOperation > MemberReference x MemberReference y StatementExpression Assignment MemberReference x MemberReference y -= StatementExpression Assignment MemberReference y MemberReference x -= End End ReturnStatement Cast BasicType int MemberReference x
79,ClassDeclaration Algo MethodDeclaration Modifier static public BasicType long max_subarray_sum FormalParameter BasicType int a FormalParameter BasicType int n IfStatement BinaryOperation <= MemberReference n Literal 0 ReturnStatement Literal 0L End IfStatement BinaryOperation == MemberReference n Literal 1 ReturnStatement Cast BasicType long MemberReference ArraySelector Literal 0 a End LocalVariableDeclaration BasicType long VariableDeclarator prevBest MethodInvocation MemberReference a BinaryOperation - MemberReference n Literal 1 max_subarray_sum LocalVariableDeclaration BasicType long VariableDeclarator sum Literal 0L LocalVariableDeclaration BasicType long VariableDeclarator bestSuffix MemberReference Long MIN_VALUE ForStatement ForControl VariableDeclaration BasicType int VariableDeclarator i BinaryOperation - MemberReference n Literal 1 BinaryOperation >= MemberReference i Literal 0 MemberReference -- i BlockStatement StatementExpression Assignment MemberReference sum Cast BasicType long MemberReference ArraySelector MemberReference i a += IfStatement BinaryOperation > MemberReference sum MemberReference bestSuffix StatementExpression Assignment MemberReference bestSuffix MemberReference sum = End End ReturnStatement MethodInvocation Math MemberReference prevBest MemberReference bestSuffix max
42,ClassDeclaration Modifier public Algo MethodDeclaration Modifier static public BasicType int is_prime FormalParameter BasicType int n IfStatement BinaryOperation <= MemberReference n Literal 1 ReturnStatement Literal 0 End IfStatement BinaryOperation == MemberReference n Literal 2 ReturnStatement Literal 1 End IfStatement BinaryOperation == BinaryOperation & MemberReference n Literal 1 Literal 0 ReturnStatement Literal 0 End ForStatement ForControl VariableDeclaration BasicType int VariableDeclarator i Literal 3 BinaryOperation <= MemberReference i BinaryOperation / MemberReference n MemberReference i Assignment MemberReference i Literal 2 += BlockStatement IfStatement BinaryOperation == BinaryOperation % MemberReference n MemberReference i Literal 0 ReturnStatement Literal 0 End End ReturnStatement Literal 1
11,ClassDeclaration Algo MethodDeclaration Modifier static public BasicType int gcd FormalParameter BasicType int a FormalParameter BasicType int b LocalVariableDeclaration BasicType int VariableDeclarator x MemberReference a LocalVariableDeclaration BasicType int VariableDeclarator y MemberReference b WhileStatement BinaryOperation != MemberReference y Literal 0 BlockStatement LocalVariableDeclaration BasicType int VariableDeclarator t BinaryOperation % MemberReference x MemberReference y StatementExpression Assignment MemberReference x MemberReference y = StatementExpression Assignment MemberReference y MemberReference t = End ReturnStatement TernaryExpression BinaryOperation < MemberReference x Literal 0 MemberReference - x MemberReference x
12,ClassDeclaration Algo MethodDeclaration Modifier static public BasicType int gcd FormalParameter BasicType int a FormalParameter BasicType int b LocalVariableDeclaration BasicType long VariableDeclarator x MemberReference a LocalVariableDeclaration BasicType long VariableDeclarator y MemberReference b IfStatement BinaryOperation < MemberReference x Literal 0 StatementExpression Assignment MemberReference x MemberReference - x = End IfStatement BinaryOperation < MemberReference y Literal 0 StatementExpression Assignment MemberReference y MemberReference - y = End IfStatement BinaryOperation == MemberReference x Literal 0 ReturnStatement Cast BasicType int MemberReference y End IfStatement BinaryOperation == MemberReference y Literal 0 ReturnStatement Cast BasicType int MemberReference x End LocalVariableDeclaration BasicType int VariableDeclarator shift Literal 0 WhileStatement BinaryOperation == BinaryOperation & BinaryOperation | MemberReference x MemberReference y Literal 1L Literal 0 BlockStatement StatementExpression Assignment MemberReference x Literal 1 >>= StatementExpression Assignment MemberReference y Literal 1 >>= StatementExpression MemberReference ++ shift End WhileStatement BinaryOperation == BinaryOperation & MemberReference x Literal 1L Literal 0 StatementExpression Assignment MemberReference x Literal 1 >>= End DoStatement BinaryOperation != MemberReference y Literal 0 BlockStatement WhileStatement BinaryOperation == BinaryOperation & MemberReference y Literal 1L Literal 0 StatementExpression Assignment MemberReference y Literal 1 >>= End IfStatement BinaryOperation > MemberReference x MemberReference y BlockStatement LocalVariableDeclaration BasicType long VariableDeclarator t MemberReference x StatementExpression Assignment MemberReference x MemberReference y = StatementExpression Assignment MemberReference y MemberReference t = End StatementExpression Assignment MemberReference y MemberReference x -= End ReturnStatement Cast BasicType int BinaryOperation << MemberReference x MemberReference shift
92,ClassDeclaration Modifier public Algo MethodDeclaration Modifier static public BasicType int popcount_u32 FormalParameter BasicType int x ReturnStatement MethodInvocation Integer MemberReference x bitCount
90,ClassDeclaration Algo MethodDeclaration Modifier static public BasicType int popcount_u32 FormalParameter BasicType int x LocalVariableDeclaration BasicType int VariableDeclarator t ArrayInitializer Literal 0 Literal 1 Literal 1 Literal 2 Literal 1 Literal 2 Literal 2 Literal 3 Literal 1 Literal 2 Literal 2 Literal 3 Literal 2 Literal 3 Literal 3 Literal 4 ReturnStatement BinaryOperation + BinaryOperation + BinaryOperation + BinaryOperation + BinaryOperation + BinaryOperation + BinaryOperation + MemberReference ArraySelector BinaryOperation & MemberReference x Literal 15 t MemberReference ArraySelector BinaryOperation & BinaryOperation >>> MemberReference x Literal 4 Literal 15 t MemberReference ArraySelector BinaryOperation & BinaryOperation >>> MemberReference x Literal 8 Literal 15 t MemberReference ArraySelector BinaryOperation & BinaryOperation >>> MemberReference x Literal 12 Literal 15 t MemberReference ArraySelector BinaryOperation & BinaryOperation >>> MemberReference x Literal 16 Literal 15 t MemberReference ArraySelector BinaryOperation & BinaryOperation >>> MemberReference x Literal 20 Literal 15 t MemberReference ArraySelector BinaryOperation & BinaryOperation >>> MemberReference x Literal 24 Literal 15 t MemberReference ArraySelector BinaryOperation & BinaryOperation >>> MemberReference x Literal 28 Literal 15 t
143,ClassDeclaration Algo MethodDeclaration Modifier static public BasicType long sum_array FormalParameter BasicType int a FormalParameter BasicType int n LocalVariableDeclaration BasicType long VariableDeclarator sum Literal 0L ForStatement ForControl VariableDeclaration BasicType int VariableDeclarator i Literal 0 BinaryOperation < MemberReference i MemberReference n MemberReference ++ i BlockStatement StatementExpression Assignment MemberReference sum MemberReference ArraySelector MemberReference i a += End ReturnStatement MemberReference sum
34,ClassDeclaration Algo MethodDeclaration Modifier static public BasicType int is_non_decreasing FormalParameter BasicType int a FormalParameter BasicType long n IfStatement BinaryOperation <= MemberReference n Literal 1 ReturnStatement Literal 1 End IfStatement BinaryOperation == MemberReference a Literal null ReturnStatement Literal 0 End IfStatement BinaryOperation > MemberReference n MemberReference a length ReturnStatement Literal 0 End LocalVariableDeclaration BasicType int VariableDeclarator idx BinaryOperation - Cast BasicType int MemberReference n Literal 1 IfStatement BinaryOperation > MemberReference ArraySelector BinaryOperation - MemberReference idx Literal 1 a MemberReference ArraySelector MemberReference idx a ReturnStatement Literal 0 End ReturnStatement MethodInvocation MemberReference a BinaryOperation - MemberReference n Literal 1 is_non_decreasing
32,ClassDeclaration Algo MethodDeclaration Modifier static public BasicType int is_non_decreasing FormalParameter Modifier final BasicType int a FormalParameter BasicType int n IfStatement BinaryOperation <= MemberReference n Literal 1 ReturnStatement Literal 1 End LocalVariableDeclaration BasicType int VariableDeclarator b MethodInvocation java.util.Arrays MemberReference a MemberReference n copyOf StatementExpression MethodInvocation java.util.Arrays MemberReference b sort ForStatement ForControl VariableDeclaration BasicType int VariableDeclarator i Literal 0 BinaryOperation < MemberReference i MemberReference n MemberReference ++ i BlockStatement IfStatement BinaryOperation != MemberReference ArraySelector MemberReference i a MemberReference ArraySelector MemberReference i b ReturnStatement Literal 0 End End ReturnStatement Literal 1
98,ClassDeclaration Algo MethodDeclaration Modifier static public reverse_array FormalParameter BasicType int a FormalParameter BasicType int n IfStatement BinaryOperation || BinaryOperation == MemberReference a Literal null BinaryOperation <= MemberReference n Literal 1 ReturnStatement End LocalVariableDeclaration BasicType int VariableDeclarator m MethodInvocation Math MemberReference n MemberReference a length min LocalVariableDeclaration BasicType int VariableDeclarator tmp MethodInvocation java.util.Arrays MemberReference a MemberReference m copyOf ForStatement ForControl VariableDeclaration BasicType int VariableDeclarator i Literal 0 BinaryOperation < MemberReference i MemberReference m MemberReference ++ i BlockStatement StatementExpression Assignment MemberReference ArraySelector MemberReference i a MemberReference ArraySelector BinaryOperation - BinaryOperation - MemberReference m Literal 1 MemberReference i tmp = End
20,ClassDeclaration Algo MethodDeclaration Modifier static public BasicType int gcd FormalParameter BasicType int a FormalParameter BasicType int b IfStatement BinaryOperation == MemberReference a Literal 0 ReturnStatement MethodInvocation Math MemberReference b abs End IfStatement BinaryOperation == MemberReference b Literal 0 ReturnStatement MethodInvocation Math MemberReference a abs End LocalVariableDeclaration BasicType long VariableDeclarator x TernaryExpression BinaryOperation < MemberReference a Literal 0 Cast BasicType long MemberReference a Cast BasicType long MemberReference a LocalVariableDeclaration BasicType long VariableDeclarator y TernaryExpression BinaryOperation < MemberReference b Literal 0 Cast BasicType long MemberReference b Cast BasicType long MemberReference b LocalVariableDeclaration BasicType int VariableDeclarator shift MethodInvocation Long BinaryOperation | MemberReference x MemberReference y numberOfTrailingZeros StatementExpression Assignment MemberReference x MethodInvocation Long MemberReference x numberOfTrailingZeros >>= StatementExpression Assignment MemberReference y MethodInvocation Long MemberReference y numberOfTrailingZeros >>= WhileStatement BinaryOperation != MemberReference x MemberReference y BlockStatement IfStatement BinaryOperation > MemberReference x MemberReference y BlockStatement StatementExpression Assignment MemberReference x MemberReference y -= StatementExpression Assignment MemberReference x MethodInvocation Long MemberReference x numberOfTrailingZeros >>= BlockStatement StatementExpression Assignment MemberReference y MemberReference x -= StatementExpression Assignment MemberReference y MethodInvocation Long MemberReference y numberOfTrailingZeros >>= End End ReturnStatement Cast BasicType int BinaryOperation << MemberReference x MemberReference shift
7,ClassDeclaration Algo MethodDeclaration Modifier static public BasicType int binary_search FormalParameter BasicType int a FormalParameter BasicType int n FormalParameter BasicType int x LocalVariableDeclaration ReferenceType java ReferenceType util ReferenceType function ReferenceType IntBinaryOperator VariableDeclarator f ArrayCreator ReferenceType java ReferenceType util ReferenceType function ReferenceType IntBinaryOperator Literal 1 StatementExpression Assignment MemberReference ArraySelector Literal 0 f LambdaExpression InferredFormalParameter lo InferredFormalParameter hi IfStatement BinaryOperation > MemberReference lo MemberReference hi ReturnStatement Literal - 1 End LocalVariableDeclaration BasicType int VariableDeclarator mid BinaryOperation + MemberReference lo BinaryOperation >>> BinaryOperation - MemberReference hi MemberReference lo Literal 1 IfStatement BinaryOperation == MemberReference ArraySelector MemberReference mid a MemberReference x ReturnStatement MemberReference mid End ReturnStatement TernaryExpression BinaryOperation < MemberReference ArraySelector MemberReference mid a MemberReference x MemberReference ArraySelector Literal 0 MethodInvocation BinaryOperation + MemberReference mid Literal 1 MemberReference hi applyAsInt f MemberReference ArraySelector Literal 0 MethodInvocation MemberReference lo BinaryOperation - MemberReference mid Literal 1 applyAsInt f = ReturnStatement TernaryExpression BinaryOperation <= MemberReference n Literal 0 Literal - 1 MemberReference ArraySelector Literal 0 MethodInvocation Literal 0 BinaryOperation - MemberReference n Literal 1 applyAsInt f
69,ClassDeclaration Modifier public Algo MethodDeclaration Modifier static public BasicType int lower_bound FormalParameter BasicType int a FormalParameter BasicType int n FormalParameter BasicType int x LocalVariableDeclaration BasicType int VariableDeclarator idx Literal - 1 LocalVariableDeclaration BasicType int VariableDeclarator step Literal 1 WhileStatement BinaryOperation < MemberReference step MemberReference n StatementExpression Assignment MemberReference step Literal 1 <<= End WhileStatement BinaryOperation > MemberReference step Literal 0 BlockStatement LocalVariableDeclaration BasicType int VariableDeclarator next BinaryOperation + MemberReference idx MemberReference step IfStatement BinaryOperation && BinaryOperation < MemberReference next MemberReference n BinaryOperation < MemberReference ArraySelector MemberReference next a MemberReference x BlockStatement StatementExpression Assignment MemberReference idx MemberReference next = End StatementExpression Assignment MemberReference step Literal 1 >>= End ReturnStatement BinaryOperation + MemberReference idx Literal 1
85,ClassDeclaration Algo MethodDeclaration Modifier static public BasicType long max_subarray_sum FormalParameter BasicType int a FormalParameter BasicType int n IfStatement BinaryOperation || BinaryOperation == MemberReference a Literal null BinaryOperation <= MemberReference n Literal 0 ReturnStatement Literal 0L End LocalVariableDeclaration BasicType int VariableDeclarator len MethodInvocation Math MemberReference n MemberReference a length min IfStatement BinaryOperation == MemberReference len Literal 0 ReturnStatement Literal 0L End LocalVariableDeclaration BasicType long VariableDeclarator maxEndingHere MemberReference ArraySelector Literal 0 a LocalVariableDeclaration BasicType long VariableDeclarator maxSoFar MemberReference maxEndingHere ForStatement ForControl VariableDeclaration BasicType int VariableDeclarator i Literal 1 BinaryOperation < MemberReference i MemberReference len MemberReference ++ i BlockStatement LocalVariableDeclaration BasicType long VariableDeclarator x MemberReference ArraySelector MemberReference i a IfStatement BinaryOperation < MemberReference maxEndingHere Literal 0 StatementExpression Assignment MemberReference maxEndingHere MemberReference x = StatementExpression Assignment MemberReference maxEndingHere MemberReference x += End IfStatement BinaryOperation > MemberReference maxEndingHere MemberReference maxSoFar StatementExpression Assignment MemberReference maxSoFar MemberReference maxEndingHere = End End ReturnStatement MemberReference maxSoFar
116,ClassDeclaration Algo MethodDeclaration Modifier static public BasicType int rotl32 FormalParameter BasicType int x FormalParameter BasicType int r LocalVariableDeclaration BasicType int VariableDeclarator s BinaryOperation & MemberReference r Literal 31 LocalVariableDeclaration BasicType long VariableDeclarator ux BinaryOperation & MemberReference x Literal 0xFFFFFFFFL LocalVariableDeclaration BasicType long VariableDeclarator a BinaryOperation << MemberReference ux MemberReference s ReturnStatement Cast BasicType int BinaryOperation | BinaryOperation & MemberReference a Literal 0xFFFFFFFFL BinaryOperation >>> MemberReference a Literal 32
93,ClassDeclaration Algo MethodDeclaration Modifier static public BasicType int popcount_u32 FormalParameter BasicType int x IfStatement BinaryOperation == MemberReference x Literal 0 ReturnStatement Literal 0 End ReturnStatement BinaryOperation + BinaryOperation & MemberReference x Literal 1 MethodInvocation BinaryOperation >>> MemberReference x Literal 1 popcount_u32
72,ClassDeclaration Algo MethodDeclaration Modifier static public BasicType long max_subarray_sum FormalParameter BasicType int a FormalParameter BasicType int n IfStatement BinaryOperation || BinaryOperation == MemberReference a Literal null BinaryOperation <= MemberReference n Literal 0 ReturnStatement Literal 0L End LocalVariableDeclaration BasicType int VariableDeclarator len MethodInvocation Math MemberReference n MemberReference a length min IfStatement BinaryOperation == MemberReference len Literal 0 ReturnStatement Literal 0L End LocalVariableDeclaration BasicType long VariableDeclarator current MemberReference ArraySelector Literal 0 a LocalVariableDeclaration BasicType long VariableDeclarator best MemberReference current ForStatement ForControl VariableDeclaration BasicType int VariableDeclarator i Literal 1 BinaryOperation < MemberReference i MemberReference len MemberReference ++ i BlockStatement LocalVariableDeclaration BasicType long VariableDeclarator val MemberReference ArraySelector MemberReference i a StatementExpression Assignment MemberReference current TernaryExpression BinaryOperation < MemberReference current Literal 0 MemberReference val BinaryOperation + MemberReference current MemberReference val = IfStatement BinaryOperation > MemberReference current MemberReference best StatementExpression Assignment MemberReference best MemberReference current = End End ReturnStatement MemberReference best
19,ClassDeclaration Algo MethodDeclaration Modifier static public BasicType int gcd FormalParameter BasicType int a FormalParameter BasicType int b LocalVariableDeclaration BasicType long VariableDeclarator x MemberReference a LocalVariableDeclaration BasicType long VariableDeclarator y MemberReference b IfStatement BinaryOperation < MemberReference x Literal 0 StatementExpression Assignment MemberReference x MemberReference - x = End IfStatement BinaryOperation < MemberReference y Literal 0 StatementExpression Assignment MemberReference y MemberReference - y = End IfStatement BinaryOperation == MemberReference x Literal 0 ReturnStatement Cast BasicType int MemberReference y End IfStatement BinaryOperation == MemberReference y Literal 0 ReturnStatement Cast BasicType int MemberReference x End LocalVariableDeclaration BasicType int VariableDeclarator shift MethodInvocation Math MethodInvocation Long MemberReference x numberOfTrailingZeros MethodInvocation Long MemberReference y numberOfTrailingZeros min StatementExpression Assignment MemberReference x MethodInvocation Long MemberReference x numberOfTrailingZeros >>= DoStatement BinaryOperation != MemberReference y Literal 0 BlockStatement StatementExpression Assignment MemberReference y MethodInvocation Long MemberReference y numberOfTrailingZeros >>= IfStatement BinaryOperation > MemberReference x MemberReference y BlockStatement LocalVariableDeclaration BasicType long VariableDeclarator t MemberReference x StatementExpression Assignment MemberReference x MemberReference y = StatementExpression Assignment MemberReference y MemberReference t = End StatementExpression Assignment MemberReference y MemberReference x -= End StatementExpression Assignment MemberReference x MemberReference shift <<= ReturnStatement Cast BasicType int MemberReference x
97,ClassDeclaration Algo MethodDeclaration Modifier static public reverse_array FormalParameter BasicType int a FormalParameter BasicType int n IfStatement BinaryOperation == MemberReference a Literal null ReturnStatement End LocalVariableDeclaration BasicType int VariableDeclarator i Literal 0 VariableDeclarator j BinaryOperation - MethodInvocation Math MemberReference n MemberReference a length min Literal 1 WhileStatement BinaryOperation < MemberReference i MemberReference j BlockStatement LocalVariableDeclaration BasicType int VariableDeclarator tmp MemberReference ArraySelector MemberReference i a StatementExpression Assignment MemberReference ArraySelector MemberReference i a MemberReference ArraySelector MemberReference j a = StatementExpression Assignment MemberReference ArraySelector MemberReference j a MemberReference tmp = StatementExpression MemberReference ++ i StatementExpression MemberReference -- j End
117,ClassDeclaration Algo MethodDeclaration Modifier static public BasicType int rotl32 FormalParameter BasicType int x FormalParameter BasicType int r StatementExpression Assignment MemberReference r Literal 31 &= IfStatement BinaryOperation == MemberReference r Literal 0 ReturnStatement MemberReference x End LocalVariableDeclaration BasicType int VariableDeclarator y BinaryOperation | BinaryOperation << MemberReference x Literal 1 BinaryOperation >>> MemberReference x Literal 31 ReturnStatement MethodInvocation MemberReference y BinaryOperation - MemberReference r Literal 1 rotl32
147,ClassDeclaration Algo MethodDeclaration Modifier static public BasicType long sum_array FormalParameter BasicType int a FormalParameter BasicType int n LocalVariableDeclaration BasicType int VariableDeclarator m TernaryExpression BinaryOperation == MemberReference a Literal null Literal 0 MethodInvocation Math MemberReference n MemberReference a length min LocalVariableDeclaration BasicType long VariableDeclarator sum Literal 0L LocalVariableDeclaration BasicType int VariableDeclarator i Literal 0 VariableDeclarator j BinaryOperation - MemberReference m Literal 1 WhileStatement BinaryOperation < MemberReference i MemberReference j BlockStatement StatementExpression Assignment MemberReference sum BinaryOperation + Cast BasicType long MemberReference ArraySelector MemberReference ++ i a Cast BasicType long MemberReference ArraySelector MemberReference -- j a += End IfStatement BinaryOperation == MemberReference i MemberReference j StatementExpression Assignment MemberReference sum MemberReference ArraySelector MemberReference i a += End ReturnStatement MemberReference sum
132,ClassDeclaration Algo MethodDeclaration Modifier static public BasicType long str_len FormalParameter Modifier final ReferenceType String s IfStatement BinaryOperation || BinaryOperation || BinaryOperation == MemberReference s Literal null MethodInvocation s isEmpty BinaryOperation == MethodInvocation s Literal 0 charAt Literal '\0' ReturnStatement Literal 0L End ReturnStatement BinaryOperation + Literal 1L MethodInvocation MethodInvocation s Literal 1 substring str_len
84,ClassDeclaration Algo MethodDeclaration Modifier static public BasicType long max_subarray_sum FormalParameter BasicType int a FormalParameter BasicType int n IfStatement BinaryOperation || BinaryOperation == MemberReference a Literal null BinaryOperation <= MemberReference n Literal 0 ReturnStatement Literal 0L End LocalVariableDeclaration BasicType int VariableDeclarator len MethodInvocation Math MemberReference n MemberReference a length min LocalVariableDeclaration BasicType long VariableDeclarator maxSoFar MemberReference Long MIN_VALUE LocalVariableDeclaration BasicType long VariableDeclarator maxEndingHere Literal 0L ForStatement ForControl VariableDeclaration BasicType int VariableDeclarator i Literal 0 BinaryOperation < MemberReference i MemberReference len MemberReference ++ i BlockStatement LocalVariableDeclaration BasicType long VariableDeclarator v MemberReference ArraySelector MemberReference i a IfStatement BinaryOperation <= MemberReference maxEndingHere Literal 0 BlockStatement StatementExpression Assignment MemberReference maxEndingHere MemberReference v = BlockStatement StatementExpression Assignment MemberReference maxEndingHere MemberReference v += End IfStatement BinaryOperation > MemberReference maxEndingHere MemberReference maxSoFar BlockStatement StatementExpression Assignment MemberReference maxSoFar MemberReference maxEndingHere = End End ReturnStatement TernaryExpression BinaryOperation == MemberReference maxSoFar MemberReference Long MIN_VALUE Literal 0L MemberReference maxSoFar
106,ClassDeclaration Algo MethodDeclaration Modifier static public reverse_array FormalParameter BasicType int a FormalParameter BasicType int n IfStatement BinaryOperation || BinaryOperation == MemberReference a Literal null BinaryOperation <= MemberReference n Literal 1 ReturnStatement End LocalVariableDeclaration BasicType int VariableDeclarator len MethodInvocation Math MemberReference n MemberReference a length min LocalVariableDeclaration BasicType boolean VariableDeclarator visited ArrayCreator BasicType boolean MemberReference len ForStatement ForControl VariableDeclaration BasicType int VariableDeclarator i Literal 0 BinaryOperation < MemberReference i MemberReference len MemberReference ++ i BlockStatement IfStatement MemberReference ArraySelector MemberReference i visited ContinueStatement End LocalVariableDeclaration BasicType int VariableDeclarator j BinaryOperation - BinaryOperation - MemberReference len Literal 1 MemberReference i IfStatement BinaryOperation == MemberReference j MemberReference i BlockStatement StatementExpression Assignment MemberReference ArraySelector MemberReference i visited Literal true = BlockStatement LocalVariableDeclaration BasicType int VariableDeclarator tmp MemberReference ArraySelector MemberReference i a StatementExpression Assignment MemberReference ArraySelector MemberReference i a MemberReference ArraySelector MemberReference j a = StatementExpression Assignment MemberReference ArraySelector MemberReference j a MemberReference tmp = StatementExpression Assignment MemberReference ArraySelector MemberReference i visited Literal true = StatementExpression Assignment MemberReference ArraySelector MemberReference j visited Literal true = End End
136,ClassDeclaration Algo MethodDeclaration Modifier static public BasicType long sum_array FormalParameter Modifier final BasicType int a FormalParameter BasicType int n IfStatement BinaryOperation <= MemberReference n Literal 0 ReturnStatement Literal 0L End ReturnStatement BinaryOperation + MethodInvocation MemberReference a BinaryOperation - MemberReference n Literal 1 sum_array Cast BasicType long MemberReference ArraySelector BinaryOperation - MemberReference n Literal 1 a
88,ClassDeclaration Algo MethodDeclaration Modifier static public BasicType int popcount_u32 FormalParameter BasicType int x ReturnStatement MethodInvocation Integer MemberReference x bitCount
102,ClassDeclaration Algo MethodDeclaration Modifier static public reverse_array FormalParameter BasicType int a FormalParameter BasicType int n IfStatement BinaryOperation == MemberReference a Literal null ReturnStatement End LocalVariableDeclaration BasicType int VariableDeclarator i Literal 0 LocalVariableDeclaration BasicType int VariableDeclarator j BinaryOperation - MethodInvocation Math MemberReference n MemberReference a length min Literal 1 WhileStatement BinaryOperation < MemberReference i MemberReference j BlockStatement LocalVariableDeclaration BasicType int VariableDeclarator t MemberReference ArraySelector MemberReference i a StatementExpression Assignment MemberReference ArraySelector MemberReference i a MemberReference ArraySelector MemberReference j a = StatementExpression Assignment MemberReference ArraySelector MemberReference j a MemberReference t = StatementExpression MemberReference ++ i StatementExpression MemberReference -- j End
22,ClassDeclaration Modifier public Algo MethodDeclaration Modifier static public BasicType int gcd FormalParameter BasicType int a FormalParameter BasicType int b LocalVariableDeclaration BasicType long VariableDeclarator x TernaryExpression BinaryOperation < MemberReference a Literal 0 Cast BasicType long MemberReference a Cast BasicType long MemberReference a LocalVariableDeclaration BasicType long VariableDeclarator y TernaryExpression BinaryOperation < MemberReference b Literal 0 Cast BasicType long MemberReference b Cast BasicType long MemberReference b IfStatement BinaryOperation == MemberReference x Literal 0 ReturnStatement Cast BasicType int MemberReference y End IfStatement BinaryOperation == MemberReference y Literal 0 ReturnStatement Cast BasicType int MemberReference x End LocalVariableDeclaration BasicType int VariableDeclarator shift MethodInvocation Long BinaryOperation | MemberReference x MemberReference y numberOfTrailingZeros StatementExpression Assignment MemberReference x MethodInvocation Long MemberReference x numberOfTrailingZeros >>>= DoStatement BinaryOperation != MemberReference y Literal 0 BlockStatement StatementExpression Assignment MemberReference y MethodInvocation Long MemberReference y numberOfTrailingZeros >>>= IfStatement BinaryOperation > MemberReference x MemberReference y BlockStatement LocalVariableDeclaration BasicType long VariableDeclarator t MemberReference x StatementExpression Assignment MemberReference x MemberReference y = StatementExpression Assignment MemberReference y MemberReference t = End StatementExpression Assignment MemberReference y MemberReference x -= End ReturnStatement Cast BasicType int BinaryOperation << MemberReference x MemberReference shift
76,ClassDeclaration Algo MethodDeclaration Modifier static public BasicType long max_subarray_sum FormalParameter BasicType int a FormalParameter BasicType int n LocalVariableDeclaration BasicType int VariableDeclarator end TernaryExpression BinaryOperation == MemberReference a Literal null Literal 0 MethodInvocation Math MemberReference n MemberReference a length min IfStatement BinaryOperation <= MemberReference end Literal 0 ReturnStatement Literal 0L End LocalVariableDeclaration Modifier final ReferenceType java ReferenceType util ReferenceType function ReferenceType Function TypeArgument BasicType int TypeArgument BasicType long VariableDeclarator self ArrayCreator ReferenceType java ReferenceType util ReferenceType function ReferenceType Function ArrayInitializer Literal null StatementExpression Assignment MemberReference ArraySelector Literal 0 self LambdaExpression MemberReference range LocalVariableDeclaration BasicType int VariableDeclarator l MemberReference ArraySelector Literal 0 range VariableDeclarator r MemberReference ArraySelector Literal 1 range IfStatement BinaryOperation == BinaryOperation + MemberReference l Literal 1 MemberReference r BlockStatement LocalVariableDeclaration BasicType long VariableDeclarator v MemberReference ArraySelector MemberReference l a ReturnStatement ArrayCreator BasicType long ArrayInitializer MemberReference v MemberReference v MemberReference v MemberReference v End LocalVariableDeclaration BasicType int VariableDeclarator m BinaryOperation + MemberReference l BinaryOperation >>> BinaryOperation - MemberReference r MemberReference l Literal 1 LocalVariableDeclaration BasicType long VariableDeclarator left MemberReference ArraySelector Literal 0 MethodInvocation ArrayCreator BasicType int ArrayInitializer MemberReference l MemberReference m apply self LocalVariableDeclaration BasicType long VariableDeclarator right MemberReference ArraySelector Literal 0 MethodInvocation ArrayCreator BasicType int ArrayInitializer MemberReference m MemberReference r apply self LocalVariableDeclaration BasicType long VariableDeclarator sum BinaryOperation + MemberReference ArraySelector Literal 0 left MemberReference ArraySelector Literal 0 right LocalVariableDeclaration BasicType long VariableDeclarator maxPref MethodInvocation Math MemberReference ArraySelector Literal 1 left BinaryOperation + MemberReference ArraySelector Literal 0 left MemberReference ArraySelector Literal 1 right max LocalVariableDeclaration BasicType long VariableDeclarator maxSuff MethodInvocation Math MemberReference ArraySelector Literal 2 right BinaryOperation + MemberReference ArraySelector Literal 0 right MemberReference ArraySelector Literal 2 left max LocalVariableDeclaration BasicType long VariableDeclarator maxSub MethodInvocation Math MethodInvocation Math MemberReference ArraySelector Literal 3 left MemberReference ArraySelector Literal 3 right max BinaryOperation + MemberReference ArraySelector Literal 2 left MemberReference ArraySelector Literal 1 right max ReturnStatement ArrayCreator BasicType long ArrayInitializer MemberReference sum MemberReference maxPref MemberReference maxSuff MemberReference maxSub = ReturnStatement MemberReference ArraySelector Literal 0 MethodInvocation ArrayCreator BasicType int ArrayInitializer Literal 0 MemberReference end apply ArraySelector Literal 3 self
52,ClassDeclaration Algo MethodDeclaration Modifier static public BasicType int lcm FormalParameter BasicType int a FormalParameter BasicType int b IfStatement BinaryOperation || BinaryOperation == MemberReference a Literal 0 BinaryOperation == MemberReference b Literal 0 ReturnStatement Literal 0 End LocalVariableDeclaration BasicType long VariableDeclarator aa MethodInvocation Math Cast BasicType long MemberReference a abs LocalVariableDeclaration BasicType long VariableDeclarator bb MethodInvocation Math Cast BasicType long MemberReference b abs LocalVariableDeclaration BasicType long VariableDeclarator x MemberReference aa VariableDeclarator y MemberReference bb WhileStatement BinaryOperation != MemberReference y Literal 0 BlockStatement LocalVariableDeclaration BasicType long VariableDeclarator t BinaryOperation % MemberReference x MemberReference y StatementExpression Assignment MemberReference x MemberReference y = StatementExpression Assignment MemberReference y MemberReference t = End LocalVariableDeclaration BasicType long VariableDeclarator g MemberReference x LocalVariableDeclaration BasicType long VariableDeclarator res BinaryOperation * BinaryOperation / MemberReference aa MemberReference g MemberReference bb ReturnStatement Cast BasicType int MemberReference res
21,ClassDeclaration Algo MethodDeclaration Modifier static public BasicType int gcd FormalParameter BasicType int a FormalParameter BasicType int b IfStatement BinaryOperation == MemberReference a Literal 0 BlockStatement IfStatement BinaryOperation == MemberReference b MemberReference Integer MIN_VALUE ReturnStatement MemberReference Integer MIN_VALUE End ReturnStatement TernaryExpression BinaryOperation >= MemberReference b Literal 0 MemberReference b MemberReference - b End IfStatement BinaryOperation == MemberReference b Literal 0 BlockStatement IfStatement BinaryOperation == MemberReference a MemberReference Integer MIN_VALUE ReturnStatement MemberReference Integer MIN_VALUE End ReturnStatement TernaryExpression BinaryOperation >= MemberReference a Literal 0 MemberReference a MemberReference - a End LocalVariableDeclaration BasicType long VariableDeclarator u MemberReference a IfStatement BinaryOperation < MemberReference u Literal 0 StatementExpression Assignment MemberReference u MemberReference - u = End LocalVariableDeclaration BasicType long VariableDeclarator v MemberReference b IfStatement BinaryOperation < MemberReference v Literal 0 StatementExpression Assignment MemberReference v MemberReference - v = End LocalVariableDeclaration BasicType int VariableDeclarator shift MethodInvocation Long BinaryOperation | MemberReference u MemberReference v numberOfTrailingZeros StatementExpression Assignment MemberReference u MethodInvocation Long MemberReference u numberOfTrailingZeros >>= StatementExpression Assignment MemberReference v MethodInvocation Long MemberReference v numberOfTrailingZeros >>= DoStatement BinaryOperation != MemberReference v Literal 0 BlockStatement IfStatement BinaryOperation > MemberReference u MemberReference v BlockStatement LocalVariableDeclaration BasicType long VariableDeclarator t MemberReference u StatementExpression Assignment MemberReference u MemberReference v = StatementExpression Assignment MemberReference v MemberReference t = End StatementExpression Assignment MemberReference v MemberReference u -= StatementExpression Assignment MemberReference v MethodInvocation Long MemberReference v numberOfTrailingZeros >>= End LocalVariableDeclaration BasicType long VariableDeclarator g BinaryOperation << MemberReference u MemberReference shift ReturnStatement TernaryExpression BinaryOperation == MemberReference g Literal 2147483648L MemberReference Integer MIN_VALUE Cast BasicType int MemberReference g
99,ClassDeclaration Algo MethodDeclaration Modifier static public reverse_array FormalParameter BasicType int a FormalParameter BasicType int n IfStatement BinaryOperation || BinaryOperation == MemberReference a Literal null BinaryOperation <= MemberReference n Literal 1 ReturnStatement End LocalVariableDeclaration BasicType int VariableDeclarator m MethodInvocation Math MemberReference n MemberReference a length min LocalVariableDeclaration BasicType int VariableDeclarator b ArrayCreator BasicType int MemberReference m ForStatement ForControl VariableDeclaration BasicType int VariableDeclarator i Literal 0 BinaryOperation < MemberReference i MemberReference m MemberReference ++ i BlockStatement StatementExpression Assignment MemberReference ArraySelector MemberReference i b MemberReference ArraySelector BinaryOperation - BinaryOperation - MemberReference m Literal 1 MemberReference i a = End StatementExpression MethodInvocation System MemberReference b Literal 0 MemberReference a Literal 0 MemberReference m arraycopy
63,ClassDeclaration Algo MethodDeclaration Modifier static public BasicType int lower_bound FormalParameter BasicType int a FormalParameter BasicType int n FormalParameter BasicType int x IfStatement BinaryOperation <= MemberReference n Literal 0 ReturnStatement Literal 0 End LocalVariableDeclaration BasicType int VariableDeclarator k BinaryOperation << Literal 1 BinaryOperation - Literal 31 MethodInvocation Integer MemberReference n numberOfLeadingZeros LocalVariableDeclaration BasicType int VariableDeclarator idx Literal - 1 WhileStatement BinaryOperation > MemberReference k Literal 0 BlockStatement LocalVariableDeclaration BasicType long VariableDeclarator next BinaryOperation + Cast BasicType long MemberReference idx MemberReference k IfStatement BinaryOperation && BinaryOperation < MemberReference next MemberReference n BinaryOperation < MemberReference ArraySelector Cast BasicType int MemberReference next a MemberReference x BlockStatement StatementExpression Assignment MemberReference idx Cast BasicType int MemberReference next = End StatementExpression Assignment MemberReference k Literal 1 >>= End ReturnStatement BinaryOperation + MemberReference idx Literal 1
5,ClassDeclaration Algo MethodDeclaration Modifier static public BasicType int binary_search FormalParameter BasicType int a FormalParameter BasicType int n FormalParameter BasicType int x LocalVariableDeclaration BasicType int VariableDeclarator lo Literal 0 VariableDeclarator hi BinaryOperation - MemberReference n Literal 1 WhileStatement BinaryOperation <= MemberReference lo MemberReference hi BlockStatement LocalVariableDeclaration BasicType int VariableDeclarator mid BinaryOperation + MemberReference lo BinaryOperation >>> BinaryOperation - MemberReference hi MemberReference lo Literal 1 LocalVariableDeclaration BasicType int VariableDeclarator val MemberReference ArraySelector MemberReference mid a IfStatement BinaryOperation < MemberReference x MemberReference val BlockStatement StatementExpression Assignment MemberReference hi BinaryOperation - MemberReference mid Literal 1 = IfStatement BinaryOperation > MemberReference x MemberReference val BlockStatement StatementExpression Assignment MemberReference lo BinaryOperation + MemberReference mid Literal 1 = BlockStatement ReturnStatement MemberReference mid End End End ReturnStatement Literal - 1
95,ClassDeclaration Modifier public Algo MethodDeclaration Modifier static public BasicType int popcount_u32 FormalParameter BasicType int x LocalVariableDeclaration BasicType byte VariableDeclarator t ArrayCreator BasicType byte ArrayInitializer Literal 0 Literal 1 Literal 1 Literal 2 Literal 1 Literal 2 Literal 2 Literal 3 Literal 1 Literal 2 Literal 2 Literal 3 Literal 2 Literal 3 Literal 3 Literal 4 LocalVariableDeclaration BasicType int VariableDeclarator c Literal 0 ForStatement ForControl VariableDeclaration BasicType int VariableDeclarator i Literal 0 BinaryOperation < MemberReference i Literal 8 MemberReference ++ i BlockStatement StatementExpression Assignment MemberReference c MemberReference ArraySelector BinaryOperation & MemberReference x Literal 0xF t += StatementExpression Assignment MemberReference x Literal 4 >>>= End ReturnStatement MemberReference c
51,ClassDeclaration Algo MethodDeclaration Modifier static public BasicType int lcm FormalParameter BasicType int a FormalParameter BasicType int b LocalVariableDeclaration BasicType long VariableDeclarator x MethodInvocation Math Cast BasicType long MemberReference a abs LocalVariableDeclaration BasicType long VariableDeclarator y MethodInvocation Math Cast BasicType long MemberReference b abs IfStatement BinaryOperation || BinaryOperation == MemberReference x Literal 0 BinaryOperation == MemberReference y Literal 0 ReturnStatement Literal 0 End LocalVariableDeclaration BasicType long VariableDeclarator res Literal 1 ForStatement ForControl VariableDeclaration BasicType long VariableDeclarator i Literal 2 BinaryOperation || BinaryOperation <= BinaryOperation * MemberReference i MemberReference i MemberReference x BinaryOperation <= BinaryOperation * MemberReference i MemberReference i MemberReference y MemberReference ++ i BlockStatement LocalVariableDeclaration BasicType int VariableDeclarator ea Literal 0 WhileStatement BinaryOperation == BinaryOperation % MemberReference x MemberReference i Literal 0 BlockStatement StatementExpression Assignment MemberReference x MemberReference i /= StatementExpression MemberReference ++ ea End LocalVariableDeclaration BasicType int VariableDeclarator eb Literal 0 WhileStatement BinaryOperation == BinaryOperation % MemberReference y MemberReference i Literal 0 BlockStatement StatementExpression Assignment MemberReference y MemberReference i /= StatementExpression MemberReference ++ eb End LocalVariableDeclaration BasicType int VariableDeclarator e TernaryExpression BinaryOperation > MemberReference ea MemberReference eb MemberReference ea MemberReference eb WhileStatement BinaryOperation > MemberReference -- e Literal 0 StatementExpression Assignment MemberReference res MemberReference i *= End End IfStatement BinaryOperation && BinaryOperation > MemberReference x Literal 1 BinaryOperation > MemberReference y Literal 1 BlockStatement IfStatement BinaryOperation == MemberReference x MemberReference y StatementExpression Assignment MemberReference res MemberReference x *= StatementExpression Assignment MemberReference res BinaryOperation * MemberReference x MemberReference y *= End IfStatement BinaryOperation > MemberReference x Literal 1 BlockStatement StatementExpression Assignment MemberReference res MemberReference x *= IfStatement BinaryOperation > MemberReference y Literal 1 BlockStatement StatementExpression Assignment MemberReference res MemberReference y *= End End End ReturnStatement Cast BasicType int MemberReference res
87,ClassDeclaration Algo MethodDeclaration Modifier static public BasicType int popcount_u32 FormalParameter BasicType int x ReturnStatement TernaryExpression BinaryOperation == MemberReference x Literal 0 Literal 0 BinaryOperation + Literal 1 MethodInvocation BinaryOperation & MemberReference x BinaryOperation - MemberReference x Literal 1 popcount_u32
107,ClassDeclaration Algo MethodDeclaration Modifier static public reverse_array FormalParameter BasicType int a FormalParameter BasicType long n IfStatement BinaryOperation == MemberReference a Literal null ReturnStatement End IfStatement BinaryOperation > MemberReference n MemberReference a length StatementExpression Assignment MemberReference n MemberReference a length = End IfStatement BinaryOperation <= MemberReference n Literal 1 ReturnStatement End LocalVariableDeclaration BasicType long VariableDeclarator left BinaryOperation - MemberReference a length MemberReference n LocalVariableDeclaration BasicType long VariableDeclarator right BinaryOperation - MemberReference n Literal 1 IfStatement BinaryOperation >= MemberReference left MemberReference right ReturnStatement End LocalVariableDeclaration BasicType int VariableDeclarator i Cast BasicType int MemberReference left LocalVariableDeclaration BasicType int VariableDeclarator j Cast BasicType int MemberReference right LocalVariableDeclaration BasicType int VariableDeclarator tmp MemberReference ArraySelector MemberReference i a StatementExpression Assignment MemberReference ArraySelector MemberReference i a MemberReference ArraySelector MemberReference j a = StatementExpression Assignment MemberReference ArraySelector MemberReference j a MemberReference tmp = StatementExpression MethodInvocation MemberReference a BinaryOperation - MemberReference n Literal 1 reverse_array
33,ClassDeclaration Algo MethodDeclaration Modifier static public BasicType int is_non_decreasing FormalParameter BasicType int a FormalParameter BasicType int n IfStatement BinaryOperation <= MemberReference n Literal 1 ReturnStatement Literal 1 End IfStatement BinaryOperation > MemberReference ArraySelector BinaryOperation - MemberReference n Literal 2 a MemberReference ArraySelector BinaryOperation - MemberReference n Literal 1 a ReturnStatement Literal 0 End ReturnStatement MethodInvocation MemberReference a BinaryOperation - MemberReference n Literal 1 is_non_decreasing
41,ClassDeclaration Algo MethodDeclaration Modifier static public BasicType int is_prime FormalParameter BasicType int n IfStatement BinaryOperation < MemberReference n Literal 2 ReturnStatement Literal 0 End IfStatement BinaryOperation == BinaryOperation & MemberReference n Literal 1 Literal 0 ReturnStatement TernaryExpression BinaryOperation == MemberReference n Literal 2 Literal 1 Literal 0 End LocalVariableDeclaration BasicType long VariableDeclarator mod MemberReference n LocalVariableDeclaration BasicType long VariableDeclarator dd BinaryOperation - Cast BasicType long MemberReference n Literal 1 LocalVariableDeclaration BasicType int VariableDeclarator s MethodInvocation Long MemberReference dd numberOfTrailingZeros LocalVariableDeclaration BasicType long VariableDeclarator d BinaryOperation >> MemberReference dd MemberReference s LocalVariableDeclaration BasicType int VariableDeclarator bases ArrayInitializer Literal 2 Literal 7 Literal 61 ForStatement EnhancedForControl VariableDeclaration BasicType int VariableDeclarator a MemberReference bases BlockStatement IfStatement BinaryOperation == BinaryOperation % MemberReference a MemberReference n Literal 0 ContinueStatement End LocalVariableDeclaration BasicType long VariableDeclarator x Literal 1 LocalVariableDeclaration BasicType long VariableDeclarator p BinaryOperation % MemberReference a MemberReference n LocalVariableDeclaration BasicType long VariableDeclarator e MemberReference d WhileStatement BinaryOperation > MemberReference e Literal 0 BlockStatement IfStatement BinaryOperation != BinaryOperation & MemberReference e Literal 1L Literal 0 StatementExpression Assignment MemberReference x BinaryOperation % BinaryOperation * MemberReference x MemberReference p MemberReference mod = End StatementExpression Assignment MemberReference p BinaryOperation % BinaryOperation * MemberReference p MemberReference p MemberReference mod = StatementExpression Assignment MemberReference e Literal 1 >>= End IfStatement BinaryOperation || BinaryOperation == MemberReference x Literal 1 BinaryOperation == MemberReference x BinaryOperation - MemberReference mod Literal 1 ContinueStatement End LocalVariableDeclaration BasicType boolean VariableDeclarator ok Literal false ForStatement ForControl VariableDeclaration BasicType int VariableDeclarator r Literal 1 BinaryOperation < MemberReference r MemberReference s MemberReference ++ r BlockStatement StatementExpression Assignment MemberReference x BinaryOperation % BinaryOperation * MemberReference x MemberReference x MemberReference mod = IfStatement BinaryOperation == MemberReference x BinaryOperation - MemberReference mod Literal 1 BlockStatement StatementExpression Assignment MemberReference ok Literal true = BreakStatement End End IfStatement MemberReference ! ok ReturnStatement Literal 0 End End ReturnStatement Literal 1
1,ClassDeclaration Algo MethodDeclaration Modifier static public BasicType int binary_search FormalParameter BasicType int a FormalParameter BasicType int n FormalParameter BasicType int x IfStatement BinaryOperation || BinaryOperation == MemberReference a Literal null BinaryOperation <= MemberReference n Literal 0 ReturnStatement Literal - 1 End LocalVariableDeclaration BasicType int VariableDeclarator low Literal 0 VariableDeclarator high BinaryOperation - MethodInvocation Math MemberReference n MemberReference a length min Literal 1 WhileStatement BinaryOperation <= MemberReference low MemberReference high BlockStatement LocalVariableDeclaration BasicType int VariableDeclarator mid BinaryOperation + MemberReference low BinaryOperation / BinaryOperation - MemberReference high MemberReference low Literal 2 LocalVariableDeclaration BasicType int VariableDeclarator val MemberReference ArraySelector MemberReference mid a IfStatement BinaryOperation == MemberReference val MemberReference x ReturnStatement MemberReference mid End IfStatement BinaryOperation < MemberReference val MemberReference x StatementExpression Assignment MemberReference low BinaryOperation + MemberReference mid Literal 1 = StatementExpression Assignment MemberReference high BinaryOperation - MemberReference mid Literal 1 = End End ReturnStatement Literal - 1
55,ClassDeclaration Algo MethodDeclaration Modifier static public BasicType int lcm FormalParameter BasicType int a FormalParameter BasicType int b IfStatement BinaryOperation || BinaryOperation == MemberReference a Literal 0 BinaryOperation == MemberReference b Literal 0 ReturnStatement Literal 0 End LocalVariableDeclaration BasicType long VariableDeclarator aa MemberReference a LocalVariableDeclaration BasicType long VariableDeclarator bb MemberReference b LocalVariableDeclaration BasicType long VariableDeclarator aAbs TernaryExpression BinaryOperation >= MemberReference aa Literal 0 MemberReference aa MemberReference - aa LocalVariableDeclaration BasicType long VariableDeclarator bAbs TernaryExpression BinaryOperation >= MemberReference bb Literal 0 MemberReference bb MemberReference - bb LocalVariableDeclaration BasicType long VariableDeclarator x MemberReference aAbs VariableDeclarator y MemberReference bAbs WhileStatement BinaryOperation != MemberReference y Literal 0 BlockStatement LocalVariableDeclaration BasicType long VariableDeclarator t BinaryOperation % MemberReference x MemberReference y StatementExpression Assignment MemberReference x MemberReference y = StatementExpression Assignment MemberReference y MemberReference t = End LocalVariableDeclaration BasicType long VariableDeclarator gcd MemberReference x LocalVariableDeclaration BasicType long VariableDeclarator res BinaryOperation * BinaryOperation / MemberReference aAbs MemberReference gcd MemberReference bAbs ReturnStatement Cast BasicType int MemberReference res
17,ClassDeclaration Algo MethodDeclaration Modifier static public BasicType int gcd FormalParameter BasicType int a FormalParameter BasicType int b LocalVariableDeclaration BasicType long VariableDeclarator x MemberReference a LocalVariableDeclaration BasicType long VariableDeclarator y MemberReference b IfStatement BinaryOperation < MemberReference x Literal 0 StatementExpression Assignment MemberReference x MemberReference - x = End IfStatement BinaryOperation < MemberReference y Literal 0 StatementExpression Assignment MemberReference y MemberReference - y = End IfStatement BinaryOperation == BinaryOperation | MemberReference x MemberReference y Literal 0 ReturnStatement Literal 0 End IfStatement BinaryOperation == MemberReference x Literal 0 ReturnStatement Cast BasicType int MemberReference y End IfStatement BinaryOperation == MemberReference y Literal 0 ReturnStatement Cast BasicType int MemberReference x End LocalVariableDeclaration BasicType int VariableDeclarator shift MethodInvocation Long BinaryOperation | MemberReference x MemberReference y numberOfTrailingZeros StatementExpression Assignment MemberReference x MethodInvocation Long MemberReference x numberOfTrailingZeros >>= WhileStatement BinaryOperation != MemberReference y Literal 0 BlockStatement StatementExpression Assignment MemberReference y MethodInvocation Long MemberReference y numberOfTrailingZeros >>= IfStatement BinaryOperation > MemberReference x MemberReference y BlockStatement LocalVariableDeclaration BasicType long VariableDeclarator t MemberReference x StatementExpression Assignment MemberReference x MemberReference y = StatementExpression Assignment MemberReference y MemberReference t = End StatementExpression Assignment MemberReference y MemberReference x -= End ReturnStatement Cast BasicType int BinaryOperation << MemberReference x MemberReference shift
144,ClassDeclaration Algo MethodDeclaration Modifier static public BasicType long sum_array FormalParameter BasicType int a FormalParameter BasicType int n ReturnStatement TernaryExpression BinaryOperation <= MemberReference n Literal 0 Literal 0L BinaryOperation + MethodInvocation MemberReference a BinaryOperation - MemberReference n Literal 1 sum_array MemberReference ArraySelector BinaryOperation - MemberReference n Literal 1 a
48,ClassDeclaration Algo MethodDeclaration Modifier static public BasicType int is_prime FormalParameter BasicType int n IfStatement BinaryOperation <= MemberReference n Literal 1 ReturnStatement Literal 0 End LocalVariableDeclaration BasicType int VariableDeclarator small ArrayInitializer Literal 2 Literal 3 Literal 5 Literal 7 Literal 11 ForStatement EnhancedForControl VariableDeclaration BasicType int VariableDeclarator p MemberReference small BlockStatement IfStatement BinaryOperation == MemberReference n MemberReference p ReturnStatement Literal 1 End IfStatement BinaryOperation == BinaryOperation % MemberReference n MemberReference p Literal 0 ReturnStatement Literal 0 End End LocalVariableDeclaration BasicType long VariableDeclarator d BinaryOperation - MemberReference n Literal 1L LocalVariableDeclaration BasicType int VariableDeclarator s Literal 0 WhileStatement BinaryOperation == BinaryOperation & MemberReference d Literal 1L Literal 0L BlockStatement StatementExpression Assignment MemberReference d Literal 1 >>= StatementExpression MemberReference ++ s End LocalVariableDeclaration BasicType int VariableDeclarator bases ArrayInitializer Literal 2 Literal 3 Literal 5 Literal 7 Literal 11 ForStatement outer EnhancedForControl VariableDeclaration BasicType int VariableDeclarator aBase MemberReference bases BlockStatement LocalVariableDeclaration BasicType long VariableDeclarator a BinaryOperation % MemberReference aBase MemberReference n LocalVariableDeclaration BasicType long VariableDeclarator x Literal 1L VariableDeclarator p MemberReference a VariableDeclarator e MemberReference d WhileStatement BinaryOperation > MemberReference e Literal 0 BlockStatement IfStatement BinaryOperation != BinaryOperation & MemberReference e Literal 1L Literal 0L StatementExpression Assignment MemberReference x BinaryOperation % BinaryOperation * MemberReference x MemberReference p MemberReference n = End StatementExpression Assignment MemberReference p BinaryOperation % BinaryOperation * MemberReference p MemberReference p MemberReference n = StatementExpression Assignment MemberReference e Literal 1 >>= End IfStatement BinaryOperation || BinaryOperation == MemberReference x Literal 1L BinaryOperation == MemberReference x BinaryOperation - MemberReference n Literal 1L ContinueStatement End ForStatement ForControl VariableDeclaration BasicType int VariableDeclarator r Literal 1 BinaryOperation < MemberReference r MemberReference s MemberReference ++ r BlockStatement StatementExpression Assignment MemberReference x BinaryOperation % BinaryOperation * MemberReference x MemberReference x MemberReference n = IfStatement BinaryOperation == MemberReference x BinaryOperation - MemberReference n Literal 1L ContinueStatement outer End End ReturnStatement Literal 0 End ReturnStatement Literal 1
128,ClassDeclaration Algo MethodDeclaration Modifier static public BasicType long str_len FormalParameter BasicType char s IfStatement BinaryOperation || BinaryOperation || BinaryOperation == MemberReference s Literal null BinaryOperation == MemberReference s length Literal 0 BinaryOperation == MemberReference ArraySelector Literal 0 s Literal '\0' ReturnStatement Literal 0L End ReturnStatement BinaryOperation + Literal 1L MethodInvocation MethodInvocation java.util.Arrays MemberReference s Literal 1 MemberReference s length copyOfRange str_len
14,ClassDeclaration Algo MethodDeclaration Modifier static public BasicType int gcd FormalParameter BasicType int a FormalParameter BasicType int b LocalVariableDeclaration BasicType long VariableDeclarator x MemberReference a LocalVariableDeclaration BasicType long VariableDeclarator y MemberReference b IfStatement BinaryOperation < MemberReference x Literal 0 StatementExpression Assignment MemberReference x MemberReference - x = End IfStatement BinaryOperation < MemberReference y Literal 0 StatementExpression Assignment MemberReference y MemberReference - y = End IfStatement BinaryOperation == MemberReference x Literal 0 ReturnStatement Cast BasicType int MemberReference y End IfStatement BinaryOperation == MemberReference y Literal 0 ReturnStatement Cast BasicType int MemberReference x End LocalVariableDeclaration BasicType int VariableDeclarator shift MethodInvocation Long BinaryOperation | MemberReference x MemberReference y numberOfTrailingZeros StatementExpression Assignment MemberReference x MethodInvocation Long MemberReference x numberOfTrailingZeros >>= DoStatement BinaryOperation != MemberReference y Literal 0 BlockStatement StatementExpression Assignment MemberReference y MethodInvocation Long MemberReference y numberOfTrailingZeros >>= IfStatement BinaryOperation > MemberReference x MemberReference y BlockStatement LocalVariableDeclaration BasicType long VariableDeclarator t MemberReference x StatementExpression Assignment MemberReference x MemberReference y = StatementExpression Assignment MemberReference y MemberReference t = End StatementExpression Assignment MemberReference y BinaryOperation - MemberReference y MemberReference x = End ReturnStatement Cast BasicType int BinaryOperation << MemberReference x MemberReference shift
64,ClassDeclaration Algo MethodDeclaration Modifier static public BasicType int lower_bound FormalParameter BasicType int a FormalParameter BasicType int n FormalParameter BasicType int x LocalVariableDeclaration BasicType int VariableDeclarator pos Literal - 1 ForStatement ForControl VariableDeclaration BasicType int VariableDeclarator step MethodInvocation Integer MemberReference n highestOneBit BinaryOperation != MemberReference step Literal 0 Assignment MemberReference step Literal 1 >>= BlockStatement LocalVariableDeclaration BasicType int VariableDeclarator next BinaryOperation + MemberReference pos MemberReference step IfStatement BinaryOperation && BinaryOperation < MemberReference next MemberReference n BinaryOperation < MemberReference ArraySelector MemberReference next a MemberReference x BlockStatement StatementExpression Assignment MemberReference pos MemberReference next = End End ReturnStatement BinaryOperation + MemberReference pos Literal 1
28,ClassDeclaration Algo MethodDeclaration Modifier static public BasicType int is_non_decreasing FormalParameter BasicType int a FormalParameter BasicType int n IfStatement BinaryOperation <= MemberReference n Literal 1 ReturnStatement Literal 1 End IfStatement BinaryOperation == MemberReference a Literal null ReturnStatement Literal 0 End IfStatement BinaryOperation > MemberReference n MemberReference a length StatementExpression Assignment MemberReference n MemberReference a length = End IfStatement BinaryOperation <= MemberReference n Literal 1 ReturnStatement Literal 1 End ReturnStatement TernaryExpression BinaryOperation <= MemberReference ArraySelector BinaryOperation - MemberReference n Literal 2 a MemberReference ArraySelector BinaryOperation - MemberReference n Literal 1 a MethodInvocation MemberReference a BinaryOperation - MemberReference n Literal 1 is_non_decreasing Literal 0
94,ClassDeclaration Modifier public Algo MethodDeclaration Modifier static public BasicType int popcount_u32 FormalParameter BasicType int x StatementExpression Assignment MemberReference x BinaryOperation - MemberReference x BinaryOperation & BinaryOperation >>> MemberReference x Literal 1 Literal 0x55555555 = StatementExpression Assignment MemberReference x BinaryOperation + BinaryOperation & MemberReference x Literal 0x33333333 BinaryOperation & BinaryOperation >>> MemberReference x Literal 2 Literal 0x33333333 = StatementExpression Assignment MemberReference x BinaryOperation & BinaryOperation + MemberReference x BinaryOperation >>> MemberReference x Literal 4 Literal 0x0F0F0F0F = StatementExpression Assignment MemberReference x BinaryOperation + MemberReference x BinaryOperation >>> MemberReference x Literal 8 = StatementExpression Assignment MemberReference x BinaryOperation + MemberReference x BinaryOperation >>> MemberReference x Literal 16 = ReturnStatement BinaryOperation & MemberReference x Literal 0x3F
67,ClassDeclaration Modifier public Algo MethodDeclaration Modifier static public BasicType int lower_bound FormalParameter Modifier final BasicType int a FormalParameter BasicType int n FormalParameter BasicType int x LocalVariableDeclaration BasicType int VariableDeclarator i Literal - 1 LocalVariableDeclaration BasicType int VariableDeclarator step Literal 1 WhileStatement BinaryOperation < MemberReference step MemberReference n StatementExpression Assignment MemberReference step Literal 1 <<= End WhileStatement BinaryOperation > MemberReference step Literal 0 BlockStatement LocalVariableDeclaration BasicType int VariableDeclarator ni BinaryOperation + MemberReference i MemberReference step IfStatement BinaryOperation && BinaryOperation < MemberReference ni MemberReference n BinaryOperation < MemberReference ArraySelector MemberReference ni a MemberReference x StatementExpression Assignment MemberReference i MemberReference ni = End StatementExpression Assignment MemberReference step Literal 1 >>= End ReturnStatement BinaryOperation + MemberReference i Literal 1
104,ClassDeclaration Algo MethodDeclaration Modifier static public reverse_array FormalParameter BasicType int a FormalParameter BasicType int n IfStatement BinaryOperation == MemberReference a Literal null ReturnStatement End IfStatement BinaryOperation < MemberReference n Literal 0 StatementExpression Assignment MemberReference n Literal 0 = End IfStatement BinaryOperation > MemberReference n MemberReference a length StatementExpression Assignment MemberReference n MemberReference a length = End ForStatement ForControl VariableDeclaration BasicType int VariableDeclarator i Literal 0 VariableDeclarator j BinaryOperation - MemberReference n Literal 1 BinaryOperation < MemberReference i MemberReference j MemberReference ++ i MemberReference -- j BlockStatement LocalVariableDeclaration BasicType int VariableDeclarator t MemberReference ArraySelector MemberReference i a StatementExpression Assignment MemberReference ArraySelector MemberReference i a MemberReference ArraySelector MemberReference j a = StatementExpression Assignment MemberReference ArraySelector MemberReference j a MemberReference t = End
74,ClassDeclaration Algo MethodDeclaration Modifier static public BasicType long max_subarray_sum FormalParameter BasicType int a FormalParameter BasicType int n IfStatement BinaryOperation || BinaryOperation == MemberReference a Literal null BinaryOperation <= MemberReference n Literal 0 ReturnStatement Literal 0L End IfStatement BinaryOperation > MemberReference n MemberReference a length StatementExpression Assignment MemberReference n MemberReference a length = End LocalVariableDeclaration BasicType int VariableDeclarator m Literal 1 WhileStatement BinaryOperation < MemberReference m MemberReference n StatementExpression Assignment MemberReference m Literal 1 <<= End LocalVariableDeclaration BasicType int VariableDeclarator size BinaryOperation << MemberReference m Literal 1 LocalVariableDeclaration BasicType long VariableDeclarator sum ArrayCreator BasicType long MemberReference size LocalVariableDeclaration BasicType long VariableDeclarator pref ArrayCreator BasicType long MemberReference size LocalVariableDeclaration BasicType long VariableDeclarator suff ArrayCreator BasicType long MemberReference size LocalVariableDeclaration BasicType long VariableDeclarator best ArrayCreator BasicType long MemberReference size LocalVariableDeclaration Modifier final BasicType long VariableDeclarator NEG_INF BinaryOperation / MemberReference Long MIN_VALUE Literal 4 ForStatement ForControl VariableDeclaration BasicType int VariableDeclarator i Literal 0 BinaryOperation < MemberReference i MemberReference m MemberReference ++ i BlockStatement LocalVariableDeclaration BasicType int VariableDeclarator idx BinaryOperation + MemberReference m MemberReference i IfStatement BinaryOperation < MemberReference i MemberReference n BlockStatement LocalVariableDeclaration BasicType long VariableDeclarator v MemberReference ArraySelector MemberReference i a StatementExpression Assignment MemberReference ArraySelector MemberReference idx sum MemberReference v = StatementExpression Assignment MemberReference ArraySelector MemberReference idx pref MemberReference v = StatementExpression Assignment MemberReference ArraySelector MemberReference idx suff MemberReference v = StatementExpression Assignment MemberReference ArraySelector MemberReference idx best MemberReference v = BlockStatement StatementExpression Assignment MemberReference ArraySelector MemberReference idx sum Literal 0L = StatementExpression Assignment MemberReference ArraySelector MemberReference idx pref MemberReference NEG_INF = StatementExpression Assignment MemberReference ArraySelector MemberReference idx suff MemberReference NEG_INF = StatementExpression Assignment MemberReference ArraySelector MemberReference idx best MemberReference NEG_INF = End End ForStatement ForControl VariableDeclaration BasicType int VariableDeclarator i BinaryOperation - MemberReference m Literal 1 BinaryOperation > MemberReference i Literal 0 MemberReference -- i BlockStatement LocalVariableDeclaration BasicType int VariableDeclarator l BinaryOperation << MemberReference i Literal 1 VariableDeclarator r BinaryOperation + MemberReference l Literal 1 LocalVariableDeclaration BasicType long VariableDeclarator candPref TernaryExpression BinaryOperation == MemberReference ArraySelector MemberReference r pref MemberReference NEG_INF MemberReference NEG_INF BinaryOperation + MemberReference ArraySelector MemberReference l sum MemberReference ArraySelector MemberReference r pref LocalVariableDeclaration BasicType long VariableDeclarator candSuff TernaryExpression BinaryOperation == MemberReference ArraySelector MemberReference l suff MemberReference NEG_INF MemberReference NEG_INF BinaryOperation + MemberReference ArraySelector MemberReference r sum MemberReference ArraySelector MemberReference l suff LocalVariableDeclaration BasicType long VariableDeclarator cross TernaryExpression BinaryOperation || BinaryOperation == MemberReference ArraySelector MemberReference l suff MemberReference NEG_INF BinaryOperation == MemberReference ArraySelector MemberReference r pref MemberReference NEG_INF MemberReference NEG_INF BinaryOperation + MemberReference ArraySelector MemberReference l suff MemberReference ArraySelector MemberReference r pref StatementExpression Assignment MemberReference ArraySelector MemberReference i sum BinaryOperation + MemberReference ArraySelector MemberReference l sum MemberReference ArraySelector MemberReference r sum = StatementExpression Assignment MemberReference ArraySelector MemberReference i pref MethodInvocation Math MemberReference ArraySelector MemberReference l pref MemberReference candPref max = StatementExpression Assignment MemberReference ArraySelector MemberReference i suff MethodInvocation Math MemberReference ArraySelector MemberReference r suff MemberReference candSuff max = StatementExpression Assignment MemberReference ArraySelector MemberReference i best MethodInvocation Math MethodInvocation Math MemberReference ArraySelector MemberReference l best MemberReference ArraySelector MemberReference r best max MemberReference cross max = End ReturnStatement MemberReference ArraySelector Literal 1 best
118,ClassDeclaration Algo MethodDeclaration Modifier static public BasicType int rotl32 FormalParameter BasicType int x FormalParameter BasicType int r LocalVariableDeclaration BasicType int VariableDeclarator n BinaryOperation & MemberReference r Literal 31 WhileStatement BinaryOperation != MemberReference -- n Literal 0 BlockStatement StatementExpression Assignment MemberReference x BinaryOperation | BinaryOperation << MemberReference x Literal 1 BinaryOperation >>> MemberReference x Literal 31 = End ReturnStatement MemberReference x
141,ClassDeclaration Algo MethodDeclaration Modifier static public BasicType long sum_array FormalParameter BasicType int a FormalParameter BasicType long n IfStatement BinaryOperation || BinaryOperation == MemberReference a Literal null BinaryOperation <= MemberReference n Literal 0 ReturnStatement Literal 0L End LocalVariableDeclaration BasicType int VariableDeclarator m Cast BasicType int MethodInvocation Math Cast BasicType long MemberReference a length MethodInvocation Math MemberReference n Cast BasicType long MemberReference Integer MAX_VALUE min min IfStatement BinaryOperation <= MemberReference m Literal 0 ReturnStatement Literal 0L End LocalVariableDeclaration BasicType long VariableDeclarator sum Literal 0L LocalVariableDeclaration Modifier final BasicType int VariableDeclarator THRESH Literal 2048 IfStatement BinaryOperation <= MemberReference m MemberReference THRESH BlockStatement ForStatement ForControl VariableDeclaration BasicType int VariableDeclarator i Literal 0 BinaryOperation < MemberReference i MemberReference m MemberReference ++ i StatementExpression Assignment MemberReference sum MemberReference ArraySelector MemberReference i a += End ReturnStatement MemberReference sum End LocalVariableDeclaration BasicType int VariableDeclarator sL ArrayCreator BasicType int Literal 64 LocalVariableDeclaration BasicType int VariableDeclarator sR ArrayCreator BasicType int Literal 64 LocalVariableDeclaration BasicType int VariableDeclarator sp Literal 0 LocalVariableDeclaration BasicType int VariableDeclarator l Literal 0 VariableDeclarator r MemberReference m WhileStatement Literal true BlockStatement LocalVariableDeclaration BasicType int VariableDeclarator len BinaryOperation - MemberReference r MemberReference l IfStatement BinaryOperation <= MemberReference len MemberReference THRESH BlockStatement LocalVariableDeclaration BasicType long VariableDeclarator local Literal 0L ForStatement ForControl VariableDeclaration BasicType int VariableDeclarator i MemberReference l BinaryOperation < MemberReference i MemberReference r MemberReference ++ i StatementExpression Assignment MemberReference local MemberReference ArraySelector MemberReference i a += End StatementExpression Assignment MemberReference sum MemberReference local += IfStatement BinaryOperation == MemberReference sp Literal 0 BreakStatement End StatementExpression MemberReference -- sp StatementExpression Assignment MemberReference l MemberReference ArraySelector MemberReference sp sL = StatementExpression Assignment MemberReference r MemberReference ArraySelector MemberReference sp sR = BlockStatement LocalVariableDeclaration BasicType int VariableDeclarator mid BinaryOperation + MemberReference l BinaryOperation >>> MemberReference len Literal 1 StatementExpression Assignment MemberReference ArraySelector MemberReference sp sL MemberReference mid = StatementExpression Assignment MemberReference ArraySelector MemberReference sp sR MemberReference r = StatementExpression MemberReference ++ sp StatementExpression Assignment MemberReference r MemberReference mid = End End ReturnStatement MemberReference sum
133,ClassDeclaration Algo MethodDeclaration Modifier static public BasicType int str_len FormalParameter BasicType char s ReturnStatement TernaryExpression BinaryOperation || BinaryOperation == MemberReference s length Literal 0 BinaryOperation == MemberReference ArraySelector Literal 0 s Literal '\0' Literal 0 BinaryOperation + Literal 1 MethodInvocation MethodInvocation java.util.Arrays MemberReference s Literal 1 MemberReference s length copyOfRange str_len
36,ClassDeclaration Algo MethodDeclaration Modifier static public BasicType int is_non_decreasing FormalParameter BasicType int a FormalParameter BasicType int n IfStatement BinaryOperation <= MemberReference n Literal 1 ReturnStatement Literal 1 End LocalVariableDeclaration BasicType int VariableDeclarator orig MethodInvocation java.util.Arrays MemberReference a MemberReference n copyOf LocalVariableDeclaration BasicType int VariableDeclarator sorted MethodInvocation java.util.Arrays MemberReference orig MemberReference n copyOf StatementExpression MethodInvocation java.util.Arrays MemberReference sorted Literal 0 MemberReference n sort ReturnStatement TernaryExpression MethodInvocation java.util.Arrays MemberReference orig MemberReference sorted equals Literal 1 Literal 0
45,ClassDeclaration Algo MethodDeclaration Modifier static public BasicType int is_prime FormalParameter BasicType int n IfStatement BinaryOperation <= MemberReference n Literal 1 ReturnStatement Literal 0 End IfStatement BinaryOperation <= MemberReference n Literal 3 ReturnStatement Literal 1 End IfStatement BinaryOperation || BinaryOperation == BinaryOperation % MemberReference n Literal 2 Literal 0 BinaryOperation == BinaryOperation % MemberReference n Literal 3 Literal 0 ReturnStatement Literal 0 End LocalVariableDeclaration BasicType long VariableDeclarator i Literal 5 WhileStatement BinaryOperation <= BinaryOperation * MemberReference i MemberReference i MemberReference n BlockStatement IfStatement BinaryOperation || BinaryOperation == BinaryOperation % MemberReference n MemberReference i Literal 0 BinaryOperation == BinaryOperation % MemberReference n BinaryOperation + MemberReference i Literal 2 Literal 0 ReturnStatement Literal 0 End StatementExpression Assignment MemberReference i Literal 6 += End ReturnStatement Literal 1
47,ClassDeclaration Algo MethodDeclaration Modifier static public BasicType int is_prime FormalParameter BasicType int n IfStatement BinaryOperation < MemberReference n Literal 2 ReturnStatement Literal 0 End IfStatement BinaryOperation == BinaryOperation & MemberReference n Literal 1 Literal 0 ReturnStatement TernaryExpression BinaryOperation == MemberReference n Literal 2 Literal 1 Literal 0 End IfStatement BinaryOperation == BinaryOperation % MemberReference n Literal 3 Literal 0 ReturnStatement TernaryExpression BinaryOperation == MemberReference n Literal 3 Literal 1 Literal 0 End IfStatement BinaryOperation == BinaryOperation % MemberReference n Literal 5 Literal 0 ReturnStatement TernaryExpression BinaryOperation == MemberReference n Literal 5 Literal 1 Literal 0 End IfStatement BinaryOperation == BinaryOperation % MemberReference n Literal 7 Literal 0 ReturnStatement TernaryExpression BinaryOperation == MemberReference n Literal 7 Literal 1 Literal 0 End IfStatement BinaryOperation == BinaryOperation % MemberReference n Literal 11 Literal 0 ReturnStatement TernaryExpression BinaryOperation == MemberReference n Literal 11 Literal 1 Literal 0 End LocalVariableDeclaration BasicType long VariableDeclarator d BinaryOperation - MemberReference n Literal 1L LocalVariableDeclaration BasicType int VariableDeclarator s Literal 0 WhileStatement BinaryOperation == BinaryOperation & MemberReference d Literal 1L Literal 0 BlockStatement StatementExpression Assignment MemberReference d Literal 1 >>= StatementExpression MemberReference ++ s End LocalVariableDeclaration BasicType int VariableDeclarator bases ArrayInitializer Literal 2 Literal 7 Literal 61 ForStatement outer EnhancedForControl VariableDeclaration BasicType int VariableDeclarator a MemberReference bases BlockStatement IfStatement BinaryOperation >= MemberReference a MemberReference n ContinueStatement End LocalVariableDeclaration BasicType long VariableDeclarator mod MemberReference n LocalVariableDeclaration BasicType long VariableDeclarator e MemberReference d LocalVariableDeclaration BasicType long VariableDeclarator base BinaryOperation % MemberReference a MemberReference mod LocalVariableDeclaration BasicType long VariableDeclarator x Literal 1L WhileStatement BinaryOperation > MemberReference e Literal 0 BlockStatement IfStatement BinaryOperation != BinaryOperation & MemberReference e Literal 1L Literal 0 StatementExpression Assignment MemberReference x BinaryOperation % BinaryOperation * MemberReference x MemberReference base MemberReference mod = End StatementExpression Assignment MemberReference base BinaryOperation % BinaryOperation * MemberReference base MemberReference base MemberReference mod = StatementExpression Assignment MemberReference e Literal 1 >>= End IfStatement BinaryOperation || BinaryOperation == MemberReference x Literal 1 BinaryOperation == MemberReference x BinaryOperation - MemberReference mod Literal 1 ContinueStatement End ForStatement ForControl VariableDeclaration BasicType int VariableDeclarator r Literal 1 BinaryOperation < MemberReference r MemberReference s MemberReference ++ r BlockStatement StatementExpression Assignment MemberReference x BinaryOperation % BinaryOperation * MemberReference x MemberReference x MemberReference mod = IfStatement BinaryOperation == MemberReference x BinaryOperation - MemberReference mod Literal 1 ContinueStatement outer End IfStatement BinaryOperation == MemberReference x Literal 1 ReturnStatement Literal 0 End End ReturnStatement Literal 0 End ReturnStatement Literal 1
9,ClassDeclaration Algo MethodDeclaration Modifier static public BasicType int gcd FormalParameter BasicType int a FormalParameter BasicType int b LocalVariableDeclaration BasicType long VariableDeclarator x MemberReference a LocalVariableDeclaration BasicType long VariableDeclarator y MemberReference b IfStatement BinaryOperation < MemberReference x Literal 0 StatementExpression Assignment MemberReference x MemberReference - x = End IfStatement BinaryOperation < MemberReference y Literal 0 StatementExpression Assignment MemberReference y MemberReference - y = End WhileStatement BinaryOperation != MemberReference y Literal 0 BlockStatement LocalVariableDeclaration BasicType long VariableDeclarator t BinaryOperation % MemberReference x MemberReference y StatementExpression Assignment MemberReference x MemberReference y = StatementExpression Assignment MemberReference y MemberReference t = End IfStatement BinaryOperation > MemberReference x MemberReference Integer MAX_VALUE ReturnStatement MemberReference Integer MIN_VALUE End ReturnStatement Cast BasicType int MemberReference x
75,ClassDeclaration Modifier public Algo MethodDeclaration Modifier static public BasicType long max_subarray_sum FormalParameter BasicType int a FormalParameter BasicType int n IfStatement BinaryOperation || BinaryOperation == MemberReference a Literal null BinaryOperation <= MemberReference n Literal 0 ReturnStatement Literal 0L End StatementExpression Assignment MemberReference n MethodInvocation Math MemberReference n MemberReference a length min = ReturnStatement MethodInvocation MemberReference a Literal 0 MemberReference n maxSub MethodDeclaration Modifier private static BasicType long maxSub FormalParameter BasicType int a FormalParameter BasicType int l FormalParameter BasicType int r IfStatement BinaryOperation == BinaryOperation + MemberReference l Literal 1 MemberReference r ReturnStatement MemberReference ArraySelector MemberReference l a End LocalVariableDeclaration BasicType int VariableDeclarator m BinaryOperation >>> BinaryOperation + MemberReference l MemberReference r Literal 1 LocalVariableDeclaration BasicType long VariableDeclarator left MethodInvocation MemberReference a MemberReference l MemberReference m maxSub LocalVariableDeclaration BasicType long VariableDeclarator right MethodInvocation MemberReference a MemberReference m MemberReference r maxSub LocalVariableDeclaration BasicType long VariableDeclarator bestLeft MemberReference Long MIN_VALUE VariableDeclarator sum Literal 0 ForStatement ForControl VariableDeclaration BasicType int VariableDeclarator i BinaryOperation - MemberReference m Literal 1 BinaryOperation >= MemberReference i MemberReference l MemberReference -- i BlockStatement StatementExpression Assignment MemberReference sum MemberReference ArraySelector MemberReference i a += IfStatement BinaryOperation > MemberReference sum MemberReference bestLeft StatementExpression Assignment MemberReference bestLeft MemberReference sum = End End LocalVariableDeclaration BasicType long VariableDeclarator bestRight MemberReference Long MIN_VALUE StatementExpression Assignment MemberReference sum Literal 0 = ForStatement ForControl VariableDeclaration BasicType int VariableDeclarator i MemberReference m BinaryOperation < MemberReference i MemberReference r MemberReference ++ i BlockStatement StatementExpression Assignment MemberReference sum MemberReference ArraySelector MemberReference i a += IfStatement BinaryOperation > MemberReference sum MemberReference bestRight StatementExpression Assignment MemberReference bestRight MemberReference sum = End End LocalVariableDeclaration BasicType long VariableDeclarator cross BinaryOperation + MemberReference bestLeft MemberReference bestRight ReturnStatement MethodInvocation Math MethodInvocation Math MemberReference left MemberReference right max MemberReference cross max
50,ClassDeclaration Modifier public Algo MethodDeclaration Modifier static public BasicType int lcm FormalParameter BasicType int a FormalParameter BasicType int b IfStatement BinaryOperation || BinaryOperation == MemberReference a Literal 0 BinaryOperation == MemberReference b Literal 0 ReturnStatement Literal 0 End LocalVariableDeclaration BasicType long VariableDeclarator x MethodInvocation Math Cast BasicType long MemberReference a abs LocalVariableDeclaration BasicType long VariableDeclarator y MethodInvocation Math Cast BasicType long MemberReference b abs LocalVariableDeclaration BasicType long VariableDeclarator u MemberReference x VariableDeclarator v MemberReference y LocalVariableDeclaration BasicType int VariableDeclarator shift MethodInvocation Long BinaryOperation | MemberReference u MemberReference v numberOfTrailingZeros StatementExpression Assignment MemberReference u MethodInvocation Long MemberReference u numberOfTrailingZeros >>= DoStatement BinaryOperation != MemberReference v Literal 0 BlockStatement StatementExpression Assignment MemberReference v MethodInvocation Long MemberReference v numberOfTrailingZeros >>= IfStatement BinaryOperation > MemberReference u MemberReference v BlockStatement LocalVariableDeclaration BasicType long VariableDeclarator t MemberReference u StatementExpression Assignment MemberReference u MemberReference v = StatementExpression Assignment MemberReference v MemberReference t = End StatementExpression Assignment MemberReference v MemberReference u -= End LocalVariableDeclaration BasicType long VariableDeclarator g BinaryOperation << MemberReference u MemberReference shift LocalVariableDeclaration BasicType long VariableDeclarator res BinaryOperation * BinaryOperation / MemberReference x MemberReference g MemberReference y ReturnStatement Cast BasicType int MemberReference res
114,ClassDeclaration Algo MethodDeclaration Modifier static public BasicType int rotl32 FormalParameter BasicType int x FormalParameter BasicType int r LocalVariableDeclaration BasicType int VariableDeclarator s BinaryOperation & MemberReference r Literal 31 LocalVariableDeclaration BasicType long VariableDeclarator u BinaryOperation & MemberReference x Literal 0xFFFF_FFFFL LocalVariableDeclaration BasicType long VariableDeclarator d BinaryOperation | BinaryOperation << MemberReference u Literal 32 MemberReference u ReturnStatement Cast BasicType int BinaryOperation >>> BinaryOperation << MemberReference d MemberReference s Literal 32
62,ClassDeclaration Algo MethodDeclaration Modifier static public BasicType int lower_bound FormalParameter BasicType int a FormalParameter BasicType int n FormalParameter BasicType int x LocalVariableDeclaration BasicType int VariableDeclarator lo Literal 0 VariableDeclarator hi MemberReference n WhileStatement BinaryOperation < MemberReference lo MemberReference hi BlockStatement LocalVariableDeclaration BasicType int VariableDeclarator mid BinaryOperation + MemberReference lo BinaryOperation >>> BinaryOperation - MemberReference hi MemberReference lo Literal 1 IfStatement BinaryOperation < MemberReference ArraySelector MemberReference mid a MemberReference x BlockStatement StatementExpression Assignment MemberReference lo BinaryOperation + MemberReference mid Literal 1 = BlockStatement StatementExpression Assignment MemberReference hi MemberReference mid = End End ReturnStatement MemberReference lo
37,ClassDeclaration Algo MethodDeclaration Modifier static public BasicType int is_non_decreasing FormalParameter BasicType int a FormalParameter BasicType long n IfStatement BinaryOperation == MemberReference a Literal null ReturnStatement TernaryExpression BinaryOperation == MemberReference n Literal 0 Literal 1 Literal 0 End IfStatement BinaryOperation <= MemberReference n Literal 1 ReturnStatement Literal 1 End LocalVariableDeclaration BasicType int VariableDeclarator m Cast BasicType int MethodInvocation Math Cast BasicType long MemberReference a length MemberReference n min IfStatement BinaryOperation <= MemberReference m Literal 1 ReturnStatement Literal 1 End LocalVariableDeclaration BasicType int VariableDeclarator b MethodInvocation java.util.Arrays MemberReference a MemberReference m copyOf StatementExpression MethodInvocation java.util.Arrays MemberReference b sort ForStatement ForControl VariableDeclaration BasicType int VariableDeclarator i Literal 0 BinaryOperation < MemberReference i MemberReference m MemberReference ++ i IfStatement BinaryOperation != MemberReference ArraySelector MemberReference i a MemberReference ArraySelector MemberReference i b ReturnStatement Literal 0 End End ReturnStatement Literal 1
113,ClassDeclaration Modifier public Algo MethodDeclaration Modifier static public BasicType int rotl32 FormalParameter BasicType int x FormalParameter BasicType int r LocalVariableDeclaration BasicType int VariableDeclarator s BinaryOperation & MemberReference r Literal 31 LocalVariableDeclaration BasicType long VariableDeclarator y BinaryOperation & MemberReference x Literal 0xffffffffL LocalVariableDeclaration BasicType long VariableDeclarator z BinaryOperation | BinaryOperation << MemberReference y Literal 32 MemberReference y ReturnStatement Cast BasicType int BinaryOperation >>> BinaryOperation << MemberReference z MemberReference s Literal 32
30,ClassDeclaration Modifier public Algo MethodDeclaration Modifier static public BasicType int is_non_decreasing FormalParameter BasicType int a FormalParameter BasicType int n IfStatement BinaryOperation <= MemberReference n Literal 1 ReturnStatement Literal 1 End ForStatement ForControl VariableDeclaration BasicType int VariableDeclarator i Literal 1 BinaryOperation < MemberReference i MemberReference n MemberReference ++ i BlockStatement IfStatement BinaryOperation < MemberReference ArraySelector MemberReference i a MemberReference ArraySelector BinaryOperation - MemberReference i Literal 1 a ReturnStatement Literal 0 End End ReturnStatement Literal 1
105,ClassDeclaration Algo MethodDeclaration Modifier static public reverse_array FormalParameter BasicType int a FormalParameter BasicType int n IfStatement BinaryOperation <= MemberReference n Literal 1 ReturnStatement End LocalVariableDeclaration Modifier final BasicType int VariableDeclarator limit BinaryOperation >> MemberReference n Literal 1 LocalVariableDeclaration Modifier final ReferenceType java ReferenceType util ReferenceType function ReferenceType IntConsumer VariableDeclarator rec ArrayCreator ReferenceType java ReferenceType util ReferenceType function ReferenceType IntConsumer Literal 1 StatementExpression Assignment MemberReference ArraySelector Literal 0 rec LambdaExpression MemberReference i IfStatement BinaryOperation >= MemberReference i MemberReference limit ReturnStatement End LocalVariableDeclaration BasicType int VariableDeclarator j BinaryOperation - BinaryOperation - MemberReference n Literal 1 MemberReference i LocalVariableDeclaration BasicType int VariableDeclarator tmp MemberReference ArraySelector MemberReference i a StatementExpression Assignment MemberReference ArraySelector MemberReference i a MemberReference ArraySelector MemberReference j a = StatementExpression Assignment MemberReference ArraySelector MemberReference j a MemberReference tmp = StatementExpression MemberReference ArraySelector Literal 0 MethodInvocation BinaryOperation + MemberReference i Literal 1 accept rec = StatementExpression MemberReference ArraySelector Literal 0 MethodInvocation Literal 0 accept rec
134,ClassDeclaration Algo MethodDeclaration Modifier static public BasicType long str_len FormalParameter BasicType char s ReturnStatement TernaryExpression BinaryOperation || BinaryOperation == MemberReference s length Literal 0 BinaryOperation == MemberReference ArraySelector Literal 0 s Literal '\0' Literal 0L BinaryOperation + Literal 1L MethodInvocation MethodInvocation java.util.Arrays MemberReference s Literal 1 MemberReference s length copyOfRange str_len
70,ClassDeclaration Modifier public Algo MethodDeclaration Modifier static public BasicType int lower_bound FormalParameter BasicType int a FormalParameter BasicType int n FormalParameter BasicType int x IfStatement BinaryOperation <= MemberReference n Literal 0 ReturnStatement Literal 0 End LocalVariableDeclaration BasicType int VariableDeclarator step BinaryOperation << Literal 1 BinaryOperation - Literal 31 MethodInvocation Integer MemberReference n numberOfLeadingZeros LocalVariableDeclaration BasicType int VariableDeclarator pos Literal - 1 WhileStatement BinaryOperation > MemberReference step Literal 0 BlockStatement LocalVariableDeclaration BasicType int VariableDeclarator next BinaryOperation + MemberReference pos MemberReference step IfStatement BinaryOperation && BinaryOperation < MemberReference next MemberReference n BinaryOperation < MemberReference ArraySelector MemberReference next a MemberReference x BlockStatement StatementExpression Assignment MemberReference pos MemberReference next = End StatementExpression Assignment MemberReference step Literal 1 >>= End ReturnStatement BinaryOperation + MemberReference pos Literal 1
100,ClassDeclaration Algo MethodDeclaration Modifier static public reverse_array FormalParameter BasicType int a FormalParameter BasicType long n IfStatement BinaryOperation || BinaryOperation == MemberReference a Literal null BinaryOperation <= MemberReference n Literal 1 ReturnStatement End LocalVariableDeclaration BasicType int VariableDeclarator m Cast BasicType int MethodInvocation Math MethodInvocation Math Literal 0L MemberReference n max Cast BasicType long MemberReference a length min IfStatement BinaryOperation <= MemberReference m Literal 1 ReturnStatement End LocalVariableDeclaration BasicType int VariableDeclarator b ArrayCreator BasicType int MemberReference m ForStatement ForControl VariableDeclaration BasicType int VariableDeclarator i Literal 0 BinaryOperation < MemberReference i MemberReference m MemberReference ++ i BlockStatement StatementExpression Assignment MemberReference ArraySelector MemberReference i b MemberReference ArraySelector BinaryOperation - BinaryOperation - MemberReference m Literal 1 MemberReference i a = End StatementExpression MethodInvocation System MemberReference b Literal 0 MemberReference a Literal 0 MemberReference m arraycopy
16,ClassDeclaration Algo MethodDeclaration Modifier static public BasicType int gcd FormalParameter BasicType int a FormalParameter BasicType int b LocalVariableDeclaration BasicType long VariableDeclarator x MemberReference a LocalVariableDeclaration BasicType long VariableDeclarator y MemberReference b IfStatement BinaryOperation && BinaryOperation == MemberReference x Literal 0 BinaryOperation == MemberReference y Literal 0 ReturnStatement Literal 0 End IfStatement BinaryOperation < MemberReference x Literal 0 StatementExpression Assignment MemberReference x MemberReference - x = End IfStatement BinaryOperation < MemberReference y Literal 0 StatementExpression Assignment MemberReference y MemberReference - y = End IfStatement BinaryOperation == MemberReference x Literal 0 ReturnStatement Cast BasicType int MemberReference y End IfStatement BinaryOperation == MemberReference y Literal 0 ReturnStatement Cast BasicType int MemberReference x End WhileStatement BinaryOperation && BinaryOperation != MemberReference x Literal 0 BinaryOperation != MemberReference y Literal 0 BlockStatement IfStatement BinaryOperation >= MemberReference x MemberReference y BlockStatement LocalVariableDeclaration BasicType long VariableDeclarator t MemberReference y WhileStatement BinaryOperation <= MemberReference t BinaryOperation - MemberReference x MemberReference t StatementExpression Assignment MemberReference t Literal 1 <<= End StatementExpression Assignment MemberReference x MemberReference t -= BlockStatement LocalVariableDeclaration BasicType long VariableDeclarator t MemberReference x WhileStatement BinaryOperation <= MemberReference t BinaryOperation - MemberReference y MemberReference t StatementExpression Assignment MemberReference t Literal 1 <<= End StatementExpression Assignment MemberReference y MemberReference t -= End End LocalVariableDeclaration BasicType long VariableDeclarator g TernaryExpression BinaryOperation == MemberReference x Literal 0 MemberReference y MemberReference x ReturnStatement Cast BasicType int MemberReference g
101,ClassDeclaration Algo MethodDeclaration Modifier static public reverse_array FormalParameter BasicType int a FormalParameter BasicType int n IfStatement BinaryOperation == MemberReference a Literal null ReturnStatement End IfStatement BinaryOperation < MemberReference n Literal 0 StatementExpression Assignment MemberReference n Literal 0 = End IfStatement BinaryOperation > MemberReference n MemberReference a length StatementExpression Assignment MemberReference n MemberReference a length = End LocalVariableDeclaration BasicType int VariableDeclarator i Literal 0 VariableDeclarator j BinaryOperation - MemberReference n Literal 1 WhileStatement BinaryOperation < MemberReference i MemberReference j BlockStatement LocalVariableDeclaration BasicType int VariableDeclarator t MemberReference ArraySelector MemberReference i a StatementExpression Assignment MemberReference ArraySelector MemberReference i a MemberReference ArraySelector MemberReference j a = StatementExpression Assignment MemberReference ArraySelector MemberReference j a MemberReference t = StatementExpression MemberReference ++ i StatementExpression MemberReference -- j End
3,ClassDeclaration Modifier public Algo MethodDeclaration Modifier static public BasicType int binary_search FormalParameter BasicType int a FormalParameter BasicType int n FormalParameter BasicType int x LocalVariableDeclaration BasicType int VariableDeclarator low Literal 0 VariableDeclarator high BinaryOperation - MemberReference n Literal 1 WhileStatement BinaryOperation <= MemberReference low MemberReference high BlockStatement LocalVariableDeclaration BasicType int VariableDeclarator mid BinaryOperation + MemberReference low BinaryOperation / BinaryOperation - MemberReference high MemberReference low Literal 2 LocalVariableDeclaration BasicType int VariableDeclarator val MemberReference ArraySelector MemberReference mid a IfStatement BinaryOperation == MemberReference val MemberReference x ReturnStatement MemberReference mid End IfStatement BinaryOperation < MemberReference val MemberReference x StatementExpression Assignment MemberReference low BinaryOperation + MemberReference mid Literal 1 = StatementExpression Assignment MemberReference high BinaryOperation - MemberReference mid Literal 1 = End End ReturnStatement Literal - 1
31,ClassDeclaration Modifier public Algo MethodDeclaration Modifier static public BasicType int is_non_decreasing FormalParameter BasicType int a FormalParameter BasicType int n ForStatement ForControl VariableDeclaration BasicType int VariableDeclarator i Literal 1 BinaryOperation < MemberReference i MemberReference n MemberReference ++ i BlockStatement IfStatement BinaryOperation < MemberReference ArraySelector MemberReference i a MemberReference ArraySelector BinaryOperation - MemberReference i Literal 1 a BlockStatement ReturnStatement Literal 0 End End ReturnStatement Literal 1
29,ClassDeclaration Algo MethodDeclaration Modifier static public BasicType int is_non_decreasing FormalParameter BasicType int a FormalParameter BasicType int n IfStatement BinaryOperation <= MemberReference n Literal 1 ReturnStatement Literal 1 End IfStatement BinaryOperation == MemberReference a Literal null ReturnStatement Literal 0 End IfStatement BinaryOperation > MemberReference ArraySelector BinaryOperation - MemberReference n Literal 2 a MemberReference ArraySelector BinaryOperation - MemberReference n Literal 1 a ReturnStatement Literal 0 End ReturnStatement MethodInvocation MemberReference a BinaryOperation - MemberReference n Literal 1 is_non_decreasing
137,ClassDeclaration Algo MethodDeclaration Modifier static public BasicType long sum_array FormalParameter BasicType int a FormalParameter BasicType int n LocalVariableDeclaration BasicType long VariableDeclarator sum Literal 0L LocalVariableDeclaration BasicType int VariableDeclarator i Literal 0 VariableDeclarator j BinaryOperation - MemberReference n Literal 1 WhileStatement BinaryOperation < MemberReference i MemberReference j BlockStatement StatementExpression Assignment MemberReference sum BinaryOperation + Cast BasicType long MemberReference ArraySelector MemberReference ++ i a MemberReference ArraySelector MemberReference -- j a += End IfStatement BinaryOperation == MemberReference i MemberReference j BlockStatement StatementExpression Assignment MemberReference sum MemberReference ArraySelector MemberReference i a += End ReturnStatement MemberReference sum
91,ClassDeclaration Modifier public Algo MethodDeclaration Modifier static public BasicType int popcount_u32 FormalParameter BasicType int x IfStatement BinaryOperation == MemberReference x Literal 0 ReturnStatement Literal 0 End ReturnStatement BinaryOperation + Literal 1 MethodInvocation BinaryOperation & MemberReference x BinaryOperation - MemberReference x Literal 1 popcount_u32
77,ClassDeclaration Algo MethodDeclaration Modifier static public BasicType long max_subarray_sum FormalParameter Modifier final BasicType int a FormalParameter BasicType int n LocalVariableDeclaration BasicType int VariableDeclarator len TernaryExpression BinaryOperation || BinaryOperation == MemberReference a Literal null BinaryOperation <= MemberReference n Literal 0 Literal 0 MethodInvocation Math MemberReference n MemberReference a length min IfStatement BinaryOperation == MemberReference len Literal 0 ReturnStatement Literal 0L End LocalVariableDeclaration BasicType long VariableDeclarator sum Literal 0L LocalVariableDeclaration BasicType long VariableDeclarator minPrefix Literal 0L LocalVariableDeclaration BasicType long VariableDeclarator best MemberReference Long MIN_VALUE ForStatement ForControl VariableDeclaration BasicType int VariableDeclarator i Literal 0 BinaryOperation < MemberReference i MemberReference len MemberReference ++ i BlockStatement StatementExpression Assignment MemberReference sum MemberReference ArraySelector MemberReference i a += LocalVariableDeclaration BasicType long VariableDeclarator candidate BinaryOperation - MemberReference sum MemberReference minPrefix IfStatement BinaryOperation > MemberReference candidate MemberReference best StatementExpression Assignment MemberReference best MemberReference candidate = End IfStatement BinaryOperation < MemberReference sum MemberReference minPrefix StatementExpression Assignment MemberReference minPrefix MemberReference sum = End End ReturnStatement MemberReference best
66,ClassDeclaration Algo MethodDeclaration Modifier static public BasicType int lower_bound FormalParameter BasicType int a FormalParameter BasicType int n FormalParameter BasicType int x LocalVariableDeclaration BasicType int VariableDeclarator step Literal 1 WhileStatement BinaryOperation < MemberReference step MemberReference n StatementExpression Assignment MemberReference step Literal 1 <<= End LocalVariableDeclaration BasicType int VariableDeclarator idx Literal - 1 WhileStatement BinaryOperation > MemberReference step Literal 0 BlockStatement LocalVariableDeclaration BasicType int VariableDeclarator next BinaryOperation + MemberReference idx MemberReference step IfStatement BinaryOperation && BinaryOperation < MemberReference next MemberReference n BinaryOperation < MemberReference ArraySelector MemberReference next a MemberReference x StatementExpression Assignment MemberReference idx MemberReference next = End StatementExpression Assignment MemberReference step Literal 1 >>= End ReturnStatement BinaryOperation + MemberReference idx Literal 1
142,ClassDeclaration Algo MethodDeclaration Modifier static public BasicType long sum_array FormalParameter BasicType int a FormalParameter BasicType int n IfStatement BinaryOperation <= MemberReference n Literal 0 ReturnStatement Literal 0L End LocalVariableDeclaration BasicType long VariableDeclarator buf ArrayCreator BasicType long MemberReference n ForStatement ForControl VariableDeclaration BasicType int VariableDeclarator i Literal 0 BinaryOperation < MemberReference i MemberReference n MemberReference ++ i StatementExpression Assignment MemberReference ArraySelector MemberReference i buf MemberReference ArraySelector MemberReference i a = End LocalVariableDeclaration BasicType int VariableDeclarator m MemberReference n WhileStatement BinaryOperation > MemberReference m Literal 1 BlockStatement LocalVariableDeclaration BasicType int VariableDeclarator k Literal 0 VariableDeclarator i Literal 0 ForStatement ForControl BinaryOperation < BinaryOperation + MemberReference i Literal 1 MemberReference m Assignment MemberReference i Literal 2 += StatementExpression Assignment MemberReference ArraySelector MemberReference ++ k buf BinaryOperation + MemberReference ArraySelector MemberReference i buf MemberReference ArraySelector BinaryOperation + MemberReference i Literal 1 buf = End IfStatement BinaryOperation < MemberReference i MemberReference m StatementExpression Assignment MemberReference ArraySelector MemberReference ++ k buf MemberReference ArraySelector MemberReference i buf = End StatementExpression Assignment MemberReference m MemberReference k = End ReturnStatement MemberReference ArraySelector Literal 0 buf
25,ClassDeclaration Algo MethodDeclaration Modifier static public BasicType int is_non_decreasing FormalParameter BasicType int a FormalParameter BasicType int n IfStatement BinaryOperation <= MemberReference n Literal 1 ReturnStatement Literal 1 End LocalVariableDeclaration BasicType int VariableDeclarator min MemberReference ArraySelector BinaryOperation - MemberReference n Literal 1 a ForStatement ForControl VariableDeclaration BasicType int VariableDeclarator i BinaryOperation - MemberReference n Literal 2 BinaryOperation >= MemberReference i Literal 0 MemberReference -- i BlockStatement IfStatement BinaryOperation > MemberReference ArraySelector MemberReference i a MemberReference min ReturnStatement Literal 0 End IfStatement BinaryOperation < MemberReference ArraySelector MemberReference i a MemberReference min StatementExpression Assignment MemberReference min MemberReference ArraySelector MemberReference i a = End End ReturnStatement Literal 1
129,ClassDeclaration Algo MethodDeclaration Modifier static public BasicType int str_len FormalParameter BasicType char s IfStatement BinaryOperation || BinaryOperation == MemberReference s length Literal 0 BinaryOperation == MemberReference ArraySelector Literal 0 s Literal '\0' BlockStatement ReturnStatement Literal 0 End LocalVariableDeclaration BasicType char VariableDeclarator t ArrayCreator BasicType char BinaryOperation - MemberReference s length Literal 1 StatementExpression MethodInvocation System MemberReference s Literal 1 MemberReference t Literal 0 BinaryOperation - MemberReference s length Literal 1 arraycopy ReturnStatement BinaryOperation + Literal 1 MethodInvocation MemberReference t str_len
81,ClassDeclaration Algo MethodDeclaration Modifier static public BasicType long max_subarray_sum FormalParameter BasicType int a FormalParameter BasicType int n IfStatement BinaryOperation <= MemberReference n Literal 0 ReturnStatement Literal 0L End IfStatement BinaryOperation == MemberReference n Literal 1 ReturnStatement Cast BasicType long MemberReference ArraySelector Literal 0 a End LocalVariableDeclaration BasicType int VariableDeclarator mid BinaryOperation / MemberReference n Literal 2 LocalVariableDeclaration BasicType int VariableDeclarator left MethodInvocation java.util.Arrays MemberReference a Literal 0 MemberReference mid copyOfRange LocalVariableDeclaration BasicType int VariableDeclarator right MethodInvocation java.util.Arrays MemberReference a MemberReference mid MemberReference n copyOfRange LocalVariableDeclaration BasicType long VariableDeclarator leftMax MethodInvocation MemberReference left MemberReference left length max_subarray_sum LocalVariableDeclaration BasicType long VariableDeclarator rightMax MethodInvocation MemberReference right MemberReference right length max_subarray_sum LocalVariableDeclaration BasicType long VariableDeclarator sum Literal 0L VariableDeclarator leftSuffixMax MemberReference Long MIN_VALUE ForStatement ForControl VariableDeclaration BasicType int VariableDeclarator i BinaryOperation - MemberReference left length Literal 1 BinaryOperation >= MemberReference i Literal 0 MemberReference -- i BlockStatement StatementExpression Assignment MemberReference sum MemberReference ArraySelector MemberReference i left += IfStatement BinaryOperation > MemberReference sum MemberReference leftSuffixMax StatementExpression Assignment MemberReference leftSuffixMax MemberReference sum = End End StatementExpression Assignment MemberReference sum Literal 0L = LocalVariableDeclaration BasicType long VariableDeclarator rightPrefixMax MemberReference Long MIN_VALUE ForStatement ForControl VariableDeclaration BasicType int VariableDeclarator i Literal 0 BinaryOperation < MemberReference i MemberReference right length MemberReference ++ i BlockStatement StatementExpression Assignment MemberReference sum MemberReference ArraySelector MemberReference i right += IfStatement BinaryOperation > MemberReference sum MemberReference rightPrefixMax StatementExpression Assignment MemberReference rightPrefixMax MemberReference sum = End End LocalVariableDeclaration BasicType long VariableDeclarator crossMax BinaryOperation + MemberReference leftSuffixMax MemberReference rightPrefixMax ReturnStatement MethodInvocation Math MethodInvocation Math MemberReference leftMax MemberReference rightMax max MemberReference crossMax max
123,ClassDeclaration Algo MethodDeclaration Modifier static public BasicType int rotl32 FormalParameter BasicType int x FormalParameter BasicType int r StatementExpression Assignment MemberReference r Literal 31 &= IfStatement BinaryOperation == MemberReference r Literal 0 ReturnStatement MemberReference x End LocalVariableDeclaration BasicType int VariableDeclarator rotated BinaryOperation | BinaryOperation << MemberReference x Literal 1 BinaryOperation & BinaryOperation >>> MemberReference x Literal 31 Literal 1 ReturnStatement MethodInvocation MemberReference rotated BinaryOperation - MemberReference r Literal 1 rotl32
40,ClassDeclaration Algo MethodDeclaration Modifier static public BasicType int is_prime FormalParameter BasicType int n IfStatement BinaryOperation <= MemberReference n Literal 1 ReturnStatement Literal 0 End IfStatement BinaryOperation == MemberReference n Literal 2 ReturnStatement Literal 1 End IfStatement BinaryOperation == BinaryOperation & MemberReference n Literal 1 Literal 0 ReturnStatement Literal 0 End ForStatement ForControl VariableDeclaration BasicType int VariableDeclarator i Literal 3 BinaryOperation <= MemberReference i BinaryOperation / MemberReference n MemberReference i Assignment MemberReference i Literal 2 += BlockStatement IfStatement BinaryOperation == BinaryOperation % MemberReference n MemberReference i Literal 0 ReturnStatement Literal 0 End End ReturnStatement Literal 1
109,ClassDeclaration Algo MethodDeclaration Modifier static public reverse_array FormalParameter BasicType int a FormalParameter BasicType int n IfStatement BinaryOperation == MemberReference a Literal null ReturnStatement End LocalVariableDeclaration BasicType int VariableDeclarator len MemberReference n IfStatement BinaryOperation > MemberReference len MemberReference a length StatementExpression Assignment MemberReference len MemberReference a length = End IfStatement BinaryOperation <= MemberReference len Literal 1 ReturnStatement End ForStatement ForControl VariableDeclaration BasicType int VariableDeclarator i Literal 0 VariableDeclarator j BinaryOperation - MemberReference len Literal 1 BinaryOperation < MemberReference i MemberReference j MemberReference ++ i MemberReference -- j BlockStatement LocalVariableDeclaration BasicType int VariableDeclarator tmp MemberReference ArraySelector MemberReference i a StatementExpression Assignment MemberReference ArraySelector MemberReference i a MemberReference ArraySelector MemberReference j a = StatementExpression Assignment MemberReference ArraySelector MemberReference j a MemberReference tmp = End
71,ClassDeclaration Modifier public Algo MethodDeclaration Modifier static public BasicType int lower_bound FormalParameter BasicType int a FormalParameter BasicType int n FormalParameter BasicType int x LocalVariableDeclaration BasicType int VariableDeclarator idx Literal - 1 LocalVariableDeclaration BasicType int VariableDeclarator p Literal 1 WhileStatement BinaryOperation < MemberReference p MemberReference n StatementExpression Assignment MemberReference p Literal 1 <<= End IfStatement BinaryOperation > MemberReference p MemberReference n StatementExpression Assignment MemberReference p Literal 1 >>= End WhileStatement BinaryOperation > MemberReference p Literal 0 BlockStatement LocalVariableDeclaration BasicType int VariableDeclarator next BinaryOperation + MemberReference idx MemberReference p IfStatement BinaryOperation && BinaryOperation < MemberReference next MemberReference n BinaryOperation < MemberReference ArraySelector MemberReference next a MemberReference x BlockStatement StatementExpression Assignment MemberReference idx MemberReference next = End StatementExpression Assignment MemberReference p Literal 1 >>= End ReturnStatement BinaryOperation + MemberReference idx Literal 1
120,ClassDeclaration Algo MethodDeclaration Modifier static public BasicType int rotl32 FormalParameter BasicType int x FormalParameter BasicType int r LocalVariableDeclaration BasicType long VariableDeclarator z BinaryOperation & MemberReference x Literal 0xFFFFFFFFL LocalVariableDeclaration BasicType int VariableDeclarator s BinaryOperation & MemberReference r Literal 31 LocalVariableDeclaration BasicType long VariableDeclarator y BinaryOperation | BinaryOperation << MemberReference z Literal 32 MemberReference z ReturnStatement Cast BasicType int BinaryOperation & BinaryOperation >>> MemberReference y BinaryOperation - Literal 32 MemberReference s Literal 0xFFFFFFFFL
112,ClassDeclaration Algo MethodDeclaration Modifier static public BasicType int rotl32 FormalParameter BasicType int x FormalParameter BasicType int r LocalVariableDeclaration BasicType int VariableDeclarator s BinaryOperation & MemberReference r Literal 31 ReturnStatement BinaryOperation | BinaryOperation << MemberReference x MemberReference s BinaryOperation >>> MemberReference x BinaryOperation - Literal 32 MemberReference s
110,ClassDeclaration Algo MethodDeclaration Modifier static public reverse_array FormalParameter BasicType int a FormalParameter BasicType long n IfStatement BinaryOperation == MemberReference a Literal null ReturnStatement End LocalVariableDeclaration BasicType int VariableDeclarator len Cast BasicType int MethodInvocation Math Cast BasicType long MemberReference a length MethodInvocation Math Literal 0L MethodInvocation Math MemberReference n Cast BasicType long MemberReference Integer MAX_VALUE min max min ForStatement ForControl VariableDeclaration BasicType int VariableDeclarator i Literal 0 VariableDeclarator j BinaryOperation - MemberReference len Literal 1 BinaryOperation < MemberReference i MemberReference j MemberReference ++ i MemberReference -- j BlockStatement LocalVariableDeclaration BasicType int VariableDeclarator t MemberReference ArraySelector MemberReference i a StatementExpression Assignment MemberReference ArraySelector MemberReference i a MemberReference ArraySelector MemberReference j a = StatementExpression Assignment MemberReference ArraySelector MemberReference j a MemberReference t = End
124,ClassDeclaration Modifier public Algo MethodDeclaration Modifier static public BasicType int rotl32 FormalParameter BasicType int x FormalParameter BasicType int r LocalVariableDeclaration BasicType int VariableDeclarator n BinaryOperation & MemberReference r Literal 31 ReturnStatement BinaryOperation | BinaryOperation << MemberReference x MemberReference n BinaryOperation >>> MemberReference x BinaryOperation - Literal 32 MemberReference n
139,ClassDeclaration Modifier public Algo MethodDeclaration Modifier static public BasicType long sum_array FormalParameter BasicType int a FormalParameter BasicType int n IfStatement BinaryOperation || BinaryOperation == MemberReference a Literal null BinaryOperation <= MemberReference n Literal 0 ReturnStatement Literal 0L End LocalVariableDeclaration BasicType int VariableDeclarator m TernaryExpression BinaryOperation > MemberReference n MemberReference a length MemberReference a length MemberReference n LocalVariableDeclaration BasicType long VariableDeclarator sum Literal 0L LocalVariableDeclaration BasicType int VariableDeclarator ls ArrayCreator BasicType int Literal 64 LocalVariableDeclaration BasicType int VariableDeclarator rs ArrayCreator BasicType int Literal 64 LocalVariableDeclaration BasicType int VariableDeclarator sp Literal 0 StatementExpression Assignment MemberReference ArraySelector MemberReference sp ls Literal 0 = StatementExpression Assignment MemberReference ArraySelector MemberReference sp rs MemberReference m = StatementExpression MemberReference ++ sp WhileStatement BinaryOperation > MemberReference sp Literal 0 BlockStatement StatementExpression MemberReference -- sp LocalVariableDeclaration BasicType int VariableDeclarator lo MemberReference ArraySelector MemberReference sp ls LocalVariableDeclaration BasicType int VariableDeclarator hi MemberReference ArraySelector MemberReference sp rs LocalVariableDeclaration BasicType int VariableDeclarator len BinaryOperation - MemberReference hi MemberReference lo IfStatement BinaryOperation <= MemberReference len Literal 0 ContinueStatement End IfStatement BinaryOperation == MemberReference len Literal 1 BlockStatement StatementExpression Assignment MemberReference sum MemberReference ArraySelector MemberReference lo a += BlockStatement LocalVariableDeclaration BasicType int VariableDeclarator mid BinaryOperation + MemberReference lo BinaryOperation >>> MemberReference len Literal 1 StatementExpression Assignment MemberReference ArraySelector MemberReference sp ls MemberReference lo = StatementExpression Assignment MemberReference ArraySelector MemberReference sp rs MemberReference mid = StatementExpression MemberReference ++ sp StatementExpression Assignment MemberReference ArraySelector MemberReference sp ls MemberReference mid = StatementExpression Assignment MemberReference ArraySelector MemberReference sp rs MemberReference hi = StatementExpression MemberReference ++ sp End End ReturnStatement MemberReference sum
125,ClassDeclaration Algo MethodDeclaration Modifier static public BasicType int rotl32 FormalParameter BasicType int x FormalParameter BasicType int r LocalVariableDeclaration BasicType int VariableDeclarator s BinaryOperation & MemberReference r Literal 31 LocalVariableDeclaration BasicType int VariableDeclarator y MemberReference x IfStatement BinaryOperation != BinaryOperation & MemberReference s Literal 1 Literal 0 StatementExpression Assignment MemberReference y BinaryOperation | BinaryOperation << MemberReference y Literal 1 BinaryOperation >>> MemberReference y Literal 31 = End IfStatement BinaryOperation != BinaryOperation & MemberReference s Literal 2 Literal 0 StatementExpression Assignment MemberReference y BinaryOperation | BinaryOperation << MemberReference y Literal 2 BinaryOperation >>> MemberReference y Literal 30 = End IfStatement BinaryOperation != BinaryOperation & MemberReference s Literal 4 Literal 0 StatementExpression Assignment MemberReference y BinaryOperation | BinaryOperation << MemberReference y Literal 4 BinaryOperation >>> MemberReference y Literal 28 = End IfStatement BinaryOperation != BinaryOperation & MemberReference s Literal 8 Literal 0 StatementExpression Assignment MemberReference y BinaryOperation | BinaryOperation << MemberReference y Literal 8 BinaryOperation >>> MemberReference y Literal 24 = End IfStatement BinaryOperation != BinaryOperation & MemberReference s Literal 16 Literal 0 StatementExpression Assignment MemberReference y BinaryOperation | BinaryOperation << MemberReference y Literal 16 BinaryOperation >>> MemberReference y Literal 16 = End ReturnStatement MemberReference y
86,ClassDeclaration Algo MethodDeclaration Modifier static public BasicType long max_subarray_sum FormalParameter Modifier final BasicType int a FormalParameter Modifier final BasicType int n IfStatement BinaryOperation <= MemberReference n Literal 0 ReturnStatement Literal 0L End LocalVariableDeclaration BasicType long VariableDeclarator sum Literal 0L LocalVariableDeclaration BasicType long VariableDeclarator minPrefix Literal 0L LocalVariableDeclaration BasicType long VariableDeclarator best MemberReference Long MIN_VALUE ForStatement ForControl VariableDeclaration BasicType int VariableDeclarator i Literal 0 BinaryOperation < MemberReference i MemberReference n MemberReference ++ i BlockStatement StatementExpression Assignment MemberReference sum Cast BasicType long MemberReference ArraySelector MemberReference i a += LocalVariableDeclaration BasicType long VariableDeclarator candidate BinaryOperation - MemberReference sum MemberReference minPrefix IfStatement BinaryOperation > MemberReference candidate MemberReference best StatementExpression Assignment MemberReference best MemberReference candidate = End IfStatement BinaryOperation < MemberReference sum MemberReference minPrefix StatementExpression Assignment MemberReference minPrefix MemberReference sum = End End ReturnStatement MemberReference best
145,ClassDeclaration Algo MethodDeclaration Modifier static public BasicType long sum_array FormalParameter Modifier final BasicType int a FormalParameter BasicType long n IfStatement BinaryOperation || BinaryOperation == MemberReference a Literal null BinaryOperation <= MemberReference n Literal 0 ReturnStatement Literal 0L End LocalVariableDeclaration BasicType int VariableDeclarator len MemberReference a length IfStatement BinaryOperation > MemberReference n MemberReference len StatementExpression Assignment MemberReference n MemberReference len = End LocalVariableDeclaration BasicType int VariableDeclarator m Cast BasicType int MemberReference n IfStatement BinaryOperation == MemberReference m Literal 0 ReturnStatement Literal 0L End ReturnStatement BinaryOperation + MethodInvocation MemberReference a BinaryOperation - MemberReference m Literal 1 sum_array Cast BasicType long MemberReference ArraySelector BinaryOperation - MemberReference m Literal 1 a
127,ClassDeclaration Algo MethodDeclaration Modifier static public BasicType int str_len FormalParameter ReferenceType String s LocalVariableDeclaration BasicType int VariableDeclarator i MethodInvocation s Literal '\0' indexOf ReturnStatement TernaryExpression BinaryOperation >= MemberReference i Literal 0 MemberReference i MethodInvocation s length
135,ClassDeclaration Algo MethodDeclaration Modifier static public BasicType int str_len FormalParameter ReferenceType String s IfStatement BinaryOperation || MethodInvocation s isEmpty BinaryOperation == MethodInvocation s Literal 0 charAt Literal '\0' ReturnStatement Literal 0 End ReturnStatement BinaryOperation + Literal 1 MethodInvocation MethodInvocation s Literal 1 substring str_len
119,ClassDeclaration Algo MethodDeclaration Modifier static public BasicType int rotl32 FormalParameter BasicType int x FormalParameter BasicType int r LocalVariableDeclaration BasicType int VariableDeclarator n BinaryOperation & MemberReference r Literal 31 ReturnStatement BinaryOperation | BinaryOperation << MemberReference x MemberReference n BinaryOperation >>> MemberReference x BinaryOperation - Literal 32 MemberReference n
108,ClassDeclaration Algo MethodDeclaration Modifier static public reverse_array FormalParameter BasicType int a FormalParameter BasicType int n IfStatement BinaryOperation || BinaryOperation == MemberReference a Literal null BinaryOperation <= MemberReference n Literal 1 ReturnStatement End IfStatement BinaryOperation > MemberReference n MemberReference a length StatementExpression Assignment MemberReference n MemberReference a length = End LocalVariableDeclaration BasicType int VariableDeclarator tmp ArrayCreator BasicType int MemberReference n ForStatement ForControl VariableDeclaration BasicType int VariableDeclarator i Literal 0 BinaryOperation < MemberReference i MemberReference n MemberReference ++ i BlockStatement StatementExpression Assignment MemberReference ArraySelector MemberReference i tmp MemberReference ArraySelector BinaryOperation - BinaryOperation - MemberReference n Literal 1 MemberReference i a = End StatementExpression MethodInvocation System MemberReference tmp Literal 0 MemberReference a Literal 0 MemberReference n arraycopy
23,ClassDeclaration Algo MethodDeclaration Modifier static public BasicType int is_non_decreasing FormalParameter BasicType int a FormalParameter BasicType int n ForStatement ForControl VariableDeclaration BasicType int VariableDeclarator i Literal 1 BinaryOperation < MemberReference i MemberReference n MemberReference ++ i BlockStatement IfStatement BinaryOperation < MemberReference ArraySelector MemberReference i a MemberReference ArraySelector BinaryOperation - MemberReference i Literal 1 a BlockStatement ReturnStatement Literal 0 End End ReturnStatement Literal 1
140,ClassDeclaration Algo MethodDeclaration Modifier static public BasicType long sum_array FormalParameter BasicType int a FormalParameter BasicType int n IfStatement BinaryOperation || BinaryOperation == MemberReference a Literal null BinaryOperation <= MemberReference n Literal 0 ReturnStatement Literal 0L End LocalVariableDeclaration BasicType int VariableDeclarator m MemberReference n IfStatement BinaryOperation > MemberReference m MemberReference a length StatementExpression Assignment MemberReference m MemberReference a length = End IfStatement BinaryOperation <= MemberReference m Literal 0 ReturnStatement Literal 0L End ReturnStatement BinaryOperation + MethodInvocation MemberReference a BinaryOperation - MemberReference m Literal 1 sum_array Cast BasicType long MemberReference ArraySelector BinaryOperation - MemberReference m Literal 1 a
138,ClassDeclaration Modifier public Algo MethodDeclaration Modifier static public BasicType long sum_array FormalParameter BasicType int a FormalParameter BasicType int n LocalVariableDeclaration BasicType long VariableDeclarator sum Literal 0L ForStatement ForControl VariableDeclaration BasicType int VariableDeclarator i Literal 0 BinaryOperation < MemberReference i MemberReference n MemberReference ++ i BlockStatement StatementExpression Assignment MemberReference sum MemberReference ArraySelector MemberReference i a += End ReturnStatement MemberReference sum
146,ClassDeclaration Algo MethodDeclaration Modifier static public BasicType long sum_array FormalParameter BasicType int a FormalParameter BasicType int n IfStatement BinaryOperation || BinaryOperation == MemberReference a Literal null BinaryOperation <= MemberReference n Literal 0 ReturnStatement Literal 0L End IfStatement BinaryOperation > MemberReference n MemberReference a length StatementExpression Assignment MemberReference n MemberReference a length = End ReturnStatement BinaryOperation + MethodInvocation MemberReference a BinaryOperation - MemberReference n Literal 1 sum_array MemberReference ArraySelector BinaryOperation - MemberReference n Literal 1 a
148,ClassDeclaration Modifier public Algo MethodDeclaration Modifier static public BasicType long sum_array FormalParameter BasicType int a FormalParameter BasicType long n IfStatement BinaryOperation <= MemberReference n Literal 0 ReturnStatement Literal 0L End ReturnStatement BinaryOperation + MethodInvocation MemberReference a BinaryOperation - MemberReference n Literal 1 sum_array Cast BasicType long MemberReference ArraySelector Cast BasicType int BinaryOperation - MemberReference n Literal 1 a
130,ClassDeclaration Algo MethodDeclaration Modifier static public BasicType int str_len FormalParameter BasicType char s IfStatement BinaryOperation || BinaryOperation || BinaryOperation == MemberReference s Literal null BinaryOperation == MemberReference s length Literal 0 BinaryOperation == MemberReference ArraySelector Literal 0 s Literal '\0' ReturnStatement Literal 0 End ReturnStatement BinaryOperation + Literal 1 MethodInvocation MethodInvocation java.util.Arrays MemberReference s Literal 1 MemberReference s length copyOfRange str_len
150,ClassDeclaration Algo MethodDeclaration Modifier static public BasicType long sum_array FormalParameter BasicType int a FormalParameter BasicType long n IfStatement BinaryOperation || BinaryOperation == MemberReference a Literal null BinaryOperation <= MemberReference n Literal 0 ReturnStatement Literal 0L End LocalVariableDeclaration BasicType int VariableDeclarator len TernaryExpression BinaryOperation < MemberReference n MemberReference a length Cast BasicType int MemberReference n MemberReference a length ReturnStatement MethodInvocation java.util.Arrays MethodInvocation asLongStream MethodInvocation sum MemberReference a Literal 0 MemberReference len stream
149,ClassDeclaration Algo MethodDeclaration Modifier static public BasicType long sum_array FormalParameter BasicType int a FormalParameter BasicType long n LocalVariableDeclaration BasicType int VariableDeclarator len TernaryExpression BinaryOperation == MemberReference a Literal null Literal 0 Cast BasicType int MethodInvocation Math MemberReference n Cast BasicType long MemberReference a length min LocalVariableDeclaration BasicType long VariableDeclarator sum Literal 0L LocalVariableDeclaration BasicType int VariableDeclarator i Literal 0 VariableDeclarator j BinaryOperation - MemberReference len Literal 1 WhileStatement BinaryOperation < MemberReference i MemberReference j BlockStatement StatementExpression Assignment MemberReference sum BinaryOperation + Cast BasicType long MemberReference ArraySelector MemberReference ++ i a Cast BasicType long MemberReference ArraySelector MemberReference -- j a += End IfStatement BinaryOperation == MemberReference i MemberReference j BlockStatement StatementExpression Assignment MemberReference sum MemberReference ArraySelector MemberReference i a += End ReturnStatement MemberReference sum
